{"type":"FeatureCollection","features":[{"type":"Feature","properties":{"id":"Jhapa","name":"Jhapa","hq":"Bhadrapur","province_id":1,"province":"Koshi","level":"district"},"geometry":{"type":"Polygon","coordinates":[[[88.185,26.783],[88.189,26.779],[88.19,26.777],[88.192,26.774],[88.193,26.772],[88.193,26.768],[88.192,26.765],[88.192,26.762],[88.191,26.759],[88.191,26.756],[88.191,26.753],[88.192,26.75],[88.192,26.746],[88.192,26.743],[88.192,26.74],[88.191,26.738],[88.191,26.734],[88.19,26.73],[88.189,26.727],[88.188,26.723],[88.187,26.721],[88.186,26.719],[88.184,26.712],[88.182,26.709],[88.181,26.707],[88.179,26.705],[88.177,26.703],[88.176,26.701],[88.174,26.698],[88.174,26.696],[88.173,26.692],[88.173,26.689],[88.173,26.686],[88.173,26.682],[88.172,26.679],[88.172,26.676],[88.171,26.674],[88.171,26.672],[88.17,26.666],[88.17,26.662],[88.169,26.659],[88.168,26.655],[88.168,26.651],[88.168,26.65],[88.167,26.645],[88.166,26.643],[88.166,26.642],[88.166,26.64],[88.165,26.637],[88.163,26.636],[88.161,26.634],[88.159,26.632],[88.158,26.631],[88.156,26.629],[88.153,26.627],[88.149,26.623],[88.148,26.621],[88.147,26.619],[88.147,26.617],[88.147,26.614],[88.147,26.611],[88.145,26.608],[88.143,26.606],[88.142,26.604],[88.141,26.603],[88.139,26.601],[88.138,26.598],[88.137,26.595],[88.137,26.592],[88.137,26.59],[88.137,26.588],[88.137,26.585],[88.137,26.584],[88.137,26.582],[88.136,26.579],[88.136,26.576],[88.135,26.575],[88.134,26.574],[88.132,26.575],[88.13,26.577],[88.129,26.576],[88.129,26.575],[88.128,26.573],[88.126,26.574],[88.125,26.573],[88.125,26.572],[88.124,26.57],[88.124,26.569],[88.121,26.569],[88.12,26.57],[88.118,26.57],[88.117,26.567],[88.118,26.566],[88.118,26.561],[88.117,26.56],[88.116,26.559],[88.115,26.559],[88.112,26.558],[88.111,26.556],[88.111,26.555],[88.112,26.552],[88.113,26.549],[88.114,26.546],[88.115,26.544],[88.114,26.542],[88.113,26.541],[88.111,26.54],[88.109,26.539],[88.108,26.539],[88.107,26.537],[88.107,26.536],[88.108,26.534],[88.108,26.528],[88.108,26.525],[88.108,26.522],[88.108,26.52],[88.107,26.518],[88.106,26.516],[88.104,26.514],[88.101,26.512],[88.1,26.511],[88.099,26.509],[88.098,26.508],[88.099,26.506],[88.1,26.505],[88.104,26.501],[88.105,26.498],[88.105,26.497],[88.105,26.496],[88.106,26.494],[88.107,26.493],[88.108,26.491],[88.109,26.49],[88.109,26.487],[88.108,26.485],[88.108,26.483],[88.109,26.48],[88.11,26.477],[88.11,26.475],[88.111,26.473],[88.111,26.47],[88.11,26.467],[88.11,26.465],[88.109,26.462],[88.107,26.458],[88.106,26.456],[88.104,26.449],[88.103,26.447],[88.103,26.445],[88.102,26.443],[88.101,26.438],[88.101,26.436],[88.1,26.434],[88.099,26.433],[88.097,26.432],[88.095,26.43],[88.093,26.428],[88.091,26.426],[88.089,26.424],[88.088,26.421],[88.087,26.419],[88.084,26.417],[88.082,26.415],[88.081,26.413],[88.08,26.411],[88.078,26.41],[88.075,26.408],[88.073,26.408],[88.071,26.408],[88.067,26.408],[88.065,26.406],[88.063,26.404],[88.062,26.403],[88.062,26.401],[88.06,26.399],[88.057,26.399],[88.054,26.397],[88.05,26.395],[88.048,26.393],[88.046,26.391],[88.045,26.389],[88.043,26.387],[88.041,26.385],[88.038,26.383],[88.037,26.381],[88.036,26.379],[88.036,26.377],[88.035,26.375],[88.036,26.373],[88.036,26.37],[88.036,26.369],[88.035,26.367],[88.034,26.365],[88.032,26.364],[88.029,26.362],[88.026,26.362],[88.023,26.361],[88.02,26.361],[88.017,26.362],[88.015,26.362],[88.012,26.363],[88.009,26.363],[88.006,26.364],[88.004,26.365],[88.002,26.366],[88.001,26.367],[87.999,26.369],[87.998,26.371],[87.997,26.374],[87.997,26.376],[87.997,26.377],[87.997,26.38],[87.997,26.382],[87.997,26.384],[87.997,26.386],[87.997,26.388],[87.997,26.39],[87.997,26.392],[87.991,26.392],[87.987,26.393],[87.984,26.394],[87.982,26.395],[87.979,26.395],[87.976,26.396],[87.974,26.397],[87.97,26.398],[87.969,26.399],[87.966,26.4],[87.963,26.402],[87.961,26.403],[87.956,26.406],[87.954,26.407],[87.952,26.408],[87.949,26.41],[87.947,26.411],[87.945,26.413],[87.941,26.414],[87.939,26.415],[87.936,26.416],[87.934,26.417],[87.933,26.418],[87.932,26.42],[87.932,26.423],[87.931,26.425],[87.93,26.426],[87.928,26.428],[87.926,26.429],[87.923,26.431],[87.922,26.431],[87.924,26.434],[87.926,26.435],[87.928,26.436],[87.929,26.438],[87.93,26.44],[87.93,26.442],[87.929,26.444],[87.926,26.446],[87.924,26.447],[87.921,26.447],[87.918,26.447],[87.915,26.447],[87.912,26.447],[87.91,26.447],[87.908,26.448],[87.906,26.449],[87.909,26.451],[87.912,26.453],[87.913,26.454],[87.914,26.456],[87.913,26.458],[87.912,26.461],[87.911,26.463],[87.91,26.466],[87.908,26.468],[87.907,26.471],[87.906,26.473],[87.905,26.475],[87.904,26.477],[87.903,26.479],[87.9,26.481],[87.898,26.483],[87.896,26.484],[87.895,26.485],[87.893,26.481],[87.891,26.479],[87.889,26.476],[87.886,26.475],[87.884,26.473],[87.882,26.472],[87.877,26.47],[87.875,26.47],[87.873,26.47],[87.87,26.469],[87.869,26.468],[87.868,26.467],[87.868,26.465],[87.868,26.464],[87.865,26.464],[87.863,26.463],[87.864,26.46],[87.865,26.456],[87.866,26.454],[87.866,26.451],[87.865,26.449],[87.862,26.448],[87.859,26.446],[87.857,26.445],[87.856,26.442],[87.855,26.441],[87.855,26.439],[87.854,26.438],[87.851,26.437],[87.848,26.437],[87.844,26.438],[87.841,26.438],[87.839,26.438],[87.836,26.439],[87.835,26.44],[87.835,26.442],[87.836,26.444],[87.836,26.447],[87.835,26.449],[87.833,26.451],[87.831,26.452],[87.828,26.454],[87.826,26.456],[87.823,26.458],[87.819,26.46],[87.817,26.462],[87.813,26.463],[87.81,26.464],[87.806,26.466],[87.804,26.466],[87.802,26.466],[87.801,26.467],[87.799,26.468],[87.797,26.467],[87.795,26.467],[87.794,26.468],[87.793,26.466],[87.791,26.465],[87.792,26.463],[87.794,26.462],[87.795,26.461],[87.794,26.459],[87.792,26.458],[87.79,26.457],[87.788,26.456],[87.786,26.455],[87.785,26.454],[87.784,26.453],[87.782,26.453],[87.779,26.451],[87.778,26.45],[87.778,26.449],[87.781,26.448],[87.783,26.447],[87.782,26.445],[87.781,26.443],[87.78,26.441],[87.779,26.439],[87.779,26.437],[87.779,26.435],[87.779,26.434],[87.781,26.433],[87.783,26.434],[87.782,26.432],[87.781,26.43],[87.78,26.429],[87.779,26.427],[87.779,26.425],[87.779,26.423],[87.778,26.421],[87.774,26.419],[87.773,26.417],[87.772,26.416],[87.77,26.415],[87.77,26.413],[87.768,26.411],[87.767,26.41],[87.765,26.409],[87.762,26.409],[87.76,26.409],[87.758,26.41],[87.756,26.411],[87.755,26.414],[87.754,26.415],[87.752,26.417],[87.75,26.417],[87.748,26.418],[87.745,26.417],[87.743,26.416],[87.741,26.412],[87.74,26.41],[87.739,26.409],[87.738,26.407],[87.734,26.409],[87.732,26.41],[87.73,26.412],[87.727,26.414],[87.725,26.417],[87.724,26.419],[87.72,26.422],[87.718,26.423],[87.716,26.425],[87.713,26.427],[87.711,26.427],[87.708,26.428],[87.705,26.428],[87.703,26.429],[87.701,26.429],[87.698,26.434],[87.693,26.434],[87.69,26.434],[87.687,26.434],[87.683,26.433],[87.684,26.429],[87.684,26.427],[87.684,26.425],[87.684,26.424],[87.683,26.422],[87.683,26.421],[87.682,26.418],[87.679,26.419],[87.678,26.42],[87.678,26.422],[87.678,26.424],[87.679,26.426],[87.679,26.428],[87.68,26.43],[87.679,26.432],[87.679,26.433],[87.678,26.435],[87.678,26.437],[87.676,26.443],[87.675,26.445],[87.674,26.447],[87.672,26.45],[87.671,26.451],[87.67,26.453],[87.669,26.456],[87.668,26.458],[87.667,26.461],[87.666,26.463],[87.665,26.466],[87.665,26.468],[87.666,26.472],[87.665,26.474],[87.664,26.477],[87.662,26.48],[87.661,26.482],[87.659,26.483],[87.656,26.485],[87.654,26.487],[87.654,26.49],[87.652,26.493],[87.651,26.496],[87.65,26.499],[87.649,26.502],[87.647,26.505],[87.646,26.508],[87.645,26.511],[87.644,26.514],[87.644,26.518],[87.644,26.521],[87.645,26.525],[87.645,26.528],[87.645,26.532],[87.645,26.535],[87.646,26.538],[87.646,26.541],[87.647,26.544],[87.646,26.549],[87.646,26.552],[87.646,26.554],[87.645,26.557],[87.644,26.559],[87.644,26.562],[87.643,26.564],[87.643,26.568],[87.643,26.571],[87.643,26.578],[87.642,26.579],[87.642,26.583],[87.642,26.585],[87.642,26.587],[87.642,26.59],[87.643,26.593],[87.644,26.595],[87.646,26.597],[87.648,26.599],[87.65,26.601],[87.652,26.602],[87.653,26.604],[87.655,26.606],[87.656,26.608],[87.657,26.611],[87.659,26.613],[87.659,26.619],[87.66,26.621],[87.659,26.624],[87.657,26.626],[87.656,26.63],[87.654,26.634],[87.653,26.638],[87.652,26.641],[87.65,26.643],[87.649,26.646],[87.648,26.649],[87.647,26.651],[87.647,26.653],[87.647,26.656],[87.647,26.658],[87.648,26.661],[87.65,26.663],[87.652,26.665],[87.653,26.667],[87.655,26.669],[87.657,26.671],[87.659,26.673],[87.661,26.676],[87.664,26.679],[87.667,26.682],[87.672,26.69],[87.673,26.691],[87.674,26.694],[87.676,26.697],[87.679,26.703],[87.681,26.706],[87.683,26.71],[87.685,26.713],[87.687,26.717],[87.688,26.721],[87.69,26.725],[87.69,26.729],[87.69,26.734],[87.693,26.734],[87.695,26.734],[87.697,26.734],[87.699,26.733],[87.701,26.733],[87.703,26.732],[87.707,26.731],[87.71,26.73],[87.712,26.728],[87.715,26.725],[87.718,26.724],[87.721,26.721],[87.724,26.719],[87.728,26.717],[87.731,26.715],[87.734,26.714],[87.736,26.712],[87.74,26.711],[87.744,26.71],[87.748,26.709],[87.752,26.708],[87.756,26.707],[87.758,26.707],[87.762,26.706],[87.763,26.704],[87.764,26.702],[87.766,26.699],[87.769,26.695],[87.772,26.692],[87.775,26.689],[87.778,26.686],[87.781,26.685],[87.783,26.684],[87.785,26.684],[87.788,26.685],[87.79,26.687],[87.792,26.687],[87.794,26.687],[87.796,26.685],[87.799,26.683],[87.801,26.683],[87.803,26.683],[87.804,26.685],[87.806,26.687],[87.808,26.689],[87.811,26.689],[87.812,26.688],[87.813,26.686],[87.814,26.682],[87.815,26.679],[87.815,26.675],[87.816,26.672],[87.817,26.67],[87.819,26.669],[87.823,26.668],[87.826,26.667],[87.829,26.667],[87.834,26.666],[87.836,26.666],[87.838,26.664],[87.839,26.662],[87.841,26.66],[87.844,26.658],[87.847,26.658],[87.849,26.658],[87.852,26.659],[87.855,26.661],[87.857,26.662],[87.859,26.664],[87.862,26.665],[87.864,26.666],[87.866,26.667],[87.868,26.67],[87.871,26.673],[87.873,26.675],[87.875,26.677],[87.877,26.679],[87.879,26.681],[87.882,26.682],[87.885,26.682],[87.888,26.681],[87.89,26.68],[87.894,26.678],[87.898,26.676],[87.902,26.675],[87.906,26.675],[87.908,26.675],[87.911,26.675],[87.915,26.673],[87.917,26.67],[87.92,26.669],[87.924,26.666],[87.926,26.665],[87.928,26.664],[87.93,26.666],[87.928,26.67],[87.926,26.673],[87.925,26.676],[87.924,26.68],[87.925,26.682],[87.926,26.682],[87.929,26.683],[87.93,26.685],[87.93,26.687],[87.929,26.69],[87.928,26.692],[87.926,26.694],[87.926,26.696],[87.928,26.697],[87.93,26.7],[87.931,26.701],[87.932,26.703],[87.933,26.705],[87.935,26.707],[87.936,26.709],[87.938,26.711],[87.94,26.713],[87.943,26.716],[87.945,26.718],[87.946,26.72],[87.952,26.724],[87.954,26.725],[87.956,26.725],[87.959,26.726],[87.961,26.726],[87.964,26.726],[87.966,26.725],[87.968,26.724],[87.97,26.724],[87.975,26.722],[87.977,26.722],[87.981,26.719],[87.982,26.719],[87.984,26.719],[87.985,26.721],[87.986,26.723],[87.987,26.726],[87.987,26.73],[87.988,26.732],[87.989,26.736],[87.99,26.738],[87.992,26.74],[87.994,26.742],[87.997,26.743],[88.001,26.744],[88.004,26.744],[88.006,26.745],[88.008,26.746],[88.01,26.745],[88.013,26.744],[88.017,26.746],[88.018,26.746],[88.021,26.748],[88.022,26.75],[88.024,26.752],[88.026,26.755],[88.027,26.758],[88.028,26.762],[88.028,26.766],[88.03,26.766],[88.031,26.765],[88.032,26.763],[88.032,26.761],[88.032,26.754],[88.035,26.753],[88.036,26.752],[88.038,26.751],[88.04,26.75],[88.044,26.749],[88.047,26.749],[88.049,26.75],[88.051,26.75],[88.054,26.752],[88.058,26.756],[88.06,26.758],[88.061,26.76],[88.062,26.763],[88.063,26.767],[88.064,26.771],[88.064,26.774],[88.063,26.777],[88.062,26.781],[88.061,26.784],[88.061,26.786],[88.062,26.787],[88.064,26.788],[88.066,26.789],[88.069,26.789],[88.071,26.789],[88.073,26.789],[88.076,26.788],[88.079,26.786],[88.08,26.786],[88.082,26.786],[88.084,26.787],[88.085,26.788],[88.087,26.79],[88.088,26.792],[88.09,26.795],[88.091,26.797],[88.093,26.8],[88.095,26.802],[88.097,26.803],[88.099,26.802],[88.1,26.8],[88.1,26.798],[88.1,26.796],[88.099,26.795],[88.097,26.793],[88.095,26.791],[88.093,26.789],[88.091,26.787],[88.09,26.785],[88.089,26.784],[88.09,26.781],[88.09,26.779],[88.091,26.777],[88.092,26.773],[88.092,26.772],[88.092,26.769],[88.093,26.766],[88.093,26.764],[88.094,26.761],[88.096,26.758],[88.097,26.755],[88.096,26.753],[88.097,26.75],[88.098,26.749],[88.101,26.747],[88.106,26.744],[88.107,26.743],[88.11,26.74],[88.111,26.736],[88.113,26.734],[88.117,26.733],[88.119,26.735],[88.12,26.735],[88.123,26.74],[88.123,26.741],[88.124,26.744],[88.124,26.747],[88.124,26.749],[88.124,26.752],[88.125,26.754],[88.127,26.755],[88.129,26.757],[88.129,26.76],[88.129,26.762],[88.129,26.764],[88.13,26.766],[88.132,26.768],[88.133,26.77],[88.134,26.772],[88.134,26.774],[88.136,26.775],[88.137,26.774],[88.137,26.772],[88.138,26.771],[88.139,26.769],[88.139,26.767],[88.141,26.766],[88.143,26.767],[88.147,26.77],[88.149,26.773],[88.151,26.776],[88.151,26.778],[88.152,26.78],[88.153,26.783],[88.153,26.785],[88.154,26.788],[88.155,26.79],[88.155,26.793],[88.155,26.796],[88.155,26.798],[88.154,26.802],[88.155,26.805],[88.158,26.804],[88.159,26.802],[88.161,26.8],[88.163,26.797],[88.164,26.794],[88.164,26.791],[88.165,26.788],[88.166,26.786],[88.168,26.784],[88.171,26.782],[88.175,26.781],[88.178,26.781],[88.18,26.782],[88.182,26.782],[88.183,26.783],[88.185,26.783]]]}},{"type":"Feature","properties":{"id":"Ilam","name":"Ilam","hq":"Ilam","province_id":1,"province":"Koshi","level":"district"},"geometry":{"type":"Polygon","coordinates":[[[87.995,27.106],[87.995,27.105],[87.996,27.104],[87.998,27.104],[88.0,27.104],[88.002,27.104],[88.004,27.104],[88.005,27.103],[88.007,27.102],[88.009,27.1],[88.011,27.099],[88.012,27.097],[88.013,27.095],[88.014,27.094],[88.016,27.092],[88.017,27.091],[88.019,27.09],[88.02,27.089],[88.022,27.088],[88.023,27.088],[88.024,27.086],[88.024,27.083],[88.023,27.082],[88.022,27.08],[88.02,27.079],[88.019,27.076],[88.019,27.075],[88.02,27.073],[88.021,27.071],[88.022,27.069],[88.024,27.067],[88.025,27.066],[88.025,27.064],[88.026,27.063],[88.027,27.061],[88.028,27.057],[88.029,27.055],[88.029,27.053],[88.03,27.051],[88.031,27.049],[88.033,27.048],[88.034,27.047],[88.035,27.045],[88.037,27.043],[88.037,27.041],[88.038,27.039],[88.039,27.038],[88.041,27.037],[88.043,27.037],[88.045,27.036],[88.048,27.036],[88.051,27.035],[88.053,27.034],[88.055,27.033],[88.057,27.032],[88.061,27.03],[88.064,27.03],[88.066,27.031],[88.068,27.031],[88.07,27.032],[88.072,27.033],[88.073,27.033],[88.075,27.034],[88.076,27.035],[88.078,27.035],[88.08,27.035],[88.081,27.034],[88.082,27.032],[88.084,27.031],[88.085,27.029],[88.086,27.026],[88.087,27.025],[88.088,27.023],[88.088,27.022],[88.088,27.021],[88.089,27.02],[88.089,27.019],[88.089,27.017],[88.089,27.016],[88.089,27.015],[88.09,27.012],[88.093,27.009],[88.095,27.007],[88.097,27.007],[88.098,27.006],[88.104,27.003],[88.105,27.001],[88.106,26.999],[88.107,26.997],[88.109,26.995],[88.11,26.993],[88.112,26.992],[88.113,26.99],[88.114,26.989],[88.116,26.987],[88.118,26.986],[88.12,26.985],[88.125,26.985],[88.127,26.985],[88.129,26.985],[88.13,26.985],[88.132,26.985],[88.135,26.984],[88.135,26.982],[88.135,26.981],[88.134,26.979],[88.132,26.977],[88.13,26.974],[88.129,26.971],[88.127,26.969],[88.126,26.967],[88.126,26.965],[88.125,26.963],[88.124,26.96],[88.124,26.959],[88.123,26.957],[88.123,26.955],[88.122,26.953],[88.122,26.951],[88.124,26.947],[88.125,26.946],[88.126,26.945],[88.128,26.943],[88.13,26.941],[88.132,26.938],[88.134,26.936],[88.136,26.934],[88.138,26.932],[88.139,26.931],[88.14,26.929],[88.142,26.927],[88.144,26.925],[88.146,26.923],[88.146,26.92],[88.147,26.918],[88.147,26.915],[88.146,26.912],[88.145,26.91],[88.144,26.908],[88.142,26.906],[88.14,26.905],[88.139,26.903],[88.138,26.902],[88.138,26.9],[88.139,26.898],[88.14,26.896],[88.142,26.895],[88.144,26.893],[88.145,26.892],[88.151,26.888],[88.152,26.887],[88.155,26.886],[88.157,26.884],[88.158,26.883],[88.16,26.882],[88.162,26.88],[88.164,26.879],[88.165,26.877],[88.166,26.876],[88.167,26.875],[88.168,26.874],[88.172,26.871],[88.174,26.87],[88.175,26.869],[88.176,26.868],[88.177,26.866],[88.178,26.864],[88.177,26.862],[88.177,26.86],[88.177,26.857],[88.177,26.855],[88.176,26.854],[88.176,26.853],[88.174,26.851],[88.173,26.849],[88.172,26.848],[88.171,26.846],[88.172,26.845],[88.172,26.842],[88.172,26.839],[88.172,26.838],[88.172,26.836],[88.173,26.835],[88.174,26.833],[88.175,26.829],[88.175,26.827],[88.175,26.825],[88.176,26.823],[88.179,26.818],[88.179,26.816],[88.18,26.814],[88.18,26.812],[88.181,26.81],[88.18,26.807],[88.18,26.804],[88.181,26.802],[88.181,26.799],[88.181,26.797],[88.182,26.793],[88.182,26.791],[88.183,26.789],[88.183,26.787],[88.184,26.784],[88.185,26.783],[88.183,26.783],[88.182,26.782],[88.18,26.782],[88.178,26.781],[88.175,26.781],[88.171,26.782],[88.168,26.784],[88.166,26.786],[88.165,26.788],[88.164,26.791],[88.164,26.794],[88.163,26.797],[88.161,26.8],[88.159,26.802],[88.158,26.804],[88.155,26.805],[88.154,26.802],[88.155,26.798],[88.155,26.796],[88.155,26.793],[88.155,26.79],[88.154,26.788],[88.153,26.785],[88.153,26.783],[88.152,26.78],[88.151,26.778],[88.151,26.776],[88.149,26.773],[88.147,26.77],[88.143,26.767],[88.141,26.766],[88.139,26.767],[88.139,26.769],[88.138,26.771],[88.137,26.772],[88.137,26.774],[88.136,26.775],[88.134,26.774],[88.134,26.772],[88.133,26.77],[88.132,26.768],[88.13,26.766],[88.129,26.764],[88.129,26.762],[88.129,26.76],[88.129,26.757],[88.127,26.755],[88.125,26.754],[88.124,26.752],[88.124,26.749],[88.124,26.747],[88.124,26.744],[88.123,26.741],[88.123,26.74],[88.12,26.735],[88.119,26.735],[88.117,26.733],[88.113,26.734],[88.111,26.736],[88.11,26.74],[88.107,26.743],[88.106,26.744],[88.101,26.747],[88.098,26.749],[88.097,26.75],[88.096,26.753],[88.097,26.755],[88.096,26.758],[88.094,26.761],[88.093,26.764],[88.093,26.766],[88.092,26.769],[88.092,26.772],[88.092,26.773],[88.091,26.777],[88.09,26.779],[88.09,26.781],[88.089,26.784],[88.09,26.785],[88.091,26.787],[88.093,26.789],[88.095,26.791],[88.097,26.793],[88.099,26.795],[88.1,26.796],[88.1,26.798],[88.1,26.8],[88.099,26.802],[88.097,26.803],[88.095,26.802],[88.093,26.8],[88.091,26.797],[88.09,26.795],[88.088,26.792],[88.087,26.79],[88.085,26.788],[88.084,26.787],[88.082,26.786],[88.08,26.786],[88.079,26.786],[88.076,26.788],[88.073,26.789],[88.071,26.789],[88.069,26.789],[88.066,26.789],[88.064,26.788],[88.062,26.787],[88.061,26.786],[88.061,26.784],[88.062,26.781],[88.063,26.777],[88.064,26.774],[88.064,26.771],[88.063,26.767],[88.062,26.763],[88.061,26.76],[88.06,26.758],[88.058,26.756],[88.054,26.752],[88.051,26.75],[88.049,26.75],[88.047,26.749],[88.044,26.749],[88.04,26.75],[88.038,26.751],[88.036,26.752],[88.035,26.753],[88.032,26.754],[88.032,26.761],[88.032,26.763],[88.031,26.765],[88.03,26.766],[88.028,26.766],[88.028,26.762],[88.027,26.758],[88.026,26.755],[88.024,26.752],[88.022,26.75],[88.021,26.748],[88.018,26.746],[88.017,26.746],[88.013,26.744],[88.01,26.745],[88.008,26.746],[88.006,26.745],[88.004,26.744],[88.001,26.744],[87.997,26.743],[87.994,26.742],[87.992,26.74],[87.99,26.738],[87.989,26.736],[87.988,26.732],[87.987,26.73],[87.987,26.726],[87.986,26.723],[87.985,26.721],[87.984,26.719],[87.982,26.719],[87.981,26.719],[87.977,26.722],[87.975,26.722],[87.97,26.724],[87.968,26.724],[87.966,26.725],[87.964,26.726],[87.961,26.726],[87.959,26.726],[87.956,26.725],[87.954,26.725],[87.952,26.724],[87.946,26.72],[87.945,26.718],[87.943,26.716],[87.94,26.713],[87.938,26.711],[87.936,26.709],[87.935,26.707],[87.933,26.705],[87.932,26.703],[87.931,26.701],[87.93,26.7],[87.928,26.697],[87.926,26.696],[87.926,26.694],[87.928,26.692],[87.929,26.69],[87.93,26.687],[87.93,26.685],[87.929,26.683],[87.926,26.682],[87.925,26.682],[87.924,26.68],[87.925,26.676],[87.926,26.673],[87.928,26.67],[87.93,26.666],[87.928,26.664],[87.926,26.665],[87.924,26.666],[87.92,26.669],[87.917,26.67],[87.915,26.673],[87.911,26.675],[87.908,26.675],[87.906,26.675],[87.902,26.675],[87.898,26.676],[87.894,26.678],[87.89,26.68],[87.888,26.681],[87.885,26.682],[87.882,26.682],[87.879,26.681],[87.877,26.679],[87.875,26.677],[87.873,26.675],[87.871,26.673],[87.868,26.67],[87.866,26.667],[87.864,26.666],[87.862,26.665],[87.859,26.664],[87.857,26.662],[87.855,26.661],[87.852,26.659],[87.849,26.658],[87.847,26.658],[87.844,26.658],[87.841,26.66],[87.839,26.662],[87.838,26.664],[87.836,26.666],[87.834,26.666],[87.829,26.667],[87.826,26.667],[87.823,26.668],[87.819,26.669],[87.817,26.67],[87.816,26.672],[87.815,26.675],[87.815,26.679],[87.814,26.682],[87.813,26.686],[87.812,26.688],[87.811,26.689],[87.808,26.689],[87.806,26.687],[87.804,26.685],[87.803,26.683],[87.801,26.683],[87.799,26.683],[87.796,26.685],[87.794,26.687],[87.792,26.687],[87.79,26.687],[87.788,26.685],[87.785,26.684],[87.783,26.684],[87.781,26.685],[87.778,26.686],[87.775,26.689],[87.772,26.692],[87.769,26.695],[87.766,26.699],[87.764,26.702],[87.763,26.704],[87.762,26.706],[87.758,26.707],[87.756,26.707],[87.752,26.708],[87.748,26.709],[87.744,26.71],[87.74,26.711],[87.736,26.712],[87.734,26.714],[87.731,26.715],[87.728,26.717],[87.724,26.719],[87.721,26.721],[87.718,26.724],[87.715,26.725],[87.712,26.728],[87.71,26.73],[87.707,26.731],[87.703,26.732],[87.701,26.733],[87.699,26.733],[87.697,26.734],[87.695,26.734],[87.693,26.734],[87.69,26.734],[87.689,26.738],[87.689,26.74],[87.688,26.742],[87.687,26.744],[87.687,26.745],[87.685,26.749],[87.684,26.752],[87.683,26.755],[87.683,26.758],[87.682,26.76],[87.681,26.763],[87.68,26.765],[87.679,26.767],[87.678,26.772],[87.679,26.774],[87.679,26.777],[87.679,26.778],[87.68,26.781],[87.68,26.783],[87.679,26.785],[87.678,26.786],[87.677,26.787],[87.675,26.788],[87.673,26.789],[87.671,26.79],[87.669,26.791],[87.666,26.791],[87.665,26.792],[87.663,26.793],[87.661,26.795],[87.659,26.796],[87.658,26.798],[87.658,26.799],[87.658,26.801],[87.659,26.802],[87.66,26.804],[87.662,26.806],[87.663,26.809],[87.663,26.81],[87.663,26.812],[87.662,26.814],[87.66,26.816],[87.659,26.817],[87.657,26.819],[87.656,26.82],[87.655,26.821],[87.654,26.822],[87.653,26.824],[87.652,26.825],[87.652,26.827],[87.651,26.829],[87.647,26.83],[87.645,26.831],[87.644,26.831],[87.642,26.832],[87.641,26.833],[87.64,26.834],[87.638,26.836],[87.636,26.838],[87.634,26.839],[87.632,26.839],[87.63,26.84],[87.628,26.841],[87.626,26.842],[87.624,26.843],[87.622,26.844],[87.62,26.846],[87.618,26.848],[87.616,26.849],[87.614,26.851],[87.613,26.852],[87.61,26.854],[87.608,26.856],[87.606,26.857],[87.598,26.862],[87.608,26.861],[87.61,26.861],[87.614,26.861],[87.616,26.861],[87.619,26.861],[87.624,26.861],[87.625,26.862],[87.629,26.862],[87.633,26.862],[87.637,26.862],[87.641,26.862],[87.643,26.863],[87.646,26.865],[87.648,26.867],[87.652,26.867],[87.654,26.868],[87.657,26.868],[87.661,26.868],[87.665,26.869],[87.67,26.872],[87.673,26.873],[87.677,26.875],[87.679,26.876],[87.682,26.877],[87.685,26.879],[87.688,26.882],[87.688,26.884],[87.689,26.887],[87.689,26.89],[87.69,26.894],[87.691,26.897],[87.692,26.901],[87.696,26.906],[87.698,26.908],[87.698,26.912],[87.698,26.914],[87.697,26.916],[87.696,26.919],[87.694,26.923],[87.693,26.925],[87.692,26.927],[87.691,26.93],[87.69,26.933],[87.689,26.936],[87.688,26.938],[87.687,26.941],[87.686,26.944],[87.684,26.947],[87.684,26.949],[87.684,26.955],[87.684,26.957],[87.685,26.96],[87.686,26.962],[87.687,26.965],[87.688,26.967],[87.689,26.97],[87.69,26.971],[87.692,26.973],[87.696,26.974],[87.698,26.975],[87.7,26.975],[87.703,26.977],[87.705,26.981],[87.705,26.983],[87.706,26.985],[87.707,26.988],[87.709,26.99],[87.711,26.991],[87.712,26.992],[87.714,26.993],[87.715,26.995],[87.717,26.997],[87.718,26.998],[87.72,27.0],[87.723,27.002],[87.724,27.003],[87.727,27.005],[87.734,27.011],[87.736,27.012],[87.738,27.014],[87.739,27.015],[87.742,27.017],[87.744,27.018],[87.746,27.019],[87.749,27.019],[87.752,27.019],[87.755,27.019],[87.76,27.018],[87.761,27.018],[87.764,27.017],[87.767,27.016],[87.769,27.015],[87.773,27.015],[87.776,27.015],[87.778,27.015],[87.783,27.016],[87.785,27.017],[87.787,27.019],[87.79,27.02],[87.792,27.022],[87.794,27.023],[87.797,27.025],[87.8,27.027],[87.803,27.029],[87.81,27.031],[87.812,27.032],[87.814,27.033],[87.816,27.035],[87.819,27.036],[87.823,27.038],[87.825,27.04],[87.828,27.041],[87.831,27.042],[87.834,27.043],[87.837,27.043],[87.842,27.047],[87.843,27.048],[87.845,27.05],[87.847,27.052],[87.849,27.054],[87.85,27.057],[87.852,27.059],[87.855,27.061],[87.859,27.063],[87.861,27.063],[87.864,27.064],[87.866,27.066],[87.87,27.069],[87.873,27.071],[87.878,27.076],[87.88,27.077],[87.882,27.079],[87.885,27.082],[87.887,27.084],[87.891,27.086],[87.894,27.088],[87.897,27.089],[87.9,27.091],[87.903,27.092],[87.906,27.093],[87.909,27.093],[87.913,27.093],[87.916,27.095],[87.919,27.097],[87.921,27.099],[87.924,27.1],[87.927,27.101],[87.931,27.101],[87.934,27.101],[87.937,27.101],[87.939,27.101],[87.943,27.101],[87.946,27.102],[87.949,27.103],[87.951,27.104],[87.954,27.104],[87.956,27.104],[87.958,27.103],[87.962,27.103],[87.966,27.103],[87.97,27.103],[87.974,27.103],[87.977,27.103],[87.98,27.103],[87.983,27.104],[87.986,27.104],[87.988,27.105],[87.99,27.105],[87.995,27.106]]]}},{"type":"Feature","properties":{"id":"Panchthar","name":"Panchthar","hq":"Phidim","province_id":1,"province":"Koshi","level":"district"},"geometry":{"type":"Polygon","coordinates":[[[88.073,27.435],[88.075,27.432],[88.076,27.428],[88.075,27.426],[88.072,27.423],[88.069,27.422],[88.067,27.42],[88.064,27.419],[88.062,27.417],[88.059,27.416],[88.056,27.413],[88.054,27.411],[88.053,27.409],[88.052,27.407],[88.051,27.405],[88.051,27.402],[88.051,27.399],[88.05,27.396],[88.05,27.392],[88.049,27.389],[88.049,27.386],[88.049,27.384],[88.049,27.382],[88.049,27.38],[88.049,27.378],[88.047,27.376],[88.046,27.373],[88.046,27.369],[88.048,27.366],[88.052,27.36],[88.055,27.357],[88.058,27.355],[88.06,27.352],[88.062,27.349],[88.064,27.346],[88.065,27.343],[88.066,27.34],[88.067,27.337],[88.067,27.334],[88.066,27.331],[88.065,27.329],[88.063,27.327],[88.06,27.325],[88.057,27.323],[88.054,27.319],[88.052,27.316],[88.05,27.313],[88.049,27.31],[88.047,27.307],[88.046,27.304],[88.045,27.301],[88.045,27.298],[88.045,27.295],[88.046,27.293],[88.044,27.292],[88.041,27.29],[88.039,27.289],[88.036,27.284],[88.035,27.279],[88.035,27.275],[88.035,27.273],[88.035,27.27],[88.035,27.267],[88.035,27.265],[88.034,27.262],[88.034,27.256],[88.033,27.252],[88.031,27.248],[88.03,27.245],[88.029,27.242],[88.028,27.24],[88.026,27.238],[88.025,27.236],[88.023,27.233],[88.022,27.23],[88.019,27.221],[88.017,27.219],[88.016,27.216],[88.016,27.214],[88.016,27.212],[88.016,27.208],[88.016,27.206],[88.015,27.203],[88.016,27.2],[88.018,27.199],[88.018,27.197],[88.018,27.195],[88.018,27.193],[88.017,27.191],[88.016,27.188],[88.015,27.185],[88.015,27.183],[88.014,27.18],[88.014,27.177],[88.015,27.175],[88.018,27.174],[88.02,27.17],[88.016,27.165],[88.013,27.163],[88.012,27.16],[88.011,27.158],[88.011,27.154],[88.012,27.151],[88.011,27.148],[88.01,27.145],[88.009,27.143],[88.006,27.141],[88.005,27.139],[88.002,27.137],[88.0,27.135],[87.998,27.133],[87.996,27.131],[87.994,27.129],[87.993,27.128],[87.991,27.113],[87.993,27.11],[87.995,27.106],[87.99,27.105],[87.988,27.105],[87.986,27.104],[87.983,27.104],[87.98,27.103],[87.977,27.103],[87.974,27.103],[87.97,27.103],[87.966,27.103],[87.962,27.103],[87.958,27.103],[87.956,27.104],[87.954,27.104],[87.951,27.104],[87.949,27.103],[87.946,27.102],[87.943,27.101],[87.939,27.101],[87.937,27.101],[87.934,27.101],[87.931,27.101],[87.927,27.101],[87.924,27.1],[87.921,27.099],[87.919,27.097],[87.916,27.095],[87.913,27.093],[87.909,27.093],[87.906,27.093],[87.903,27.092],[87.9,27.091],[87.897,27.089],[87.894,27.088],[87.891,27.086],[87.887,27.084],[87.885,27.082],[87.882,27.079],[87.88,27.077],[87.878,27.076],[87.873,27.071],[87.87,27.069],[87.866,27.066],[87.864,27.064],[87.861,27.063],[87.859,27.063],[87.855,27.061],[87.852,27.059],[87.85,27.057],[87.849,27.054],[87.847,27.052],[87.845,27.05],[87.843,27.048],[87.842,27.047],[87.837,27.043],[87.834,27.043],[87.831,27.042],[87.828,27.041],[87.825,27.04],[87.823,27.038],[87.819,27.036],[87.816,27.035],[87.814,27.033],[87.812,27.032],[87.81,27.031],[87.803,27.029],[87.8,27.027],[87.797,27.025],[87.794,27.023],[87.792,27.022],[87.79,27.02],[87.787,27.019],[87.785,27.017],[87.783,27.016],[87.778,27.015],[87.776,27.015],[87.773,27.015],[87.769,27.015],[87.767,27.016],[87.764,27.017],[87.761,27.018],[87.76,27.018],[87.755,27.019],[87.752,27.019],[87.749,27.019],[87.746,27.019],[87.744,27.018],[87.742,27.017],[87.739,27.015],[87.738,27.014],[87.736,27.012],[87.734,27.011],[87.727,27.005],[87.724,27.003],[87.723,27.002],[87.72,27.0],[87.718,26.998],[87.717,26.997],[87.715,26.995],[87.714,26.993],[87.712,26.992],[87.711,26.991],[87.709,26.99],[87.707,26.988],[87.706,26.985],[87.705,26.983],[87.705,26.981],[87.703,26.977],[87.7,26.975],[87.698,26.975],[87.696,26.974],[87.692,26.973],[87.69,26.971],[87.689,26.97],[87.688,26.967],[87.687,26.965],[87.686,26.962],[87.685,26.96],[87.684,26.957],[87.684,26.955],[87.684,26.949],[87.684,26.947],[87.686,26.944],[87.687,26.941],[87.688,26.938],[87.689,26.936],[87.69,26.933],[87.691,26.93],[87.692,26.927],[87.693,26.925],[87.694,26.923],[87.696,26.919],[87.697,26.916],[87.698,26.914],[87.698,26.912],[87.698,26.908],[87.696,26.906],[87.692,26.901],[87.691,26.897],[87.69,26.894],[87.689,26.89],[87.689,26.887],[87.688,26.884],[87.688,26.882],[87.685,26.879],[87.682,26.877],[87.679,26.876],[87.677,26.875],[87.673,26.873],[87.67,26.872],[87.665,26.869],[87.661,26.868],[87.657,26.868],[87.654,26.868],[87.652,26.867],[87.648,26.867],[87.646,26.865],[87.643,26.863],[87.641,26.862],[87.637,26.862],[87.633,26.862],[87.629,26.862],[87.625,26.862],[87.624,26.861],[87.619,26.861],[87.616,26.861],[87.614,26.861],[87.61,26.861],[87.608,26.861],[87.598,26.862],[87.596,26.862],[87.594,26.861],[87.592,26.86],[87.591,26.86],[87.589,26.86],[87.585,26.862],[87.585,26.863],[87.584,26.865],[87.582,26.867],[87.579,26.869],[87.577,26.871],[87.574,26.872],[87.573,26.872],[87.571,26.874],[87.569,26.876],[87.569,26.877],[87.567,26.883],[87.565,26.885],[87.562,26.887],[87.56,26.888],[87.556,26.887],[87.553,26.887],[87.551,26.886],[87.547,26.886],[87.544,26.886],[87.541,26.887],[87.537,26.888],[87.535,26.889],[87.532,26.89],[87.531,26.891],[87.531,26.892],[87.531,26.892],[87.532,26.898],[87.533,26.904],[87.532,26.907],[87.531,26.912],[87.529,26.917],[87.526,26.922],[87.526,26.924],[87.526,26.927],[87.525,26.931],[87.525,26.932],[87.526,26.934],[87.528,26.938],[87.527,26.942],[87.528,26.946],[87.529,26.949],[87.528,26.954],[87.525,26.957],[87.521,26.96],[87.517,26.962],[87.512,26.965],[87.507,26.968],[87.502,26.971],[87.498,26.975],[87.497,26.977],[87.497,26.977],[87.497,26.978],[87.496,26.978],[87.496,26.979],[87.496,26.98],[87.496,26.98],[87.496,26.981],[87.495,26.981],[87.497,26.981],[87.5,26.981],[87.504,26.983],[87.507,26.984],[87.512,26.988],[87.515,26.991],[87.519,26.997],[87.522,27.001],[87.524,27.004],[87.53,27.008],[87.535,27.011],[87.543,27.019],[87.544,27.022],[87.544,27.023],[87.544,27.024],[87.544,27.025],[87.544,27.026],[87.544,27.027],[87.544,27.027],[87.544,27.029],[87.542,27.03],[87.541,27.031],[87.54,27.033],[87.54,27.034],[87.539,27.036],[87.539,27.036],[87.539,27.037],[87.539,27.038],[87.539,27.038],[87.539,27.042],[87.54,27.045],[87.543,27.049],[87.546,27.052],[87.56,27.06],[87.564,27.063],[87.568,27.065],[87.572,27.069],[87.576,27.075],[87.577,27.077],[87.578,27.08],[87.579,27.082],[87.58,27.084],[87.581,27.086],[87.582,27.088],[87.583,27.088],[87.589,27.094],[87.589,27.095],[87.592,27.098],[87.596,27.102],[87.6,27.104],[87.607,27.107],[87.61,27.109],[87.616,27.11],[87.616,27.11],[87.616,27.11],[87.616,27.11],[87.623,27.112],[87.627,27.115],[87.632,27.118],[87.633,27.119],[87.639,27.122],[87.643,27.126],[87.646,27.128],[87.647,27.13],[87.65,27.131],[87.652,27.131],[87.654,27.13],[87.657,27.13],[87.66,27.131],[87.665,27.132],[87.668,27.134],[87.67,27.136],[87.672,27.137],[87.677,27.14],[87.681,27.14],[87.686,27.141],[87.69,27.141],[87.696,27.144],[87.702,27.147],[87.709,27.152],[87.712,27.156],[87.713,27.155],[87.713,27.156],[87.713,27.157],[87.713,27.159],[87.713,27.163],[87.713,27.165],[87.713,27.167],[87.714,27.175],[87.714,27.176],[87.715,27.177],[87.716,27.179],[87.717,27.181],[87.717,27.182],[87.718,27.184],[87.719,27.185],[87.72,27.187],[87.721,27.187],[87.721,27.188],[87.724,27.189],[87.727,27.19],[87.73,27.191],[87.734,27.193],[87.735,27.194],[87.738,27.195],[87.74,27.196],[87.742,27.198],[87.744,27.199],[87.745,27.2],[87.748,27.202],[87.75,27.204],[87.751,27.205],[87.751,27.207],[87.751,27.209],[87.752,27.21],[87.752,27.212],[87.751,27.214],[87.75,27.217],[87.747,27.22],[87.74,27.226],[87.732,27.233],[87.72,27.241],[87.712,27.246],[87.704,27.251],[87.696,27.255],[87.69,27.259],[87.686,27.264],[87.683,27.268],[87.681,27.269],[87.681,27.272],[87.681,27.274],[87.682,27.276],[87.683,27.277],[87.683,27.278],[87.685,27.28],[87.686,27.281],[87.688,27.282],[87.689,27.284],[87.691,27.285],[87.692,27.286],[87.693,27.288],[87.695,27.289],[87.696,27.29],[87.698,27.291],[87.701,27.29],[87.702,27.289],[87.704,27.288],[87.707,27.287],[87.71,27.286],[87.714,27.286],[87.716,27.285],[87.72,27.285],[87.723,27.284],[87.726,27.284],[87.729,27.283],[87.731,27.282],[87.734,27.28],[87.736,27.279],[87.738,27.278],[87.74,27.277],[87.742,27.277],[87.744,27.277],[87.747,27.277],[87.75,27.277],[87.752,27.278],[87.755,27.279],[87.757,27.279],[87.76,27.28],[87.762,27.279],[87.765,27.279],[87.768,27.278],[87.77,27.277],[87.772,27.276],[87.774,27.275],[87.776,27.274],[87.778,27.274],[87.781,27.273],[87.783,27.273],[87.786,27.273],[87.788,27.273],[87.793,27.274],[87.796,27.274],[87.798,27.274],[87.801,27.275],[87.804,27.275],[87.806,27.275],[87.809,27.275],[87.812,27.276],[87.814,27.276],[87.817,27.277],[87.819,27.278],[87.821,27.279],[87.824,27.28],[87.825,27.281],[87.828,27.281],[87.831,27.282],[87.833,27.283],[87.836,27.283],[87.839,27.284],[87.841,27.285],[87.844,27.286],[87.848,27.286],[87.85,27.286],[87.851,27.286],[87.853,27.286],[87.855,27.285],[87.857,27.284],[87.859,27.282],[87.861,27.281],[87.863,27.28],[87.866,27.279],[87.868,27.278],[87.87,27.278],[87.871,27.278],[87.873,27.279],[87.875,27.28],[87.877,27.281],[87.879,27.281],[87.88,27.282],[87.882,27.282],[87.884,27.281],[87.886,27.281],[87.888,27.281],[87.891,27.283],[87.893,27.283],[87.894,27.283],[87.895,27.284],[87.898,27.285],[87.899,27.286],[87.901,27.286],[87.903,27.287],[87.906,27.286],[87.908,27.286],[87.91,27.286],[87.912,27.286],[87.914,27.286],[87.917,27.285],[87.919,27.284],[87.92,27.283],[87.923,27.282],[87.924,27.282],[87.927,27.281],[87.928,27.281],[87.931,27.281],[87.932,27.281],[87.934,27.282],[87.935,27.283],[87.937,27.283],[87.939,27.283],[87.941,27.282],[87.943,27.282],[87.945,27.281],[87.948,27.281],[87.949,27.282],[87.952,27.283],[87.956,27.285],[87.958,27.286],[87.959,27.288],[87.961,27.289],[87.962,27.291],[87.964,27.293],[87.967,27.295],[87.969,27.297],[87.971,27.298],[87.973,27.299],[87.976,27.3],[87.978,27.301],[87.98,27.303],[87.981,27.306],[87.981,27.308],[87.982,27.31],[87.982,27.311],[87.985,27.314],[87.987,27.316],[87.988,27.317],[87.989,27.319],[87.991,27.321],[87.994,27.322],[87.996,27.323],[87.999,27.324],[88.002,27.325],[88.004,27.325],[88.006,27.328],[88.007,27.329],[88.007,27.332],[88.007,27.333],[88.008,27.336],[88.01,27.337],[88.012,27.339],[88.013,27.341],[88.014,27.343],[88.015,27.344],[88.016,27.346],[88.019,27.35],[88.02,27.353],[88.021,27.355],[88.021,27.357],[88.022,27.359],[88.022,27.361],[88.022,27.363],[88.023,27.366],[88.023,27.368],[88.024,27.371],[88.025,27.374],[88.025,27.377],[88.026,27.38],[88.026,27.382],[88.027,27.384],[88.029,27.387],[88.03,27.39],[88.031,27.393],[88.033,27.396],[88.033,27.397],[88.034,27.399],[88.035,27.401],[88.037,27.404],[88.038,27.406],[88.039,27.408],[88.041,27.411],[88.042,27.413],[88.045,27.415],[88.047,27.417],[88.048,27.418],[88.05,27.419],[88.051,27.421],[88.053,27.422],[88.054,27.423],[88.056,27.425],[88.057,27.426],[88.059,27.428],[88.061,27.43],[88.063,27.432],[88.065,27.433],[88.067,27.434],[88.069,27.435],[88.073,27.435]]]}},{"type":"Feature","properties":{"id":"Taplejung","name":"Taplejung","hq":"Taplejung","province_id":1,"province":"Koshi","level":"district"},"geometry":{"type":"Polygon","coordinates":[[[87.666,27.808],[87.671,27.807],[87.674,27.808],[87.676,27.808],[87.678,27.809],[87.68,27.81],[87.684,27.81],[87.686,27.811],[87.689,27.811],[87.691,27.811],[87.693,27.811],[87.696,27.812],[87.699,27.812],[87.702,27.812],[87.704,27.811],[87.707,27.811],[87.71,27.81],[87.714,27.809],[87.717,27.808],[87.72,27.807],[87.722,27.806],[87.726,27.806],[87.729,27.808],[87.731,27.81],[87.734,27.812],[87.735,27.814],[87.736,27.816],[87.736,27.818],[87.736,27.82],[87.737,27.822],[87.738,27.824],[87.74,27.826],[87.742,27.829],[87.744,27.83],[87.749,27.834],[87.752,27.836],[87.754,27.837],[87.756,27.839],[87.758,27.841],[87.759,27.842],[87.76,27.844],[87.761,27.846],[87.762,27.848],[87.763,27.85],[87.764,27.852],[87.765,27.854],[87.768,27.858],[87.772,27.862],[87.774,27.863],[87.78,27.865],[87.78,27.868],[87.779,27.871],[87.778,27.874],[87.778,27.877],[87.778,27.88],[87.78,27.883],[87.781,27.886],[87.783,27.889],[87.783,27.891],[87.784,27.894],[87.785,27.896],[87.786,27.898],[87.788,27.9],[87.791,27.901],[87.793,27.903],[87.795,27.904],[87.801,27.906],[87.804,27.908],[87.806,27.91],[87.807,27.913],[87.81,27.915],[87.811,27.917],[87.813,27.918],[87.816,27.92],[87.819,27.92],[87.821,27.92],[87.824,27.92],[87.827,27.921],[87.828,27.926],[87.828,27.928],[87.827,27.931],[87.826,27.933],[87.826,27.936],[87.826,27.938],[87.827,27.94],[87.828,27.943],[87.83,27.944],[87.831,27.946],[87.833,27.948],[87.835,27.95],[87.837,27.95],[87.839,27.95],[87.843,27.95],[87.844,27.949],[87.849,27.948],[87.851,27.948],[87.853,27.949],[87.855,27.948],[87.858,27.947],[87.859,27.942],[87.86,27.94],[87.86,27.937],[87.859,27.935],[87.858,27.932],[87.857,27.93],[87.857,27.928],[87.858,27.926],[87.86,27.924],[87.862,27.921],[87.863,27.919],[87.864,27.917],[87.864,27.915],[87.865,27.912],[87.868,27.912],[87.872,27.913],[87.874,27.913],[87.876,27.913],[87.879,27.913],[87.882,27.912],[87.884,27.912],[87.887,27.911],[87.89,27.911],[87.893,27.911],[87.896,27.911],[87.899,27.912],[87.901,27.913],[87.903,27.914],[87.905,27.915],[87.91,27.917],[87.912,27.917],[87.915,27.917],[87.918,27.917],[87.92,27.917],[87.922,27.917],[87.926,27.917],[87.928,27.917],[87.932,27.917],[87.934,27.915],[87.935,27.914],[87.937,27.912],[87.939,27.91],[87.941,27.909],[87.944,27.909],[87.946,27.909],[87.948,27.909],[87.95,27.909],[87.952,27.908],[87.954,27.908],[87.957,27.906],[87.959,27.904],[87.96,27.902],[87.96,27.899],[87.961,27.898],[87.963,27.896],[87.965,27.894],[87.967,27.893],[87.973,27.89],[87.977,27.889],[87.979,27.888],[87.982,27.888],[87.984,27.888],[87.987,27.888],[87.99,27.889],[87.994,27.892],[87.996,27.893],[87.997,27.894],[87.999,27.896],[88.001,27.897],[88.003,27.898],[88.005,27.898],[88.008,27.898],[88.011,27.898],[88.018,27.897],[88.02,27.898],[88.022,27.9],[88.024,27.902],[88.025,27.903],[88.028,27.905],[88.03,27.905],[88.033,27.905],[88.037,27.904],[88.04,27.902],[88.042,27.901],[88.047,27.899],[88.049,27.897],[88.052,27.896],[88.053,27.894],[88.055,27.893],[88.057,27.891],[88.061,27.888],[88.064,27.887],[88.067,27.888],[88.069,27.889],[88.071,27.891],[88.073,27.893],[88.076,27.894],[88.078,27.894],[88.081,27.894],[88.083,27.894],[88.087,27.892],[88.087,27.89],[88.088,27.888],[88.089,27.884],[88.089,27.882],[88.089,27.878],[88.089,27.876],[88.089,27.874],[88.092,27.868],[88.096,27.867],[88.1,27.866],[88.104,27.866],[88.107,27.867],[88.111,27.869],[88.113,27.869],[88.117,27.873],[88.119,27.875],[88.121,27.878],[88.122,27.88],[88.125,27.881],[88.128,27.882],[88.131,27.883],[88.134,27.882],[88.137,27.882],[88.139,27.881],[88.141,27.881],[88.143,27.88],[88.149,27.877],[88.151,27.876],[88.154,27.874],[88.156,27.872],[88.159,27.871],[88.161,27.87],[88.164,27.869],[88.166,27.869],[88.168,27.868],[88.171,27.866],[88.173,27.863],[88.176,27.861],[88.178,27.859],[88.18,27.858],[88.182,27.857],[88.184,27.856],[88.187,27.855],[88.19,27.854],[88.194,27.853],[88.196,27.85],[88.197,27.847],[88.199,27.846],[88.201,27.843],[88.203,27.842],[88.204,27.84],[88.205,27.839],[88.203,27.837],[88.201,27.836],[88.199,27.835],[88.197,27.833],[88.196,27.832],[88.195,27.828],[88.193,27.826],[88.191,27.825],[88.189,27.823],[88.187,27.823],[88.184,27.822],[88.181,27.822],[88.179,27.821],[88.177,27.82],[88.178,27.819],[88.18,27.816],[88.182,27.815],[88.183,27.813],[88.186,27.809],[88.187,27.807],[88.188,27.803],[88.189,27.801],[88.191,27.799],[88.192,27.798],[88.195,27.795],[88.196,27.793],[88.197,27.79],[88.197,27.788],[88.196,27.785],[88.194,27.783],[88.193,27.781],[88.191,27.779],[88.188,27.777],[88.186,27.775],[88.185,27.773],[88.185,27.77],[88.185,27.767],[88.185,27.765],[88.184,27.762],[88.183,27.76],[88.182,27.757],[88.181,27.756],[88.181,27.753],[88.182,27.75],[88.182,27.748],[88.181,27.746],[88.18,27.745],[88.176,27.742],[88.172,27.741],[88.169,27.74],[88.167,27.74],[88.164,27.739],[88.161,27.737],[88.159,27.735],[88.159,27.733],[88.158,27.731],[88.158,27.728],[88.158,27.726],[88.157,27.723],[88.157,27.718],[88.157,27.715],[88.156,27.712],[88.155,27.71],[88.153,27.708],[88.151,27.705],[88.151,27.703],[88.152,27.699],[88.154,27.696],[88.155,27.695],[88.156,27.693],[88.155,27.689],[88.154,27.686],[88.153,27.685],[88.15,27.679],[88.15,27.676],[88.149,27.673],[88.148,27.67],[88.147,27.667],[88.146,27.665],[88.144,27.661],[88.142,27.659],[88.14,27.657],[88.138,27.655],[88.136,27.653],[88.134,27.652],[88.129,27.647],[88.127,27.646],[88.124,27.643],[88.123,27.641],[88.122,27.638],[88.122,27.635],[88.121,27.631],[88.12,27.627],[88.119,27.622],[88.118,27.619],[88.117,27.617],[88.116,27.611],[88.114,27.609],[88.113,27.607],[88.112,27.605],[88.109,27.603],[88.106,27.602],[88.102,27.6],[88.099,27.598],[88.095,27.597],[88.092,27.595],[88.091,27.594],[88.089,27.593],[88.085,27.588],[88.083,27.585],[88.082,27.582],[88.08,27.58],[88.079,27.578],[88.078,27.576],[88.077,27.573],[88.077,27.571],[88.078,27.569],[88.08,27.567],[88.08,27.565],[88.08,27.563],[88.079,27.56],[88.077,27.558],[88.074,27.557],[88.071,27.555],[88.07,27.553],[88.069,27.551],[88.069,27.548],[88.068,27.545],[88.066,27.543],[88.064,27.541],[88.062,27.539],[88.061,27.537],[88.06,27.535],[88.06,27.533],[88.062,27.531],[88.063,27.53],[88.065,27.529],[88.065,27.526],[88.062,27.523],[88.061,27.521],[88.06,27.519],[88.061,27.517],[88.061,27.514],[88.061,27.512],[88.06,27.51],[88.058,27.508],[88.056,27.506],[88.053,27.504],[88.049,27.502],[88.047,27.5],[88.046,27.498],[88.046,27.496],[88.046,27.492],[88.046,27.491],[88.045,27.488],[88.045,27.485],[88.046,27.482],[88.046,27.479],[88.047,27.477],[88.048,27.475],[88.049,27.473],[88.054,27.468],[88.056,27.466],[88.059,27.463],[88.061,27.462],[88.063,27.46],[88.066,27.458],[88.067,27.456],[88.069,27.452],[88.069,27.448],[88.069,27.446],[88.071,27.443],[88.072,27.44],[88.072,27.438],[88.073,27.435],[88.069,27.435],[88.067,27.434],[88.065,27.433],[88.063,27.432],[88.061,27.43],[88.059,27.428],[88.057,27.426],[88.056,27.425],[88.054,27.423],[88.053,27.422],[88.051,27.421],[88.05,27.419],[88.048,27.418],[88.047,27.417],[88.045,27.415],[88.042,27.413],[88.041,27.411],[88.039,27.408],[88.038,27.406],[88.037,27.404],[88.035,27.401],[88.034,27.399],[88.033,27.397],[88.033,27.396],[88.031,27.393],[88.03,27.39],[88.029,27.387],[88.027,27.384],[88.026,27.382],[88.026,27.38],[88.025,27.377],[88.025,27.374],[88.024,27.371],[88.023,27.368],[88.023,27.366],[88.022,27.363],[88.022,27.361],[88.022,27.359],[88.021,27.357],[88.021,27.355],[88.02,27.353],[88.019,27.35],[88.016,27.346],[88.015,27.344],[88.014,27.343],[88.013,27.341],[88.012,27.339],[88.01,27.337],[88.008,27.336],[88.007,27.333],[88.007,27.332],[88.007,27.329],[88.006,27.328],[88.004,27.325],[88.002,27.325],[87.999,27.324],[87.996,27.323],[87.994,27.322],[87.991,27.321],[87.989,27.319],[87.988,27.317],[87.987,27.316],[87.985,27.314],[87.982,27.311],[87.982,27.31],[87.981,27.308],[87.981,27.306],[87.98,27.303],[87.978,27.301],[87.976,27.3],[87.973,27.299],[87.971,27.298],[87.969,27.297],[87.967,27.295],[87.964,27.293],[87.962,27.291],[87.961,27.289],[87.959,27.288],[87.958,27.286],[87.956,27.285],[87.952,27.283],[87.949,27.282],[87.948,27.281],[87.945,27.281],[87.943,27.282],[87.941,27.282],[87.939,27.283],[87.937,27.283],[87.935,27.283],[87.934,27.282],[87.932,27.281],[87.931,27.281],[87.928,27.281],[87.927,27.281],[87.924,27.282],[87.923,27.282],[87.92,27.283],[87.919,27.284],[87.917,27.285],[87.914,27.286],[87.912,27.286],[87.91,27.286],[87.908,27.286],[87.906,27.286],[87.903,27.287],[87.901,27.286],[87.899,27.286],[87.898,27.285],[87.895,27.284],[87.894,27.283],[87.893,27.283],[87.891,27.283],[87.888,27.281],[87.886,27.281],[87.884,27.281],[87.882,27.282],[87.88,27.282],[87.879,27.281],[87.877,27.281],[87.875,27.28],[87.873,27.279],[87.871,27.278],[87.87,27.278],[87.868,27.278],[87.866,27.279],[87.863,27.28],[87.861,27.281],[87.859,27.282],[87.857,27.284],[87.855,27.285],[87.853,27.286],[87.851,27.286],[87.85,27.286],[87.848,27.286],[87.844,27.286],[87.841,27.285],[87.839,27.284],[87.836,27.283],[87.833,27.283],[87.831,27.282],[87.828,27.281],[87.825,27.281],[87.824,27.28],[87.821,27.279],[87.819,27.278],[87.817,27.277],[87.814,27.276],[87.812,27.276],[87.809,27.275],[87.806,27.275],[87.804,27.275],[87.801,27.275],[87.798,27.274],[87.796,27.274],[87.793,27.274],[87.788,27.273],[87.786,27.273],[87.783,27.273],[87.781,27.273],[87.778,27.274],[87.776,27.274],[87.774,27.275],[87.772,27.276],[87.77,27.277],[87.768,27.278],[87.765,27.279],[87.762,27.279],[87.76,27.28],[87.757,27.279],[87.755,27.279],[87.752,27.278],[87.75,27.277],[87.747,27.277],[87.744,27.277],[87.742,27.277],[87.74,27.277],[87.738,27.278],[87.736,27.279],[87.734,27.28],[87.731,27.282],[87.729,27.283],[87.726,27.284],[87.723,27.284],[87.72,27.285],[87.716,27.285],[87.714,27.286],[87.71,27.286],[87.707,27.287],[87.704,27.288],[87.702,27.289],[87.701,27.29],[87.698,27.291],[87.696,27.29],[87.695,27.289],[87.693,27.288],[87.692,27.286],[87.691,27.285],[87.689,27.284],[87.688,27.282],[87.686,27.281],[87.685,27.28],[87.683,27.278],[87.683,27.277],[87.682,27.276],[87.681,27.274],[87.681,27.272],[87.681,27.269],[87.68,27.27],[87.679,27.27],[87.672,27.269],[87.661,27.268],[87.653,27.269],[87.65,27.269],[87.649,27.269],[87.649,27.269],[87.646,27.27],[87.644,27.27],[87.642,27.271],[87.639,27.271],[87.637,27.272],[87.634,27.272],[87.632,27.273],[87.623,27.278],[87.622,27.279],[87.62,27.279],[87.618,27.28],[87.617,27.281],[87.612,27.283],[87.61,27.283],[87.608,27.283],[87.605,27.284],[87.6,27.284],[87.597,27.284],[87.593,27.284],[87.59,27.284],[87.587,27.283],[87.584,27.283],[87.582,27.283],[87.579,27.284],[87.576,27.284],[87.573,27.285],[87.571,27.285],[87.569,27.285],[87.563,27.285],[87.561,27.285],[87.555,27.285],[87.552,27.286],[87.548,27.287],[87.545,27.289],[87.542,27.291],[87.539,27.291],[87.536,27.291],[87.534,27.291],[87.531,27.291],[87.526,27.293],[87.523,27.295],[87.519,27.297],[87.518,27.299],[87.517,27.301],[87.513,27.305],[87.511,27.306],[87.508,27.307],[87.505,27.308],[87.502,27.31],[87.499,27.313],[87.498,27.315],[87.497,27.317],[87.496,27.319],[87.495,27.321],[87.495,27.324],[87.494,27.327],[87.493,27.329],[87.49,27.335],[87.487,27.337],[87.484,27.34],[87.482,27.343],[87.481,27.345],[87.478,27.348],[87.476,27.351],[87.475,27.354],[87.473,27.357],[87.472,27.359],[87.471,27.362],[87.467,27.367],[87.465,27.368],[87.463,27.368],[87.462,27.369],[87.46,27.371],[87.459,27.374],[87.459,27.378],[87.459,27.38],[87.459,27.382],[87.459,27.384],[87.458,27.386],[87.456,27.387],[87.455,27.389],[87.452,27.392],[87.449,27.397],[87.448,27.399],[87.448,27.403],[87.448,27.405],[87.449,27.409],[87.45,27.411],[87.452,27.413],[87.454,27.416],[87.455,27.419],[87.457,27.423],[87.459,27.428],[87.46,27.431],[87.461,27.433],[87.461,27.435],[87.462,27.438],[87.462,27.442],[87.462,27.444],[87.462,27.447],[87.462,27.45],[87.462,27.453],[87.462,27.459],[87.462,27.461],[87.462,27.464],[87.462,27.467],[87.462,27.469],[87.464,27.473],[87.464,27.475],[87.466,27.478],[87.469,27.483],[87.471,27.484],[87.473,27.487],[87.472,27.488],[87.471,27.49],[87.47,27.493],[87.47,27.495],[87.47,27.498],[87.47,27.502],[87.471,27.503],[87.471,27.506],[87.471,27.509],[87.472,27.51],[87.475,27.513],[87.476,27.515],[87.477,27.517],[87.477,27.52],[87.477,27.523],[87.477,27.525],[87.477,27.528],[87.478,27.53],[87.479,27.533],[87.481,27.535],[87.482,27.537],[87.483,27.54],[87.484,27.542],[87.486,27.544],[87.488,27.546],[87.489,27.548],[87.487,27.55],[87.486,27.552],[87.486,27.554],[87.485,27.556],[87.485,27.56],[87.486,27.563],[87.487,27.566],[87.488,27.568],[87.49,27.57],[87.492,27.573],[87.493,27.575],[87.495,27.577],[87.496,27.578],[87.498,27.58],[87.499,27.581],[87.5,27.583],[87.502,27.584],[87.504,27.586],[87.505,27.587],[87.507,27.588],[87.508,27.59],[87.509,27.592],[87.512,27.596],[87.514,27.597],[87.517,27.598],[87.519,27.598],[87.522,27.597],[87.524,27.596],[87.525,27.595],[87.528,27.594],[87.531,27.594],[87.532,27.596],[87.531,27.597],[87.531,27.599],[87.531,27.602],[87.532,27.603],[87.532,27.606],[87.533,27.609],[87.534,27.611],[87.535,27.612],[87.536,27.614],[87.538,27.618],[87.539,27.62],[87.539,27.623],[87.539,27.625],[87.539,27.627],[87.539,27.629],[87.54,27.631],[87.542,27.631],[87.544,27.631],[87.546,27.632],[87.547,27.633],[87.547,27.634],[87.547,27.636],[87.546,27.639],[87.546,27.641],[87.545,27.643],[87.545,27.645],[87.544,27.648],[87.543,27.651],[87.544,27.653],[87.544,27.655],[87.546,27.657],[87.547,27.659],[87.548,27.662],[87.548,27.663],[87.549,27.665],[87.55,27.667],[87.551,27.67],[87.552,27.671],[87.552,27.674],[87.553,27.676],[87.553,27.678],[87.554,27.681],[87.555,27.684],[87.558,27.688],[87.56,27.691],[87.561,27.693],[87.562,27.696],[87.564,27.697],[87.566,27.697],[87.568,27.696],[87.57,27.695],[87.572,27.693],[87.574,27.692],[87.576,27.691],[87.578,27.689],[87.578,27.686],[87.578,27.684],[87.579,27.681],[87.58,27.679],[87.581,27.678],[87.584,27.678],[87.587,27.679],[87.589,27.679],[87.591,27.679],[87.594,27.679],[87.596,27.678],[87.598,27.677],[87.6,27.676],[87.602,27.675],[87.604,27.673],[87.607,27.673],[87.609,27.673],[87.611,27.674],[87.612,27.675],[87.614,27.677],[87.616,27.679],[87.616,27.681],[87.617,27.683],[87.618,27.686],[87.619,27.688],[87.619,27.69],[87.619,27.692],[87.618,27.694],[87.618,27.696],[87.618,27.698],[87.619,27.701],[87.62,27.703],[87.622,27.706],[87.626,27.709],[87.628,27.71],[87.63,27.71],[87.632,27.711],[87.634,27.71],[87.636,27.71],[87.639,27.708],[87.641,27.709],[87.643,27.711],[87.643,27.712],[87.642,27.714],[87.642,27.717],[87.642,27.719],[87.642,27.721],[87.642,27.723],[87.644,27.726],[87.645,27.727],[87.645,27.73],[87.646,27.732],[87.648,27.734],[87.65,27.737],[87.652,27.739],[87.655,27.744],[87.656,27.745],[87.657,27.747],[87.657,27.749],[87.657,27.752],[87.656,27.754],[87.656,27.757],[87.655,27.759],[87.656,27.761],[87.658,27.763],[87.66,27.764],[87.663,27.764],[87.665,27.766],[87.667,27.767],[87.669,27.768],[87.67,27.77],[87.67,27.773],[87.67,27.777],[87.671,27.779],[87.672,27.781],[87.672,27.783],[87.672,27.785],[87.671,27.786],[87.67,27.787],[87.669,27.79],[87.67,27.792],[87.671,27.793],[87.671,27.796],[87.67,27.798],[87.669,27.799],[87.668,27.802],[87.667,27.803],[87.666,27.806],[87.666,27.808]]]}},{"type":"Feature","properties":{"id":"Morang","name":"Morang","hq":"Biratnagar","province_id":1,"province":"Koshi","level":"district"},"geometry":{"type":"Polygon","coordinates":[[[87.591,26.86],[87.592,26.86],[87.594,26.861],[87.596,26.862],[87.598,26.862],[87.606,26.857],[87.608,26.856],[87.61,26.854],[87.613,26.852],[87.614,26.851],[87.616,26.849],[87.618,26.848],[87.62,26.846],[87.622,26.844],[87.624,26.843],[87.626,26.842],[87.628,26.841],[87.63,26.84],[87.632,26.839],[87.634,26.839],[87.636,26.838],[87.638,26.836],[87.64,26.834],[87.641,26.833],[87.642,26.832],[87.644,26.831],[87.645,26.831],[87.647,26.83],[87.651,26.829],[87.652,26.827],[87.652,26.825],[87.653,26.824],[87.654,26.822],[87.655,26.821],[87.656,26.82],[87.657,26.819],[87.659,26.817],[87.66,26.816],[87.662,26.814],[87.663,26.812],[87.663,26.81],[87.663,26.809],[87.662,26.806],[87.66,26.804],[87.659,26.802],[87.658,26.801],[87.658,26.799],[87.658,26.798],[87.659,26.796],[87.661,26.795],[87.663,26.793],[87.665,26.792],[87.666,26.791],[87.669,26.791],[87.671,26.79],[87.673,26.789],[87.675,26.788],[87.677,26.787],[87.678,26.786],[87.679,26.785],[87.68,26.783],[87.68,26.781],[87.679,26.778],[87.679,26.777],[87.679,26.774],[87.678,26.772],[87.679,26.767],[87.68,26.765],[87.681,26.763],[87.682,26.76],[87.683,26.758],[87.683,26.755],[87.684,26.752],[87.685,26.749],[87.687,26.745],[87.687,26.744],[87.688,26.742],[87.689,26.74],[87.689,26.738],[87.69,26.734],[87.69,26.729],[87.69,26.725],[87.688,26.721],[87.687,26.717],[87.685,26.713],[87.683,26.71],[87.681,26.706],[87.679,26.703],[87.676,26.697],[87.674,26.694],[87.673,26.691],[87.672,26.69],[87.667,26.682],[87.664,26.679],[87.661,26.676],[87.659,26.673],[87.657,26.671],[87.655,26.669],[87.653,26.667],[87.652,26.665],[87.65,26.663],[87.648,26.661],[87.647,26.658],[87.647,26.656],[87.647,26.653],[87.647,26.651],[87.648,26.649],[87.649,26.646],[87.65,26.643],[87.652,26.641],[87.653,26.638],[87.654,26.634],[87.656,26.63],[87.657,26.626],[87.659,26.624],[87.66,26.621],[87.659,26.619],[87.659,26.613],[87.657,26.611],[87.656,26.608],[87.655,26.606],[87.653,26.604],[87.652,26.602],[87.65,26.601],[87.648,26.599],[87.646,26.597],[87.644,26.595],[87.643,26.593],[87.642,26.59],[87.642,26.587],[87.642,26.585],[87.642,26.583],[87.642,26.579],[87.643,26.578],[87.643,26.571],[87.643,26.568],[87.643,26.564],[87.644,26.562],[87.644,26.559],[87.645,26.557],[87.646,26.554],[87.646,26.552],[87.646,26.549],[87.647,26.544],[87.646,26.541],[87.646,26.538],[87.645,26.535],[87.645,26.532],[87.645,26.528],[87.645,26.525],[87.644,26.521],[87.644,26.518],[87.644,26.514],[87.645,26.511],[87.646,26.508],[87.647,26.505],[87.649,26.502],[87.65,26.499],[87.651,26.496],[87.652,26.493],[87.654,26.49],[87.654,26.487],[87.656,26.485],[87.659,26.483],[87.661,26.482],[87.662,26.48],[87.664,26.477],[87.665,26.474],[87.666,26.472],[87.665,26.468],[87.665,26.466],[87.666,26.463],[87.667,26.461],[87.668,26.458],[87.669,26.456],[87.67,26.453],[87.671,26.451],[87.672,26.45],[87.674,26.447],[87.675,26.445],[87.676,26.443],[87.678,26.437],[87.678,26.435],[87.679,26.433],[87.679,26.432],[87.68,26.43],[87.679,26.428],[87.679,26.426],[87.678,26.424],[87.678,26.422],[87.678,26.42],[87.679,26.419],[87.682,26.418],[87.681,26.412],[87.679,26.41],[87.676,26.409],[87.674,26.409],[87.672,26.409],[87.67,26.409],[87.667,26.409],[87.664,26.409],[87.662,26.409],[87.659,26.408],[87.658,26.407],[87.656,26.406],[87.655,26.406],[87.654,26.404],[87.654,26.401],[87.654,26.398],[87.654,26.396],[87.654,26.393],[87.651,26.392],[87.649,26.392],[87.647,26.392],[87.645,26.393],[87.642,26.393],[87.638,26.393],[87.635,26.393],[87.632,26.393],[87.628,26.393],[87.625,26.392],[87.622,26.391],[87.619,26.39],[87.617,26.388],[87.614,26.387],[87.613,26.385],[87.611,26.383],[87.61,26.382],[87.608,26.381],[87.605,26.38],[87.601,26.381],[87.598,26.381],[87.594,26.382],[87.591,26.384],[87.59,26.386],[87.588,26.388],[87.587,26.389],[87.586,26.391],[87.584,26.392],[87.582,26.393],[87.579,26.394],[87.577,26.395],[87.574,26.396],[87.568,26.398],[87.565,26.399],[87.562,26.401],[87.559,26.403],[87.557,26.405],[87.555,26.408],[87.554,26.411],[87.552,26.414],[87.551,26.416],[87.55,26.418],[87.549,26.419],[87.546,26.42],[87.542,26.42],[87.538,26.421],[87.535,26.421],[87.532,26.422],[87.529,26.423],[87.525,26.425],[87.523,26.426],[87.518,26.429],[87.516,26.43],[87.513,26.43],[87.509,26.431],[87.505,26.433],[87.5,26.434],[87.496,26.435],[87.493,26.436],[87.489,26.436],[87.485,26.437],[87.481,26.438],[87.478,26.438],[87.475,26.438],[87.471,26.438],[87.468,26.438],[87.465,26.438],[87.462,26.438],[87.46,26.437],[87.457,26.436],[87.455,26.435],[87.453,26.434],[87.45,26.433],[87.449,26.432],[87.446,26.431],[87.444,26.429],[87.441,26.427],[87.438,26.425],[87.434,26.423],[87.431,26.422],[87.429,26.421],[87.424,26.421],[87.42,26.421],[87.417,26.421],[87.414,26.42],[87.41,26.42],[87.407,26.42],[87.403,26.42],[87.4,26.42],[87.396,26.42],[87.395,26.421],[87.393,26.421],[87.39,26.42],[87.387,26.418],[87.386,26.417],[87.386,26.416],[87.385,26.414],[87.384,26.413],[87.383,26.412],[87.381,26.41],[87.38,26.409],[87.377,26.408],[87.376,26.408],[87.374,26.409],[87.371,26.408],[87.369,26.407],[87.367,26.405],[87.366,26.403],[87.365,26.401],[87.364,26.399],[87.362,26.397],[87.361,26.394],[87.36,26.393],[87.36,26.391],[87.359,26.389],[87.358,26.387],[87.357,26.385],[87.357,26.383],[87.357,26.379],[87.357,26.378],[87.357,26.376],[87.357,26.374],[87.357,26.371],[87.357,26.369],[87.357,26.367],[87.358,26.365],[87.359,26.363],[87.36,26.359],[87.358,26.357],[87.357,26.356],[87.355,26.354],[87.353,26.353],[87.351,26.351],[87.349,26.35],[87.347,26.349],[87.344,26.348],[87.341,26.349],[87.339,26.351],[87.337,26.352],[87.334,26.354],[87.332,26.355],[87.329,26.357],[87.327,26.358],[87.325,26.361],[87.323,26.362],[87.321,26.364],[87.32,26.366],[87.318,26.367],[87.316,26.368],[87.313,26.369],[87.311,26.369],[87.308,26.369],[87.305,26.368],[87.301,26.368],[87.298,26.369],[87.296,26.37],[87.293,26.371],[87.292,26.372],[87.289,26.372],[87.285,26.372],[87.282,26.372],[87.278,26.372],[87.274,26.371],[87.271,26.371],[87.266,26.375],[87.266,26.377],[87.266,26.379],[87.266,26.381],[87.266,26.385],[87.266,26.389],[87.267,26.393],[87.267,26.396],[87.267,26.399],[87.267,26.401],[87.267,26.404],[87.266,26.406],[87.265,26.408],[87.263,26.41],[87.261,26.411],[87.259,26.412],[87.256,26.413],[87.253,26.413],[87.251,26.414],[87.249,26.415],[87.246,26.415],[87.243,26.415],[87.246,26.418],[87.246,26.419],[87.247,26.42],[87.248,26.423],[87.248,26.425],[87.249,26.427],[87.249,26.43],[87.249,26.436],[87.249,26.438],[87.249,26.441],[87.249,26.442],[87.248,26.445],[87.248,26.447],[87.248,26.45],[87.248,26.453],[87.247,26.455],[87.247,26.457],[87.246,26.46],[87.245,26.462],[87.244,26.465],[87.242,26.469],[87.242,26.471],[87.242,26.473],[87.243,26.476],[87.244,26.478],[87.245,26.479],[87.246,26.481],[87.246,26.482],[87.247,26.484],[87.248,26.486],[87.248,26.488],[87.249,26.49],[87.25,26.492],[87.251,26.494],[87.252,26.495],[87.254,26.497],[87.255,26.499],[87.256,26.5],[87.256,26.502],[87.256,26.504],[87.255,26.506],[87.255,26.509],[87.255,26.51],[87.255,26.512],[87.255,26.515],[87.254,26.517],[87.254,26.518],[87.253,26.52],[87.253,26.522],[87.253,26.523],[87.256,26.527],[87.257,26.529],[87.258,26.53],[87.259,26.532],[87.259,26.534],[87.261,26.535],[87.262,26.536],[87.264,26.537],[87.267,26.538],[87.269,26.538],[87.271,26.538],[87.274,26.538],[87.277,26.538],[87.279,26.538],[87.283,26.539],[87.287,26.541],[87.29,26.545],[87.29,26.546],[87.291,26.548],[87.291,26.55],[87.291,26.554],[87.292,26.556],[87.292,26.558],[87.292,26.56],[87.292,26.564],[87.292,26.566],[87.292,26.568],[87.293,26.569],[87.293,26.571],[87.293,26.572],[87.293,26.575],[87.294,26.578],[87.294,26.58],[87.293,26.583],[87.293,26.585],[87.292,26.587],[87.292,26.59],[87.292,26.592],[87.293,26.594],[87.293,26.596],[87.294,26.598],[87.295,26.599],[87.296,26.6],[87.298,26.604],[87.299,26.605],[87.301,26.607],[87.302,26.608],[87.303,26.61],[87.304,26.612],[87.305,26.614],[87.306,26.616],[87.306,26.618],[87.306,26.619],[87.306,26.621],[87.305,26.622],[87.304,26.624],[87.304,26.625],[87.302,26.63],[87.301,26.632],[87.299,26.635],[87.298,26.637],[87.297,26.639],[87.296,26.642],[87.294,26.645],[87.293,26.647],[87.292,26.649],[87.291,26.651],[87.292,26.654],[87.292,26.656],[87.292,26.657],[87.292,26.659],[87.292,26.66],[87.293,26.661],[87.294,26.663],[87.294,26.664],[87.296,26.665],[87.297,26.667],[87.299,26.668],[87.301,26.67],[87.305,26.673],[87.307,26.675],[87.308,26.676],[87.31,26.678],[87.311,26.679],[87.312,26.681],[87.313,26.683],[87.313,26.686],[87.313,26.687],[87.313,26.689],[87.313,26.693],[87.313,26.694],[87.314,26.697],[87.316,26.699],[87.321,26.701],[87.322,26.703],[87.324,26.704],[87.326,26.705],[87.328,26.706],[87.33,26.707],[87.331,26.709],[87.331,26.71],[87.332,26.711],[87.332,26.713],[87.333,26.714],[87.333,26.716],[87.334,26.718],[87.335,26.72],[87.336,26.722],[87.336,26.724],[87.337,26.726],[87.338,26.731],[87.339,26.733],[87.34,26.734],[87.341,26.737],[87.342,26.738],[87.343,26.74],[87.343,26.742],[87.343,26.744],[87.343,26.746],[87.343,26.748],[87.342,26.751],[87.34,26.754],[87.338,26.756],[87.337,26.758],[87.335,26.762],[87.334,26.763],[87.332,26.765],[87.33,26.768],[87.329,26.771],[87.327,26.773],[87.326,26.776],[87.325,26.777],[87.325,26.78],[87.325,26.782],[87.325,26.783],[87.325,26.785],[87.327,26.787],[87.329,26.789],[87.332,26.791],[87.335,26.794],[87.338,26.797],[87.339,26.799],[87.341,26.801],[87.343,26.803],[87.345,26.806],[87.346,26.808],[87.348,26.811],[87.349,26.813],[87.35,26.815],[87.351,26.818],[87.351,26.82],[87.352,26.823],[87.352,26.825],[87.353,26.827],[87.353,26.828],[87.354,26.83],[87.355,26.832],[87.355,26.834],[87.355,26.836],[87.355,26.838],[87.354,26.84],[87.352,26.842],[87.351,26.844],[87.35,26.847],[87.354,26.847],[87.356,26.847],[87.358,26.846],[87.361,26.846],[87.363,26.846],[87.367,26.846],[87.373,26.845],[87.376,26.845],[87.378,26.846],[87.38,26.848],[87.383,26.851],[87.384,26.852],[87.385,26.854],[87.386,26.856],[87.387,26.858],[87.389,26.859],[87.391,26.861],[87.394,26.863],[87.397,26.864],[87.398,26.864],[87.402,26.865],[87.405,26.866],[87.407,26.866],[87.409,26.867],[87.412,26.868],[87.42,26.87],[87.422,26.871],[87.422,26.875],[87.423,26.879],[87.425,26.882],[87.428,26.885],[87.431,26.885],[87.435,26.886],[87.439,26.885],[87.441,26.883],[87.443,26.881],[87.445,26.878],[87.447,26.874],[87.449,26.871],[87.451,26.869],[87.453,26.866],[87.454,26.865],[87.458,26.864],[87.461,26.863],[87.463,26.863],[87.466,26.862],[87.47,26.862],[87.472,26.862],[87.474,26.864],[87.475,26.865],[87.476,26.866],[87.479,26.867],[87.481,26.868],[87.483,26.868],[87.486,26.868],[87.488,26.868],[87.49,26.867],[87.492,26.866],[87.494,26.864],[87.496,26.863],[87.498,26.86],[87.5,26.858],[87.503,26.856],[87.504,26.855],[87.507,26.856],[87.509,26.856],[87.513,26.859],[87.515,26.861],[87.518,26.861],[87.52,26.859],[87.522,26.858],[87.525,26.857],[87.527,26.857],[87.53,26.857],[87.533,26.858],[87.537,26.858],[87.54,26.858],[87.542,26.857],[87.544,26.855],[87.546,26.854],[87.549,26.854],[87.552,26.855],[87.556,26.856],[87.559,26.856],[87.561,26.856],[87.565,26.856],[87.568,26.856],[87.57,26.856],[87.572,26.855],[87.575,26.855],[87.577,26.856],[87.58,26.856],[87.582,26.857],[87.591,26.86]]]}},{"type":"Feature","properties":{"id":"Sunsari","name":"Sunsari","hq":"Inaruwa","province_id":1,"province":"Koshi","level":"district"},"geometry":{"type":"Polygon","coordinates":[[[87.35,26.847],[87.351,26.844],[87.352,26.842],[87.354,26.84],[87.355,26.838],[87.355,26.836],[87.355,26.834],[87.355,26.832],[87.354,26.83],[87.353,26.828],[87.353,26.827],[87.352,26.825],[87.352,26.823],[87.351,26.82],[87.351,26.818],[87.35,26.815],[87.349,26.813],[87.348,26.811],[87.346,26.808],[87.345,26.806],[87.343,26.803],[87.341,26.801],[87.339,26.799],[87.338,26.797],[87.335,26.794],[87.332,26.791],[87.329,26.789],[87.327,26.787],[87.325,26.785],[87.325,26.783],[87.325,26.782],[87.325,26.78],[87.325,26.777],[87.326,26.776],[87.327,26.773],[87.329,26.771],[87.33,26.768],[87.332,26.765],[87.334,26.763],[87.335,26.762],[87.337,26.758],[87.338,26.756],[87.34,26.754],[87.342,26.751],[87.343,26.748],[87.343,26.746],[87.343,26.744],[87.343,26.742],[87.343,26.74],[87.342,26.738],[87.341,26.737],[87.34,26.734],[87.339,26.733],[87.338,26.731],[87.337,26.726],[87.336,26.724],[87.336,26.722],[87.335,26.72],[87.334,26.718],[87.333,26.716],[87.333,26.714],[87.332,26.713],[87.332,26.711],[87.331,26.71],[87.331,26.709],[87.33,26.707],[87.328,26.706],[87.326,26.705],[87.324,26.704],[87.322,26.703],[87.321,26.701],[87.316,26.699],[87.314,26.697],[87.313,26.694],[87.313,26.693],[87.313,26.689],[87.313,26.687],[87.313,26.686],[87.313,26.683],[87.312,26.681],[87.311,26.679],[87.31,26.678],[87.308,26.676],[87.307,26.675],[87.305,26.673],[87.301,26.67],[87.299,26.668],[87.297,26.667],[87.296,26.665],[87.294,26.664],[87.294,26.663],[87.293,26.661],[87.292,26.66],[87.292,26.659],[87.292,26.657],[87.292,26.656],[87.292,26.654],[87.291,26.651],[87.292,26.649],[87.293,26.647],[87.294,26.645],[87.296,26.642],[87.297,26.639],[87.298,26.637],[87.299,26.635],[87.301,26.632],[87.302,26.63],[87.304,26.625],[87.304,26.624],[87.305,26.622],[87.306,26.621],[87.306,26.619],[87.306,26.618],[87.306,26.616],[87.305,26.614],[87.304,26.612],[87.303,26.61],[87.302,26.608],[87.301,26.607],[87.299,26.605],[87.298,26.604],[87.296,26.6],[87.295,26.599],[87.294,26.598],[87.293,26.596],[87.293,26.594],[87.292,26.592],[87.292,26.59],[87.292,26.587],[87.293,26.585],[87.293,26.583],[87.294,26.58],[87.294,26.578],[87.293,26.575],[87.293,26.572],[87.293,26.571],[87.293,26.569],[87.292,26.568],[87.292,26.566],[87.292,26.564],[87.292,26.56],[87.292,26.558],[87.292,26.556],[87.291,26.554],[87.291,26.55],[87.291,26.548],[87.29,26.546],[87.29,26.545],[87.287,26.541],[87.283,26.539],[87.279,26.538],[87.277,26.538],[87.274,26.538],[87.271,26.538],[87.269,26.538],[87.267,26.538],[87.264,26.537],[87.262,26.536],[87.261,26.535],[87.259,26.534],[87.259,26.532],[87.258,26.53],[87.257,26.529],[87.256,26.527],[87.253,26.523],[87.253,26.522],[87.253,26.52],[87.254,26.518],[87.254,26.517],[87.255,26.515],[87.255,26.512],[87.255,26.51],[87.255,26.509],[87.255,26.506],[87.256,26.504],[87.256,26.502],[87.256,26.5],[87.255,26.499],[87.254,26.497],[87.252,26.495],[87.251,26.494],[87.25,26.492],[87.249,26.49],[87.248,26.488],[87.248,26.486],[87.247,26.484],[87.246,26.482],[87.246,26.481],[87.245,26.479],[87.244,26.478],[87.243,26.476],[87.242,26.473],[87.242,26.471],[87.242,26.469],[87.244,26.465],[87.245,26.462],[87.246,26.46],[87.247,26.457],[87.247,26.455],[87.248,26.453],[87.248,26.45],[87.248,26.447],[87.248,26.445],[87.249,26.442],[87.249,26.441],[87.249,26.438],[87.249,26.436],[87.249,26.43],[87.249,26.427],[87.248,26.425],[87.248,26.423],[87.247,26.42],[87.246,26.419],[87.246,26.418],[87.243,26.415],[87.24,26.415],[87.237,26.414],[87.234,26.413],[87.232,26.412],[87.231,26.411],[87.229,26.409],[87.227,26.407],[87.225,26.406],[87.222,26.405],[87.22,26.406],[87.218,26.408],[87.216,26.408],[87.213,26.411],[87.214,26.413],[87.213,26.415],[87.209,26.415],[87.205,26.414],[87.199,26.414],[87.195,26.414],[87.192,26.413],[87.191,26.412],[87.191,26.41],[87.19,26.408],[87.189,26.406],[87.187,26.404],[87.184,26.403],[87.18,26.403],[87.177,26.403],[87.173,26.403],[87.17,26.404],[87.166,26.404],[87.163,26.406],[87.159,26.407],[87.156,26.408],[87.152,26.409],[87.149,26.41],[87.146,26.412],[87.143,26.413],[87.139,26.416],[87.135,26.418],[87.132,26.42],[87.129,26.422],[87.127,26.425],[87.124,26.427],[87.121,26.43],[87.119,26.432],[87.115,26.434],[87.112,26.436],[87.108,26.438],[87.105,26.44],[87.101,26.443],[87.098,26.445],[87.094,26.449],[87.092,26.452],[87.092,26.455],[87.092,26.458],[87.091,26.462],[87.091,26.465],[87.09,26.468],[87.09,26.471],[87.089,26.475],[87.088,26.479],[87.087,26.481],[87.088,26.486],[87.088,26.488],[87.088,26.49],[87.087,26.493],[87.086,26.497],[87.085,26.501],[87.085,26.504],[87.084,26.508],[87.083,26.51],[87.082,26.514],[87.082,26.518],[87.082,26.521],[87.082,26.525],[87.081,26.528],[87.08,26.531],[87.079,26.535],[87.077,26.538],[87.076,26.541],[87.075,26.543],[87.075,26.545],[87.073,26.553],[87.073,26.556],[87.074,26.561],[87.074,26.565],[87.074,26.569],[87.075,26.573],[87.075,26.577],[87.075,26.58],[87.074,26.583],[87.074,26.584],[87.072,26.585],[87.068,26.585],[87.063,26.586],[87.059,26.587],[87.053,26.587],[87.051,26.587],[87.048,26.586],[87.047,26.583],[87.047,26.58],[87.047,26.577],[87.046,26.573],[87.045,26.57],[87.044,26.567],[87.042,26.563],[87.04,26.56],[87.038,26.558],[87.036,26.556],[87.032,26.55],[87.029,26.548],[87.026,26.545],[87.025,26.543],[87.024,26.541],[87.022,26.538],[87.02,26.536],[87.017,26.533],[87.015,26.532],[87.012,26.531],[87.005,26.528],[87.003,26.527],[86.999,26.525],[86.992,26.522],[86.989,26.522],[86.986,26.524],[86.982,26.524],[86.979,26.523],[86.976,26.523],[86.973,26.522],[86.97,26.522],[86.968,26.523],[86.966,26.523],[86.965,26.524],[86.957,26.523],[86.955,26.522],[86.952,26.521],[86.949,26.521],[86.947,26.52],[86.945,26.52],[86.942,26.52],[86.938,26.519],[86.936,26.518],[86.935,26.517],[86.933,26.512],[86.932,26.51],[86.932,26.507],[86.932,26.503],[86.932,26.5],[86.932,26.497],[86.931,26.493],[86.931,26.491],[86.93,26.489],[86.928,26.488],[86.925,26.487],[86.924,26.487],[86.922,26.487],[86.919,26.487],[86.914,26.488],[86.914,26.49],[86.914,26.491],[86.914,26.494],[86.915,26.496],[86.916,26.499],[86.917,26.502],[86.919,26.505],[86.921,26.51],[86.923,26.514],[86.924,26.518],[86.925,26.522],[86.927,26.527],[86.929,26.531],[86.931,26.535],[86.933,26.54],[86.937,26.546],[86.943,26.554],[86.944,26.556],[86.946,26.558],[86.948,26.562],[86.949,26.566],[86.949,26.569],[86.95,26.573],[86.951,26.577],[86.953,26.582],[86.954,26.586],[86.957,26.59],[86.958,26.592],[86.96,26.597],[86.961,26.599],[86.964,26.604],[86.965,26.607],[86.966,26.61],[86.967,26.614],[86.968,26.618],[86.97,26.62],[86.972,26.622],[86.973,26.624],[86.975,26.626],[86.976,26.629],[86.976,26.63],[86.976,26.633],[86.977,26.635],[86.978,26.637],[86.98,26.639],[86.983,26.642],[86.985,26.644],[86.986,26.646],[86.989,26.649],[86.99,26.652],[86.992,26.655],[86.995,26.657],[86.997,26.66],[87.0,26.661],[87.002,26.662],[87.005,26.664],[87.008,26.666],[87.009,26.668],[87.01,26.67],[87.012,26.673],[87.013,26.676],[87.015,26.684],[87.016,26.686],[87.017,26.689],[87.018,26.691],[87.019,26.694],[87.02,26.696],[87.022,26.699],[87.026,26.71],[87.026,26.713],[87.027,26.716],[87.028,26.718],[87.028,26.72],[87.03,26.723],[87.032,26.727],[87.034,26.73],[87.038,26.733],[87.04,26.736],[87.042,26.738],[87.045,26.74],[87.051,26.75],[87.053,26.751],[87.056,26.754],[87.059,26.756],[87.062,26.758],[87.066,26.761],[87.069,26.763],[87.074,26.764],[87.076,26.766],[87.079,26.768],[87.085,26.775],[87.087,26.778],[87.089,26.781],[87.092,26.783],[87.095,26.785],[87.099,26.786],[87.1,26.787],[87.104,26.788],[87.106,26.789],[87.108,26.79],[87.111,26.791],[87.116,26.796],[87.118,26.798],[87.12,26.799],[87.124,26.802],[87.126,26.803],[87.127,26.804],[87.129,26.806],[87.13,26.808],[87.132,26.811],[87.133,26.814],[87.134,26.816],[87.135,26.819],[87.136,26.821],[87.139,26.825],[87.141,26.826],[87.142,26.827],[87.145,26.829],[87.146,26.831],[87.149,26.834],[87.15,26.837],[87.151,26.839],[87.152,26.842],[87.152,26.845],[87.153,26.847],[87.153,26.851],[87.154,26.853],[87.153,26.856],[87.153,26.859],[87.154,26.861],[87.154,26.863],[87.155,26.865],[87.158,26.868],[87.16,26.869],[87.161,26.871],[87.163,26.872],[87.165,26.874],[87.167,26.876],[87.168,26.877],[87.172,26.877],[87.174,26.877],[87.176,26.877],[87.178,26.877],[87.18,26.876],[87.182,26.875],[87.184,26.874],[87.186,26.873],[87.189,26.872],[87.192,26.872],[87.194,26.871],[87.196,26.87],[87.199,26.869],[87.201,26.868],[87.203,26.867],[87.206,26.867],[87.208,26.866],[87.21,26.866],[87.212,26.865],[87.214,26.865],[87.222,26.867],[87.224,26.869],[87.226,26.871],[87.23,26.874],[87.232,26.876],[87.234,26.878],[87.237,26.879],[87.24,26.88],[87.244,26.879],[87.248,26.878],[87.252,26.877],[87.255,26.874],[87.257,26.871],[87.259,26.868],[87.26,26.866],[87.263,26.866],[87.265,26.866],[87.268,26.867],[87.271,26.867],[87.274,26.867],[87.276,26.868],[87.281,26.869],[87.284,26.869],[87.289,26.871],[87.291,26.871],[87.294,26.872],[87.298,26.873],[87.3,26.872],[87.301,26.871],[87.304,26.87],[87.306,26.87],[87.309,26.87],[87.311,26.871],[87.314,26.869],[87.315,26.867],[87.318,26.865],[87.32,26.863],[87.321,26.861],[87.322,26.859],[87.323,26.857],[87.325,26.856],[87.326,26.854],[87.327,26.854],[87.33,26.854],[87.331,26.854],[87.336,26.855],[87.338,26.855],[87.339,26.853],[87.341,26.851],[87.343,26.85],[87.345,26.848],[87.348,26.848],[87.35,26.847]]]}},{"type":"Feature","properties":{"id":"Bhojpur","name":"Bhojpur","hq":"Bhojpur","province_id":1,"province":"Koshi","level":"district"},"geometry":{"type":"Polygon","coordinates":[[[86.946,27.46],[86.95,27.46],[86.953,27.46],[86.956,27.459],[86.959,27.457],[86.961,27.455],[86.963,27.454],[86.966,27.452],[86.969,27.451],[86.971,27.45],[86.974,27.449],[86.977,27.448],[86.98,27.446],[86.983,27.444],[86.986,27.442],[86.99,27.44],[86.992,27.44],[86.995,27.439],[86.999,27.438],[87.003,27.438],[87.007,27.437],[87.009,27.437],[87.011,27.437],[87.013,27.436],[87.015,27.436],[87.019,27.437],[87.022,27.438],[87.024,27.438],[87.026,27.439],[87.029,27.441],[87.032,27.443],[87.039,27.447],[87.042,27.448],[87.045,27.449],[87.049,27.449],[87.053,27.448],[87.055,27.447],[87.058,27.445],[87.06,27.443],[87.062,27.441],[87.063,27.441],[87.065,27.442],[87.067,27.443],[87.07,27.445],[87.073,27.446],[87.076,27.448],[87.079,27.449],[87.081,27.451],[87.084,27.452],[87.087,27.454],[87.089,27.454],[87.092,27.455],[87.095,27.456],[87.098,27.458],[87.099,27.459],[87.101,27.461],[87.102,27.462],[87.106,27.464],[87.112,27.461],[87.113,27.46],[87.115,27.46],[87.117,27.459],[87.119,27.459],[87.121,27.458],[87.123,27.458],[87.125,27.457],[87.127,27.456],[87.129,27.456],[87.131,27.456],[87.133,27.455],[87.135,27.454],[87.137,27.453],[87.138,27.452],[87.139,27.451],[87.14,27.45],[87.142,27.447],[87.141,27.444],[87.141,27.443],[87.14,27.442],[87.139,27.441],[87.138,27.44],[87.137,27.439],[87.136,27.437],[87.134,27.435],[87.133,27.434],[87.131,27.432],[87.129,27.43],[87.129,27.429],[87.128,27.426],[87.128,27.425],[87.128,27.423],[87.129,27.421],[87.13,27.419],[87.131,27.417],[87.131,27.416],[87.132,27.415],[87.132,27.413],[87.131,27.411],[87.131,27.407],[87.131,27.405],[87.13,27.403],[87.13,27.402],[87.131,27.401],[87.133,27.399],[87.135,27.398],[87.137,27.397],[87.138,27.397],[87.141,27.395],[87.144,27.395],[87.147,27.394],[87.15,27.392],[87.151,27.392],[87.151,27.391],[87.152,27.39],[87.153,27.389],[87.153,27.388],[87.154,27.387],[87.156,27.385],[87.157,27.384],[87.159,27.384],[87.159,27.383],[87.16,27.383],[87.161,27.382],[87.166,27.38],[87.169,27.379],[87.17,27.377],[87.172,27.376],[87.173,27.374],[87.174,27.373],[87.175,27.371],[87.176,27.369],[87.177,27.369],[87.177,27.368],[87.178,27.367],[87.179,27.366],[87.181,27.365],[87.183,27.362],[87.186,27.361],[87.188,27.359],[87.19,27.358],[87.192,27.356],[87.193,27.356],[87.194,27.354],[87.195,27.352],[87.195,27.35],[87.195,27.349],[87.194,27.347],[87.193,27.346],[87.192,27.345],[87.192,27.344],[87.191,27.343],[87.19,27.342],[87.188,27.34],[87.188,27.338],[87.188,27.337],[87.189,27.335],[87.19,27.334],[87.191,27.333],[87.192,27.332],[87.193,27.33],[87.192,27.328],[87.191,27.327],[87.19,27.326],[87.188,27.325],[87.188,27.324],[87.187,27.323],[87.186,27.322],[87.186,27.318],[87.187,27.316],[87.188,27.314],[87.19,27.312],[87.192,27.311],[87.194,27.31],[87.196,27.308],[87.199,27.307],[87.2,27.306],[87.202,27.304],[87.203,27.302],[87.203,27.3],[87.203,27.297],[87.204,27.295],[87.203,27.292],[87.204,27.29],[87.205,27.287],[87.206,27.285],[87.208,27.284],[87.209,27.282],[87.208,27.28],[87.208,27.278],[87.207,27.276],[87.207,27.275],[87.207,27.273],[87.207,27.273],[87.207,27.272],[87.208,27.271],[87.208,27.27],[87.209,27.27],[87.21,27.269],[87.211,27.268],[87.21,27.266],[87.208,27.265],[87.205,27.265],[87.204,27.265],[87.202,27.265],[87.2,27.264],[87.2,27.263],[87.201,27.261],[87.202,27.259],[87.203,27.257],[87.204,27.256],[87.204,27.256],[87.205,27.252],[87.206,27.251],[87.206,27.249],[87.207,27.247],[87.207,27.246],[87.208,27.245],[87.209,27.243],[87.21,27.241],[87.211,27.24],[87.212,27.238],[87.214,27.236],[87.215,27.236],[87.215,27.235],[87.217,27.233],[87.22,27.231],[87.222,27.23],[87.223,27.229],[87.224,27.229],[87.225,27.228],[87.227,27.227],[87.228,27.226],[87.23,27.224],[87.231,27.223],[87.233,27.222],[87.234,27.221],[87.235,27.219],[87.237,27.217],[87.238,27.216],[87.239,27.214],[87.24,27.213],[87.241,27.212],[87.244,27.208],[87.244,27.206],[87.245,27.204],[87.245,27.203],[87.246,27.202],[87.247,27.2],[87.248,27.198],[87.248,27.197],[87.249,27.196],[87.25,27.195],[87.251,27.194],[87.254,27.191],[87.255,27.19],[87.256,27.189],[87.257,27.187],[87.259,27.186],[87.26,27.184],[87.261,27.183],[87.262,27.181],[87.263,27.18],[87.264,27.179],[87.265,27.179],[87.266,27.179],[87.269,27.178],[87.272,27.176],[87.274,27.174],[87.275,27.172],[87.275,27.17],[87.275,27.168],[87.275,27.166],[87.276,27.163],[87.276,27.16],[87.276,27.158],[87.276,27.156],[87.276,27.154],[87.276,27.153],[87.276,27.152],[87.276,27.151],[87.275,27.15],[87.275,27.149],[87.274,27.145],[87.274,27.143],[87.272,27.141],[87.271,27.14],[87.27,27.139],[87.269,27.138],[87.268,27.137],[87.267,27.135],[87.265,27.134],[87.263,27.132],[87.261,27.131],[87.258,27.13],[87.256,27.129],[87.254,27.128],[87.253,27.127],[87.251,27.127],[87.251,27.126],[87.25,27.126],[87.249,27.125],[87.247,27.124],[87.247,27.123],[87.247,27.122],[87.247,27.121],[87.245,27.117],[87.243,27.115],[87.241,27.113],[87.239,27.112],[87.237,27.111],[87.236,27.11],[87.231,27.108],[87.228,27.107],[87.227,27.107],[87.225,27.106],[87.224,27.106],[87.223,27.105],[87.222,27.105],[87.221,27.104],[87.22,27.104],[87.22,27.104],[87.214,27.098],[87.212,27.097],[87.211,27.096],[87.209,27.094],[87.208,27.092],[87.207,27.091],[87.206,27.089],[87.206,27.089],[87.206,27.088],[87.204,27.086],[87.2,27.085],[87.199,27.085],[87.197,27.084],[87.195,27.084],[87.194,27.083],[87.192,27.081],[87.191,27.08],[87.191,27.079],[87.19,27.078],[87.189,27.076],[87.187,27.073],[87.186,27.071],[87.185,27.07],[87.184,27.068],[87.183,27.065],[87.182,27.063],[87.182,27.061],[87.182,27.059],[87.181,27.057],[87.181,27.055],[87.181,27.054],[87.181,27.052],[87.182,27.05],[87.182,27.048],[87.182,27.046],[87.182,27.045],[87.182,27.045],[87.183,27.043],[87.185,27.039],[87.186,27.038],[87.187,27.036],[87.188,27.034],[87.189,27.032],[87.19,27.03],[87.191,27.028],[87.192,27.026],[87.193,27.024],[87.194,27.022],[87.195,27.021],[87.196,27.018],[87.197,27.017],[87.198,27.013],[87.198,27.012],[87.199,27.01],[87.199,27.009],[87.199,27.008],[87.2,27.006],[87.2,27.002],[87.2,27.001],[87.2,26.999],[87.199,26.998],[87.199,26.997],[87.198,26.995],[87.195,26.992],[87.193,26.991],[87.191,26.99],[87.189,26.989],[87.186,26.988],[87.184,26.986],[87.182,26.985],[87.181,26.983],[87.18,26.983],[87.18,26.982],[87.179,26.981],[87.179,26.98],[87.178,26.98],[87.178,26.979],[87.178,26.979],[87.175,26.974],[87.174,26.972],[87.174,26.97],[87.173,26.969],[87.171,26.967],[87.169,26.967],[87.168,26.966],[87.167,26.965],[87.167,26.965],[87.164,26.962],[87.165,26.96],[87.165,26.958],[87.165,26.957],[87.164,26.956],[87.164,26.955],[87.163,26.954],[87.162,26.953],[87.16,26.952],[87.16,26.951],[87.16,26.949],[87.163,26.946],[87.163,26.944],[87.163,26.942],[87.163,26.942],[87.162,26.941],[87.159,26.94],[87.156,26.938],[87.154,26.937],[87.152,26.936],[87.151,26.935],[87.15,26.933],[87.151,26.932],[87.153,26.93],[87.156,26.929],[87.158,26.928],[87.16,26.927],[87.16,26.925],[87.159,26.924],[87.158,26.923],[87.157,26.922],[87.154,26.919],[87.153,26.92],[87.152,26.921],[87.151,26.922],[87.15,26.923],[87.148,26.923],[87.147,26.923],[87.145,26.924],[87.143,26.924],[87.139,26.924],[87.137,26.924],[87.135,26.923],[87.132,26.923],[87.13,26.922],[87.128,26.922],[87.125,26.921],[87.123,26.92],[87.121,26.92],[87.118,26.919],[87.113,26.916],[87.111,26.915],[87.108,26.915],[87.106,26.915],[87.103,26.914],[87.1,26.913],[87.098,26.911],[87.097,26.91],[87.095,26.909],[87.093,26.908],[87.092,26.907],[87.089,26.907],[87.087,26.907],[87.084,26.907],[87.082,26.907],[87.081,26.906],[87.079,26.906],[87.077,26.905],[87.075,26.905],[87.074,26.905],[87.071,26.904],[87.068,26.905],[87.066,26.905],[87.064,26.906],[87.061,26.906],[87.059,26.906],[87.058,26.905],[87.057,26.903],[87.055,26.902],[87.053,26.901],[87.05,26.901],[87.047,26.901],[87.044,26.901],[87.042,26.901],[87.04,26.9],[87.038,26.899],[87.036,26.898],[87.034,26.898],[87.031,26.897],[87.028,26.896],[87.026,26.895],[87.02,26.892],[87.018,26.891],[87.016,26.89],[87.015,26.89],[87.013,26.889],[87.011,26.889],[87.01,26.888],[87.008,26.888],[87.006,26.888],[87.003,26.888],[87.002,26.888],[87.001,26.888],[86.999,26.888],[86.996,26.889],[86.994,26.889],[86.993,26.89],[86.991,26.891],[86.989,26.891],[86.987,26.892],[86.986,26.893],[86.984,26.893],[86.981,26.897],[86.98,26.899],[86.979,26.9],[86.978,26.902],[86.977,26.902],[86.975,26.902],[86.974,26.901],[86.973,26.901],[86.971,26.9],[86.969,26.9],[86.967,26.9],[86.965,26.9],[86.963,26.901],[86.96,26.901],[86.958,26.902],[86.955,26.902],[86.953,26.904],[86.953,26.908],[86.954,26.91],[86.954,26.912],[86.955,26.914],[86.955,26.915],[86.955,26.918],[86.956,26.919],[86.957,26.921],[86.959,26.923],[86.96,26.924],[86.962,26.925],[86.965,26.926],[86.966,26.926],[86.967,26.927],[86.968,26.931],[86.968,26.932],[86.967,26.934],[86.967,26.936],[86.967,26.938],[86.967,26.939],[86.968,26.941],[86.968,26.943],[86.969,26.945],[86.97,26.947],[86.972,26.95],[86.971,26.952],[86.971,26.954],[86.972,26.955],[86.972,26.957],[86.973,26.961],[86.974,26.963],[86.975,26.965],[86.975,26.968],[86.975,26.971],[86.975,26.974],[86.972,26.975],[86.97,26.976],[86.968,26.977],[86.964,26.978],[86.962,26.98],[86.961,26.981],[86.961,26.983],[86.962,26.986],[86.963,26.988],[86.964,26.989],[86.966,26.992],[86.968,26.996],[86.97,26.999],[86.971,27.001],[86.971,27.005],[86.971,27.008],[86.97,27.01],[86.968,27.012],[86.966,27.014],[86.963,27.015],[86.96,27.015],[86.958,27.016],[86.957,27.017],[86.955,27.02],[86.954,27.023],[86.953,27.025],[86.953,27.028],[86.953,27.03],[86.954,27.032],[86.956,27.034],[86.958,27.035],[86.962,27.038],[86.964,27.039],[86.966,27.041],[86.969,27.042],[86.97,27.043],[86.971,27.046],[86.971,27.048],[86.97,27.049],[86.969,27.052],[86.968,27.053],[86.967,27.056],[86.967,27.058],[86.967,27.06],[86.967,27.062],[86.966,27.064],[86.964,27.066],[86.96,27.068],[86.957,27.07],[86.955,27.077],[86.955,27.08],[86.954,27.081],[86.952,27.082],[86.951,27.083],[86.948,27.085],[86.947,27.086],[86.945,27.087],[86.943,27.088],[86.94,27.089],[86.939,27.091],[86.937,27.093],[86.936,27.095],[86.934,27.096],[86.932,27.096],[86.93,27.095],[86.928,27.095],[86.925,27.096],[86.922,27.097],[86.92,27.098],[86.918,27.099],[86.917,27.101],[86.915,27.104],[86.913,27.106],[86.91,27.107],[86.908,27.108],[86.907,27.108],[86.903,27.109],[86.902,27.11],[86.902,27.111],[86.903,27.113],[86.906,27.118],[86.909,27.12],[86.911,27.122],[86.914,27.124],[86.916,27.125],[86.917,27.128],[86.918,27.13],[86.918,27.132],[86.918,27.134],[86.917,27.136],[86.917,27.14],[86.917,27.142],[86.918,27.145],[86.92,27.146],[86.924,27.152],[86.926,27.153],[86.927,27.155],[86.928,27.157],[86.927,27.159],[86.926,27.161],[86.924,27.163],[86.923,27.164],[86.922,27.165],[86.921,27.168],[86.92,27.169],[86.919,27.172],[86.919,27.175],[86.919,27.176],[86.919,27.177],[86.92,27.181],[86.921,27.183],[86.921,27.186],[86.921,27.188],[86.922,27.191],[86.923,27.193],[86.925,27.195],[86.927,27.196],[86.928,27.198],[86.93,27.2],[86.931,27.202],[86.931,27.204],[86.931,27.206],[86.931,27.208],[86.931,27.214],[86.931,27.216],[86.93,27.218],[86.93,27.22],[86.929,27.222],[86.928,27.224],[86.926,27.226],[86.924,27.228],[86.922,27.23],[86.92,27.231],[86.918,27.233],[86.916,27.235],[86.913,27.237],[86.912,27.238],[86.911,27.24],[86.91,27.242],[86.909,27.244],[86.907,27.246],[86.905,27.248],[86.904,27.25],[86.903,27.251],[86.903,27.254],[86.903,27.255],[86.904,27.257],[86.905,27.258],[86.906,27.26],[86.911,27.264],[86.913,27.265],[86.915,27.266],[86.918,27.267],[86.92,27.268],[86.922,27.268],[86.925,27.268],[86.928,27.268],[86.93,27.268],[86.932,27.267],[86.934,27.267],[86.937,27.266],[86.939,27.265],[86.942,27.265],[86.945,27.264],[86.947,27.264],[86.95,27.265],[86.951,27.265],[86.953,27.266],[86.957,27.269],[86.957,27.271],[86.959,27.272],[86.961,27.274],[86.963,27.276],[86.965,27.278],[86.966,27.281],[86.968,27.283],[86.969,27.286],[86.97,27.288],[86.971,27.29],[86.971,27.293],[86.971,27.295],[86.972,27.299],[86.973,27.3],[86.976,27.301],[86.979,27.301],[86.982,27.303],[86.985,27.304],[86.986,27.305],[86.988,27.306],[86.988,27.308],[86.987,27.309],[86.985,27.311],[86.983,27.312],[86.981,27.313],[86.976,27.315],[86.975,27.316],[86.973,27.317],[86.972,27.318],[86.972,27.32],[86.97,27.322],[86.968,27.323],[86.966,27.325],[86.964,27.325],[86.963,27.327],[86.961,27.329],[86.959,27.33],[86.958,27.332],[86.956,27.334],[86.954,27.336],[86.953,27.338],[86.953,27.34],[86.953,27.341],[86.953,27.342],[86.953,27.344],[86.953,27.346],[86.951,27.351],[86.951,27.353],[86.949,27.354],[86.946,27.354],[86.944,27.354],[86.943,27.354],[86.94,27.355],[86.938,27.355],[86.935,27.357],[86.933,27.362],[86.933,27.364],[86.933,27.365],[86.932,27.367],[86.931,27.369],[86.931,27.371],[86.932,27.373],[86.933,27.376],[86.934,27.378],[86.935,27.38],[86.935,27.382],[86.934,27.387],[86.933,27.388],[86.931,27.389],[86.929,27.39],[86.927,27.39],[86.926,27.392],[86.924,27.394],[86.922,27.395],[86.92,27.396],[86.919,27.398],[86.917,27.399],[86.917,27.401],[86.916,27.403],[86.916,27.405],[86.915,27.406],[86.914,27.409],[86.914,27.411],[86.914,27.413],[86.914,27.415],[86.914,27.416],[86.914,27.418],[86.914,27.419],[86.913,27.42],[86.913,27.422],[86.912,27.423],[86.911,27.424],[86.911,27.426],[86.91,27.428],[86.91,27.43],[86.91,27.432],[86.911,27.433],[86.911,27.433],[86.912,27.435],[86.914,27.436],[86.915,27.437],[86.917,27.438],[86.919,27.439],[86.92,27.439],[86.922,27.44],[86.923,27.44],[86.925,27.441],[86.931,27.443],[86.933,27.444],[86.934,27.446],[86.936,27.447],[86.937,27.448],[86.939,27.449],[86.941,27.451],[86.942,27.452],[86.943,27.453],[86.943,27.456],[86.944,27.457],[86.945,27.459],[86.946,27.46]]]}},{"type":"Feature","properties":{"id":"Dhankuta","name":"Dhankuta","hq":"Dhankuta","province_id":1,"province":"Koshi","level":"district"},"geometry":{"type":"Polygon","coordinates":[[[87.407,27.138],[87.408,27.135],[87.408,27.133],[87.407,27.131],[87.404,27.129],[87.402,27.128],[87.399,27.125],[87.399,27.123],[87.398,27.121],[87.398,27.118],[87.397,27.115],[87.397,27.113],[87.396,27.111],[87.396,27.107],[87.397,27.105],[87.398,27.103],[87.398,27.099],[87.399,27.097],[87.4,27.094],[87.401,27.092],[87.401,27.089],[87.401,27.086],[87.401,27.083],[87.4,27.082],[87.402,27.079],[87.403,27.077],[87.405,27.075],[87.406,27.073],[87.409,27.071],[87.411,27.069],[87.412,27.067],[87.414,27.065],[87.417,27.062],[87.419,27.059],[87.421,27.057],[87.423,27.055],[87.424,27.054],[87.426,27.051],[87.428,27.048],[87.429,27.046],[87.43,27.043],[87.431,27.04],[87.431,27.038],[87.431,27.036],[87.431,27.035],[87.432,27.031],[87.432,27.027],[87.432,27.025],[87.432,27.023],[87.432,27.021],[87.433,27.018],[87.435,27.016],[87.437,27.014],[87.439,27.012],[87.44,27.01],[87.441,27.008],[87.442,27.008],[87.443,27.006],[87.443,27.005],[87.445,27.003],[87.445,26.998],[87.445,26.995],[87.444,26.993],[87.443,26.991],[87.443,26.989],[87.442,26.988],[87.441,26.985],[87.441,26.984],[87.441,26.982],[87.44,26.981],[87.44,26.979],[87.44,26.977],[87.44,26.976],[87.44,26.975],[87.44,26.973],[87.44,26.97],[87.44,26.969],[87.445,26.97],[87.447,26.97],[87.449,26.969],[87.451,26.969],[87.454,26.969],[87.456,26.968],[87.459,26.968],[87.461,26.967],[87.462,26.967],[87.464,26.968],[87.466,26.97],[87.468,26.971],[87.47,26.972],[87.472,26.973],[87.473,26.974],[87.475,26.974],[87.478,26.974],[87.48,26.974],[87.483,26.975],[87.484,26.975],[87.486,26.976],[87.488,26.979],[87.489,26.98],[87.49,26.981],[87.492,26.981],[87.494,26.981],[87.496,26.981],[87.496,26.98],[87.496,26.98],[87.496,26.979],[87.496,26.978],[87.497,26.978],[87.497,26.977],[87.497,26.977],[87.498,26.975],[87.502,26.971],[87.507,26.968],[87.512,26.965],[87.517,26.962],[87.521,26.96],[87.525,26.957],[87.528,26.954],[87.529,26.949],[87.528,26.946],[87.527,26.942],[87.528,26.938],[87.526,26.934],[87.525,26.932],[87.525,26.931],[87.526,26.927],[87.526,26.924],[87.526,26.922],[87.529,26.917],[87.531,26.912],[87.532,26.907],[87.533,26.904],[87.532,26.898],[87.531,26.892],[87.531,26.892],[87.531,26.891],[87.532,26.89],[87.535,26.889],[87.537,26.888],[87.541,26.887],[87.544,26.886],[87.547,26.886],[87.551,26.886],[87.553,26.887],[87.556,26.887],[87.56,26.888],[87.562,26.887],[87.565,26.885],[87.567,26.883],[87.569,26.877],[87.569,26.876],[87.571,26.874],[87.573,26.872],[87.574,26.872],[87.577,26.871],[87.579,26.869],[87.582,26.867],[87.584,26.865],[87.585,26.863],[87.585,26.862],[87.589,26.86],[87.591,26.86],[87.582,26.857],[87.58,26.856],[87.577,26.856],[87.575,26.855],[87.572,26.855],[87.57,26.856],[87.568,26.856],[87.565,26.856],[87.561,26.856],[87.559,26.856],[87.556,26.856],[87.552,26.855],[87.549,26.854],[87.546,26.854],[87.544,26.855],[87.542,26.857],[87.54,26.858],[87.537,26.858],[87.533,26.858],[87.53,26.857],[87.527,26.857],[87.525,26.857],[87.522,26.858],[87.52,26.859],[87.518,26.861],[87.515,26.861],[87.513,26.859],[87.509,26.856],[87.507,26.856],[87.504,26.855],[87.503,26.856],[87.5,26.858],[87.498,26.86],[87.496,26.863],[87.494,26.864],[87.492,26.866],[87.49,26.867],[87.488,26.868],[87.486,26.868],[87.483,26.868],[87.481,26.868],[87.479,26.867],[87.476,26.866],[87.475,26.865],[87.474,26.864],[87.472,26.862],[87.47,26.862],[87.466,26.862],[87.463,26.863],[87.461,26.863],[87.458,26.864],[87.454,26.865],[87.453,26.866],[87.451,26.869],[87.449,26.871],[87.447,26.874],[87.445,26.878],[87.443,26.881],[87.441,26.883],[87.439,26.885],[87.435,26.886],[87.431,26.885],[87.428,26.885],[87.425,26.882],[87.423,26.879],[87.422,26.875],[87.422,26.871],[87.42,26.87],[87.412,26.868],[87.409,26.867],[87.407,26.866],[87.405,26.866],[87.402,26.865],[87.398,26.864],[87.397,26.864],[87.394,26.863],[87.391,26.861],[87.389,26.859],[87.387,26.858],[87.386,26.856],[87.385,26.854],[87.384,26.852],[87.383,26.851],[87.38,26.848],[87.378,26.846],[87.376,26.845],[87.373,26.845],[87.367,26.846],[87.363,26.846],[87.361,26.846],[87.358,26.846],[87.356,26.847],[87.354,26.847],[87.35,26.847],[87.348,26.848],[87.345,26.848],[87.343,26.85],[87.341,26.851],[87.339,26.853],[87.338,26.855],[87.336,26.855],[87.331,26.854],[87.33,26.854],[87.327,26.854],[87.326,26.854],[87.325,26.856],[87.323,26.857],[87.322,26.859],[87.321,26.861],[87.32,26.863],[87.318,26.865],[87.315,26.867],[87.314,26.869],[87.311,26.871],[87.309,26.87],[87.306,26.87],[87.304,26.87],[87.301,26.871],[87.3,26.872],[87.298,26.873],[87.294,26.872],[87.291,26.871],[87.289,26.871],[87.284,26.869],[87.281,26.869],[87.276,26.868],[87.274,26.867],[87.271,26.867],[87.268,26.867],[87.265,26.866],[87.263,26.866],[87.26,26.866],[87.259,26.868],[87.257,26.871],[87.255,26.874],[87.252,26.877],[87.248,26.878],[87.244,26.879],[87.24,26.88],[87.237,26.879],[87.234,26.878],[87.232,26.876],[87.23,26.874],[87.226,26.871],[87.224,26.869],[87.222,26.867],[87.214,26.865],[87.212,26.865],[87.21,26.866],[87.208,26.866],[87.206,26.867],[87.203,26.867],[87.201,26.868],[87.199,26.869],[87.196,26.87],[87.194,26.871],[87.192,26.872],[87.189,26.872],[87.186,26.873],[87.184,26.874],[87.182,26.875],[87.18,26.876],[87.178,26.877],[87.176,26.877],[87.174,26.877],[87.172,26.877],[87.168,26.877],[87.169,26.879],[87.17,26.88],[87.17,26.882],[87.171,26.885],[87.171,26.887],[87.171,26.889],[87.17,26.891],[87.17,26.893],[87.169,26.895],[87.169,26.897],[87.168,26.899],[87.168,26.901],[87.167,26.902],[87.167,26.904],[87.166,26.906],[87.165,26.907],[87.161,26.909],[87.16,26.91],[87.158,26.912],[87.157,26.913],[87.154,26.919],[87.157,26.922],[87.158,26.923],[87.159,26.924],[87.16,26.925],[87.16,26.927],[87.158,26.928],[87.156,26.929],[87.153,26.93],[87.151,26.932],[87.15,26.933],[87.151,26.935],[87.152,26.936],[87.154,26.937],[87.156,26.938],[87.159,26.94],[87.162,26.941],[87.163,26.942],[87.163,26.942],[87.163,26.944],[87.163,26.946],[87.16,26.949],[87.16,26.951],[87.16,26.952],[87.162,26.953],[87.163,26.954],[87.164,26.955],[87.164,26.956],[87.165,26.957],[87.165,26.958],[87.165,26.96],[87.164,26.962],[87.167,26.965],[87.167,26.965],[87.168,26.966],[87.169,26.967],[87.171,26.967],[87.173,26.969],[87.174,26.97],[87.174,26.972],[87.175,26.974],[87.178,26.979],[87.178,26.979],[87.178,26.98],[87.179,26.98],[87.179,26.981],[87.18,26.982],[87.18,26.983],[87.181,26.983],[87.182,26.985],[87.184,26.986],[87.186,26.988],[87.189,26.989],[87.191,26.99],[87.193,26.991],[87.195,26.992],[87.198,26.995],[87.199,26.997],[87.199,26.998],[87.2,26.999],[87.2,27.001],[87.2,27.002],[87.2,27.006],[87.199,27.008],[87.199,27.009],[87.199,27.01],[87.198,27.012],[87.198,27.013],[87.197,27.017],[87.196,27.018],[87.195,27.021],[87.194,27.022],[87.193,27.024],[87.192,27.026],[87.191,27.028],[87.19,27.03],[87.189,27.032],[87.188,27.034],[87.187,27.036],[87.186,27.038],[87.185,27.039],[87.183,27.043],[87.182,27.045],[87.182,27.045],[87.182,27.046],[87.182,27.048],[87.182,27.05],[87.181,27.052],[87.181,27.054],[87.181,27.055],[87.181,27.057],[87.182,27.059],[87.182,27.061],[87.182,27.063],[87.183,27.065],[87.184,27.068],[87.185,27.07],[87.186,27.071],[87.187,27.073],[87.189,27.076],[87.19,27.078],[87.191,27.079],[87.191,27.08],[87.192,27.081],[87.194,27.083],[87.195,27.084],[87.197,27.084],[87.199,27.085],[87.2,27.085],[87.204,27.086],[87.206,27.088],[87.206,27.089],[87.206,27.089],[87.207,27.091],[87.208,27.092],[87.209,27.094],[87.211,27.096],[87.212,27.097],[87.214,27.098],[87.22,27.104],[87.22,27.104],[87.221,27.104],[87.222,27.105],[87.223,27.105],[87.224,27.106],[87.225,27.106],[87.227,27.107],[87.228,27.107],[87.231,27.108],[87.236,27.11],[87.237,27.111],[87.239,27.112],[87.241,27.113],[87.243,27.115],[87.245,27.117],[87.247,27.121],[87.247,27.122],[87.247,27.123],[87.247,27.124],[87.249,27.125],[87.25,27.126],[87.251,27.126],[87.251,27.127],[87.253,27.127],[87.254,27.128],[87.256,27.129],[87.258,27.13],[87.261,27.131],[87.263,27.132],[87.265,27.134],[87.267,27.135],[87.268,27.137],[87.269,27.138],[87.27,27.139],[87.271,27.14],[87.272,27.141],[87.274,27.143],[87.274,27.145],[87.275,27.149],[87.275,27.15],[87.276,27.151],[87.276,27.152],[87.276,27.153],[87.276,27.154],[87.276,27.156],[87.276,27.158],[87.276,27.16],[87.276,27.163],[87.275,27.166],[87.275,27.168],[87.275,27.17],[87.275,27.172],[87.274,27.174],[87.272,27.176],[87.269,27.178],[87.27,27.179],[87.271,27.18],[87.272,27.181],[87.275,27.183],[87.276,27.184],[87.28,27.186],[87.282,27.187],[87.283,27.188],[87.288,27.19],[87.289,27.189],[87.292,27.189],[87.295,27.188],[87.298,27.187],[87.301,27.186],[87.304,27.185],[87.307,27.184],[87.31,27.183],[87.312,27.182],[87.315,27.182],[87.317,27.182],[87.32,27.183],[87.322,27.184],[87.324,27.186],[87.329,27.189],[87.331,27.189],[87.335,27.189],[87.338,27.188],[87.34,27.188],[87.341,27.188],[87.343,27.188],[87.345,27.189],[87.346,27.189],[87.348,27.19],[87.35,27.191],[87.352,27.191],[87.354,27.192],[87.356,27.193],[87.36,27.192],[87.361,27.192],[87.363,27.191],[87.365,27.19],[87.366,27.189],[87.367,27.188],[87.369,27.187],[87.371,27.186],[87.372,27.185],[87.373,27.184],[87.374,27.183],[87.377,27.182],[87.378,27.181],[87.379,27.179],[87.38,27.178],[87.38,27.176],[87.381,27.175],[87.381,27.173],[87.381,27.171],[87.382,27.17],[87.382,27.168],[87.383,27.167],[87.383,27.165],[87.384,27.163],[87.385,27.161],[87.386,27.16],[87.387,27.158],[87.388,27.155],[87.389,27.154],[87.39,27.152],[87.392,27.15],[87.393,27.148],[87.395,27.147],[87.397,27.145],[87.398,27.144],[87.4,27.143],[87.401,27.141],[87.402,27.14],[87.404,27.139],[87.407,27.138]]]}},{"type":"Feature","properties":{"id":"Tehrathum","name":"Tehrathum","hq":"Myanglung","province_id":1,"province":"Koshi","level":"district"},"geometry":{"type":"Polygon","coordinates":[[[87.519,27.297],[87.523,27.295],[87.526,27.293],[87.531,27.291],[87.534,27.291],[87.536,27.291],[87.539,27.291],[87.542,27.291],[87.545,27.289],[87.548,27.287],[87.552,27.286],[87.555,27.285],[87.561,27.285],[87.563,27.285],[87.569,27.285],[87.571,27.285],[87.573,27.285],[87.576,27.284],[87.579,27.284],[87.582,27.283],[87.584,27.283],[87.587,27.283],[87.59,27.284],[87.593,27.284],[87.597,27.284],[87.6,27.284],[87.605,27.284],[87.608,27.283],[87.61,27.283],[87.612,27.283],[87.617,27.281],[87.618,27.28],[87.62,27.279],[87.622,27.279],[87.623,27.278],[87.632,27.273],[87.634,27.272],[87.637,27.272],[87.639,27.271],[87.642,27.271],[87.644,27.27],[87.646,27.27],[87.649,27.269],[87.649,27.269],[87.65,27.269],[87.653,27.269],[87.661,27.268],[87.672,27.269],[87.679,27.27],[87.68,27.27],[87.681,27.269],[87.683,27.268],[87.686,27.264],[87.69,27.259],[87.696,27.255],[87.704,27.251],[87.712,27.246],[87.72,27.241],[87.732,27.233],[87.74,27.226],[87.747,27.22],[87.75,27.217],[87.751,27.214],[87.752,27.212],[87.752,27.21],[87.751,27.209],[87.751,27.207],[87.751,27.205],[87.75,27.204],[87.748,27.202],[87.745,27.2],[87.744,27.199],[87.742,27.198],[87.74,27.196],[87.738,27.195],[87.735,27.194],[87.734,27.193],[87.73,27.191],[87.727,27.19],[87.724,27.189],[87.721,27.188],[87.721,27.187],[87.72,27.187],[87.719,27.185],[87.718,27.184],[87.717,27.182],[87.717,27.181],[87.716,27.179],[87.715,27.177],[87.714,27.176],[87.714,27.175],[87.713,27.167],[87.713,27.165],[87.713,27.163],[87.713,27.159],[87.713,27.157],[87.713,27.156],[87.713,27.155],[87.712,27.156],[87.709,27.152],[87.702,27.147],[87.696,27.144],[87.69,27.141],[87.686,27.141],[87.681,27.14],[87.677,27.14],[87.672,27.137],[87.67,27.136],[87.668,27.134],[87.665,27.132],[87.66,27.131],[87.657,27.13],[87.654,27.13],[87.652,27.131],[87.65,27.131],[87.647,27.13],[87.646,27.128],[87.643,27.126],[87.639,27.122],[87.633,27.119],[87.632,27.118],[87.627,27.115],[87.623,27.112],[87.616,27.11],[87.616,27.11],[87.616,27.11],[87.616,27.11],[87.61,27.109],[87.607,27.107],[87.6,27.104],[87.596,27.102],[87.592,27.098],[87.589,27.095],[87.589,27.094],[87.583,27.088],[87.582,27.088],[87.581,27.086],[87.58,27.084],[87.579,27.082],[87.578,27.08],[87.577,27.077],[87.576,27.075],[87.572,27.069],[87.568,27.065],[87.564,27.063],[87.56,27.06],[87.546,27.052],[87.543,27.049],[87.54,27.045],[87.539,27.042],[87.539,27.038],[87.539,27.038],[87.539,27.037],[87.539,27.036],[87.539,27.036],[87.54,27.034],[87.54,27.033],[87.541,27.031],[87.542,27.03],[87.544,27.029],[87.544,27.027],[87.544,27.027],[87.544,27.026],[87.544,27.025],[87.544,27.024],[87.544,27.023],[87.544,27.022],[87.543,27.019],[87.535,27.011],[87.53,27.008],[87.524,27.004],[87.522,27.001],[87.519,26.997],[87.515,26.991],[87.512,26.988],[87.507,26.984],[87.504,26.983],[87.5,26.981],[87.497,26.981],[87.495,26.981],[87.496,26.981],[87.494,26.981],[87.492,26.981],[87.49,26.981],[87.489,26.98],[87.488,26.979],[87.486,26.976],[87.484,26.975],[87.483,26.975],[87.48,26.974],[87.478,26.974],[87.475,26.974],[87.473,26.974],[87.472,26.973],[87.47,26.972],[87.468,26.971],[87.466,26.97],[87.464,26.968],[87.462,26.967],[87.461,26.967],[87.459,26.968],[87.456,26.968],[87.454,26.969],[87.451,26.969],[87.449,26.969],[87.447,26.97],[87.445,26.97],[87.44,26.969],[87.44,26.97],[87.44,26.973],[87.44,26.975],[87.44,26.976],[87.44,26.977],[87.44,26.979],[87.44,26.981],[87.441,26.982],[87.441,26.984],[87.441,26.985],[87.442,26.988],[87.443,26.989],[87.443,26.991],[87.444,26.993],[87.445,26.995],[87.445,26.998],[87.445,27.003],[87.443,27.005],[87.443,27.006],[87.442,27.008],[87.441,27.008],[87.44,27.01],[87.439,27.012],[87.437,27.014],[87.435,27.016],[87.433,27.018],[87.432,27.021],[87.432,27.023],[87.432,27.025],[87.432,27.027],[87.432,27.031],[87.431,27.035],[87.431,27.036],[87.431,27.038],[87.431,27.04],[87.43,27.043],[87.429,27.046],[87.428,27.048],[87.426,27.051],[87.424,27.054],[87.423,27.055],[87.421,27.057],[87.419,27.059],[87.417,27.062],[87.414,27.065],[87.412,27.067],[87.411,27.069],[87.409,27.071],[87.406,27.073],[87.405,27.075],[87.403,27.077],[87.402,27.079],[87.4,27.082],[87.401,27.083],[87.401,27.086],[87.401,27.089],[87.401,27.092],[87.4,27.094],[87.399,27.097],[87.398,27.099],[87.398,27.103],[87.397,27.105],[87.396,27.107],[87.396,27.111],[87.397,27.113],[87.397,27.115],[87.398,27.118],[87.398,27.121],[87.399,27.123],[87.399,27.125],[87.402,27.128],[87.404,27.129],[87.407,27.131],[87.408,27.133],[87.408,27.135],[87.407,27.138],[87.408,27.141],[87.408,27.142],[87.408,27.144],[87.408,27.145],[87.408,27.147],[87.407,27.148],[87.406,27.15],[87.406,27.151],[87.405,27.152],[87.405,27.154],[87.406,27.157],[87.407,27.159],[87.408,27.161],[87.41,27.163],[87.413,27.165],[87.414,27.166],[87.416,27.168],[87.418,27.169],[87.419,27.17],[87.42,27.171],[87.424,27.172],[87.426,27.173],[87.432,27.176],[87.434,27.176],[87.436,27.177],[87.438,27.177],[87.441,27.178],[87.443,27.179],[87.446,27.18],[87.448,27.181],[87.45,27.183],[87.452,27.184],[87.454,27.185],[87.455,27.187],[87.457,27.188],[87.459,27.19],[87.46,27.192],[87.462,27.193],[87.463,27.194],[87.464,27.196],[87.467,27.198],[87.467,27.2],[87.468,27.202],[87.468,27.204],[87.467,27.205],[87.467,27.206],[87.467,27.209],[87.467,27.211],[87.467,27.213],[87.468,27.215],[87.469,27.217],[87.469,27.219],[87.47,27.221],[87.471,27.222],[87.472,27.224],[87.472,27.225],[87.473,27.226],[87.474,27.228],[87.474,27.229],[87.478,27.234],[87.48,27.236],[87.481,27.238],[87.482,27.24],[87.482,27.241],[87.481,27.244],[87.481,27.245],[87.48,27.247],[87.48,27.249],[87.48,27.251],[87.481,27.251],[87.483,27.253],[87.485,27.254],[87.487,27.255],[87.488,27.256],[87.489,27.258],[87.49,27.259],[87.49,27.26],[87.49,27.261],[87.491,27.263],[87.491,27.264],[87.492,27.268],[87.492,27.269],[87.493,27.27],[87.494,27.271],[87.495,27.273],[87.497,27.274],[87.499,27.276],[87.501,27.278],[87.502,27.279],[87.504,27.28],[87.506,27.282],[87.507,27.283],[87.508,27.285],[87.509,27.285],[87.51,27.287],[87.511,27.288],[87.513,27.29],[87.513,27.291],[87.515,27.293],[87.516,27.294],[87.519,27.297]]]}},{"type":"Feature","properties":{"id":"Sankhuwasabha","name":"Sankhuwasabha","hq":"Khandbari","province_id":1,"province":"Koshi","level":"district"},"geometry":{"type":"Polygon","coordinates":[[[87.666,27.808],[87.666,27.806],[87.667,27.803],[87.668,27.802],[87.669,27.799],[87.67,27.798],[87.671,27.796],[87.671,27.793],[87.67,27.792],[87.669,27.79],[87.67,27.787],[87.671,27.786],[87.672,27.785],[87.672,27.783],[87.672,27.781],[87.671,27.779],[87.67,27.777],[87.67,27.773],[87.67,27.77],[87.669,27.768],[87.667,27.767],[87.665,27.766],[87.663,27.764],[87.66,27.764],[87.658,27.763],[87.656,27.761],[87.655,27.759],[87.656,27.757],[87.656,27.754],[87.657,27.752],[87.657,27.749],[87.657,27.747],[87.656,27.745],[87.655,27.744],[87.652,27.739],[87.65,27.737],[87.648,27.734],[87.646,27.732],[87.645,27.73],[87.645,27.727],[87.644,27.726],[87.642,27.723],[87.642,27.721],[87.642,27.719],[87.642,27.717],[87.642,27.714],[87.643,27.712],[87.643,27.711],[87.641,27.709],[87.639,27.708],[87.636,27.71],[87.634,27.71],[87.632,27.711],[87.63,27.71],[87.628,27.71],[87.626,27.709],[87.622,27.706],[87.62,27.703],[87.619,27.701],[87.618,27.698],[87.618,27.696],[87.618,27.694],[87.619,27.692],[87.619,27.69],[87.619,27.688],[87.618,27.686],[87.617,27.683],[87.616,27.681],[87.616,27.679],[87.614,27.677],[87.612,27.675],[87.611,27.674],[87.609,27.673],[87.607,27.673],[87.604,27.673],[87.602,27.675],[87.6,27.676],[87.598,27.677],[87.596,27.678],[87.594,27.679],[87.591,27.679],[87.589,27.679],[87.587,27.679],[87.584,27.678],[87.581,27.678],[87.58,27.679],[87.579,27.681],[87.578,27.684],[87.578,27.686],[87.578,27.689],[87.576,27.691],[87.574,27.692],[87.572,27.693],[87.57,27.695],[87.568,27.696],[87.566,27.697],[87.564,27.697],[87.562,27.696],[87.561,27.693],[87.56,27.691],[87.558,27.688],[87.555,27.684],[87.554,27.681],[87.553,27.678],[87.553,27.676],[87.552,27.674],[87.552,27.671],[87.551,27.67],[87.55,27.667],[87.549,27.665],[87.548,27.663],[87.548,27.662],[87.547,27.659],[87.546,27.657],[87.544,27.655],[87.544,27.653],[87.543,27.651],[87.544,27.648],[87.545,27.645],[87.545,27.643],[87.546,27.641],[87.546,27.639],[87.547,27.636],[87.547,27.634],[87.547,27.633],[87.546,27.632],[87.544,27.631],[87.542,27.631],[87.54,27.631],[87.539,27.629],[87.539,27.627],[87.539,27.625],[87.539,27.623],[87.539,27.62],[87.538,27.618],[87.536,27.614],[87.535,27.612],[87.534,27.611],[87.533,27.609],[87.532,27.606],[87.532,27.603],[87.531,27.602],[87.531,27.599],[87.531,27.597],[87.532,27.596],[87.531,27.594],[87.528,27.594],[87.525,27.595],[87.524,27.596],[87.522,27.597],[87.519,27.598],[87.517,27.598],[87.514,27.597],[87.512,27.596],[87.509,27.592],[87.508,27.59],[87.507,27.588],[87.505,27.587],[87.504,27.586],[87.502,27.584],[87.5,27.583],[87.499,27.581],[87.498,27.58],[87.496,27.578],[87.495,27.577],[87.493,27.575],[87.492,27.573],[87.49,27.57],[87.488,27.568],[87.487,27.566],[87.486,27.563],[87.485,27.56],[87.485,27.556],[87.486,27.554],[87.486,27.552],[87.487,27.55],[87.489,27.548],[87.488,27.546],[87.486,27.544],[87.484,27.542],[87.483,27.54],[87.482,27.537],[87.481,27.535],[87.479,27.533],[87.478,27.53],[87.477,27.528],[87.477,27.525],[87.477,27.523],[87.477,27.52],[87.477,27.517],[87.476,27.515],[87.475,27.513],[87.472,27.51],[87.471,27.509],[87.471,27.506],[87.471,27.503],[87.47,27.502],[87.47,27.498],[87.47,27.495],[87.47,27.493],[87.471,27.49],[87.472,27.488],[87.473,27.487],[87.471,27.484],[87.469,27.483],[87.466,27.478],[87.464,27.475],[87.464,27.473],[87.462,27.469],[87.462,27.467],[87.462,27.464],[87.462,27.461],[87.462,27.459],[87.462,27.453],[87.462,27.45],[87.462,27.447],[87.462,27.444],[87.462,27.442],[87.462,27.438],[87.461,27.435],[87.461,27.433],[87.46,27.431],[87.459,27.428],[87.457,27.423],[87.455,27.419],[87.454,27.416],[87.452,27.413],[87.45,27.411],[87.449,27.409],[87.448,27.405],[87.448,27.403],[87.448,27.399],[87.449,27.397],[87.452,27.392],[87.455,27.389],[87.456,27.387],[87.458,27.386],[87.459,27.384],[87.459,27.382],[87.459,27.38],[87.459,27.378],[87.459,27.374],[87.46,27.371],[87.462,27.369],[87.463,27.368],[87.465,27.368],[87.467,27.367],[87.471,27.362],[87.472,27.359],[87.473,27.357],[87.475,27.354],[87.476,27.351],[87.478,27.348],[87.481,27.345],[87.482,27.343],[87.484,27.34],[87.487,27.337],[87.49,27.335],[87.493,27.329],[87.494,27.327],[87.495,27.324],[87.495,27.321],[87.496,27.319],[87.497,27.317],[87.498,27.315],[87.499,27.313],[87.502,27.31],[87.505,27.308],[87.508,27.307],[87.511,27.306],[87.513,27.305],[87.517,27.301],[87.518,27.299],[87.519,27.297],[87.516,27.294],[87.515,27.293],[87.513,27.291],[87.513,27.29],[87.511,27.288],[87.51,27.287],[87.509,27.285],[87.508,27.285],[87.507,27.283],[87.506,27.282],[87.504,27.28],[87.502,27.279],[87.501,27.278],[87.499,27.276],[87.497,27.274],[87.495,27.273],[87.494,27.271],[87.493,27.27],[87.492,27.269],[87.492,27.268],[87.491,27.264],[87.491,27.263],[87.49,27.261],[87.49,27.26],[87.49,27.259],[87.489,27.258],[87.488,27.256],[87.487,27.255],[87.485,27.254],[87.483,27.253],[87.481,27.251],[87.48,27.251],[87.48,27.249],[87.48,27.247],[87.481,27.245],[87.481,27.244],[87.482,27.241],[87.482,27.24],[87.481,27.238],[87.48,27.236],[87.478,27.234],[87.474,27.229],[87.474,27.228],[87.473,27.226],[87.472,27.225],[87.472,27.224],[87.471,27.222],[87.47,27.221],[87.469,27.219],[87.469,27.217],[87.468,27.215],[87.467,27.213],[87.467,27.211],[87.467,27.209],[87.467,27.206],[87.467,27.205],[87.468,27.204],[87.468,27.202],[87.467,27.2],[87.467,27.198],[87.464,27.196],[87.463,27.194],[87.462,27.193],[87.46,27.192],[87.459,27.19],[87.457,27.188],[87.455,27.187],[87.454,27.185],[87.452,27.184],[87.45,27.183],[87.448,27.181],[87.446,27.18],[87.443,27.179],[87.441,27.178],[87.438,27.177],[87.436,27.177],[87.434,27.176],[87.432,27.176],[87.426,27.173],[87.424,27.172],[87.42,27.171],[87.419,27.17],[87.418,27.169],[87.416,27.168],[87.414,27.166],[87.413,27.165],[87.41,27.163],[87.408,27.161],[87.407,27.159],[87.406,27.157],[87.405,27.154],[87.405,27.152],[87.406,27.151],[87.406,27.15],[87.407,27.148],[87.408,27.147],[87.408,27.145],[87.408,27.144],[87.408,27.142],[87.408,27.141],[87.407,27.138],[87.404,27.139],[87.402,27.14],[87.401,27.141],[87.4,27.143],[87.398,27.144],[87.397,27.145],[87.395,27.147],[87.393,27.148],[87.392,27.15],[87.39,27.152],[87.389,27.154],[87.388,27.155],[87.387,27.158],[87.386,27.16],[87.385,27.161],[87.384,27.163],[87.383,27.165],[87.383,27.167],[87.382,27.168],[87.382,27.17],[87.381,27.171],[87.381,27.173],[87.381,27.175],[87.38,27.176],[87.38,27.178],[87.379,27.179],[87.378,27.181],[87.377,27.182],[87.374,27.183],[87.373,27.184],[87.372,27.185],[87.371,27.186],[87.369,27.187],[87.367,27.188],[87.366,27.189],[87.365,27.19],[87.363,27.191],[87.361,27.192],[87.36,27.192],[87.356,27.193],[87.354,27.192],[87.352,27.191],[87.35,27.191],[87.348,27.19],[87.346,27.189],[87.345,27.189],[87.343,27.188],[87.341,27.188],[87.34,27.188],[87.338,27.188],[87.335,27.189],[87.331,27.189],[87.329,27.189],[87.324,27.186],[87.322,27.184],[87.32,27.183],[87.317,27.182],[87.315,27.182],[87.312,27.182],[87.31,27.183],[87.307,27.184],[87.304,27.185],[87.301,27.186],[87.298,27.187],[87.295,27.188],[87.292,27.189],[87.289,27.189],[87.288,27.19],[87.283,27.188],[87.282,27.187],[87.28,27.186],[87.276,27.184],[87.275,27.183],[87.272,27.181],[87.271,27.18],[87.27,27.179],[87.269,27.178],[87.266,27.179],[87.265,27.179],[87.264,27.179],[87.263,27.18],[87.262,27.181],[87.261,27.183],[87.26,27.184],[87.259,27.186],[87.257,27.187],[87.256,27.189],[87.255,27.19],[87.254,27.191],[87.251,27.194],[87.25,27.195],[87.249,27.196],[87.248,27.197],[87.248,27.198],[87.247,27.2],[87.246,27.202],[87.245,27.203],[87.245,27.204],[87.244,27.206],[87.244,27.208],[87.241,27.212],[87.24,27.213],[87.239,27.214],[87.238,27.216],[87.237,27.217],[87.235,27.219],[87.234,27.221],[87.233,27.222],[87.231,27.223],[87.23,27.224],[87.228,27.226],[87.227,27.227],[87.225,27.228],[87.224,27.229],[87.223,27.229],[87.222,27.23],[87.22,27.231],[87.217,27.233],[87.215,27.235],[87.215,27.236],[87.214,27.236],[87.212,27.238],[87.211,27.24],[87.21,27.241],[87.209,27.243],[87.208,27.245],[87.207,27.246],[87.207,27.247],[87.206,27.249],[87.206,27.251],[87.205,27.252],[87.204,27.256],[87.204,27.256],[87.203,27.257],[87.202,27.259],[87.201,27.261],[87.2,27.263],[87.2,27.264],[87.202,27.265],[87.204,27.265],[87.205,27.265],[87.208,27.265],[87.21,27.266],[87.211,27.268],[87.21,27.269],[87.209,27.27],[87.208,27.27],[87.208,27.271],[87.207,27.272],[87.207,27.273],[87.207,27.273],[87.207,27.275],[87.207,27.276],[87.208,27.278],[87.208,27.28],[87.209,27.282],[87.208,27.284],[87.206,27.285],[87.205,27.287],[87.204,27.29],[87.203,27.292],[87.204,27.295],[87.203,27.297],[87.203,27.3],[87.203,27.302],[87.202,27.304],[87.2,27.306],[87.199,27.307],[87.196,27.308],[87.194,27.31],[87.192,27.311],[87.19,27.312],[87.188,27.314],[87.187,27.316],[87.186,27.318],[87.186,27.322],[87.187,27.323],[87.188,27.324],[87.188,27.325],[87.19,27.326],[87.191,27.327],[87.192,27.328],[87.193,27.33],[87.192,27.332],[87.191,27.333],[87.19,27.334],[87.189,27.335],[87.188,27.337],[87.188,27.338],[87.188,27.34],[87.19,27.342],[87.191,27.343],[87.192,27.344],[87.192,27.345],[87.193,27.346],[87.194,27.347],[87.195,27.349],[87.195,27.35],[87.195,27.352],[87.194,27.354],[87.193,27.356],[87.192,27.356],[87.19,27.358],[87.188,27.359],[87.186,27.361],[87.183,27.362],[87.181,27.365],[87.179,27.366],[87.178,27.367],[87.177,27.368],[87.177,27.369],[87.176,27.369],[87.175,27.371],[87.174,27.373],[87.173,27.374],[87.172,27.376],[87.17,27.377],[87.169,27.379],[87.166,27.38],[87.161,27.382],[87.16,27.383],[87.159,27.383],[87.159,27.384],[87.157,27.384],[87.156,27.385],[87.154,27.387],[87.153,27.388],[87.153,27.389],[87.152,27.39],[87.151,27.391],[87.151,27.392],[87.15,27.392],[87.147,27.394],[87.144,27.395],[87.141,27.395],[87.138,27.397],[87.137,27.397],[87.135,27.398],[87.133,27.399],[87.131,27.401],[87.13,27.402],[87.13,27.403],[87.131,27.405],[87.131,27.407],[87.131,27.411],[87.132,27.413],[87.132,27.415],[87.131,27.416],[87.131,27.417],[87.13,27.419],[87.129,27.421],[87.128,27.423],[87.128,27.425],[87.128,27.426],[87.129,27.429],[87.129,27.43],[87.131,27.432],[87.133,27.434],[87.134,27.435],[87.136,27.437],[87.137,27.439],[87.138,27.44],[87.139,27.441],[87.14,27.442],[87.141,27.443],[87.141,27.444],[87.142,27.447],[87.14,27.45],[87.139,27.451],[87.138,27.452],[87.137,27.453],[87.135,27.454],[87.133,27.455],[87.131,27.456],[87.129,27.456],[87.127,27.456],[87.125,27.457],[87.123,27.458],[87.121,27.458],[87.119,27.459],[87.117,27.459],[87.115,27.46],[87.113,27.46],[87.112,27.461],[87.106,27.464],[87.102,27.462],[87.101,27.461],[87.099,27.459],[87.098,27.458],[87.095,27.456],[87.092,27.455],[87.089,27.454],[87.087,27.454],[87.084,27.452],[87.081,27.451],[87.079,27.449],[87.076,27.448],[87.073,27.446],[87.07,27.445],[87.067,27.443],[87.065,27.442],[87.063,27.441],[87.062,27.441],[87.06,27.443],[87.058,27.445],[87.055,27.447],[87.053,27.448],[87.049,27.449],[87.045,27.449],[87.042,27.448],[87.039,27.447],[87.032,27.443],[87.029,27.441],[87.026,27.439],[87.024,27.438],[87.022,27.438],[87.019,27.437],[87.015,27.436],[87.013,27.436],[87.011,27.437],[87.009,27.437],[87.007,27.437],[87.003,27.438],[86.999,27.438],[86.995,27.439],[86.992,27.44],[86.99,27.44],[86.986,27.442],[86.983,27.444],[86.98,27.446],[86.977,27.448],[86.974,27.449],[86.971,27.45],[86.969,27.451],[86.966,27.452],[86.963,27.454],[86.961,27.455],[86.959,27.457],[86.956,27.459],[86.953,27.46],[86.95,27.46],[86.946,27.46],[86.947,27.462],[86.948,27.463],[86.949,27.464],[86.95,27.465],[86.951,27.466],[86.952,27.47],[86.952,27.472],[86.952,27.473],[86.953,27.475],[86.954,27.476],[86.955,27.477],[86.957,27.478],[86.959,27.479],[86.963,27.48],[86.965,27.482],[86.965,27.483],[86.965,27.486],[86.964,27.488],[86.963,27.49],[86.963,27.492],[86.962,27.493],[86.96,27.496],[86.958,27.497],[86.957,27.499],[86.955,27.501],[86.952,27.503],[86.95,27.504],[86.949,27.506],[86.948,27.507],[86.947,27.51],[86.946,27.512],[86.947,27.517],[86.948,27.518],[86.949,27.52],[86.95,27.522],[86.95,27.524],[86.951,27.527],[86.951,27.529],[86.952,27.53],[86.953,27.532],[86.954,27.533],[86.956,27.534],[86.958,27.535],[86.96,27.536],[86.964,27.538],[86.965,27.539],[86.967,27.541],[86.969,27.544],[86.97,27.546],[86.971,27.549],[86.971,27.551],[86.971,27.553],[86.971,27.555],[86.97,27.557],[86.97,27.559],[86.97,27.561],[86.97,27.563],[86.968,27.568],[86.966,27.57],[86.964,27.571],[86.963,27.572],[86.96,27.572],[86.958,27.572],[86.957,27.573],[86.955,27.574],[86.955,27.575],[86.956,27.577],[86.957,27.578],[86.96,27.579],[86.961,27.581],[86.961,27.584],[86.961,27.586],[86.961,27.588],[86.961,27.59],[86.961,27.593],[86.961,27.595],[86.96,27.597],[86.96,27.599],[86.959,27.601],[86.958,27.602],[86.957,27.604],[86.956,27.607],[86.958,27.609],[86.96,27.61],[86.961,27.612],[86.961,27.614],[86.962,27.616],[86.962,27.619],[86.963,27.621],[86.965,27.624],[86.967,27.626],[86.969,27.628],[86.97,27.63],[86.971,27.631],[86.973,27.633],[86.974,27.634],[86.976,27.636],[86.977,27.637],[86.979,27.639],[86.98,27.641],[86.98,27.642],[86.982,27.644],[86.983,27.645],[86.985,27.647],[86.986,27.648],[86.987,27.65],[86.988,27.652],[86.988,27.653],[86.988,27.655],[86.989,27.656],[86.99,27.658],[86.99,27.661],[86.991,27.663],[86.991,27.665],[86.991,27.666],[86.991,27.668],[86.991,27.672],[86.991,27.674],[86.991,27.675],[86.991,27.677],[86.991,27.679],[86.991,27.68],[86.991,27.683],[86.991,27.685],[86.991,27.687],[86.992,27.689],[86.992,27.691],[86.993,27.692],[86.994,27.694],[86.995,27.695],[86.996,27.696],[86.997,27.697],[86.999,27.698],[86.999,27.698],[87.001,27.701],[87.003,27.704],[87.007,27.708],[87.01,27.713],[87.011,27.719],[87.013,27.724],[87.013,27.724],[87.013,27.725],[87.013,27.727],[87.014,27.728],[87.013,27.729],[87.012,27.731],[87.011,27.731],[87.01,27.731],[87.008,27.731],[87.007,27.732],[87.004,27.731],[87.001,27.733],[87.0,27.734],[86.999,27.735],[86.999,27.737],[86.999,27.739],[86.998,27.742],[86.997,27.744],[86.995,27.745],[86.993,27.746],[86.991,27.746],[86.989,27.747],[86.987,27.748],[86.985,27.749],[86.984,27.75],[86.983,27.753],[86.984,27.755],[86.985,27.757],[86.986,27.759],[86.987,27.761],[86.987,27.762],[86.986,27.764],[86.985,27.765],[86.985,27.767],[86.984,27.769],[86.983,27.77],[86.983,27.773],[86.984,27.775],[86.985,27.776],[86.987,27.778],[86.989,27.781],[86.99,27.783],[86.99,27.784],[86.99,27.784],[86.99,27.785],[86.99,27.788],[86.991,27.79],[86.991,27.791],[86.992,27.794],[86.994,27.796],[86.999,27.799],[87.003,27.802],[87.008,27.806],[87.01,27.809],[87.012,27.813],[87.012,27.815],[87.012,27.816],[87.01,27.818],[87.008,27.82],[87.006,27.821],[87.004,27.822],[87.003,27.823],[87.002,27.824],[87.001,27.826],[86.999,27.827],[86.996,27.828],[86.994,27.828],[86.991,27.827],[86.988,27.827],[86.985,27.828],[86.986,27.83],[86.987,27.832],[86.988,27.833],[86.99,27.835],[86.991,27.837],[86.992,27.838],[86.995,27.84],[86.996,27.842],[86.996,27.844],[86.996,27.847],[86.995,27.849],[86.994,27.851],[86.992,27.853],[86.992,27.855],[86.991,27.858],[86.993,27.86],[86.994,27.862],[86.994,27.864],[86.992,27.865],[86.99,27.866],[86.988,27.866],[86.986,27.867],[86.984,27.869],[86.984,27.872],[86.984,27.873],[86.981,27.876],[86.979,27.877],[86.978,27.878],[86.977,27.88],[86.978,27.884],[86.978,27.887],[86.979,27.889],[86.979,27.891],[86.979,27.894],[86.978,27.896],[86.976,27.899],[86.975,27.901],[86.973,27.903],[86.972,27.905],[86.973,27.908],[86.974,27.91],[86.976,27.912],[86.98,27.916],[86.982,27.918],[86.984,27.92],[86.985,27.922],[86.985,27.924],[86.984,27.925],[86.984,27.928],[86.984,27.929],[86.984,27.932],[86.984,27.934],[86.985,27.936],[86.985,27.938],[86.985,27.941],[86.986,27.943],[86.986,27.944],[86.987,27.946],[86.988,27.948],[86.989,27.953],[86.99,27.954],[86.991,27.954],[86.994,27.954],[86.997,27.954],[87.0,27.954],[87.003,27.954],[87.009,27.955],[87.012,27.956],[87.016,27.957],[87.019,27.956],[87.02,27.955],[87.021,27.954],[87.023,27.952],[87.026,27.95],[87.029,27.95],[87.033,27.95],[87.037,27.95],[87.04,27.949],[87.042,27.947],[87.044,27.945],[87.047,27.939],[87.048,27.938],[87.049,27.935],[87.05,27.933],[87.053,27.931],[87.056,27.929],[87.058,27.927],[87.062,27.925],[87.066,27.924],[87.069,27.923],[87.074,27.921],[87.077,27.918],[87.078,27.915],[87.079,27.912],[87.079,27.909],[87.081,27.904],[87.082,27.901],[87.083,27.898],[87.084,27.895],[87.086,27.892],[87.087,27.889],[87.088,27.886],[87.091,27.884],[87.094,27.882],[87.097,27.881],[87.101,27.879],[87.105,27.877],[87.107,27.875],[87.108,27.874],[87.108,27.871],[87.108,27.868],[87.108,27.865],[87.108,27.862],[87.108,27.86],[87.109,27.857],[87.109,27.853],[87.109,27.851],[87.11,27.849],[87.111,27.847],[87.113,27.845],[87.115,27.844],[87.119,27.842],[87.122,27.84],[87.124,27.839],[87.127,27.838],[87.13,27.838],[87.132,27.838],[87.134,27.838],[87.135,27.839],[87.138,27.839],[87.14,27.838],[87.144,27.836],[87.146,27.835],[87.15,27.834],[87.153,27.832],[87.156,27.831],[87.158,27.83],[87.159,27.829],[87.162,27.828],[87.164,27.826],[87.167,27.825],[87.171,27.825],[87.174,27.824],[87.177,27.824],[87.18,27.823],[87.182,27.823],[87.186,27.822],[87.189,27.822],[87.192,27.822],[87.195,27.822],[87.197,27.822],[87.2,27.823],[87.204,27.824],[87.208,27.824],[87.209,27.824],[87.212,27.824],[87.215,27.824],[87.218,27.824],[87.22,27.823],[87.224,27.823],[87.227,27.821],[87.229,27.822],[87.23,27.823],[87.231,27.824],[87.231,27.826],[87.231,27.827],[87.232,27.829],[87.233,27.83],[87.234,27.831],[87.235,27.833],[87.236,27.834],[87.237,27.836],[87.238,27.837],[87.24,27.838],[87.242,27.84],[87.243,27.841],[87.247,27.843],[87.25,27.844],[87.254,27.845],[87.255,27.846],[87.256,27.848],[87.258,27.85],[87.259,27.851],[87.262,27.852],[87.263,27.852],[87.266,27.852],[87.268,27.851],[87.271,27.851],[87.274,27.85],[87.276,27.849],[87.279,27.848],[87.282,27.847],[87.285,27.846],[87.287,27.846],[87.289,27.846],[87.292,27.845],[87.294,27.845],[87.295,27.844],[87.298,27.844],[87.301,27.843],[87.304,27.842],[87.304,27.84],[87.305,27.838],[87.306,27.837],[87.306,27.836],[87.308,27.835],[87.31,27.833],[87.312,27.831],[87.313,27.83],[87.315,27.829],[87.317,27.828],[87.319,27.827],[87.321,27.827],[87.323,27.827],[87.325,27.827],[87.329,27.827],[87.331,27.828],[87.334,27.828],[87.337,27.829],[87.338,27.829],[87.341,27.829],[87.344,27.829],[87.346,27.829],[87.348,27.829],[87.351,27.829],[87.354,27.829],[87.357,27.829],[87.358,27.829],[87.361,27.829],[87.363,27.83],[87.364,27.833],[87.365,27.835],[87.366,27.836],[87.367,27.838],[87.368,27.839],[87.369,27.842],[87.371,27.844],[87.372,27.844],[87.373,27.846],[87.374,27.846],[87.377,27.847],[87.379,27.848],[87.381,27.849],[87.384,27.849],[87.386,27.85],[87.388,27.851],[87.39,27.851],[87.392,27.851],[87.394,27.851],[87.396,27.851],[87.398,27.852],[87.4,27.852],[87.402,27.853],[87.403,27.854],[87.404,27.855],[87.406,27.855],[87.407,27.856],[87.409,27.857],[87.412,27.858],[87.414,27.859],[87.416,27.86],[87.419,27.86],[87.422,27.86],[87.423,27.859],[87.424,27.858],[87.424,27.856],[87.426,27.855],[87.427,27.853],[87.429,27.852],[87.431,27.85],[87.432,27.847],[87.431,27.845],[87.43,27.844],[87.429,27.843],[87.427,27.842],[87.425,27.842],[87.422,27.841],[87.42,27.841],[87.418,27.841],[87.417,27.84],[87.415,27.84],[87.414,27.84],[87.412,27.839],[87.41,27.839],[87.408,27.838],[87.407,27.837],[87.405,27.837],[87.405,27.836],[87.406,27.834],[87.407,27.834],[87.41,27.834],[87.412,27.834],[87.414,27.834],[87.416,27.833],[87.418,27.833],[87.421,27.832],[87.423,27.832],[87.425,27.832],[87.427,27.831],[87.429,27.83],[87.432,27.829],[87.434,27.828],[87.436,27.827],[87.439,27.826],[87.441,27.825],[87.443,27.824],[87.445,27.824],[87.447,27.824],[87.449,27.824],[87.451,27.824],[87.453,27.824],[87.455,27.825],[87.457,27.826],[87.459,27.826],[87.461,27.827],[87.463,27.829],[87.464,27.83],[87.467,27.832],[87.468,27.833],[87.469,27.834],[87.471,27.835],[87.472,27.836],[87.473,27.837],[87.474,27.838],[87.475,27.839],[87.476,27.84],[87.478,27.841],[87.479,27.842],[87.483,27.843],[87.485,27.844],[87.487,27.846],[87.488,27.846],[87.491,27.847],[87.492,27.847],[87.495,27.846],[87.497,27.846],[87.499,27.847],[87.5,27.847],[87.502,27.848],[87.505,27.848],[87.507,27.847],[87.51,27.847],[87.513,27.847],[87.515,27.846],[87.517,27.846],[87.518,27.846],[87.52,27.846],[87.523,27.845],[87.525,27.845],[87.526,27.845],[87.529,27.846],[87.531,27.846],[87.533,27.846],[87.535,27.846],[87.536,27.845],[87.538,27.845],[87.541,27.846],[87.544,27.848],[87.545,27.849],[87.547,27.851],[87.548,27.853],[87.549,27.855],[87.55,27.856],[87.55,27.858],[87.55,27.859],[87.551,27.861],[87.551,27.863],[87.551,27.864],[87.552,27.865],[87.554,27.866],[87.556,27.867],[87.56,27.868],[87.563,27.868],[87.565,27.868],[87.567,27.867],[87.568,27.865],[87.571,27.864],[87.573,27.863],[87.575,27.863],[87.578,27.863],[87.579,27.863],[87.581,27.861],[87.582,27.86],[87.584,27.859],[87.586,27.856],[87.587,27.853],[87.587,27.849],[87.587,27.846],[87.588,27.844],[87.589,27.842],[87.59,27.839],[87.59,27.837],[87.591,27.836],[87.59,27.834],[87.59,27.832],[87.59,27.83],[87.589,27.828],[87.589,27.827],[87.589,27.825],[87.59,27.824],[87.591,27.822],[87.592,27.821],[87.594,27.822],[87.596,27.823],[87.598,27.823],[87.601,27.823],[87.603,27.823],[87.606,27.822],[87.606,27.821],[87.608,27.819],[87.609,27.818],[87.61,27.816],[87.611,27.814],[87.612,27.813],[87.613,27.813],[87.614,27.814],[87.614,27.816],[87.615,27.817],[87.616,27.819],[87.618,27.821],[87.619,27.821],[87.621,27.823],[87.623,27.823],[87.625,27.823],[87.626,27.824],[87.629,27.824],[87.631,27.825],[87.632,27.825],[87.632,27.828],[87.632,27.83],[87.633,27.832],[87.634,27.833],[87.636,27.834],[87.637,27.835],[87.638,27.835],[87.64,27.835],[87.642,27.836],[87.644,27.836],[87.646,27.836],[87.648,27.836],[87.65,27.837],[87.654,27.837],[87.655,27.837],[87.658,27.837],[87.66,27.837],[87.662,27.837],[87.665,27.838],[87.667,27.838],[87.669,27.837],[87.669,27.836],[87.67,27.834],[87.669,27.832],[87.669,27.831],[87.668,27.829],[87.667,27.828],[87.665,27.826],[87.664,27.824],[87.664,27.822],[87.664,27.82],[87.664,27.819],[87.664,27.818],[87.665,27.816],[87.665,27.814],[87.666,27.813],[87.666,27.812],[87.666,27.81],[87.666,27.808]]]}},{"type":"Feature","properties":{"id":"Saptari","name":"Saptari","hq":"Rajbiraj","province_id":2,"province":"Madhesh","level":"district"},"geometry":{"type":"Polygon","coordinates":[[[87.028,26.718],[87.027,26.716],[87.026,26.713],[87.026,26.71],[87.022,26.699],[87.02,26.696],[87.019,26.694],[87.018,26.691],[87.017,26.689],[87.016,26.686],[87.015,26.684],[87.013,26.676],[87.012,26.673],[87.01,26.67],[87.009,26.668],[87.008,26.666],[87.005,26.664],[87.002,26.662],[87.0,26.661],[86.997,26.66],[86.995,26.657],[86.992,26.655],[86.99,26.652],[86.989,26.649],[86.986,26.646],[86.985,26.644],[86.983,26.642],[86.98,26.639],[86.978,26.637],[86.977,26.635],[86.976,26.633],[86.976,26.63],[86.976,26.629],[86.975,26.626],[86.973,26.624],[86.972,26.622],[86.97,26.62],[86.968,26.618],[86.967,26.614],[86.966,26.61],[86.965,26.607],[86.964,26.604],[86.961,26.599],[86.96,26.597],[86.958,26.592],[86.957,26.59],[86.954,26.586],[86.953,26.582],[86.951,26.577],[86.95,26.573],[86.949,26.569],[86.949,26.566],[86.948,26.562],[86.946,26.558],[86.944,26.556],[86.943,26.554],[86.937,26.546],[86.933,26.54],[86.931,26.535],[86.929,26.531],[86.927,26.527],[86.925,26.522],[86.924,26.518],[86.923,26.514],[86.921,26.51],[86.919,26.505],[86.917,26.502],[86.916,26.499],[86.915,26.496],[86.914,26.494],[86.914,26.491],[86.914,26.49],[86.914,26.488],[86.913,26.488],[86.911,26.488],[86.909,26.487],[86.907,26.487],[86.904,26.487],[86.901,26.487],[86.897,26.486],[86.896,26.486],[86.894,26.486],[86.894,26.485],[86.894,26.484],[86.893,26.483],[86.893,26.482],[86.893,26.48],[86.893,26.478],[86.894,26.476],[86.895,26.474],[86.895,26.472],[86.896,26.468],[86.896,26.467],[86.896,26.465],[86.896,26.464],[86.896,26.463],[86.893,26.462],[86.89,26.461],[86.887,26.461],[86.884,26.46],[86.88,26.458],[86.877,26.457],[86.873,26.456],[86.868,26.458],[86.866,26.458],[86.863,26.457],[86.861,26.454],[86.859,26.451],[86.856,26.45],[86.853,26.449],[86.851,26.449],[86.849,26.447],[86.848,26.445],[86.847,26.443],[86.845,26.442],[86.842,26.442],[86.84,26.442],[86.838,26.441],[86.834,26.44],[86.829,26.441],[86.823,26.442],[86.818,26.444],[86.814,26.445],[86.81,26.446],[86.806,26.447],[86.801,26.449],[86.798,26.45],[86.794,26.451],[86.792,26.453],[86.788,26.455],[86.783,26.457],[86.78,26.457],[86.778,26.458],[86.775,26.459],[86.773,26.459],[86.772,26.459],[86.765,26.453],[86.763,26.452],[86.761,26.45],[86.759,26.449],[86.757,26.448],[86.754,26.446],[86.752,26.444],[86.751,26.442],[86.749,26.439],[86.748,26.437],[86.747,26.436],[86.747,26.434],[86.748,26.433],[86.748,26.432],[86.747,26.43],[86.747,26.429],[86.746,26.428],[86.745,26.427],[86.743,26.426],[86.741,26.425],[86.74,26.424],[86.737,26.424],[86.734,26.423],[86.731,26.423],[86.729,26.424],[86.727,26.426],[86.725,26.427],[86.724,26.43],[86.723,26.432],[86.721,26.434],[86.719,26.436],[86.717,26.436],[86.713,26.435],[86.71,26.435],[86.706,26.436],[86.703,26.438],[86.7,26.439],[86.699,26.441],[86.697,26.446],[86.694,26.45],[86.69,26.452],[86.686,26.453],[86.683,26.453],[86.679,26.454],[86.675,26.455],[86.671,26.456],[86.669,26.456],[86.665,26.458],[86.659,26.46],[86.655,26.461],[86.651,26.461],[86.646,26.462],[86.642,26.462],[86.64,26.464],[86.639,26.466],[86.635,26.466],[86.63,26.468],[86.628,26.47],[86.627,26.471],[86.627,26.473],[86.628,26.475],[86.626,26.478],[86.623,26.48],[86.621,26.481],[86.62,26.483],[86.617,26.486],[86.615,26.487],[86.612,26.487],[86.611,26.487],[86.608,26.487],[86.604,26.489],[86.6,26.49],[86.595,26.491],[86.593,26.492],[86.588,26.494],[86.583,26.495],[86.578,26.495],[86.573,26.497],[86.568,26.501],[86.565,26.504],[86.563,26.51],[86.561,26.514],[86.559,26.517],[86.556,26.523],[86.554,26.527],[86.551,26.531],[86.549,26.534],[86.548,26.535],[86.541,26.54],[86.536,26.541],[86.532,26.543],[86.529,26.544],[86.524,26.545],[86.52,26.543],[86.517,26.541],[86.514,26.541],[86.512,26.541],[86.507,26.542],[86.504,26.542],[86.5,26.543],[86.497,26.543],[86.494,26.545],[86.49,26.547],[86.488,26.548],[86.487,26.548],[86.489,26.552],[86.489,26.553],[86.488,26.556],[86.486,26.558],[86.484,26.559],[86.483,26.56],[86.483,26.562],[86.484,26.564],[86.486,26.565],[86.489,26.565],[86.492,26.565],[86.494,26.566],[86.495,26.567],[86.495,26.569],[86.495,26.572],[86.496,26.577],[86.497,26.581],[86.501,26.584],[86.504,26.589],[86.507,26.595],[86.508,26.602],[86.509,26.61],[86.51,26.618],[86.511,26.625],[86.51,26.633],[86.508,26.64],[86.507,26.646],[86.505,26.652],[86.505,26.658],[86.504,26.666],[86.504,26.673],[86.505,26.68],[86.506,26.688],[86.508,26.695],[86.509,26.699],[86.511,26.702],[86.511,26.705],[86.511,26.709],[86.51,26.713],[86.509,26.718],[86.508,26.723],[86.511,26.728],[86.515,26.732],[86.52,26.735],[86.523,26.737],[86.523,26.738],[86.525,26.74],[86.526,26.744],[86.527,26.749],[86.527,26.754],[86.526,26.76],[86.525,26.763],[86.524,26.767],[86.523,26.771],[86.523,26.775],[86.525,26.781],[86.528,26.785],[86.53,26.788],[86.532,26.792],[86.533,26.796],[86.534,26.799],[86.534,26.803],[86.533,26.806],[86.533,26.81],[86.532,26.814],[86.531,26.817],[86.532,26.819],[86.538,26.835],[86.538,26.839],[86.539,26.844],[86.539,26.848],[86.538,26.852],[86.538,26.856],[86.537,26.861],[86.538,26.866],[86.537,26.87],[86.537,26.874],[86.536,26.878],[86.536,26.883],[86.537,26.886],[86.541,26.888],[86.545,26.888],[86.55,26.888],[86.558,26.887],[86.563,26.886],[86.566,26.884],[86.568,26.879],[86.573,26.876],[86.577,26.872],[86.578,26.866],[86.579,26.858],[86.58,26.852],[86.582,26.846],[86.586,26.841],[86.589,26.838],[86.594,26.835],[86.597,26.83],[86.599,26.825],[86.602,26.819],[86.602,26.813],[86.602,26.81],[86.603,26.807],[86.604,26.801],[86.604,26.796],[86.604,26.791],[86.603,26.785],[86.603,26.78],[86.605,26.776],[86.607,26.775],[86.614,26.771],[86.62,26.768],[86.628,26.763],[86.635,26.76],[86.641,26.758],[86.648,26.754],[86.655,26.751],[86.66,26.749],[86.665,26.745],[86.668,26.741],[86.67,26.736],[86.67,26.729],[86.667,26.725],[86.668,26.721],[86.666,26.717],[86.663,26.713],[86.663,26.709],[86.665,26.705],[86.668,26.703],[86.67,26.699],[86.673,26.695],[86.677,26.691],[86.681,26.688],[86.688,26.688],[86.694,26.69],[86.698,26.694],[86.701,26.697],[86.704,26.7],[86.705,26.703],[86.708,26.706],[86.71,26.705],[86.712,26.704],[86.715,26.703],[86.718,26.704],[86.721,26.706],[86.723,26.708],[86.726,26.709],[86.731,26.71],[86.736,26.711],[86.74,26.709],[86.741,26.706],[86.742,26.704],[86.745,26.699],[86.749,26.697],[86.754,26.693],[86.756,26.69],[86.757,26.687],[86.758,26.686],[86.761,26.687],[86.765,26.691],[86.768,26.694],[86.771,26.697],[86.776,26.699],[86.781,26.701],[86.785,26.703],[86.79,26.705],[86.794,26.708],[86.796,26.709],[86.799,26.709],[86.803,26.71],[86.808,26.71],[86.815,26.708],[86.82,26.708],[86.824,26.71],[86.829,26.712],[86.832,26.712],[86.837,26.712],[86.841,26.709],[86.843,26.705],[86.843,26.7],[86.843,26.695],[86.844,26.692],[86.846,26.692],[86.848,26.692],[86.851,26.691],[86.852,26.691],[86.854,26.692],[86.854,26.694],[86.856,26.695],[86.86,26.697],[86.863,26.699],[86.866,26.701],[86.868,26.702],[86.869,26.705],[86.872,26.71],[86.877,26.711],[86.883,26.712],[86.887,26.713],[86.891,26.717],[86.893,26.721],[86.899,26.725],[86.902,26.727],[86.905,26.731],[86.908,26.735],[86.91,26.74],[86.91,26.745],[86.91,26.75],[86.91,26.755],[86.911,26.76],[86.911,26.763],[86.914,26.766],[86.916,26.767],[86.92,26.766],[86.921,26.766],[86.924,26.764],[86.927,26.761],[86.928,26.757],[86.93,26.754],[86.931,26.75],[86.933,26.745],[86.936,26.743],[86.94,26.74],[86.943,26.739],[86.947,26.738],[86.951,26.738],[86.956,26.739],[86.962,26.738],[86.965,26.736],[86.966,26.732],[86.966,26.727],[86.966,26.724],[86.967,26.719],[86.97,26.716],[86.973,26.714],[86.979,26.714],[86.983,26.714],[86.989,26.716],[86.993,26.715],[86.995,26.713],[87.0,26.713],[87.005,26.713],[87.009,26.714],[87.012,26.715],[87.017,26.716],[87.021,26.717],[87.025,26.717],[87.028,26.718]]]}},{"type":"Feature","properties":{"id":"Siraha","name":"Siraha","hq":"Siraha","province_id":2,"province":"Madhesh","level":"district"},"geometry":{"type":"Polygon","coordinates":[[[86.263,26.917],[86.264,26.917],[86.265,26.92],[86.267,26.925],[86.27,26.929],[86.274,26.931],[86.278,26.933],[86.279,26.933],[86.282,26.931],[86.286,26.929],[86.291,26.928],[86.298,26.928],[86.304,26.928],[86.309,26.927],[86.318,26.925],[86.323,26.922],[86.33,26.92],[86.335,26.917],[86.34,26.915],[86.344,26.914],[86.349,26.913],[86.355,26.911],[86.358,26.91],[86.363,26.909],[86.368,26.908],[86.374,26.907],[86.379,26.907],[86.385,26.908],[86.391,26.908],[86.395,26.908],[86.401,26.907],[86.403,26.907],[86.407,26.906],[86.413,26.905],[86.42,26.902],[86.427,26.9],[86.434,26.897],[86.438,26.894],[86.445,26.89],[86.446,26.89],[86.449,26.889],[86.455,26.887],[86.462,26.886],[86.467,26.886],[86.473,26.886],[86.475,26.886],[86.481,26.885],[86.485,26.885],[86.487,26.885],[86.491,26.887],[86.494,26.888],[86.5,26.889],[86.506,26.889],[86.506,26.889],[86.509,26.889],[86.513,26.887],[86.518,26.888],[86.52,26.889],[86.523,26.889],[86.528,26.887],[86.532,26.887],[86.534,26.887],[86.537,26.886],[86.536,26.883],[86.536,26.878],[86.537,26.874],[86.537,26.87],[86.538,26.866],[86.537,26.861],[86.538,26.856],[86.538,26.852],[86.539,26.848],[86.539,26.844],[86.538,26.839],[86.538,26.835],[86.532,26.819],[86.531,26.817],[86.532,26.814],[86.533,26.81],[86.533,26.806],[86.534,26.803],[86.534,26.799],[86.533,26.796],[86.532,26.792],[86.53,26.788],[86.528,26.785],[86.525,26.781],[86.523,26.775],[86.523,26.771],[86.524,26.767],[86.525,26.763],[86.526,26.76],[86.527,26.754],[86.527,26.749],[86.526,26.744],[86.525,26.74],[86.523,26.738],[86.523,26.737],[86.52,26.735],[86.515,26.732],[86.511,26.728],[86.508,26.723],[86.509,26.718],[86.51,26.713],[86.511,26.709],[86.511,26.705],[86.511,26.702],[86.509,26.699],[86.508,26.695],[86.506,26.688],[86.505,26.68],[86.504,26.673],[86.504,26.666],[86.505,26.658],[86.505,26.652],[86.507,26.646],[86.508,26.64],[86.51,26.633],[86.511,26.625],[86.51,26.618],[86.509,26.61],[86.508,26.602],[86.507,26.595],[86.504,26.589],[86.501,26.584],[86.497,26.581],[86.496,26.577],[86.495,26.572],[86.495,26.569],[86.495,26.567],[86.494,26.566],[86.492,26.565],[86.489,26.565],[86.486,26.565],[86.484,26.564],[86.483,26.562],[86.483,26.56],[86.484,26.559],[86.486,26.558],[86.488,26.556],[86.489,26.553],[86.489,26.552],[86.487,26.548],[86.484,26.55],[86.477,26.555],[86.473,26.556],[86.468,26.559],[86.461,26.563],[86.457,26.565],[86.453,26.567],[86.448,26.568],[86.443,26.569],[86.438,26.57],[86.431,26.572],[86.424,26.574],[86.416,26.577],[86.411,26.579],[86.406,26.58],[86.399,26.583],[86.396,26.584],[86.395,26.589],[86.395,26.593],[86.392,26.595],[86.387,26.596],[86.381,26.596],[86.375,26.598],[86.372,26.6],[86.366,26.601],[86.363,26.602],[86.357,26.603],[86.352,26.604],[86.347,26.604],[86.344,26.605],[86.342,26.608],[86.342,26.61],[86.344,26.613],[86.344,26.615],[86.341,26.617],[86.337,26.618],[86.333,26.618],[86.329,26.618],[86.324,26.618],[86.32,26.619],[86.315,26.619],[86.309,26.62],[86.306,26.619],[86.3,26.616],[86.295,26.613],[86.288,26.614],[86.283,26.616],[86.276,26.618],[86.27,26.617],[86.265,26.615],[86.261,26.614],[86.257,26.613],[86.252,26.612],[86.248,26.61],[86.245,26.608],[86.241,26.605],[86.238,26.602],[86.237,26.6],[86.237,26.597],[86.237,26.593],[86.236,26.59],[86.234,26.589],[86.232,26.589],[86.229,26.59],[86.227,26.591],[86.222,26.59],[86.218,26.591],[86.216,26.593],[86.215,26.593],[86.212,26.592],[86.21,26.591],[86.208,26.593],[86.206,26.594],[86.204,26.597],[86.2,26.596],[86.197,26.594],[86.196,26.595],[86.196,26.599],[86.196,26.602],[86.195,26.606],[86.193,26.608],[86.192,26.61],[86.192,26.611],[86.193,26.612],[86.194,26.612],[86.194,26.613],[86.191,26.614],[86.189,26.614],[86.186,26.614],[86.183,26.614],[86.18,26.615],[86.178,26.615],[86.174,26.616],[86.172,26.616],[86.168,26.614],[86.164,26.614],[86.162,26.614],[86.159,26.612],[86.157,26.61],[86.155,26.609],[86.151,26.609],[86.152,26.612],[86.153,26.615],[86.154,26.618],[86.155,26.622],[86.157,26.626],[86.158,26.629],[86.159,26.632],[86.161,26.635],[86.164,26.638],[86.167,26.641],[86.171,26.645],[86.173,26.647],[86.175,26.65],[86.176,26.651],[86.178,26.655],[86.181,26.659],[86.184,26.661],[86.187,26.663],[86.191,26.666],[86.193,26.668],[86.195,26.67],[86.196,26.671],[86.198,26.675],[86.199,26.68],[86.199,26.683],[86.198,26.686],[86.198,26.69],[86.199,26.695],[86.199,26.701],[86.198,26.704],[86.197,26.706],[86.195,26.708],[86.191,26.713],[86.189,26.715],[86.188,26.72],[86.187,26.724],[86.185,26.729],[86.183,26.731],[86.179,26.733],[86.175,26.735],[86.171,26.739],[86.166,26.743],[86.163,26.748],[86.16,26.753],[86.157,26.757],[86.153,26.764],[86.15,26.771],[86.148,26.779],[86.148,26.786],[86.147,26.793],[86.148,26.8],[86.151,26.807],[86.154,26.812],[86.158,26.818],[86.161,26.824],[86.162,26.83],[86.164,26.837],[86.164,26.848],[86.16,26.854],[86.154,26.861],[86.149,26.869],[86.144,26.875],[86.141,26.881],[86.138,26.886],[86.133,26.895],[86.133,26.899],[86.134,26.903],[86.136,26.906],[86.14,26.909],[86.141,26.913],[86.142,26.918],[86.143,26.922],[86.145,26.925],[86.146,26.928],[86.149,26.93],[86.151,26.932],[86.153,26.933],[86.156,26.934],[86.158,26.934],[86.16,26.934],[86.161,26.932],[86.162,26.929],[86.163,26.926],[86.166,26.924],[86.169,26.924],[86.172,26.923],[86.174,26.921],[86.177,26.918],[86.181,26.915],[86.183,26.913],[86.185,26.911],[86.187,26.908],[86.189,26.907],[86.193,26.905],[86.197,26.904],[86.2,26.904],[86.203,26.903],[86.205,26.902],[86.206,26.9],[86.211,26.899],[86.215,26.896],[86.218,26.894],[86.219,26.892],[86.221,26.89],[86.224,26.89],[86.226,26.893],[86.227,26.901],[86.231,26.901],[86.236,26.901],[86.24,26.903],[86.243,26.906],[86.246,26.91],[86.249,26.913],[86.253,26.912],[86.257,26.911],[86.261,26.913],[86.263,26.917]]]}},{"type":"Feature","properties":{"id":"Udayapur","name":"Udayapur","hq":"Triyuga","province_id":1,"province":"Koshi","level":"district"},"geometry":{"type":"Polygon","coordinates":[[[86.434,27.15],[86.436,27.15],[86.439,27.15],[86.441,27.149],[86.441,27.147],[86.438,27.145],[86.434,27.143],[86.431,27.141],[86.429,27.139],[86.429,27.136],[86.431,27.133],[86.436,27.133],[86.441,27.133],[86.446,27.133],[86.45,27.131],[86.452,27.127],[86.454,27.123],[86.461,27.118],[86.465,27.112],[86.467,27.108],[86.47,27.105],[86.476,27.106],[86.481,27.108],[86.487,27.11],[86.494,27.109],[86.499,27.11],[86.504,27.113],[86.509,27.113],[86.514,27.113],[86.518,27.115],[86.522,27.117],[86.524,27.121],[86.526,27.124],[86.527,27.128],[86.53,27.13],[86.534,27.133],[86.537,27.135],[86.542,27.138],[86.546,27.14],[86.55,27.141],[86.554,27.142],[86.559,27.143],[86.564,27.145],[86.569,27.147],[86.572,27.149],[86.576,27.151],[86.58,27.152],[86.585,27.153],[86.589,27.154],[86.594,27.153],[86.598,27.149],[86.601,27.145],[86.604,27.143],[86.608,27.141],[86.614,27.14],[86.618,27.14],[86.623,27.139],[86.629,27.137],[86.634,27.136],[86.638,27.135],[86.643,27.134],[86.648,27.133],[86.653,27.131],[86.657,27.128],[86.659,27.127],[86.663,27.125],[86.67,27.122],[86.674,27.119],[86.678,27.114],[86.683,27.108],[86.684,27.107],[86.686,27.105],[86.691,27.104],[86.695,27.102],[86.699,27.098],[86.701,27.092],[86.703,27.086],[86.704,27.082],[86.708,27.077],[86.711,27.073],[86.712,27.068],[86.715,27.064],[86.72,27.06],[86.722,27.057],[86.723,27.052],[86.726,27.047],[86.728,27.044],[86.73,27.038],[86.733,27.035],[86.734,27.035],[86.737,27.033],[86.74,27.031],[86.743,27.029],[86.746,27.025],[86.748,27.019],[86.75,27.014],[86.751,27.01],[86.754,27.006],[86.755,27.003],[86.757,26.999],[86.757,26.995],[86.757,26.992],[86.758,26.989],[86.759,26.985],[86.76,26.981],[86.76,26.977],[86.76,26.974],[86.762,26.97],[86.764,26.967],[86.766,26.963],[86.767,26.958],[86.768,26.954],[86.768,26.951],[86.766,26.946],[86.766,26.941],[86.766,26.935],[86.767,26.93],[86.767,26.925],[86.769,26.92],[86.77,26.914],[86.772,26.909],[86.772,26.905],[86.773,26.902],[86.775,26.898],[86.777,26.894],[86.778,26.891],[86.779,26.887],[86.783,26.885],[86.787,26.884],[86.79,26.882],[86.792,26.879],[86.796,26.878],[86.8,26.877],[86.804,26.876],[86.808,26.874],[86.812,26.873],[86.815,26.873],[86.818,26.873],[86.821,26.873],[86.823,26.873],[86.828,26.873],[86.831,26.875],[86.836,26.877],[86.839,26.88],[86.84,26.882],[86.843,26.884],[86.848,26.885],[86.853,26.886],[86.858,26.887],[86.862,26.889],[86.864,26.89],[86.866,26.892],[86.87,26.893],[86.875,26.894],[86.878,26.895],[86.883,26.896],[86.888,26.897],[86.892,26.897],[86.895,26.898],[86.901,26.897],[86.908,26.897],[86.915,26.898],[86.919,26.899],[86.924,26.902],[86.927,26.904],[86.93,26.905],[86.933,26.905],[86.935,26.905],[86.938,26.905],[86.941,26.904],[86.944,26.904],[86.947,26.904],[86.951,26.904],[86.953,26.904],[86.955,26.902],[86.958,26.902],[86.96,26.901],[86.963,26.901],[86.965,26.9],[86.967,26.9],[86.969,26.9],[86.971,26.9],[86.973,26.901],[86.974,26.901],[86.975,26.902],[86.977,26.902],[86.978,26.902],[86.979,26.9],[86.98,26.899],[86.981,26.897],[86.984,26.893],[86.986,26.893],[86.987,26.892],[86.989,26.891],[86.991,26.891],[86.993,26.89],[86.994,26.889],[86.996,26.889],[86.999,26.888],[87.001,26.888],[87.002,26.888],[87.003,26.888],[87.006,26.888],[87.008,26.888],[87.01,26.888],[87.011,26.889],[87.013,26.889],[87.015,26.89],[87.016,26.89],[87.018,26.891],[87.02,26.892],[87.026,26.895],[87.028,26.896],[87.031,26.897],[87.034,26.898],[87.036,26.898],[87.038,26.899],[87.04,26.9],[87.042,26.901],[87.044,26.901],[87.047,26.901],[87.05,26.901],[87.053,26.901],[87.055,26.902],[87.057,26.903],[87.058,26.905],[87.059,26.906],[87.061,26.906],[87.064,26.906],[87.066,26.905],[87.068,26.905],[87.071,26.904],[87.074,26.905],[87.075,26.905],[87.077,26.905],[87.079,26.906],[87.081,26.906],[87.082,26.907],[87.084,26.907],[87.087,26.907],[87.089,26.907],[87.092,26.907],[87.093,26.908],[87.095,26.909],[87.097,26.91],[87.098,26.911],[87.1,26.913],[87.103,26.914],[87.106,26.915],[87.108,26.915],[87.111,26.915],[87.113,26.916],[87.118,26.919],[87.121,26.92],[87.123,26.92],[87.125,26.921],[87.128,26.922],[87.13,26.922],[87.132,26.923],[87.135,26.923],[87.137,26.924],[87.139,26.924],[87.143,26.924],[87.145,26.924],[87.147,26.923],[87.148,26.923],[87.15,26.923],[87.151,26.922],[87.152,26.921],[87.153,26.92],[87.154,26.919],[87.157,26.913],[87.158,26.912],[87.16,26.91],[87.161,26.909],[87.165,26.907],[87.166,26.906],[87.167,26.904],[87.167,26.902],[87.168,26.901],[87.168,26.899],[87.169,26.897],[87.169,26.895],[87.17,26.893],[87.17,26.891],[87.171,26.889],[87.171,26.887],[87.171,26.885],[87.17,26.882],[87.17,26.88],[87.169,26.879],[87.168,26.877],[87.167,26.876],[87.165,26.874],[87.163,26.872],[87.161,26.871],[87.16,26.869],[87.158,26.868],[87.155,26.865],[87.154,26.863],[87.154,26.861],[87.153,26.859],[87.153,26.856],[87.154,26.853],[87.153,26.851],[87.153,26.847],[87.152,26.845],[87.152,26.842],[87.151,26.839],[87.15,26.837],[87.149,26.834],[87.146,26.831],[87.145,26.829],[87.142,26.827],[87.141,26.826],[87.139,26.825],[87.136,26.821],[87.135,26.819],[87.134,26.816],[87.133,26.814],[87.132,26.811],[87.13,26.808],[87.129,26.806],[87.127,26.804],[87.126,26.803],[87.124,26.802],[87.12,26.799],[87.118,26.798],[87.116,26.796],[87.111,26.791],[87.108,26.79],[87.106,26.789],[87.104,26.788],[87.1,26.787],[87.099,26.786],[87.095,26.785],[87.092,26.783],[87.089,26.781],[87.087,26.778],[87.085,26.775],[87.079,26.768],[87.076,26.766],[87.074,26.764],[87.069,26.763],[87.066,26.761],[87.062,26.758],[87.059,26.756],[87.056,26.754],[87.053,26.751],[87.051,26.75],[87.045,26.74],[87.042,26.738],[87.04,26.736],[87.038,26.733],[87.034,26.73],[87.032,26.727],[87.03,26.723],[87.028,26.72],[87.028,26.718],[87.025,26.717],[87.021,26.717],[87.017,26.716],[87.012,26.715],[87.009,26.714],[87.005,26.713],[87.0,26.713],[86.995,26.713],[86.993,26.715],[86.989,26.716],[86.983,26.714],[86.979,26.714],[86.973,26.714],[86.97,26.716],[86.967,26.719],[86.966,26.724],[86.966,26.727],[86.966,26.732],[86.965,26.736],[86.962,26.738],[86.956,26.739],[86.951,26.738],[86.947,26.738],[86.943,26.739],[86.94,26.74],[86.936,26.743],[86.933,26.745],[86.931,26.75],[86.93,26.754],[86.928,26.757],[86.927,26.761],[86.924,26.764],[86.921,26.766],[86.92,26.766],[86.916,26.767],[86.914,26.766],[86.911,26.763],[86.911,26.76],[86.91,26.755],[86.91,26.75],[86.91,26.745],[86.91,26.74],[86.908,26.735],[86.905,26.731],[86.902,26.727],[86.899,26.725],[86.893,26.721],[86.891,26.717],[86.887,26.713],[86.883,26.712],[86.877,26.711],[86.872,26.71],[86.869,26.705],[86.868,26.702],[86.866,26.701],[86.863,26.699],[86.86,26.697],[86.856,26.695],[86.854,26.694],[86.854,26.692],[86.852,26.691],[86.851,26.691],[86.848,26.692],[86.846,26.692],[86.844,26.692],[86.843,26.695],[86.843,26.7],[86.843,26.705],[86.841,26.709],[86.837,26.712],[86.832,26.712],[86.829,26.712],[86.824,26.71],[86.82,26.708],[86.815,26.708],[86.808,26.71],[86.803,26.71],[86.799,26.709],[86.796,26.709],[86.794,26.708],[86.79,26.705],[86.785,26.703],[86.781,26.701],[86.776,26.699],[86.771,26.697],[86.768,26.694],[86.765,26.691],[86.761,26.687],[86.758,26.686],[86.757,26.687],[86.756,26.69],[86.754,26.693],[86.749,26.697],[86.745,26.699],[86.742,26.704],[86.741,26.706],[86.74,26.709],[86.736,26.711],[86.731,26.71],[86.726,26.709],[86.723,26.708],[86.721,26.706],[86.718,26.704],[86.715,26.703],[86.712,26.704],[86.71,26.705],[86.708,26.706],[86.705,26.703],[86.704,26.7],[86.701,26.697],[86.698,26.694],[86.694,26.69],[86.688,26.688],[86.681,26.688],[86.677,26.691],[86.673,26.695],[86.67,26.699],[86.668,26.703],[86.665,26.705],[86.663,26.709],[86.663,26.713],[86.666,26.717],[86.668,26.721],[86.667,26.725],[86.67,26.729],[86.67,26.736],[86.668,26.741],[86.665,26.745],[86.66,26.749],[86.655,26.751],[86.648,26.754],[86.641,26.758],[86.635,26.76],[86.628,26.763],[86.62,26.768],[86.614,26.771],[86.607,26.775],[86.605,26.776],[86.603,26.78],[86.603,26.785],[86.604,26.791],[86.604,26.796],[86.604,26.801],[86.603,26.807],[86.602,26.81],[86.602,26.813],[86.602,26.819],[86.599,26.825],[86.597,26.83],[86.594,26.835],[86.589,26.838],[86.586,26.841],[86.582,26.846],[86.58,26.852],[86.579,26.858],[86.578,26.866],[86.577,26.872],[86.573,26.876],[86.568,26.879],[86.566,26.884],[86.563,26.886],[86.558,26.887],[86.55,26.888],[86.545,26.888],[86.541,26.888],[86.537,26.886],[86.534,26.887],[86.532,26.887],[86.528,26.887],[86.523,26.889],[86.52,26.889],[86.518,26.888],[86.513,26.887],[86.509,26.889],[86.506,26.889],[86.506,26.889],[86.5,26.889],[86.494,26.888],[86.491,26.887],[86.487,26.885],[86.485,26.885],[86.481,26.885],[86.475,26.886],[86.473,26.886],[86.467,26.886],[86.462,26.886],[86.455,26.887],[86.449,26.889],[86.446,26.89],[86.445,26.89],[86.438,26.894],[86.434,26.897],[86.427,26.9],[86.42,26.902],[86.413,26.905],[86.407,26.906],[86.403,26.907],[86.401,26.907],[86.395,26.908],[86.391,26.908],[86.385,26.908],[86.379,26.907],[86.374,26.907],[86.368,26.908],[86.363,26.909],[86.358,26.91],[86.355,26.911],[86.349,26.913],[86.344,26.914],[86.34,26.915],[86.335,26.917],[86.33,26.92],[86.323,26.922],[86.318,26.925],[86.309,26.927],[86.304,26.928],[86.298,26.928],[86.291,26.928],[86.286,26.929],[86.282,26.931],[86.279,26.933],[86.278,26.933],[86.281,26.937],[86.282,26.94],[86.283,26.946],[86.286,26.95],[86.29,26.953],[86.294,26.954],[86.299,26.956],[86.304,26.958],[86.308,26.96],[86.312,26.962],[86.316,26.962],[86.321,26.962],[86.327,26.961],[86.332,26.962],[86.336,26.962],[86.34,26.963],[86.345,26.964],[86.349,26.963],[86.353,26.963],[86.356,26.963],[86.358,26.964],[86.36,26.966],[86.361,26.968],[86.366,26.973],[86.369,26.98],[86.369,26.987],[86.369,26.994],[86.371,27.0],[86.373,27.007],[86.374,27.012],[86.375,27.017],[86.376,27.021],[86.378,27.026],[86.381,27.029],[86.383,27.033],[86.385,27.034],[86.382,27.037],[86.379,27.039],[86.376,27.04],[86.374,27.042],[86.371,27.043],[86.37,27.045],[86.368,27.048],[86.367,27.052],[86.366,27.055],[86.364,27.059],[86.361,27.062],[86.358,27.064],[86.356,27.066],[86.355,27.068],[86.354,27.07],[86.354,27.072],[86.354,27.074],[86.355,27.077],[86.357,27.082],[86.358,27.087],[86.36,27.091],[86.361,27.095],[86.361,27.098],[86.359,27.099],[86.357,27.101],[86.354,27.103],[86.351,27.104],[86.346,27.104],[86.342,27.103],[86.336,27.103],[86.33,27.103],[86.324,27.104],[86.319,27.106],[86.314,27.106],[86.309,27.109],[86.31,27.111],[86.312,27.111],[86.315,27.112],[86.319,27.112],[86.323,27.112],[86.325,27.113],[86.327,27.114],[86.329,27.115],[86.331,27.117],[86.332,27.12],[86.333,27.122],[86.334,27.124],[86.335,27.126],[86.337,27.13],[86.339,27.134],[86.342,27.137],[86.342,27.139],[86.345,27.142],[86.346,27.144],[86.348,27.145],[86.349,27.146],[86.351,27.145],[86.355,27.143],[86.356,27.142],[86.359,27.141],[86.363,27.141],[86.37,27.144],[86.372,27.146],[86.374,27.148],[86.375,27.151],[86.376,27.154],[86.375,27.157],[86.375,27.161],[86.377,27.163],[86.38,27.166],[86.382,27.169],[86.383,27.171],[86.385,27.174],[86.387,27.179],[86.388,27.182],[86.39,27.181],[86.393,27.18],[86.398,27.179],[86.401,27.177],[86.403,27.174],[86.406,27.171],[86.411,27.171],[86.415,27.17],[86.42,27.168],[86.422,27.164],[86.423,27.158],[86.424,27.153],[86.425,27.15],[86.43,27.148],[86.434,27.15]]]}},{"type":"Feature","properties":{"id":"Khotang","name":"Khotang","hq":"Diktel","province_id":1,"province":"Koshi","level":"district"},"geometry":{"type":"Polygon","coordinates":[[[86.911,27.433],[86.91,27.432],[86.91,27.43],[86.91,27.428],[86.911,27.426],[86.911,27.424],[86.912,27.423],[86.913,27.422],[86.913,27.42],[86.914,27.419],[86.914,27.418],[86.914,27.416],[86.914,27.415],[86.914,27.413],[86.914,27.411],[86.914,27.409],[86.915,27.406],[86.916,27.405],[86.916,27.403],[86.917,27.401],[86.917,27.399],[86.919,27.398],[86.92,27.396],[86.922,27.395],[86.924,27.394],[86.926,27.392],[86.927,27.39],[86.929,27.39],[86.931,27.389],[86.933,27.388],[86.934,27.387],[86.935,27.382],[86.935,27.38],[86.934,27.378],[86.933,27.376],[86.932,27.373],[86.931,27.371],[86.931,27.369],[86.932,27.367],[86.933,27.365],[86.933,27.364],[86.933,27.362],[86.935,27.357],[86.938,27.355],[86.94,27.355],[86.943,27.354],[86.944,27.354],[86.946,27.354],[86.949,27.354],[86.951,27.353],[86.951,27.351],[86.953,27.346],[86.953,27.344],[86.953,27.342],[86.953,27.341],[86.953,27.34],[86.953,27.338],[86.954,27.336],[86.956,27.334],[86.958,27.332],[86.959,27.33],[86.961,27.329],[86.963,27.327],[86.964,27.325],[86.966,27.325],[86.968,27.323],[86.97,27.322],[86.972,27.32],[86.972,27.318],[86.973,27.317],[86.975,27.316],[86.976,27.315],[86.981,27.313],[86.983,27.312],[86.985,27.311],[86.987,27.309],[86.988,27.308],[86.988,27.306],[86.986,27.305],[86.985,27.304],[86.982,27.303],[86.979,27.301],[86.976,27.301],[86.973,27.3],[86.972,27.299],[86.971,27.295],[86.971,27.293],[86.971,27.29],[86.97,27.288],[86.969,27.286],[86.968,27.283],[86.966,27.281],[86.965,27.278],[86.963,27.276],[86.961,27.274],[86.959,27.272],[86.957,27.271],[86.957,27.269],[86.953,27.266],[86.951,27.265],[86.95,27.265],[86.947,27.264],[86.945,27.264],[86.942,27.265],[86.939,27.265],[86.937,27.266],[86.934,27.267],[86.932,27.267],[86.93,27.268],[86.928,27.268],[86.925,27.268],[86.922,27.268],[86.92,27.268],[86.918,27.267],[86.915,27.266],[86.913,27.265],[86.911,27.264],[86.906,27.26],[86.905,27.258],[86.904,27.257],[86.903,27.255],[86.903,27.254],[86.903,27.251],[86.904,27.25],[86.905,27.248],[86.907,27.246],[86.909,27.244],[86.91,27.242],[86.911,27.24],[86.912,27.238],[86.913,27.237],[86.916,27.235],[86.918,27.233],[86.92,27.231],[86.922,27.23],[86.924,27.228],[86.926,27.226],[86.928,27.224],[86.929,27.222],[86.93,27.22],[86.93,27.218],[86.931,27.216],[86.931,27.214],[86.931,27.208],[86.931,27.206],[86.931,27.204],[86.931,27.202],[86.93,27.2],[86.928,27.198],[86.927,27.196],[86.925,27.195],[86.923,27.193],[86.922,27.191],[86.921,27.188],[86.921,27.186],[86.921,27.183],[86.92,27.181],[86.919,27.177],[86.919,27.176],[86.919,27.175],[86.919,27.172],[86.92,27.169],[86.921,27.168],[86.922,27.165],[86.923,27.164],[86.924,27.163],[86.926,27.161],[86.927,27.159],[86.928,27.157],[86.927,27.155],[86.926,27.153],[86.924,27.152],[86.92,27.146],[86.918,27.145],[86.917,27.142],[86.917,27.14],[86.917,27.136],[86.918,27.134],[86.918,27.132],[86.918,27.13],[86.917,27.128],[86.916,27.125],[86.914,27.124],[86.911,27.122],[86.909,27.12],[86.906,27.118],[86.903,27.113],[86.902,27.111],[86.902,27.11],[86.903,27.109],[86.907,27.108],[86.908,27.108],[86.91,27.107],[86.913,27.106],[86.915,27.104],[86.917,27.101],[86.918,27.099],[86.92,27.098],[86.922,27.097],[86.925,27.096],[86.928,27.095],[86.93,27.095],[86.932,27.096],[86.934,27.096],[86.936,27.095],[86.937,27.093],[86.939,27.091],[86.94,27.089],[86.943,27.088],[86.945,27.087],[86.947,27.086],[86.948,27.085],[86.951,27.083],[86.952,27.082],[86.954,27.081],[86.955,27.08],[86.955,27.077],[86.957,27.07],[86.96,27.068],[86.964,27.066],[86.966,27.064],[86.967,27.062],[86.967,27.06],[86.967,27.058],[86.967,27.056],[86.968,27.053],[86.969,27.052],[86.97,27.049],[86.971,27.048],[86.971,27.046],[86.97,27.043],[86.969,27.042],[86.966,27.041],[86.964,27.039],[86.962,27.038],[86.958,27.035],[86.956,27.034],[86.954,27.032],[86.953,27.03],[86.953,27.028],[86.953,27.025],[86.954,27.023],[86.955,27.02],[86.957,27.017],[86.958,27.016],[86.96,27.015],[86.963,27.015],[86.966,27.014],[86.968,27.012],[86.97,27.01],[86.971,27.008],[86.971,27.005],[86.971,27.001],[86.97,26.999],[86.968,26.996],[86.966,26.992],[86.964,26.989],[86.963,26.988],[86.962,26.986],[86.961,26.983],[86.961,26.981],[86.962,26.98],[86.964,26.978],[86.968,26.977],[86.97,26.976],[86.972,26.975],[86.975,26.974],[86.975,26.971],[86.975,26.968],[86.975,26.965],[86.974,26.963],[86.973,26.961],[86.972,26.957],[86.972,26.955],[86.971,26.954],[86.971,26.952],[86.972,26.95],[86.97,26.947],[86.969,26.945],[86.968,26.943],[86.968,26.941],[86.967,26.939],[86.967,26.938],[86.967,26.936],[86.967,26.934],[86.968,26.932],[86.968,26.931],[86.967,26.927],[86.966,26.926],[86.965,26.926],[86.962,26.925],[86.96,26.924],[86.959,26.923],[86.957,26.921],[86.956,26.919],[86.955,26.918],[86.955,26.915],[86.955,26.914],[86.954,26.912],[86.954,26.91],[86.953,26.908],[86.953,26.904],[86.951,26.904],[86.947,26.904],[86.944,26.904],[86.941,26.904],[86.938,26.905],[86.935,26.905],[86.933,26.905],[86.93,26.905],[86.927,26.904],[86.924,26.902],[86.919,26.899],[86.915,26.898],[86.908,26.897],[86.901,26.897],[86.895,26.898],[86.892,26.897],[86.888,26.897],[86.883,26.896],[86.878,26.895],[86.875,26.894],[86.87,26.893],[86.866,26.892],[86.864,26.89],[86.862,26.889],[86.858,26.887],[86.853,26.886],[86.848,26.885],[86.843,26.884],[86.84,26.882],[86.839,26.88],[86.836,26.877],[86.831,26.875],[86.828,26.873],[86.823,26.873],[86.821,26.873],[86.818,26.873],[86.815,26.873],[86.812,26.873],[86.808,26.874],[86.804,26.876],[86.8,26.877],[86.796,26.878],[86.792,26.879],[86.79,26.882],[86.787,26.884],[86.783,26.885],[86.779,26.887],[86.778,26.891],[86.777,26.894],[86.775,26.898],[86.773,26.902],[86.772,26.905],[86.772,26.909],[86.77,26.914],[86.769,26.92],[86.767,26.925],[86.767,26.93],[86.766,26.935],[86.766,26.941],[86.766,26.946],[86.768,26.951],[86.768,26.954],[86.767,26.958],[86.766,26.963],[86.764,26.967],[86.762,26.97],[86.76,26.974],[86.76,26.977],[86.76,26.981],[86.759,26.985],[86.758,26.989],[86.757,26.992],[86.757,26.995],[86.757,26.999],[86.755,27.003],[86.754,27.006],[86.751,27.01],[86.75,27.014],[86.748,27.019],[86.746,27.025],[86.743,27.029],[86.74,27.031],[86.737,27.033],[86.734,27.035],[86.733,27.035],[86.73,27.038],[86.728,27.044],[86.726,27.047],[86.723,27.052],[86.722,27.057],[86.72,27.06],[86.715,27.064],[86.712,27.068],[86.711,27.073],[86.708,27.077],[86.704,27.082],[86.703,27.086],[86.701,27.092],[86.699,27.098],[86.695,27.102],[86.691,27.104],[86.686,27.105],[86.684,27.107],[86.683,27.108],[86.678,27.114],[86.674,27.119],[86.67,27.122],[86.663,27.125],[86.659,27.127],[86.657,27.128],[86.653,27.131],[86.648,27.133],[86.643,27.134],[86.638,27.135],[86.634,27.136],[86.629,27.137],[86.623,27.139],[86.618,27.14],[86.614,27.14],[86.608,27.141],[86.604,27.143],[86.601,27.145],[86.598,27.149],[86.594,27.153],[86.589,27.154],[86.585,27.153],[86.58,27.152],[86.576,27.151],[86.572,27.149],[86.569,27.147],[86.564,27.145],[86.559,27.143],[86.554,27.142],[86.55,27.141],[86.546,27.14],[86.542,27.138],[86.537,27.135],[86.534,27.133],[86.53,27.13],[86.527,27.128],[86.526,27.124],[86.524,27.121],[86.522,27.117],[86.518,27.115],[86.514,27.113],[86.509,27.113],[86.504,27.113],[86.499,27.11],[86.494,27.109],[86.487,27.11],[86.481,27.108],[86.476,27.106],[86.47,27.105],[86.467,27.108],[86.465,27.112],[86.461,27.118],[86.454,27.123],[86.452,27.127],[86.45,27.131],[86.446,27.133],[86.441,27.133],[86.436,27.133],[86.431,27.133],[86.429,27.136],[86.429,27.139],[86.431,27.141],[86.434,27.143],[86.438,27.145],[86.441,27.147],[86.441,27.149],[86.439,27.15],[86.436,27.15],[86.434,27.15],[86.435,27.151],[86.436,27.153],[86.438,27.155],[86.44,27.157],[86.443,27.159],[86.445,27.161],[86.448,27.162],[86.45,27.164],[86.453,27.166],[86.457,27.168],[86.461,27.168],[86.466,27.169],[86.47,27.171],[86.472,27.172],[86.473,27.173],[86.474,27.176],[86.478,27.178],[86.482,27.18],[86.485,27.181],[86.486,27.182],[86.488,27.183],[86.491,27.185],[86.495,27.187],[86.5,27.187],[86.506,27.188],[86.511,27.189],[86.515,27.19],[86.517,27.191],[86.52,27.192],[86.523,27.194],[86.525,27.196],[86.527,27.198],[86.529,27.199],[86.53,27.201],[86.533,27.203],[86.535,27.204],[86.538,27.205],[86.54,27.207],[86.542,27.209],[86.545,27.212],[86.547,27.215],[86.549,27.218],[86.551,27.219],[86.553,27.221],[86.555,27.222],[86.556,27.224],[86.558,27.225],[86.561,27.227],[86.563,27.226],[86.564,27.225],[86.566,27.224],[86.568,27.225],[86.569,27.225],[86.571,27.228],[86.575,27.228],[86.577,27.227],[86.581,27.227],[86.583,27.228],[86.586,27.228],[86.588,27.227],[86.591,27.226],[86.594,27.227],[86.596,27.231],[86.598,27.233],[86.599,27.234],[86.602,27.234],[86.603,27.234],[86.607,27.235],[86.61,27.237],[86.613,27.238],[86.616,27.238],[86.62,27.238],[86.623,27.239],[86.622,27.24],[86.622,27.242],[86.623,27.244],[86.624,27.245],[86.626,27.247],[86.628,27.248],[86.632,27.249],[86.634,27.252],[86.635,27.256],[86.638,27.259],[86.641,27.259],[86.645,27.26],[86.649,27.262],[86.653,27.263],[86.658,27.265],[86.661,27.266],[86.663,27.268],[86.669,27.27],[86.672,27.272],[86.674,27.274],[86.672,27.278],[86.672,27.283],[86.673,27.286],[86.674,27.289],[86.674,27.291],[86.672,27.294],[86.671,27.297],[86.671,27.298],[86.672,27.299],[86.675,27.3],[86.676,27.3],[86.678,27.3],[86.679,27.301],[86.68,27.304],[86.682,27.307],[86.686,27.31],[86.687,27.314],[86.687,27.318],[86.687,27.319],[86.685,27.323],[86.685,27.327],[86.687,27.331],[86.686,27.334],[86.685,27.335],[86.683,27.339],[86.683,27.345],[86.683,27.352],[86.683,27.356],[86.684,27.36],[86.683,27.364],[86.683,27.366],[86.682,27.369],[86.683,27.37],[86.683,27.371],[86.684,27.373],[86.685,27.375],[86.686,27.378],[86.686,27.381],[86.686,27.383],[86.686,27.384],[86.686,27.387],[86.686,27.388],[86.685,27.389],[86.684,27.392],[86.684,27.393],[86.684,27.395],[86.685,27.395],[86.686,27.395],[86.69,27.396],[86.695,27.397],[86.701,27.396],[86.707,27.396],[86.711,27.397],[86.717,27.398],[86.723,27.398],[86.73,27.397],[86.737,27.397],[86.745,27.397],[86.753,27.398],[86.759,27.4],[86.762,27.403],[86.765,27.408],[86.768,27.411],[86.772,27.412],[86.779,27.413],[86.786,27.414],[86.794,27.417],[86.799,27.42],[86.804,27.423],[86.81,27.427],[86.813,27.431],[86.817,27.436],[86.82,27.438],[86.822,27.44],[86.826,27.441],[86.829,27.439],[86.832,27.437],[86.835,27.435],[86.84,27.435],[86.843,27.435],[86.846,27.435],[86.85,27.435],[86.854,27.435],[86.857,27.436],[86.861,27.436],[86.865,27.435],[86.868,27.433],[86.871,27.432],[86.874,27.431],[86.877,27.431],[86.881,27.432],[86.884,27.433],[86.886,27.434],[86.889,27.436],[86.892,27.437],[86.894,27.437],[86.898,27.437],[86.901,27.437],[86.904,27.436],[86.906,27.435],[86.909,27.434],[86.911,27.433]]]}},{"type":"Feature","properties":{"id":"Okhaldhunga","name":"Okhaldhunga","hq":"Siddhicharan","province_id":1,"province":"Koshi","level":"district"},"geometry":{"type":"Polygon","coordinates":[[[86.359,27.527],[86.36,27.527],[86.364,27.526],[86.368,27.524],[86.372,27.523],[86.376,27.522],[86.38,27.52],[86.385,27.519],[86.389,27.519],[86.391,27.519],[86.394,27.519],[86.397,27.519],[86.399,27.52],[86.403,27.518],[86.407,27.515],[86.409,27.513],[86.411,27.51],[86.413,27.506],[86.414,27.502],[86.416,27.5],[86.417,27.498],[86.418,27.496],[86.419,27.493],[86.42,27.491],[86.422,27.49],[86.424,27.488],[86.425,27.487],[86.429,27.487],[86.432,27.489],[86.437,27.491],[86.439,27.491],[86.441,27.491],[86.443,27.488],[86.444,27.484],[86.446,27.48],[86.45,27.475],[86.452,27.47],[86.454,27.466],[86.456,27.461],[86.458,27.456],[86.46,27.453],[86.461,27.452],[86.465,27.451],[86.469,27.45],[86.474,27.448],[86.479,27.443],[86.484,27.438],[86.491,27.432],[86.5,27.426],[86.504,27.422],[86.508,27.418],[86.511,27.412],[86.517,27.407],[86.521,27.406],[86.527,27.405],[86.531,27.402],[86.535,27.399],[86.539,27.395],[86.541,27.393],[86.544,27.389],[86.548,27.385],[86.552,27.381],[86.556,27.378],[86.561,27.374],[86.565,27.371],[86.567,27.366],[86.568,27.36],[86.569,27.354],[86.572,27.35],[86.576,27.346],[86.582,27.345],[86.589,27.346],[86.595,27.345],[86.603,27.344],[86.61,27.345],[86.616,27.345],[86.621,27.343],[86.626,27.341],[86.634,27.34],[86.642,27.341],[86.65,27.341],[86.657,27.343],[86.662,27.346],[86.667,27.349],[86.672,27.354],[86.676,27.359],[86.68,27.365],[86.682,27.369],[86.683,27.366],[86.683,27.364],[86.684,27.36],[86.683,27.356],[86.683,27.352],[86.683,27.345],[86.683,27.339],[86.685,27.335],[86.686,27.334],[86.687,27.331],[86.685,27.327],[86.685,27.323],[86.687,27.319],[86.687,27.318],[86.687,27.314],[86.686,27.31],[86.682,27.307],[86.68,27.304],[86.679,27.301],[86.678,27.3],[86.676,27.3],[86.675,27.3],[86.672,27.299],[86.671,27.298],[86.671,27.297],[86.672,27.294],[86.674,27.291],[86.674,27.289],[86.673,27.286],[86.672,27.283],[86.672,27.278],[86.674,27.274],[86.672,27.272],[86.669,27.27],[86.663,27.268],[86.661,27.266],[86.658,27.265],[86.653,27.263],[86.649,27.262],[86.645,27.26],[86.641,27.259],[86.638,27.259],[86.635,27.256],[86.634,27.252],[86.632,27.249],[86.628,27.248],[86.626,27.247],[86.624,27.245],[86.623,27.244],[86.622,27.242],[86.622,27.24],[86.623,27.239],[86.62,27.238],[86.616,27.238],[86.613,27.238],[86.61,27.237],[86.607,27.235],[86.603,27.234],[86.602,27.234],[86.599,27.234],[86.598,27.233],[86.596,27.231],[86.594,27.227],[86.591,27.226],[86.588,27.227],[86.586,27.228],[86.583,27.228],[86.581,27.227],[86.577,27.227],[86.575,27.228],[86.571,27.228],[86.569,27.225],[86.568,27.225],[86.566,27.224],[86.564,27.225],[86.563,27.226],[86.561,27.227],[86.558,27.225],[86.556,27.224],[86.555,27.222],[86.553,27.221],[86.551,27.219],[86.549,27.218],[86.547,27.215],[86.545,27.212],[86.542,27.209],[86.54,27.207],[86.538,27.205],[86.535,27.204],[86.533,27.203],[86.53,27.201],[86.529,27.199],[86.527,27.198],[86.525,27.196],[86.523,27.194],[86.52,27.192],[86.517,27.191],[86.515,27.19],[86.511,27.189],[86.506,27.188],[86.5,27.187],[86.495,27.187],[86.491,27.185],[86.488,27.183],[86.486,27.182],[86.485,27.181],[86.482,27.18],[86.478,27.178],[86.474,27.176],[86.473,27.173],[86.472,27.172],[86.47,27.171],[86.466,27.169],[86.461,27.168],[86.457,27.168],[86.453,27.166],[86.45,27.164],[86.448,27.162],[86.445,27.161],[86.443,27.159],[86.44,27.157],[86.438,27.155],[86.436,27.153],[86.435,27.151],[86.434,27.15],[86.43,27.148],[86.425,27.15],[86.424,27.153],[86.423,27.158],[86.422,27.164],[86.42,27.168],[86.415,27.17],[86.411,27.171],[86.406,27.171],[86.403,27.174],[86.401,27.177],[86.398,27.179],[86.393,27.18],[86.39,27.181],[86.387,27.185],[86.384,27.186],[86.383,27.189],[86.38,27.191],[86.377,27.193],[86.373,27.194],[86.369,27.196],[86.366,27.198],[86.363,27.2],[86.358,27.201],[86.352,27.202],[86.348,27.204],[86.345,27.206],[86.345,27.21],[86.345,27.213],[86.345,27.217],[86.346,27.222],[86.345,27.227],[86.344,27.229],[86.341,27.231],[86.337,27.232],[86.332,27.232],[86.328,27.232],[86.323,27.232],[86.318,27.233],[86.312,27.235],[86.308,27.238],[86.304,27.239],[86.3,27.24],[86.297,27.241],[86.295,27.242],[86.293,27.244],[86.29,27.246],[86.286,27.248],[86.283,27.249],[86.278,27.251],[86.276,27.251],[86.272,27.253],[86.271,27.255],[86.27,27.258],[86.269,27.26],[86.267,27.261],[86.264,27.26],[86.262,27.258],[86.261,27.257],[86.258,27.254],[86.256,27.252],[86.255,27.251],[86.252,27.249],[86.25,27.248],[86.247,27.247],[86.245,27.246],[86.242,27.243],[86.239,27.241],[86.237,27.24],[86.232,27.239],[86.227,27.238],[86.224,27.24],[86.221,27.242],[86.219,27.244],[86.218,27.245],[86.216,27.246],[86.214,27.247],[86.212,27.249],[86.21,27.25],[86.208,27.251],[86.205,27.252],[86.206,27.253],[86.207,27.256],[86.208,27.258],[86.208,27.259],[86.209,27.26],[86.21,27.261],[86.211,27.262],[86.212,27.262],[86.213,27.263],[86.214,27.265],[86.214,27.267],[86.214,27.268],[86.215,27.269],[86.216,27.27],[86.217,27.271],[86.218,27.271],[86.219,27.271],[86.22,27.273],[86.221,27.273],[86.223,27.275],[86.225,27.275],[86.226,27.276],[86.227,27.277],[86.227,27.278],[86.228,27.279],[86.229,27.28],[86.23,27.28],[86.231,27.281],[86.232,27.282],[86.233,27.283],[86.234,27.284],[86.235,27.285],[86.236,27.286],[86.238,27.288],[86.24,27.289],[86.241,27.29],[86.242,27.291],[86.243,27.291],[86.243,27.293],[86.242,27.294],[86.241,27.294],[86.239,27.296],[86.238,27.296],[86.239,27.298],[86.239,27.3],[86.239,27.302],[86.24,27.303],[86.241,27.305],[86.241,27.306],[86.24,27.307],[86.239,27.308],[86.238,27.309],[86.237,27.311],[86.237,27.312],[86.235,27.314],[86.235,27.315],[86.234,27.316],[86.233,27.318],[86.233,27.319],[86.232,27.321],[86.23,27.322],[86.228,27.322],[86.227,27.323],[86.225,27.323],[86.223,27.323],[86.223,27.325],[86.223,27.326],[86.224,27.327],[86.225,27.328],[86.224,27.329],[86.222,27.329],[86.221,27.331],[86.22,27.332],[86.22,27.334],[86.219,27.336],[86.219,27.336],[86.22,27.34],[86.22,27.344],[86.22,27.347],[86.22,27.35],[86.221,27.353],[86.221,27.354],[86.222,27.356],[86.224,27.359],[86.223,27.361],[86.222,27.364],[86.223,27.366],[86.225,27.367],[86.228,27.368],[86.228,27.371],[86.227,27.375],[86.225,27.378],[86.224,27.381],[86.224,27.384],[86.226,27.388],[86.227,27.392],[86.229,27.395],[86.231,27.398],[86.233,27.4],[86.233,27.4],[86.235,27.403],[86.238,27.406],[86.239,27.408],[86.239,27.41],[86.239,27.414],[86.24,27.416],[86.242,27.418],[86.245,27.42],[86.246,27.421],[86.248,27.422],[86.25,27.423],[86.252,27.425],[86.253,27.428],[86.254,27.429],[86.255,27.431],[86.256,27.434],[86.258,27.439],[86.259,27.443],[86.261,27.448],[86.265,27.453],[86.268,27.457],[86.271,27.459],[86.275,27.461],[86.279,27.463],[86.283,27.465],[86.286,27.468],[86.29,27.471],[86.294,27.474],[86.296,27.476],[86.298,27.478],[86.303,27.482],[86.309,27.485],[86.313,27.489],[86.318,27.494],[86.323,27.5],[86.326,27.503],[86.33,27.506],[86.331,27.508],[86.333,27.51],[86.336,27.514],[86.339,27.518],[86.341,27.521],[86.346,27.524],[86.351,27.526],[86.355,27.527],[86.359,27.527]]]}},{"type":"Feature","properties":{"id":"Solukhumbu","name":"Solukhumbu","hq":"Dudhkunda","province_id":1,"province":"Koshi","level":"district"},"geometry":{"type":"Polygon","coordinates":[[[86.518,27.957],[86.518,27.959],[86.517,27.96],[86.515,27.962],[86.514,27.965],[86.513,27.967],[86.513,27.97],[86.514,27.971],[86.515,27.972],[86.517,27.973],[86.519,27.975],[86.519,27.976],[86.518,27.978],[86.517,27.98],[86.515,27.982],[86.514,27.984],[86.514,27.986],[86.514,27.988],[86.515,27.991],[86.516,27.993],[86.516,27.995],[86.516,27.997],[86.516,27.999],[86.516,28.001],[86.518,28.005],[86.518,28.006],[86.519,28.007],[86.522,28.014],[86.522,28.015],[86.523,28.017],[86.523,28.019],[86.524,28.021],[86.524,28.022],[86.525,28.023],[86.527,28.024],[86.528,28.025],[86.529,28.026],[86.531,28.027],[86.532,28.028],[86.533,28.029],[86.533,28.031],[86.533,28.032],[86.533,28.034],[86.533,28.036],[86.534,28.038],[86.535,28.04],[86.535,28.042],[86.535,28.044],[86.534,28.046],[86.534,28.047],[86.535,28.048],[86.535,28.05],[86.537,28.051],[86.539,28.052],[86.541,28.052],[86.542,28.053],[86.544,28.053],[86.545,28.053],[86.547,28.052],[86.548,28.052],[86.55,28.053],[86.551,28.053],[86.552,28.054],[86.554,28.055],[86.555,28.057],[86.557,28.058],[86.558,28.06],[86.559,28.062],[86.561,28.065],[86.561,28.066],[86.563,28.067],[86.565,28.068],[86.566,28.07],[86.567,28.072],[86.566,28.074],[86.564,28.075],[86.562,28.077],[86.561,28.08],[86.562,28.082],[86.562,28.084],[86.563,28.086],[86.565,28.088],[86.566,28.089],[86.567,28.09],[86.567,28.091],[86.568,28.094],[86.567,28.096],[86.566,28.098],[86.565,28.1],[86.564,28.102],[86.564,28.104],[86.564,28.106],[86.565,28.109],[86.566,28.11],[86.568,28.111],[86.57,28.112],[86.573,28.113],[86.575,28.113],[86.577,28.113],[86.579,28.113],[86.58,28.113],[86.582,28.112],[86.584,28.111],[86.586,28.11],[86.589,28.11],[86.59,28.109],[86.592,28.108],[86.594,28.107],[86.596,28.106],[86.597,28.105],[86.6,28.104],[86.601,28.104],[86.604,28.103],[86.606,28.102],[86.607,28.101],[86.607,28.1],[86.607,28.098],[86.608,28.097],[86.609,28.095],[86.609,28.094],[86.61,28.093],[86.61,28.091],[86.608,28.09],[86.606,28.089],[86.605,28.087],[86.605,28.084],[86.605,28.083],[86.606,28.082],[86.607,28.081],[86.607,28.08],[86.609,28.078],[86.611,28.077],[86.614,28.076],[86.616,28.076],[86.618,28.076],[86.621,28.076],[86.623,28.077],[86.626,28.077],[86.628,28.076],[86.63,28.076],[86.632,28.074],[86.635,28.073],[86.637,28.073],[86.639,28.074],[86.642,28.075],[86.644,28.076],[86.647,28.077],[86.649,28.077],[86.651,28.077],[86.654,28.078],[86.656,28.08],[86.658,28.081],[86.66,28.084],[86.662,28.087],[86.662,28.088],[86.663,28.092],[86.663,28.094],[86.664,28.096],[86.665,28.098],[86.667,28.1],[86.669,28.102],[86.672,28.103],[86.675,28.104],[86.678,28.104],[86.681,28.105],[86.683,28.106],[86.685,28.107],[86.688,28.109],[86.691,28.109],[86.694,28.11],[86.697,28.11],[86.7,28.109],[86.703,28.109],[86.706,28.108],[86.708,28.108],[86.711,28.108],[86.713,28.108],[86.716,28.109],[86.719,28.109],[86.722,28.108],[86.725,28.107],[86.728,28.106],[86.73,28.105],[86.733,28.105],[86.735,28.105],[86.738,28.105],[86.74,28.104],[86.741,28.103],[86.743,28.102],[86.744,28.101],[86.746,28.1],[86.748,28.1],[86.749,28.099],[86.75,28.097],[86.75,28.095],[86.75,28.093],[86.749,28.091],[86.749,28.089],[86.749,28.087],[86.751,28.085],[86.753,28.083],[86.756,28.082],[86.758,28.082],[86.76,28.081],[86.761,28.081],[86.763,28.079],[86.765,28.078],[86.765,28.076],[86.764,28.075],[86.763,28.074],[86.761,28.073],[86.758,28.071],[86.756,28.069],[86.755,28.068],[86.754,28.066],[86.754,28.065],[86.754,28.063],[86.754,28.062],[86.754,28.059],[86.753,28.057],[86.753,28.054],[86.752,28.051],[86.751,28.049],[86.751,28.047],[86.752,28.044],[86.754,28.041],[86.756,28.039],[86.758,28.038],[86.761,28.038],[86.764,28.038],[86.768,28.039],[86.771,28.04],[86.774,28.039],[86.775,28.039],[86.777,28.038],[86.78,28.036],[86.781,28.034],[86.781,28.032],[86.782,28.029],[86.784,28.027],[86.786,28.027],[86.788,28.025],[86.789,28.023],[86.791,28.021],[86.794,28.021],[86.796,28.022],[86.8,28.024],[86.802,28.025],[86.805,28.025],[86.808,28.024],[86.809,28.023],[86.812,28.022],[86.816,28.021],[86.818,28.022],[86.821,28.022],[86.823,28.021],[86.825,28.02],[86.827,28.018],[86.83,28.018],[86.832,28.017],[86.835,28.017],[86.836,28.017],[86.838,28.018],[86.841,28.019],[86.844,28.02],[86.848,28.021],[86.849,28.023],[86.849,28.025],[86.85,28.027],[86.852,28.029],[86.855,28.031],[86.858,28.03],[86.86,28.03],[86.863,28.029],[86.866,28.028],[86.869,28.027],[86.871,28.026],[86.872,28.025],[86.873,28.023],[86.873,28.02],[86.873,28.018],[86.873,28.015],[86.874,28.013],[86.876,28.011],[86.879,28.009],[86.882,28.008],[86.884,28.006],[86.887,28.005],[86.888,28.004],[86.89,28.002],[86.892,28.0],[86.894,27.999],[86.897,27.998],[86.901,27.998],[86.903,27.997],[86.906,27.997],[86.908,27.996],[86.911,27.996],[86.914,27.995],[86.916,27.994],[86.918,27.993],[86.921,27.992],[86.923,27.991],[86.925,27.991],[86.927,27.99],[86.929,27.986],[86.931,27.984],[86.933,27.983],[86.934,27.981],[86.935,27.979],[86.935,27.976],[86.934,27.973],[86.933,27.971],[86.933,27.968],[86.937,27.964],[86.94,27.963],[86.944,27.961],[86.948,27.96],[86.952,27.959],[86.955,27.959],[86.96,27.959],[86.963,27.959],[86.966,27.958],[86.97,27.957],[86.975,27.956],[86.977,27.955],[86.98,27.954],[86.981,27.954],[86.984,27.953],[86.989,27.953],[86.988,27.948],[86.987,27.946],[86.986,27.944],[86.986,27.943],[86.985,27.941],[86.985,27.938],[86.985,27.936],[86.984,27.934],[86.984,27.932],[86.984,27.929],[86.984,27.928],[86.984,27.925],[86.985,27.924],[86.985,27.922],[86.984,27.92],[86.982,27.918],[86.98,27.916],[86.976,27.912],[86.974,27.91],[86.973,27.908],[86.972,27.905],[86.973,27.903],[86.975,27.901],[86.976,27.899],[86.978,27.896],[86.979,27.894],[86.979,27.891],[86.979,27.889],[86.978,27.887],[86.978,27.884],[86.977,27.88],[86.978,27.878],[86.979,27.877],[86.981,27.876],[86.984,27.873],[86.984,27.872],[86.984,27.869],[86.986,27.867],[86.988,27.866],[86.99,27.866],[86.992,27.865],[86.994,27.864],[86.994,27.862],[86.993,27.86],[86.991,27.858],[86.992,27.855],[86.992,27.853],[86.994,27.851],[86.995,27.849],[86.996,27.847],[86.996,27.844],[86.996,27.842],[86.995,27.84],[86.992,27.838],[86.991,27.837],[86.99,27.835],[86.988,27.833],[86.987,27.832],[86.986,27.83],[86.985,27.828],[86.988,27.827],[86.991,27.827],[86.994,27.828],[86.996,27.828],[86.999,27.827],[87.001,27.826],[87.002,27.824],[87.003,27.823],[87.004,27.822],[87.006,27.821],[87.008,27.82],[87.01,27.818],[87.012,27.816],[87.012,27.815],[87.012,27.813],[87.01,27.809],[87.008,27.806],[87.003,27.802],[86.999,27.799],[86.994,27.796],[86.992,27.794],[86.991,27.791],[86.991,27.79],[86.99,27.788],[86.99,27.785],[86.99,27.784],[86.99,27.784],[86.99,27.783],[86.989,27.781],[86.987,27.778],[86.985,27.776],[86.984,27.775],[86.983,27.773],[86.983,27.77],[86.984,27.769],[86.985,27.767],[86.985,27.765],[86.986,27.764],[86.987,27.762],[86.987,27.761],[86.986,27.759],[86.985,27.757],[86.984,27.755],[86.983,27.753],[86.984,27.75],[86.985,27.749],[86.987,27.748],[86.989,27.747],[86.991,27.746],[86.993,27.746],[86.995,27.745],[86.997,27.744],[86.998,27.742],[86.999,27.739],[86.999,27.737],[86.999,27.735],[87.0,27.734],[87.001,27.733],[87.004,27.731],[87.007,27.732],[87.008,27.731],[87.01,27.731],[87.011,27.731],[87.012,27.731],[87.013,27.729],[87.014,27.728],[87.013,27.727],[87.013,27.725],[87.013,27.724],[87.013,27.724],[87.011,27.719],[87.01,27.713],[87.007,27.708],[87.003,27.704],[87.001,27.701],[86.999,27.698],[86.999,27.698],[86.997,27.697],[86.996,27.696],[86.995,27.695],[86.994,27.694],[86.993,27.692],[86.992,27.691],[86.992,27.689],[86.991,27.687],[86.991,27.685],[86.991,27.683],[86.991,27.68],[86.991,27.679],[86.991,27.677],[86.991,27.675],[86.991,27.674],[86.991,27.672],[86.991,27.668],[86.991,27.666],[86.991,27.665],[86.991,27.663],[86.99,27.661],[86.99,27.658],[86.989,27.656],[86.988,27.655],[86.988,27.653],[86.988,27.652],[86.987,27.65],[86.986,27.648],[86.985,27.647],[86.983,27.645],[86.982,27.644],[86.98,27.642],[86.98,27.641],[86.979,27.639],[86.977,27.637],[86.976,27.636],[86.974,27.634],[86.973,27.633],[86.971,27.631],[86.97,27.63],[86.969,27.628],[86.967,27.626],[86.965,27.624],[86.963,27.621],[86.962,27.619],[86.962,27.616],[86.961,27.614],[86.961,27.612],[86.96,27.61],[86.958,27.609],[86.956,27.607],[86.957,27.604],[86.958,27.602],[86.959,27.601],[86.96,27.599],[86.96,27.597],[86.961,27.595],[86.961,27.593],[86.961,27.59],[86.961,27.588],[86.961,27.586],[86.961,27.584],[86.961,27.581],[86.96,27.579],[86.957,27.578],[86.956,27.577],[86.955,27.575],[86.955,27.574],[86.957,27.573],[86.958,27.572],[86.96,27.572],[86.963,27.572],[86.964,27.571],[86.966,27.57],[86.968,27.568],[86.97,27.563],[86.97,27.561],[86.97,27.559],[86.97,27.557],[86.971,27.555],[86.971,27.553],[86.971,27.551],[86.971,27.549],[86.97,27.546],[86.969,27.544],[86.967,27.541],[86.965,27.539],[86.964,27.538],[86.96,27.536],[86.958,27.535],[86.956,27.534],[86.954,27.533],[86.953,27.532],[86.952,27.53],[86.951,27.529],[86.951,27.527],[86.95,27.524],[86.95,27.522],[86.949,27.52],[86.948,27.518],[86.947,27.517],[86.946,27.512],[86.947,27.51],[86.948,27.507],[86.949,27.506],[86.95,27.504],[86.952,27.503],[86.955,27.501],[86.957,27.499],[86.958,27.497],[86.96,27.496],[86.962,27.493],[86.963,27.492],[86.963,27.49],[86.964,27.488],[86.965,27.486],[86.965,27.483],[86.965,27.482],[86.963,27.48],[86.959,27.479],[86.957,27.478],[86.955,27.477],[86.954,27.476],[86.953,27.475],[86.952,27.473],[86.952,27.472],[86.952,27.47],[86.951,27.466],[86.95,27.465],[86.949,27.464],[86.948,27.463],[86.947,27.462],[86.946,27.46],[86.945,27.459],[86.944,27.457],[86.943,27.456],[86.943,27.453],[86.942,27.452],[86.941,27.451],[86.939,27.449],[86.937,27.448],[86.936,27.447],[86.934,27.446],[86.933,27.444],[86.931,27.443],[86.925,27.441],[86.923,27.44],[86.922,27.44],[86.92,27.439],[86.919,27.439],[86.917,27.438],[86.915,27.437],[86.914,27.436],[86.912,27.435],[86.911,27.433],[86.911,27.433],[86.909,27.434],[86.906,27.435],[86.904,27.436],[86.901,27.437],[86.898,27.437],[86.894,27.437],[86.892,27.437],[86.889,27.436],[86.886,27.434],[86.884,27.433],[86.881,27.432],[86.877,27.431],[86.874,27.431],[86.871,27.432],[86.868,27.433],[86.865,27.435],[86.861,27.436],[86.857,27.436],[86.854,27.435],[86.85,27.435],[86.846,27.435],[86.843,27.435],[86.84,27.435],[86.835,27.435],[86.832,27.437],[86.829,27.439],[86.826,27.441],[86.822,27.44],[86.82,27.438],[86.817,27.436],[86.813,27.431],[86.81,27.427],[86.804,27.423],[86.799,27.42],[86.794,27.417],[86.786,27.414],[86.779,27.413],[86.772,27.412],[86.768,27.411],[86.765,27.408],[86.762,27.403],[86.759,27.4],[86.753,27.398],[86.745,27.397],[86.737,27.397],[86.73,27.397],[86.723,27.398],[86.717,27.398],[86.711,27.397],[86.707,27.396],[86.701,27.396],[86.695,27.397],[86.69,27.396],[86.686,27.395],[86.685,27.395],[86.684,27.395],[86.684,27.393],[86.684,27.392],[86.685,27.389],[86.686,27.388],[86.686,27.387],[86.686,27.384],[86.686,27.383],[86.686,27.381],[86.686,27.378],[86.685,27.375],[86.684,27.373],[86.683,27.371],[86.683,27.37],[86.682,27.369],[86.68,27.365],[86.676,27.359],[86.672,27.354],[86.667,27.349],[86.662,27.346],[86.657,27.343],[86.65,27.341],[86.642,27.341],[86.634,27.34],[86.626,27.341],[86.621,27.343],[86.616,27.345],[86.61,27.345],[86.603,27.344],[86.595,27.345],[86.589,27.346],[86.582,27.345],[86.576,27.346],[86.572,27.35],[86.569,27.354],[86.568,27.36],[86.567,27.366],[86.565,27.371],[86.561,27.374],[86.556,27.378],[86.552,27.381],[86.548,27.385],[86.544,27.389],[86.541,27.393],[86.539,27.395],[86.535,27.399],[86.531,27.402],[86.527,27.405],[86.521,27.406],[86.517,27.407],[86.511,27.412],[86.508,27.418],[86.504,27.422],[86.5,27.426],[86.491,27.432],[86.484,27.438],[86.479,27.443],[86.474,27.448],[86.469,27.45],[86.465,27.451],[86.461,27.452],[86.46,27.453],[86.458,27.456],[86.456,27.461],[86.454,27.466],[86.452,27.47],[86.45,27.475],[86.446,27.48],[86.444,27.484],[86.443,27.488],[86.441,27.491],[86.439,27.491],[86.437,27.491],[86.432,27.489],[86.429,27.487],[86.425,27.487],[86.424,27.488],[86.422,27.49],[86.42,27.491],[86.419,27.493],[86.418,27.496],[86.417,27.498],[86.416,27.5],[86.414,27.502],[86.413,27.506],[86.411,27.51],[86.409,27.513],[86.407,27.515],[86.403,27.518],[86.399,27.52],[86.397,27.519],[86.394,27.519],[86.391,27.519],[86.389,27.519],[86.385,27.519],[86.38,27.52],[86.376,27.522],[86.372,27.523],[86.368,27.524],[86.364,27.526],[86.36,27.527],[86.359,27.527],[86.359,27.528],[86.36,27.531],[86.361,27.536],[86.363,27.54],[86.364,27.543],[86.367,27.547],[86.371,27.552],[86.372,27.556],[86.374,27.561],[86.375,27.563],[86.377,27.565],[86.377,27.566],[86.377,27.566],[86.378,27.567],[86.378,27.568],[86.379,27.568],[86.38,27.569],[86.381,27.57],[86.382,27.571],[86.383,27.572],[86.385,27.574],[86.387,27.576],[86.391,27.578],[86.393,27.579],[86.395,27.581],[86.398,27.582],[86.399,27.583],[86.402,27.584],[86.404,27.585],[86.406,27.586],[86.408,27.587],[86.41,27.588],[86.412,27.588],[86.413,27.589],[86.415,27.589],[86.416,27.59],[86.418,27.591],[86.42,27.592],[86.424,27.597],[86.425,27.599],[86.428,27.602],[86.431,27.604],[86.435,27.607],[86.438,27.608],[86.438,27.609],[86.438,27.609],[86.438,27.613],[86.439,27.616],[86.441,27.625],[86.445,27.631],[86.447,27.637],[86.45,27.642],[86.455,27.645],[86.458,27.649],[86.459,27.651],[86.458,27.659],[86.459,27.664],[86.46,27.671],[86.461,27.672],[86.461,27.672],[86.464,27.674],[86.468,27.676],[86.469,27.678],[86.471,27.679],[86.473,27.682],[86.475,27.683],[86.477,27.685],[86.48,27.687],[86.482,27.688],[86.485,27.689],[86.488,27.691],[86.49,27.692],[86.493,27.693],[86.495,27.694],[86.498,27.694],[86.503,27.695],[86.506,27.696],[86.509,27.696],[86.512,27.696],[86.514,27.696],[86.517,27.696],[86.519,27.694],[86.522,27.692],[86.524,27.692],[86.526,27.692],[86.531,27.692],[86.533,27.692],[86.536,27.693],[86.539,27.694],[86.541,27.697],[86.542,27.7],[86.544,27.703],[86.547,27.705],[86.549,27.707],[86.552,27.71],[86.553,27.712],[86.555,27.716],[86.556,27.718],[86.557,27.722],[86.558,27.725],[86.559,27.728],[86.56,27.731],[86.56,27.734],[86.56,27.737],[86.561,27.739],[86.562,27.741],[86.564,27.743],[86.567,27.745],[86.568,27.746],[86.568,27.747],[86.568,27.75],[86.569,27.751],[86.57,27.753],[86.572,27.754],[86.574,27.756],[86.575,27.758],[86.574,27.759],[86.572,27.761],[86.571,27.762],[86.569,27.765],[86.568,27.767],[86.567,27.769],[86.567,27.771],[86.567,27.774],[86.568,27.776],[86.57,27.78],[86.569,27.782],[86.569,27.785],[86.57,27.788],[86.57,27.79],[86.571,27.793],[86.572,27.795],[86.572,27.798],[86.571,27.799],[86.57,27.801],[86.57,27.803],[86.57,27.805],[86.568,27.806],[86.565,27.808],[86.56,27.809],[86.558,27.81],[86.555,27.81],[86.553,27.811],[86.551,27.812],[86.549,27.812],[86.545,27.813],[86.544,27.814],[86.544,27.817],[86.544,27.819],[86.545,27.821],[86.545,27.824],[86.546,27.825],[86.548,27.827],[86.549,27.83],[86.549,27.831],[86.55,27.833],[86.551,27.84],[86.551,27.842],[86.552,27.846],[86.553,27.849],[86.554,27.852],[86.555,27.856],[86.556,27.859],[86.556,27.862],[86.556,27.865],[86.555,27.869],[86.556,27.873],[86.557,27.877],[86.557,27.882],[86.557,27.886],[86.556,27.89],[86.555,27.893],[86.554,27.895],[86.555,27.898],[86.555,27.9],[86.556,27.904],[86.558,27.908],[86.56,27.911],[86.561,27.914],[86.562,27.916],[86.561,27.918],[86.561,27.919],[86.559,27.92],[86.557,27.919],[86.555,27.92],[86.553,27.922],[86.553,27.925],[86.553,27.928],[86.55,27.931],[86.547,27.933],[86.544,27.934],[86.542,27.935],[86.54,27.937],[86.538,27.939],[86.537,27.94],[86.535,27.942],[86.533,27.941],[86.53,27.941],[86.529,27.941],[86.526,27.941],[86.523,27.942],[86.521,27.944],[86.52,27.946],[86.52,27.949],[86.52,27.949],[86.519,27.952],[86.519,27.955],[86.518,27.957]]]}},{"type":"Feature","properties":{"id":"Dhanusa","name":"Dhanusa","hq":"Janakpur","province_id":2,"province":"Madhesh","level":"district"},"geometry":{"type":"Polygon","coordinates":[[[86.263,26.917],[86.261,26.913],[86.257,26.911],[86.253,26.912],[86.249,26.913],[86.246,26.91],[86.243,26.906],[86.24,26.903],[86.236,26.901],[86.231,26.901],[86.227,26.901],[86.226,26.893],[86.224,26.89],[86.221,26.89],[86.219,26.892],[86.218,26.894],[86.215,26.896],[86.211,26.899],[86.206,26.9],[86.205,26.902],[86.203,26.903],[86.2,26.904],[86.197,26.904],[86.193,26.905],[86.189,26.907],[86.187,26.908],[86.185,26.911],[86.183,26.913],[86.181,26.915],[86.177,26.918],[86.174,26.921],[86.172,26.923],[86.169,26.924],[86.166,26.924],[86.163,26.926],[86.162,26.929],[86.161,26.932],[86.16,26.934],[86.158,26.934],[86.156,26.934],[86.153,26.933],[86.151,26.932],[86.149,26.93],[86.146,26.928],[86.145,26.925],[86.143,26.922],[86.142,26.918],[86.141,26.913],[86.14,26.909],[86.136,26.906],[86.134,26.903],[86.133,26.899],[86.133,26.895],[86.138,26.886],[86.141,26.881],[86.144,26.875],[86.149,26.869],[86.154,26.861],[86.16,26.854],[86.164,26.848],[86.164,26.837],[86.162,26.83],[86.161,26.824],[86.158,26.818],[86.154,26.812],[86.151,26.807],[86.148,26.8],[86.147,26.793],[86.148,26.786],[86.148,26.779],[86.15,26.771],[86.153,26.764],[86.157,26.757],[86.16,26.753],[86.163,26.748],[86.166,26.743],[86.171,26.739],[86.175,26.735],[86.179,26.733],[86.183,26.731],[86.185,26.729],[86.187,26.724],[86.188,26.72],[86.189,26.715],[86.191,26.713],[86.195,26.708],[86.197,26.706],[86.198,26.704],[86.199,26.701],[86.199,26.695],[86.198,26.69],[86.198,26.686],[86.199,26.683],[86.199,26.68],[86.198,26.675],[86.196,26.671],[86.195,26.67],[86.193,26.668],[86.191,26.666],[86.187,26.663],[86.184,26.661],[86.181,26.659],[86.178,26.655],[86.176,26.651],[86.175,26.65],[86.173,26.647],[86.171,26.645],[86.167,26.641],[86.164,26.638],[86.161,26.635],[86.159,26.632],[86.158,26.629],[86.157,26.626],[86.155,26.622],[86.154,26.618],[86.153,26.615],[86.152,26.612],[86.151,26.609],[86.141,26.626],[86.139,26.627],[86.136,26.628],[86.132,26.628],[86.127,26.628],[86.123,26.629],[86.12,26.629],[86.116,26.631],[86.114,26.631],[86.11,26.633],[86.106,26.635],[86.103,26.637],[86.099,26.638],[86.095,26.64],[86.091,26.642],[86.086,26.643],[86.082,26.645],[86.078,26.647],[86.077,26.649],[86.074,26.653],[86.072,26.655],[86.067,26.656],[86.064,26.657],[86.06,26.658],[86.057,26.658],[86.047,26.66],[86.044,26.661],[86.04,26.662],[86.035,26.663],[86.031,26.664],[86.028,26.664],[86.025,26.665],[86.023,26.664],[86.02,26.663],[86.017,26.662],[86.014,26.66],[86.013,26.659],[86.011,26.658],[86.01,26.657],[86.007,26.658],[86.003,26.658],[85.998,26.658],[85.995,26.658],[85.991,26.658],[85.988,26.659],[85.981,26.659],[85.979,26.659],[85.977,26.658],[85.975,26.658],[85.974,26.656],[85.972,26.655],[85.97,26.654],[85.967,26.653],[85.962,26.653],[85.96,26.652],[85.959,26.651],[85.958,26.649],[85.957,26.648],[85.956,26.645],[85.956,26.644],[85.955,26.643],[85.955,26.641],[85.955,26.637],[85.955,26.636],[85.956,26.633],[85.956,26.632],[85.956,26.63],[85.954,26.628],[85.952,26.627],[85.95,26.625],[85.949,26.623],[85.948,26.62],[85.947,26.616],[85.945,26.616],[85.941,26.617],[85.94,26.618],[85.936,26.618],[85.935,26.618],[85.932,26.618],[85.93,26.618],[85.928,26.618],[85.928,26.616],[85.929,26.614],[85.93,26.613],[85.929,26.611],[85.928,26.611],[85.924,26.611],[85.921,26.611],[85.919,26.61],[85.916,26.61],[85.914,26.609],[85.912,26.608],[85.911,26.608],[85.908,26.607],[85.906,26.606],[85.904,26.604],[85.903,26.603],[85.901,26.599],[85.899,26.598],[85.898,26.598],[85.895,26.597],[85.893,26.596],[85.892,26.593],[85.891,26.59],[85.889,26.588],[85.887,26.587],[85.885,26.586],[85.882,26.587],[85.878,26.585],[85.876,26.584],[85.874,26.583],[85.872,26.583],[85.87,26.581],[85.869,26.58],[85.868,26.578],[85.864,26.573],[85.863,26.572],[85.861,26.571],[85.859,26.57],[85.858,26.569],[85.856,26.569],[85.854,26.569],[85.853,26.57],[85.852,26.571],[85.85,26.573],[85.853,26.575],[85.854,26.576],[85.854,26.578],[85.853,26.579],[85.852,26.581],[85.854,26.583],[85.855,26.584],[85.857,26.587],[85.858,26.589],[85.859,26.592],[85.859,26.595],[85.859,26.597],[85.858,26.6],[85.858,26.601],[85.857,26.602],[85.856,26.604],[85.855,26.606],[85.854,26.607],[85.854,26.608],[85.855,26.61],[85.856,26.611],[85.856,26.614],[85.855,26.616],[85.854,26.617],[85.854,26.618],[85.855,26.62],[85.856,26.621],[85.858,26.621],[85.86,26.621],[85.862,26.621],[85.864,26.622],[85.865,26.625],[85.865,26.627],[85.865,26.63],[85.866,26.632],[85.868,26.632],[85.87,26.633],[85.872,26.634],[85.874,26.637],[85.876,26.639],[85.88,26.639],[85.883,26.64],[85.884,26.642],[85.886,26.644],[85.888,26.646],[85.89,26.647],[85.892,26.648],[85.894,26.649],[85.895,26.651],[85.897,26.653],[85.899,26.653],[85.901,26.654],[85.901,26.656],[85.901,26.658],[85.899,26.66],[85.898,26.662],[85.899,26.662],[85.899,26.664],[85.898,26.667],[85.898,26.669],[85.9,26.671],[85.903,26.673],[85.905,26.674],[85.908,26.677],[85.909,26.68],[85.908,26.683],[85.907,26.684],[85.906,26.685],[85.902,26.688],[85.899,26.691],[85.898,26.693],[85.897,26.694],[85.897,26.696],[85.895,26.699],[85.894,26.702],[85.892,26.704],[85.892,26.706],[85.892,26.708],[85.893,26.711],[85.895,26.714],[85.896,26.717],[85.897,26.721],[85.898,26.725],[85.899,26.729],[85.899,26.733],[85.9,26.738],[85.9,26.742],[85.901,26.747],[85.901,26.75],[85.9,26.753],[85.898,26.757],[85.896,26.761],[85.895,26.764],[85.898,26.769],[85.901,26.771],[85.904,26.775],[85.907,26.777],[85.91,26.783],[85.912,26.787],[85.911,26.791],[85.91,26.796],[85.908,26.8],[85.907,26.802],[85.908,26.803],[85.909,26.804],[85.912,26.808],[85.914,26.81],[85.915,26.813],[85.917,26.817],[85.918,26.82],[85.918,26.823],[85.918,26.827],[85.919,26.831],[85.92,26.834],[85.92,26.838],[85.92,26.84],[85.921,26.843],[85.923,26.845],[85.923,26.848],[85.923,26.85],[85.922,26.853],[85.921,26.855],[85.922,26.857],[85.921,26.86],[85.919,26.862],[85.916,26.862],[85.914,26.863],[85.911,26.864],[85.907,26.866],[85.905,26.869],[85.904,26.871],[85.901,26.874],[85.899,26.878],[85.898,26.881],[85.897,26.884],[85.896,26.887],[85.894,26.891],[85.893,26.894],[85.891,26.898],[85.892,26.901],[85.893,26.904],[85.895,26.905],[85.898,26.91],[85.899,26.913],[85.9,26.917],[85.901,26.921],[85.901,26.926],[85.903,26.932],[85.904,26.938],[85.904,26.945],[85.905,26.949],[85.907,26.954],[85.908,26.96],[85.909,26.968],[85.91,26.973],[85.912,26.98],[85.914,26.985],[85.914,26.989],[85.915,26.994],[85.914,26.999],[85.914,27.003],[85.912,27.006],[85.913,27.011],[85.915,27.015],[85.918,27.019],[85.921,27.023],[85.925,27.026],[85.929,27.031],[85.927,27.037],[85.921,27.038],[85.918,27.04],[85.917,27.042],[85.92,27.043],[85.927,27.044],[85.932,27.044],[85.936,27.049],[85.939,27.052],[85.942,27.056],[85.944,27.058],[85.947,27.062],[85.948,27.065],[85.947,27.069],[85.944,27.071],[85.939,27.075],[85.939,27.079],[85.939,27.082],[85.94,27.085],[85.941,27.087],[85.943,27.09],[85.947,27.093],[85.948,27.09],[85.951,27.088],[85.954,27.086],[85.959,27.084],[85.965,27.08],[85.967,27.078],[85.969,27.074],[85.97,27.07],[85.971,27.064],[85.972,27.06],[85.973,27.055],[85.974,27.052],[85.975,27.049],[85.978,27.045],[85.981,27.042],[85.985,27.037],[85.988,27.033],[85.991,27.029],[85.993,27.026],[85.998,27.024],[86.003,27.022],[86.007,27.022],[86.012,27.022],[86.017,27.021],[86.021,27.021],[86.025,27.021],[86.03,27.021],[86.035,27.021],[86.039,27.02],[86.043,27.019],[86.047,27.019],[86.051,27.019],[86.056,27.019],[86.064,27.019],[86.068,27.019],[86.071,27.02],[86.075,27.02],[86.077,27.02],[86.082,27.02],[86.085,27.02],[86.09,27.02],[86.095,27.019],[86.099,27.019],[86.102,27.018],[86.106,27.017],[86.111,27.016],[86.115,27.015],[86.118,27.014],[86.122,27.011],[86.124,27.01],[86.129,27.008],[86.133,27.005],[86.136,27.003],[86.14,27.001],[86.144,26.998],[86.148,26.996],[86.152,26.995],[86.155,26.993],[86.158,26.991],[86.162,26.99],[86.166,26.989],[86.169,26.988],[86.173,26.986],[86.175,26.985],[86.179,26.984],[86.183,26.983],[86.187,26.982],[86.189,26.98],[86.19,26.978],[86.193,26.977],[86.195,26.976],[86.195,26.974],[86.197,26.972],[86.2,26.97],[86.203,26.969],[86.206,26.967],[86.21,26.965],[86.213,26.964],[86.216,26.961],[86.219,26.959],[86.22,26.956],[86.22,26.954],[86.222,26.952],[86.225,26.951],[86.228,26.95],[86.231,26.948],[86.235,26.947],[86.237,26.946],[86.239,26.944],[86.241,26.941],[86.244,26.939],[86.247,26.938],[86.25,26.936],[86.254,26.935],[86.258,26.933],[86.261,26.931],[86.261,26.928],[86.259,26.926],[86.259,26.923],[86.26,26.92],[86.263,26.917]]]}},{"type":"Feature","properties":{"id":"Mahottari","name":"Mahottari","hq":"Jaleshwar","province_id":2,"province":"Madhesh","level":"district"},"geometry":{"type":"Polygon","coordinates":[[[85.947,27.093],[85.943,27.09],[85.941,27.087],[85.94,27.085],[85.939,27.082],[85.939,27.079],[85.939,27.075],[85.944,27.071],[85.947,27.069],[85.948,27.065],[85.947,27.062],[85.944,27.058],[85.942,27.056],[85.939,27.052],[85.936,27.049],[85.932,27.044],[85.927,27.044],[85.92,27.043],[85.917,27.042],[85.918,27.04],[85.921,27.038],[85.927,27.037],[85.929,27.031],[85.925,27.026],[85.921,27.023],[85.918,27.019],[85.915,27.015],[85.913,27.011],[85.912,27.006],[85.914,27.003],[85.914,26.999],[85.915,26.994],[85.914,26.989],[85.914,26.985],[85.912,26.98],[85.91,26.973],[85.909,26.968],[85.908,26.96],[85.907,26.954],[85.905,26.949],[85.904,26.945],[85.904,26.938],[85.903,26.932],[85.901,26.926],[85.901,26.921],[85.9,26.917],[85.899,26.913],[85.898,26.91],[85.895,26.905],[85.893,26.904],[85.892,26.901],[85.891,26.898],[85.893,26.894],[85.894,26.891],[85.896,26.887],[85.897,26.884],[85.898,26.881],[85.899,26.878],[85.901,26.874],[85.904,26.871],[85.905,26.869],[85.907,26.866],[85.911,26.864],[85.914,26.863],[85.916,26.862],[85.919,26.862],[85.921,26.86],[85.922,26.857],[85.921,26.855],[85.922,26.853],[85.923,26.85],[85.923,26.848],[85.923,26.845],[85.921,26.843],[85.92,26.84],[85.92,26.838],[85.92,26.834],[85.919,26.831],[85.918,26.827],[85.918,26.823],[85.918,26.82],[85.917,26.817],[85.915,26.813],[85.914,26.81],[85.912,26.808],[85.909,26.804],[85.908,26.803],[85.907,26.802],[85.908,26.8],[85.91,26.796],[85.911,26.791],[85.912,26.787],[85.91,26.783],[85.907,26.777],[85.904,26.775],[85.901,26.771],[85.898,26.769],[85.895,26.764],[85.896,26.761],[85.898,26.757],[85.9,26.753],[85.901,26.75],[85.901,26.747],[85.9,26.742],[85.9,26.738],[85.899,26.733],[85.899,26.729],[85.898,26.725],[85.897,26.721],[85.896,26.717],[85.895,26.714],[85.893,26.711],[85.892,26.708],[85.892,26.706],[85.892,26.704],[85.894,26.702],[85.895,26.699],[85.897,26.696],[85.897,26.694],[85.898,26.693],[85.899,26.691],[85.902,26.688],[85.906,26.685],[85.907,26.684],[85.908,26.683],[85.909,26.68],[85.908,26.677],[85.905,26.674],[85.903,26.673],[85.9,26.671],[85.898,26.669],[85.898,26.667],[85.899,26.664],[85.899,26.662],[85.898,26.662],[85.899,26.66],[85.901,26.658],[85.901,26.656],[85.901,26.654],[85.899,26.653],[85.897,26.653],[85.895,26.651],[85.894,26.649],[85.892,26.648],[85.89,26.647],[85.888,26.646],[85.886,26.644],[85.884,26.642],[85.883,26.64],[85.88,26.639],[85.876,26.639],[85.874,26.637],[85.872,26.634],[85.87,26.633],[85.868,26.632],[85.866,26.632],[85.865,26.63],[85.865,26.627],[85.865,26.625],[85.864,26.622],[85.862,26.621],[85.86,26.621],[85.858,26.621],[85.856,26.621],[85.855,26.62],[85.854,26.618],[85.854,26.617],[85.855,26.616],[85.856,26.614],[85.856,26.611],[85.855,26.61],[85.854,26.608],[85.854,26.607],[85.85,26.609],[85.846,26.61],[85.843,26.611],[85.841,26.612],[85.838,26.613],[85.836,26.61],[85.835,26.607],[85.834,26.604],[85.832,26.603],[85.829,26.602],[85.824,26.602],[85.819,26.604],[85.817,26.606],[85.815,26.609],[85.812,26.611],[85.809,26.614],[85.807,26.618],[85.807,26.62],[85.806,26.624],[85.803,26.625],[85.8,26.626],[85.792,26.627],[85.786,26.627],[85.781,26.628],[85.778,26.629],[85.775,26.629],[85.772,26.631],[85.769,26.633],[85.767,26.634],[85.764,26.636],[85.76,26.636],[85.755,26.637],[85.751,26.638],[85.747,26.64],[85.745,26.644],[85.743,26.646],[85.74,26.649],[85.738,26.651],[85.736,26.653],[85.737,26.655],[85.74,26.657],[85.741,26.659],[85.74,26.663],[85.734,26.667],[85.732,26.668],[85.73,26.671],[85.729,26.673],[85.729,26.676],[85.729,26.679],[85.729,26.682],[85.728,26.685],[85.729,26.689],[85.729,26.693],[85.73,26.696],[85.73,26.699],[85.729,26.704],[85.728,26.708],[85.729,26.71],[85.731,26.713],[85.731,26.717],[85.731,26.721],[85.733,26.724],[85.734,26.727],[85.735,26.731],[85.736,26.734],[85.738,26.739],[85.737,26.742],[85.735,26.747],[85.733,26.751],[85.734,26.756],[85.734,26.761],[85.735,26.765],[85.736,26.769],[85.737,26.774],[85.737,26.779],[85.737,26.785],[85.737,26.788],[85.737,26.792],[85.736,26.796],[85.734,26.799],[85.732,26.804],[85.731,26.808],[85.73,26.81],[85.728,26.815],[85.725,26.819],[85.722,26.823],[85.72,26.824],[85.716,26.827],[85.712,26.83],[85.707,26.833],[85.704,26.835],[85.698,26.837],[85.695,26.838],[85.69,26.841],[85.688,26.842],[85.686,26.842],[85.685,26.846],[85.684,26.849],[85.684,26.855],[85.682,26.861],[85.681,26.864],[85.683,26.869],[85.688,26.874],[85.691,26.878],[85.692,26.883],[85.696,26.885],[85.699,26.888],[85.7,26.891],[85.703,26.891],[85.704,26.894],[85.705,26.898],[85.708,26.904],[85.711,26.907],[85.712,26.911],[85.711,26.917],[85.712,26.923],[85.713,26.93],[85.717,26.934],[85.719,26.94],[85.721,26.946],[85.723,26.949],[85.725,26.954],[85.728,26.956],[85.731,26.961],[85.735,26.967],[85.735,26.973],[85.736,26.978],[85.738,26.981],[85.739,26.985],[85.737,26.99],[85.736,26.996],[85.738,27.001],[85.741,27.005],[85.743,27.009],[85.744,27.012],[85.745,27.014],[85.745,27.018],[85.746,27.024],[85.748,27.03],[85.75,27.035],[85.753,27.04],[85.757,27.046],[85.761,27.049],[85.766,27.054],[85.77,27.057],[85.773,27.062],[85.777,27.067],[85.781,27.071],[85.783,27.075],[85.784,27.078],[85.783,27.081],[85.783,27.083],[85.783,27.085],[85.782,27.087],[85.782,27.089],[85.783,27.094],[85.783,27.097],[85.784,27.101],[85.785,27.103],[85.785,27.107],[85.787,27.111],[85.788,27.114],[85.788,27.118],[85.79,27.122],[85.791,27.124],[85.792,27.128],[85.792,27.131],[85.792,27.134],[85.792,27.138],[85.792,27.141],[85.794,27.145],[85.797,27.148],[85.8,27.149],[85.804,27.151],[85.808,27.153],[85.811,27.154],[85.814,27.156],[85.816,27.158],[85.819,27.161],[85.82,27.162],[85.821,27.162],[85.823,27.163],[85.826,27.165],[85.828,27.167],[85.832,27.167],[85.837,27.165],[85.843,27.162],[85.845,27.16],[85.846,27.157],[85.843,27.154],[85.841,27.151],[85.84,27.149],[85.841,27.147],[85.843,27.144],[85.846,27.142],[85.85,27.141],[85.854,27.14],[85.858,27.138],[85.86,27.135],[85.862,27.132],[85.866,27.128],[85.869,27.129],[85.871,27.132],[85.873,27.135],[85.877,27.14],[85.881,27.143],[85.885,27.145],[85.889,27.145],[85.893,27.143],[85.897,27.141],[85.901,27.14],[85.905,27.137],[85.908,27.134],[85.912,27.133],[85.916,27.131],[85.92,27.129],[85.925,27.127],[85.929,27.126],[85.933,27.125],[85.937,27.123],[85.94,27.119],[85.94,27.116],[85.939,27.112],[85.947,27.093]]]}},{"type":"Feature","properties":{"id":"Sarlahi","name":"Sarlahi","hq":"Malangwa","province_id":2,"province":"Madhesh","level":"district"},"geometry":{"type":"Polygon","coordinates":[[[85.819,27.161],[85.816,27.158],[85.814,27.156],[85.811,27.154],[85.808,27.153],[85.804,27.151],[85.8,27.149],[85.797,27.148],[85.794,27.145],[85.792,27.141],[85.792,27.138],[85.792,27.134],[85.792,27.131],[85.792,27.128],[85.791,27.124],[85.79,27.122],[85.788,27.118],[85.788,27.114],[85.787,27.111],[85.785,27.107],[85.785,27.103],[85.784,27.101],[85.783,27.097],[85.783,27.094],[85.782,27.089],[85.782,27.087],[85.783,27.085],[85.783,27.083],[85.783,27.081],[85.784,27.078],[85.783,27.075],[85.781,27.071],[85.777,27.067],[85.773,27.062],[85.77,27.057],[85.766,27.054],[85.761,27.049],[85.757,27.046],[85.753,27.04],[85.75,27.035],[85.748,27.03],[85.746,27.024],[85.745,27.018],[85.745,27.014],[85.744,27.012],[85.743,27.009],[85.741,27.005],[85.738,27.001],[85.736,26.996],[85.737,26.99],[85.739,26.985],[85.738,26.981],[85.736,26.978],[85.735,26.973],[85.735,26.967],[85.731,26.961],[85.728,26.956],[85.725,26.954],[85.723,26.949],[85.721,26.946],[85.719,26.94],[85.717,26.934],[85.713,26.93],[85.712,26.923],[85.711,26.917],[85.712,26.911],[85.711,26.907],[85.708,26.904],[85.705,26.898],[85.704,26.894],[85.703,26.891],[85.7,26.891],[85.699,26.888],[85.696,26.885],[85.692,26.883],[85.691,26.878],[85.688,26.874],[85.683,26.869],[85.681,26.864],[85.682,26.861],[85.684,26.855],[85.684,26.849],[85.685,26.846],[85.686,26.842],[85.684,26.843],[85.681,26.845],[85.677,26.846],[85.673,26.847],[85.668,26.847],[85.663,26.848],[85.658,26.849],[85.653,26.849],[85.648,26.85],[85.646,26.852],[85.643,26.857],[85.642,26.86],[85.641,26.863],[85.64,26.866],[85.638,26.869],[85.636,26.871],[85.633,26.873],[85.628,26.872],[85.624,26.87],[85.621,26.868],[85.618,26.865],[85.615,26.862],[85.611,26.859],[85.609,26.857],[85.605,26.855],[85.602,26.853],[85.596,26.851],[85.594,26.85],[85.592,26.848],[85.59,26.847],[85.588,26.847],[85.588,26.849],[85.588,26.852],[85.588,26.854],[85.587,26.856],[85.586,26.858],[85.584,26.859],[85.581,26.86],[85.577,26.858],[85.574,26.856],[85.572,26.853],[85.571,26.85],[85.57,26.847],[85.57,26.844],[85.567,26.842],[85.563,26.843],[85.56,26.843],[85.558,26.841],[85.558,26.839],[85.557,26.836],[85.554,26.836],[85.552,26.837],[85.545,26.836],[85.542,26.834],[85.539,26.831],[85.536,26.828],[85.534,26.826],[85.532,26.823],[85.53,26.821],[85.528,26.818],[85.526,26.817],[85.524,26.815],[85.52,26.815],[85.518,26.815],[85.515,26.816],[85.508,26.816],[85.506,26.814],[85.504,26.813],[85.503,26.811],[85.502,26.81],[85.501,26.808],[85.501,26.806],[85.5,26.804],[85.499,26.802],[85.497,26.8],[85.495,26.799],[85.491,26.8],[85.487,26.802],[85.484,26.802],[85.482,26.8],[85.481,26.798],[85.481,26.796],[85.477,26.793],[85.475,26.792],[85.471,26.791],[85.467,26.79],[85.463,26.788],[85.46,26.786],[85.457,26.784],[85.455,26.783],[85.452,26.781],[85.448,26.783],[85.445,26.786],[85.442,26.788],[85.439,26.79],[85.435,26.79],[85.432,26.789],[85.429,26.788],[85.425,26.788],[85.423,26.79],[85.418,26.792],[85.417,26.792],[85.412,26.792],[85.408,26.791],[85.407,26.788],[85.406,26.785],[85.404,26.782],[85.401,26.78],[85.398,26.778],[85.395,26.777],[85.392,26.776],[85.388,26.774],[85.386,26.772],[85.384,26.77],[85.383,26.767],[85.381,26.764],[85.378,26.762],[85.377,26.761],[85.375,26.76],[85.372,26.76],[85.368,26.76],[85.366,26.761],[85.364,26.762],[85.361,26.762],[85.359,26.761],[85.356,26.759],[85.354,26.758],[85.351,26.755],[85.35,26.753],[85.347,26.752],[85.346,26.75],[85.344,26.748],[85.342,26.747],[85.34,26.745],[85.338,26.745],[85.335,26.745],[85.334,26.744],[85.333,26.744],[85.329,26.746],[85.33,26.748],[85.331,26.749],[85.331,26.751],[85.331,26.753],[85.331,26.755],[85.331,26.758],[85.332,26.76],[85.332,26.762],[85.332,26.764],[85.333,26.766],[85.333,26.768],[85.333,26.77],[85.333,26.772],[85.332,26.774],[85.332,26.775],[85.331,26.779],[85.331,26.785],[85.332,26.787],[85.333,26.789],[85.335,26.79],[85.337,26.792],[85.34,26.793],[85.342,26.794],[85.343,26.796],[85.344,26.798],[85.343,26.8],[85.341,26.802],[85.34,26.803],[85.338,26.805],[85.337,26.805],[85.336,26.806],[85.335,26.807],[85.334,26.809],[85.335,26.811],[85.335,26.813],[85.336,26.815],[85.338,26.819],[85.34,26.823],[85.341,26.826],[85.342,26.829],[85.346,26.836],[85.347,26.838],[85.348,26.84],[85.35,26.843],[85.351,26.847],[85.352,26.848],[85.355,26.851],[85.356,26.853],[85.359,26.855],[85.362,26.857],[85.364,26.859],[85.368,26.862],[85.369,26.864],[85.369,26.867],[85.369,26.871],[85.369,26.874],[85.37,26.878],[85.371,26.881],[85.372,26.885],[85.373,26.887],[85.375,26.89],[85.376,26.892],[85.379,26.895],[85.381,26.897],[85.383,26.899],[85.385,26.9],[85.392,26.907],[85.393,26.909],[85.393,26.911],[85.394,26.915],[85.396,26.918],[85.397,26.92],[85.399,26.922],[85.402,26.925],[85.404,26.927],[85.405,26.93],[85.406,26.932],[85.407,26.936],[85.407,26.939],[85.408,26.946],[85.408,26.947],[85.408,26.95],[85.409,26.954],[85.408,26.958],[85.407,26.962],[85.406,26.966],[85.406,26.971],[85.406,26.974],[85.406,26.978],[85.405,26.982],[85.404,26.986],[85.402,26.992],[85.402,26.995],[85.401,26.998],[85.401,27.001],[85.4,27.004],[85.399,27.008],[85.398,27.011],[85.397,27.014],[85.396,27.019],[85.396,27.022],[85.398,27.025],[85.4,27.026],[85.406,27.031],[85.407,27.031],[85.408,27.033],[85.409,27.035],[85.41,27.038],[85.411,27.042],[85.411,27.046],[85.412,27.05],[85.413,27.052],[85.414,27.056],[85.417,27.059],[85.42,27.06],[85.423,27.061],[85.425,27.062],[85.43,27.065],[85.432,27.066],[85.435,27.068],[85.437,27.07],[85.439,27.072],[85.439,27.074],[85.439,27.078],[85.439,27.081],[85.439,27.083],[85.439,27.085],[85.441,27.086],[85.444,27.087],[85.447,27.088],[85.448,27.089],[85.451,27.09],[85.453,27.091],[85.455,27.092],[85.456,27.095],[85.456,27.097],[85.455,27.099],[85.455,27.101],[85.455,27.103],[85.455,27.106],[85.456,27.107],[85.457,27.108],[85.459,27.109],[85.461,27.11],[85.467,27.111],[85.47,27.111],[85.472,27.113],[85.474,27.115],[85.474,27.117],[85.475,27.119],[85.475,27.121],[85.476,27.124],[85.478,27.127],[85.479,27.13],[85.48,27.132],[85.481,27.133],[85.483,27.135],[85.485,27.137],[85.486,27.138],[85.489,27.141],[85.49,27.143],[85.491,27.144],[85.496,27.143],[85.499,27.143],[85.501,27.143],[85.505,27.143],[85.509,27.143],[85.512,27.143],[85.516,27.142],[85.52,27.142],[85.523,27.142],[85.528,27.142],[85.53,27.142],[85.535,27.143],[85.537,27.144],[85.541,27.146],[85.544,27.146],[85.548,27.145],[85.552,27.144],[85.556,27.145],[85.562,27.145],[85.564,27.145],[85.568,27.143],[85.571,27.142],[85.574,27.14],[85.577,27.141],[85.581,27.142],[85.584,27.142],[85.587,27.142],[85.59,27.142],[85.595,27.142],[85.599,27.142],[85.602,27.142],[85.606,27.141],[85.607,27.141],[85.61,27.14],[85.611,27.14],[85.613,27.14],[85.616,27.14],[85.621,27.14],[85.625,27.139],[85.631,27.14],[85.634,27.14],[85.639,27.141],[85.642,27.142],[85.645,27.143],[85.651,27.145],[85.652,27.146],[85.654,27.147],[85.656,27.149],[85.658,27.15],[85.661,27.152],[85.663,27.154],[85.665,27.155],[85.67,27.158],[85.672,27.159],[85.676,27.161],[85.679,27.162],[85.682,27.165],[85.683,27.167],[85.685,27.169],[85.688,27.173],[85.69,27.175],[85.692,27.177],[85.694,27.179],[85.698,27.182],[85.699,27.183],[85.709,27.186],[85.713,27.187],[85.718,27.189],[85.722,27.191],[85.725,27.192],[85.73,27.193],[85.732,27.192],[85.737,27.19],[85.74,27.19],[85.743,27.19],[85.747,27.189],[85.75,27.188],[85.754,27.187],[85.758,27.186],[85.761,27.185],[85.765,27.184],[85.769,27.182],[85.774,27.18],[85.777,27.179],[85.782,27.177],[85.787,27.174],[85.79,27.173],[85.794,27.171],[85.798,27.169],[85.819,27.161]]]}},{"type":"Feature","properties":{"id":"Sindhuli","name":"Sindhuli","hq":"Kamalamai","province_id":3,"province":"Bagmati","level":"district"},"geometry":{"type":"Polygon","coordinates":[[[85.82,27.451],[85.823,27.45],[85.829,27.447],[85.832,27.444],[85.834,27.439],[85.837,27.436],[85.843,27.433],[85.848,27.43],[85.849,27.428],[85.853,27.426],[85.859,27.425],[85.861,27.426],[85.865,27.423],[85.868,27.421],[85.874,27.418],[85.877,27.419],[85.883,27.417],[85.886,27.419],[85.89,27.42],[85.895,27.415],[85.898,27.415],[85.903,27.417],[85.909,27.414],[85.913,27.412],[85.915,27.41],[85.922,27.408],[85.927,27.406],[85.93,27.401],[85.936,27.396],[85.94,27.39],[85.943,27.387],[85.946,27.385],[85.952,27.382],[85.954,27.385],[85.957,27.389],[85.963,27.39],[85.967,27.389],[85.97,27.385],[85.973,27.379],[85.978,27.375],[85.981,27.371],[85.982,27.367],[85.984,27.36],[85.985,27.353],[85.986,27.347],[85.986,27.343],[85.987,27.34],[85.99,27.338],[85.996,27.339],[86.0,27.339],[86.005,27.339],[86.008,27.336],[86.013,27.332],[86.016,27.328],[86.021,27.325],[86.024,27.321],[86.026,27.318],[86.028,27.313],[86.028,27.311],[86.032,27.312],[86.035,27.312],[86.039,27.31],[86.04,27.306],[86.043,27.303],[86.046,27.301],[86.05,27.3],[86.054,27.298],[86.057,27.295],[86.058,27.292],[86.062,27.292],[86.072,27.293],[86.076,27.294],[86.077,27.294],[86.079,27.292],[86.079,27.286],[86.08,27.283],[86.085,27.279],[86.092,27.274],[86.097,27.272],[86.101,27.271],[86.107,27.271],[86.11,27.271],[86.113,27.273],[86.116,27.274],[86.123,27.271],[86.129,27.269],[86.133,27.263],[86.138,27.254],[86.144,27.248],[86.149,27.246],[86.152,27.244],[86.155,27.244],[86.156,27.245],[86.159,27.25],[86.163,27.252],[86.172,27.253],[86.18,27.253],[86.187,27.255],[86.191,27.256],[86.197,27.256],[86.204,27.253],[86.206,27.253],[86.205,27.252],[86.208,27.251],[86.21,27.25],[86.212,27.249],[86.214,27.247],[86.216,27.246],[86.218,27.245],[86.219,27.244],[86.221,27.242],[86.224,27.24],[86.227,27.238],[86.232,27.239],[86.237,27.24],[86.239,27.241],[86.242,27.243],[86.245,27.246],[86.247,27.247],[86.25,27.248],[86.252,27.249],[86.255,27.251],[86.256,27.252],[86.258,27.254],[86.261,27.257],[86.262,27.258],[86.264,27.26],[86.267,27.261],[86.269,27.26],[86.27,27.258],[86.271,27.255],[86.272,27.253],[86.276,27.251],[86.278,27.251],[86.283,27.249],[86.286,27.248],[86.29,27.246],[86.293,27.244],[86.295,27.242],[86.297,27.241],[86.3,27.24],[86.304,27.239],[86.308,27.238],[86.312,27.235],[86.318,27.233],[86.323,27.232],[86.328,27.232],[86.332,27.232],[86.337,27.232],[86.341,27.231],[86.344,27.229],[86.345,27.227],[86.346,27.222],[86.345,27.217],[86.345,27.213],[86.345,27.21],[86.345,27.206],[86.348,27.204],[86.352,27.202],[86.358,27.201],[86.363,27.2],[86.366,27.198],[86.369,27.196],[86.373,27.194],[86.377,27.193],[86.38,27.191],[86.383,27.189],[86.384,27.186],[86.387,27.185],[86.39,27.181],[86.388,27.182],[86.387,27.179],[86.385,27.174],[86.383,27.171],[86.382,27.169],[86.38,27.166],[86.377,27.163],[86.375,27.161],[86.375,27.157],[86.376,27.154],[86.375,27.151],[86.374,27.148],[86.372,27.146],[86.37,27.144],[86.363,27.141],[86.359,27.141],[86.356,27.142],[86.355,27.143],[86.351,27.145],[86.349,27.146],[86.348,27.145],[86.346,27.144],[86.345,27.142],[86.342,27.139],[86.342,27.137],[86.339,27.134],[86.337,27.13],[86.335,27.126],[86.334,27.124],[86.333,27.122],[86.332,27.12],[86.331,27.117],[86.329,27.115],[86.327,27.114],[86.325,27.113],[86.323,27.112],[86.319,27.112],[86.315,27.112],[86.312,27.111],[86.31,27.111],[86.309,27.109],[86.314,27.106],[86.319,27.106],[86.324,27.104],[86.33,27.103],[86.336,27.103],[86.342,27.103],[86.346,27.104],[86.351,27.104],[86.354,27.103],[86.357,27.101],[86.359,27.099],[86.361,27.098],[86.361,27.095],[86.36,27.091],[86.358,27.087],[86.357,27.082],[86.355,27.077],[86.354,27.074],[86.354,27.072],[86.354,27.07],[86.355,27.068],[86.356,27.066],[86.358,27.064],[86.361,27.062],[86.364,27.059],[86.366,27.055],[86.367,27.052],[86.368,27.048],[86.37,27.045],[86.371,27.043],[86.374,27.042],[86.376,27.04],[86.379,27.039],[86.382,27.037],[86.385,27.034],[86.383,27.033],[86.381,27.029],[86.378,27.026],[86.376,27.021],[86.375,27.017],[86.374,27.012],[86.373,27.007],[86.371,27.0],[86.369,26.994],[86.369,26.987],[86.369,26.98],[86.366,26.973],[86.361,26.968],[86.36,26.966],[86.358,26.964],[86.356,26.963],[86.353,26.963],[86.349,26.963],[86.345,26.964],[86.34,26.963],[86.336,26.962],[86.332,26.962],[86.327,26.961],[86.321,26.962],[86.316,26.962],[86.312,26.962],[86.308,26.96],[86.304,26.958],[86.299,26.956],[86.294,26.954],[86.29,26.953],[86.286,26.95],[86.283,26.946],[86.282,26.94],[86.281,26.937],[86.278,26.933],[86.274,26.931],[86.27,26.929],[86.267,26.925],[86.265,26.92],[86.264,26.917],[86.263,26.917],[86.26,26.92],[86.259,26.923],[86.259,26.926],[86.261,26.928],[86.261,26.931],[86.258,26.933],[86.254,26.935],[86.25,26.936],[86.247,26.938],[86.244,26.939],[86.241,26.941],[86.239,26.944],[86.237,26.946],[86.235,26.947],[86.231,26.948],[86.228,26.95],[86.225,26.951],[86.222,26.952],[86.22,26.954],[86.22,26.956],[86.219,26.959],[86.216,26.961],[86.213,26.964],[86.21,26.965],[86.206,26.967],[86.203,26.969],[86.2,26.97],[86.197,26.972],[86.195,26.974],[86.195,26.976],[86.193,26.977],[86.19,26.978],[86.189,26.98],[86.187,26.982],[86.183,26.983],[86.179,26.984],[86.175,26.985],[86.173,26.986],[86.169,26.988],[86.166,26.989],[86.162,26.99],[86.158,26.991],[86.155,26.993],[86.152,26.995],[86.148,26.996],[86.144,26.998],[86.14,27.001],[86.136,27.003],[86.133,27.005],[86.129,27.008],[86.124,27.01],[86.122,27.011],[86.118,27.014],[86.115,27.015],[86.111,27.016],[86.106,27.017],[86.102,27.018],[86.099,27.019],[86.095,27.019],[86.09,27.02],[86.085,27.02],[86.082,27.02],[86.077,27.02],[86.075,27.02],[86.071,27.02],[86.068,27.019],[86.064,27.019],[86.056,27.019],[86.051,27.019],[86.047,27.019],[86.043,27.019],[86.039,27.02],[86.035,27.021],[86.03,27.021],[86.025,27.021],[86.021,27.021],[86.017,27.021],[86.012,27.022],[86.007,27.022],[86.003,27.022],[85.998,27.024],[85.993,27.026],[85.991,27.029],[85.988,27.033],[85.985,27.037],[85.981,27.042],[85.978,27.045],[85.975,27.049],[85.974,27.052],[85.973,27.055],[85.972,27.06],[85.971,27.064],[85.97,27.07],[85.969,27.074],[85.967,27.078],[85.965,27.08],[85.959,27.084],[85.954,27.086],[85.951,27.088],[85.948,27.09],[85.947,27.093],[85.939,27.112],[85.94,27.116],[85.94,27.119],[85.937,27.123],[85.933,27.125],[85.929,27.126],[85.925,27.127],[85.92,27.129],[85.916,27.131],[85.912,27.133],[85.908,27.134],[85.905,27.137],[85.901,27.14],[85.897,27.141],[85.893,27.143],[85.889,27.145],[85.885,27.145],[85.881,27.143],[85.877,27.14],[85.873,27.135],[85.871,27.132],[85.869,27.129],[85.866,27.128],[85.862,27.132],[85.86,27.135],[85.858,27.138],[85.854,27.14],[85.85,27.141],[85.846,27.142],[85.843,27.144],[85.841,27.147],[85.84,27.149],[85.841,27.151],[85.843,27.154],[85.846,27.157],[85.845,27.16],[85.843,27.162],[85.837,27.165],[85.832,27.167],[85.828,27.167],[85.826,27.165],[85.823,27.163],[85.821,27.162],[85.82,27.162],[85.819,27.161],[85.798,27.169],[85.794,27.171],[85.79,27.173],[85.787,27.174],[85.782,27.177],[85.777,27.179],[85.774,27.18],[85.769,27.182],[85.765,27.184],[85.761,27.185],[85.758,27.186],[85.754,27.187],[85.75,27.188],[85.747,27.189],[85.743,27.19],[85.74,27.19],[85.737,27.19],[85.732,27.192],[85.73,27.193],[85.725,27.192],[85.722,27.191],[85.718,27.189],[85.713,27.187],[85.709,27.186],[85.699,27.183],[85.698,27.182],[85.694,27.179],[85.692,27.177],[85.69,27.175],[85.688,27.173],[85.685,27.169],[85.683,27.167],[85.682,27.165],[85.679,27.162],[85.676,27.161],[85.672,27.159],[85.67,27.158],[85.665,27.155],[85.663,27.154],[85.661,27.152],[85.658,27.15],[85.656,27.149],[85.654,27.147],[85.652,27.146],[85.651,27.145],[85.645,27.143],[85.642,27.142],[85.639,27.141],[85.634,27.14],[85.631,27.14],[85.625,27.139],[85.621,27.14],[85.616,27.14],[85.613,27.14],[85.611,27.14],[85.61,27.14],[85.607,27.141],[85.606,27.141],[85.602,27.142],[85.599,27.142],[85.595,27.142],[85.59,27.142],[85.587,27.142],[85.584,27.142],[85.581,27.142],[85.577,27.141],[85.574,27.14],[85.571,27.142],[85.568,27.143],[85.564,27.145],[85.562,27.145],[85.556,27.145],[85.552,27.144],[85.548,27.145],[85.544,27.146],[85.541,27.146],[85.537,27.144],[85.535,27.143],[85.53,27.142],[85.528,27.142],[85.523,27.142],[85.52,27.142],[85.516,27.142],[85.512,27.143],[85.509,27.143],[85.505,27.143],[85.501,27.143],[85.499,27.143],[85.496,27.143],[85.491,27.144],[85.491,27.145],[85.491,27.147],[85.491,27.15],[85.491,27.152],[85.491,27.155],[85.491,27.157],[85.493,27.159],[85.494,27.161],[85.495,27.162],[85.497,27.163],[85.499,27.164],[85.503,27.166],[85.505,27.167],[85.505,27.169],[85.504,27.17],[85.505,27.172],[85.506,27.174],[85.506,27.175],[85.505,27.177],[85.504,27.177],[85.502,27.177],[85.5,27.176],[85.498,27.175],[85.494,27.175],[85.492,27.175],[85.49,27.177],[85.488,27.178],[85.486,27.177],[85.484,27.178],[85.482,27.179],[85.482,27.181],[85.483,27.183],[85.484,27.184],[85.486,27.185],[85.489,27.186],[85.492,27.187],[85.492,27.189],[85.491,27.191],[85.49,27.192],[85.489,27.195],[85.489,27.197],[85.49,27.198],[85.491,27.199],[85.494,27.198],[85.497,27.198],[85.499,27.197],[85.502,27.197],[85.504,27.197],[85.508,27.197],[85.51,27.198],[85.511,27.2],[85.512,27.201],[85.512,27.204],[85.511,27.205],[85.51,27.207],[85.509,27.209],[85.509,27.211],[85.509,27.213],[85.509,27.215],[85.508,27.217],[85.508,27.219],[85.507,27.22],[85.505,27.221],[85.504,27.221],[85.502,27.222],[85.5,27.223],[85.497,27.223],[85.495,27.225],[85.493,27.225],[85.492,27.227],[85.49,27.228],[85.489,27.23],[85.489,27.231],[85.488,27.233],[85.488,27.234],[85.488,27.237],[85.488,27.239],[85.488,27.243],[85.488,27.244],[85.488,27.247],[85.488,27.25],[85.488,27.253],[85.488,27.256],[85.487,27.258],[85.484,27.265],[85.482,27.268],[85.48,27.27],[85.477,27.272],[85.475,27.274],[85.472,27.275],[85.47,27.276],[85.467,27.277],[85.465,27.277],[85.463,27.278],[85.46,27.279],[85.458,27.28],[85.455,27.281],[85.452,27.281],[85.45,27.282],[85.448,27.283],[85.445,27.285],[85.443,27.286],[85.441,27.287],[85.439,27.288],[85.437,27.29],[85.435,27.291],[85.434,27.293],[85.432,27.295],[85.431,27.298],[85.431,27.3],[85.43,27.302],[85.429,27.305],[85.428,27.307],[85.427,27.31],[85.427,27.313],[85.426,27.315],[85.425,27.318],[85.425,27.32],[85.425,27.323],[85.425,27.325],[85.425,27.327],[85.427,27.332],[85.428,27.333],[85.429,27.334],[85.43,27.336],[85.432,27.337],[85.434,27.339],[85.437,27.34],[85.439,27.341],[85.44,27.342],[85.442,27.343],[85.444,27.344],[85.447,27.346],[85.447,27.347],[85.448,27.348],[85.449,27.349],[85.449,27.35],[85.451,27.352],[85.452,27.353],[85.453,27.355],[85.454,27.355],[85.457,27.357],[85.458,27.357],[85.46,27.357],[85.462,27.357],[85.463,27.357],[85.466,27.358],[85.468,27.359],[85.47,27.36],[85.471,27.361],[85.473,27.362],[85.474,27.363],[85.475,27.365],[85.476,27.367],[85.477,27.368],[85.477,27.369],[85.477,27.369],[85.477,27.371],[85.478,27.373],[85.479,27.374],[85.481,27.374],[85.484,27.375],[85.486,27.376],[85.487,27.376],[85.489,27.377],[85.491,27.378],[85.494,27.378],[85.495,27.378],[85.498,27.377],[85.5,27.376],[85.502,27.376],[85.504,27.374],[85.504,27.374],[85.506,27.372],[85.507,27.371],[85.508,27.37],[85.509,27.369],[85.51,27.367],[85.511,27.367],[85.511,27.366],[85.512,27.366],[85.512,27.366],[85.511,27.364],[85.51,27.363],[85.511,27.359],[85.511,27.357],[85.512,27.356],[85.513,27.355],[85.515,27.353],[85.521,27.35],[85.524,27.35],[85.527,27.352],[85.532,27.354],[85.536,27.355],[85.537,27.356],[85.54,27.354],[85.541,27.353],[85.543,27.351],[85.546,27.349],[85.548,27.348],[85.55,27.347],[85.557,27.344],[85.561,27.343],[85.566,27.341],[85.569,27.34],[85.57,27.341],[85.574,27.341],[85.579,27.343],[85.584,27.344],[85.587,27.344],[85.59,27.345],[85.599,27.344],[85.606,27.343],[85.616,27.344],[85.624,27.345],[85.629,27.347],[85.631,27.349],[85.634,27.35],[85.635,27.351],[85.639,27.352],[85.642,27.351],[85.643,27.349],[85.644,27.348],[85.644,27.345],[85.644,27.344],[85.647,27.341],[85.649,27.339],[85.652,27.338],[85.658,27.336],[85.658,27.336],[85.659,27.336],[85.661,27.337],[85.664,27.338],[85.666,27.339],[85.668,27.34],[85.671,27.342],[85.674,27.343],[85.675,27.345],[85.678,27.346],[85.681,27.347],[85.684,27.346],[85.686,27.344],[85.688,27.344],[85.69,27.342],[85.693,27.34],[85.698,27.341],[85.701,27.342],[85.704,27.343],[85.706,27.344],[85.707,27.345],[85.708,27.347],[85.709,27.348],[85.709,27.35],[85.709,27.353],[85.709,27.355],[85.708,27.358],[85.704,27.361],[85.701,27.363],[85.7,27.365],[85.7,27.369],[85.7,27.371],[85.7,27.374],[85.701,27.376],[85.702,27.379],[85.702,27.382],[85.703,27.385],[85.704,27.386],[85.704,27.388],[85.705,27.39],[85.706,27.39],[85.707,27.391],[85.709,27.392],[85.711,27.394],[85.712,27.397],[85.714,27.4],[85.716,27.403],[85.722,27.407],[85.725,27.41],[85.729,27.41],[85.733,27.41],[85.737,27.409],[85.74,27.409],[85.745,27.407],[85.749,27.406],[85.752,27.404],[85.756,27.402],[85.76,27.4],[85.765,27.399],[85.768,27.398],[85.772,27.398],[85.777,27.4],[85.779,27.401],[85.779,27.403],[85.779,27.405],[85.778,27.408],[85.778,27.41],[85.78,27.412],[85.783,27.413],[85.785,27.414],[85.788,27.414],[85.793,27.416],[85.795,27.418],[85.797,27.419],[85.798,27.421],[85.8,27.422],[85.802,27.423],[85.804,27.425],[85.804,27.428],[85.806,27.43],[85.807,27.433],[85.807,27.435],[85.807,27.438],[85.808,27.44],[85.809,27.442],[85.81,27.443],[85.812,27.445],[85.813,27.446],[85.816,27.448],[85.818,27.449],[85.82,27.451]]]}},{"type":"Feature","properties":{"id":"Ramechhap","name":"Ramechhap","hq":"Manthali","province_id":3,"province":"Bagmati","level":"district"},"geometry":{"type":"Polygon","coordinates":[[[86.359,27.527],[86.355,27.527],[86.351,27.526],[86.346,27.524],[86.341,27.521],[86.339,27.518],[86.336,27.514],[86.333,27.51],[86.331,27.508],[86.33,27.506],[86.326,27.503],[86.323,27.5],[86.318,27.494],[86.313,27.489],[86.309,27.485],[86.303,27.482],[86.298,27.478],[86.296,27.476],[86.294,27.474],[86.29,27.471],[86.286,27.468],[86.283,27.465],[86.279,27.463],[86.275,27.461],[86.271,27.459],[86.268,27.457],[86.265,27.453],[86.261,27.448],[86.259,27.443],[86.258,27.439],[86.256,27.434],[86.255,27.431],[86.254,27.429],[86.253,27.428],[86.252,27.425],[86.25,27.423],[86.248,27.422],[86.246,27.421],[86.245,27.42],[86.242,27.418],[86.24,27.416],[86.239,27.414],[86.239,27.41],[86.239,27.408],[86.238,27.406],[86.235,27.403],[86.233,27.4],[86.233,27.4],[86.231,27.398],[86.229,27.395],[86.227,27.392],[86.226,27.388],[86.224,27.384],[86.224,27.381],[86.225,27.378],[86.227,27.375],[86.228,27.371],[86.228,27.368],[86.225,27.367],[86.223,27.366],[86.222,27.364],[86.223,27.361],[86.224,27.359],[86.222,27.356],[86.221,27.354],[86.221,27.353],[86.22,27.35],[86.22,27.347],[86.22,27.344],[86.22,27.34],[86.219,27.336],[86.219,27.336],[86.22,27.334],[86.22,27.332],[86.221,27.331],[86.222,27.329],[86.224,27.329],[86.225,27.328],[86.224,27.327],[86.223,27.326],[86.223,27.325],[86.223,27.323],[86.225,27.323],[86.227,27.323],[86.228,27.322],[86.23,27.322],[86.232,27.321],[86.233,27.319],[86.233,27.318],[86.234,27.316],[86.235,27.315],[86.235,27.314],[86.237,27.312],[86.237,27.311],[86.238,27.309],[86.239,27.308],[86.24,27.307],[86.241,27.306],[86.241,27.305],[86.24,27.303],[86.239,27.302],[86.239,27.3],[86.239,27.298],[86.238,27.296],[86.239,27.296],[86.241,27.294],[86.242,27.294],[86.243,27.293],[86.243,27.291],[86.242,27.291],[86.241,27.29],[86.24,27.289],[86.238,27.288],[86.236,27.286],[86.235,27.285],[86.234,27.284],[86.233,27.283],[86.232,27.282],[86.231,27.281],[86.23,27.28],[86.229,27.28],[86.228,27.279],[86.227,27.278],[86.227,27.277],[86.226,27.276],[86.225,27.275],[86.223,27.275],[86.221,27.273],[86.22,27.273],[86.219,27.271],[86.218,27.271],[86.217,27.271],[86.216,27.27],[86.215,27.269],[86.214,27.268],[86.214,27.267],[86.214,27.265],[86.213,27.263],[86.212,27.262],[86.211,27.262],[86.21,27.261],[86.209,27.26],[86.208,27.259],[86.208,27.258],[86.207,27.256],[86.206,27.253],[86.204,27.253],[86.197,27.256],[86.191,27.256],[86.187,27.255],[86.18,27.253],[86.172,27.253],[86.163,27.252],[86.159,27.25],[86.156,27.245],[86.155,27.244],[86.152,27.244],[86.149,27.246],[86.144,27.248],[86.138,27.254],[86.133,27.263],[86.129,27.269],[86.123,27.271],[86.116,27.274],[86.113,27.273],[86.11,27.271],[86.107,27.271],[86.101,27.271],[86.097,27.272],[86.092,27.274],[86.085,27.279],[86.08,27.283],[86.079,27.286],[86.079,27.292],[86.077,27.294],[86.076,27.294],[86.072,27.293],[86.062,27.292],[86.058,27.292],[86.057,27.295],[86.054,27.298],[86.05,27.3],[86.046,27.301],[86.043,27.303],[86.04,27.306],[86.039,27.31],[86.035,27.312],[86.032,27.312],[86.028,27.311],[86.028,27.313],[86.026,27.318],[86.024,27.321],[86.021,27.325],[86.016,27.328],[86.013,27.332],[86.008,27.336],[86.005,27.339],[86.0,27.339],[85.996,27.339],[85.99,27.338],[85.987,27.34],[85.986,27.343],[85.986,27.347],[85.985,27.353],[85.984,27.36],[85.982,27.367],[85.981,27.371],[85.978,27.375],[85.973,27.379],[85.97,27.385],[85.967,27.389],[85.963,27.39],[85.957,27.389],[85.954,27.385],[85.952,27.382],[85.946,27.385],[85.943,27.387],[85.94,27.39],[85.936,27.396],[85.93,27.401],[85.927,27.406],[85.922,27.408],[85.915,27.41],[85.913,27.412],[85.909,27.414],[85.903,27.417],[85.898,27.415],[85.895,27.415],[85.89,27.42],[85.886,27.419],[85.883,27.417],[85.877,27.419],[85.874,27.418],[85.868,27.421],[85.865,27.423],[85.861,27.426],[85.859,27.425],[85.853,27.426],[85.849,27.428],[85.848,27.43],[85.843,27.433],[85.837,27.436],[85.834,27.439],[85.832,27.444],[85.829,27.447],[85.823,27.45],[85.82,27.451],[85.818,27.452],[85.816,27.453],[85.813,27.456],[85.812,27.459],[85.813,27.461],[85.814,27.463],[85.816,27.464],[85.817,27.465],[85.818,27.467],[85.818,27.47],[85.818,27.472],[85.817,27.475],[85.816,27.476],[85.814,27.478],[85.812,27.479],[85.812,27.481],[85.811,27.484],[85.811,27.486],[85.81,27.488],[85.809,27.49],[85.808,27.492],[85.807,27.494],[85.806,27.496],[85.806,27.498],[85.804,27.5],[85.802,27.502],[85.803,27.504],[85.804,27.504],[85.805,27.505],[85.808,27.508],[85.809,27.51],[85.812,27.511],[85.815,27.512],[85.816,27.513],[85.817,27.515],[85.818,27.516],[85.819,27.517],[85.822,27.519],[85.824,27.522],[85.824,27.524],[85.824,27.526],[85.824,27.529],[85.826,27.533],[85.828,27.536],[85.832,27.54],[85.833,27.543],[85.834,27.545],[85.834,27.547],[85.834,27.55],[85.833,27.552],[85.833,27.556],[85.831,27.56],[85.83,27.564],[85.83,27.567],[85.829,27.569],[85.83,27.574],[85.831,27.576],[85.833,27.578],[85.837,27.579],[85.841,27.579],[85.845,27.578],[85.849,27.579],[85.851,27.579],[85.852,27.58],[85.854,27.579],[85.856,27.579],[85.857,27.579],[85.86,27.579],[85.864,27.578],[85.868,27.577],[85.873,27.575],[85.877,27.574],[85.881,27.572],[85.884,27.572],[85.89,27.572],[85.893,27.572],[85.897,27.574],[85.899,27.576],[85.902,27.577],[85.904,27.577],[85.907,27.577],[85.909,27.576],[85.911,27.575],[85.913,27.575],[85.917,27.575],[85.922,27.575],[85.923,27.572],[85.924,27.57],[85.925,27.567],[85.926,27.564],[85.928,27.561],[85.932,27.56],[85.933,27.56],[85.936,27.56],[85.937,27.561],[85.94,27.563],[85.939,27.564],[85.939,27.565],[85.938,27.567],[85.938,27.569],[85.938,27.571],[85.938,27.573],[85.938,27.576],[85.941,27.58],[85.943,27.583],[85.945,27.586],[85.945,27.59],[85.945,27.595],[85.947,27.595],[85.948,27.594],[85.949,27.594],[85.951,27.593],[85.953,27.592],[85.956,27.59],[85.959,27.592],[85.961,27.593],[85.962,27.594],[85.965,27.596],[85.968,27.597],[85.97,27.597],[85.971,27.598],[85.973,27.598],[85.976,27.595],[85.977,27.594],[85.977,27.593],[85.977,27.592],[85.978,27.59],[85.979,27.588],[85.979,27.586],[85.979,27.584],[85.978,27.582],[85.979,27.579],[85.979,27.575],[85.98,27.572],[85.98,27.57],[85.98,27.568],[85.98,27.566],[85.982,27.562],[85.984,27.559],[85.985,27.557],[85.987,27.554],[85.988,27.553],[85.991,27.55],[85.993,27.548],[85.994,27.546],[85.994,27.542],[85.994,27.539],[85.993,27.536],[85.993,27.532],[85.997,27.526],[85.996,27.524],[85.995,27.522],[85.994,27.519],[85.993,27.516],[85.993,27.511],[85.995,27.51],[85.996,27.509],[85.997,27.509],[85.999,27.509],[86.002,27.507],[86.003,27.507],[86.004,27.506],[86.004,27.505],[86.005,27.504],[86.007,27.503],[86.008,27.502],[86.01,27.502],[86.011,27.501],[86.017,27.502],[86.018,27.502],[86.02,27.502],[86.025,27.504],[86.029,27.504],[86.031,27.504],[86.032,27.504],[86.034,27.503],[86.037,27.503],[86.04,27.502],[86.042,27.501],[86.043,27.5],[86.044,27.499],[86.046,27.498],[86.047,27.498],[86.053,27.499],[86.054,27.499],[86.056,27.499],[86.059,27.5],[86.061,27.5],[86.063,27.5],[86.066,27.499],[86.068,27.499],[86.07,27.501],[86.072,27.502],[86.074,27.502],[86.077,27.502],[86.08,27.501],[86.082,27.5],[86.084,27.499],[86.085,27.499],[86.089,27.5],[86.091,27.501],[86.099,27.502],[86.103,27.501],[86.105,27.499],[86.107,27.497],[86.108,27.495],[86.11,27.493],[86.111,27.491],[86.113,27.489],[86.114,27.487],[86.115,27.486],[86.116,27.484],[86.118,27.482],[86.12,27.48],[86.12,27.478],[86.12,27.477],[86.119,27.475],[86.121,27.474],[86.124,27.476],[86.127,27.479],[86.129,27.482],[86.13,27.483],[86.131,27.484],[86.131,27.484],[86.132,27.486],[86.133,27.487],[86.135,27.49],[86.137,27.491],[86.138,27.493],[86.139,27.494],[86.14,27.495],[86.141,27.496],[86.143,27.497],[86.146,27.499],[86.147,27.5],[86.148,27.501],[86.148,27.502],[86.148,27.504],[86.148,27.505],[86.147,27.507],[86.147,27.509],[86.147,27.51],[86.148,27.512],[86.15,27.515],[86.152,27.516],[86.153,27.518],[86.154,27.519],[86.155,27.52],[86.155,27.521],[86.156,27.522],[86.156,27.523],[86.156,27.525],[86.157,27.526],[86.157,27.528],[86.158,27.53],[86.158,27.532],[86.158,27.534],[86.158,27.536],[86.16,27.538],[86.161,27.54],[86.164,27.543],[86.167,27.546],[86.169,27.548],[86.17,27.549],[86.172,27.551],[86.173,27.553],[86.175,27.554],[86.177,27.556],[86.179,27.557],[86.181,27.559],[86.184,27.561],[86.186,27.563],[86.188,27.564],[86.189,27.565],[86.19,27.566],[86.192,27.568],[86.193,27.569],[86.196,27.571],[86.197,27.573],[86.199,27.575],[86.204,27.58],[86.205,27.581],[86.205,27.582],[86.207,27.582],[86.209,27.583],[86.211,27.583],[86.214,27.583],[86.218,27.584],[86.22,27.585],[86.225,27.585],[86.227,27.586],[86.23,27.587],[86.232,27.587],[86.233,27.587],[86.234,27.588],[86.237,27.588],[86.24,27.589],[86.242,27.589],[86.246,27.59],[86.248,27.591],[86.25,27.592],[86.253,27.593],[86.256,27.594],[86.261,27.596],[86.262,27.596],[86.265,27.597],[86.267,27.597],[86.27,27.597],[86.272,27.597],[86.275,27.598],[86.277,27.598],[86.279,27.599],[86.282,27.599],[86.284,27.601],[86.285,27.602],[86.286,27.604],[86.289,27.605],[86.29,27.605],[86.293,27.605],[86.295,27.605],[86.297,27.609],[86.298,27.609],[86.3,27.609],[86.302,27.609],[86.303,27.61],[86.304,27.611],[86.304,27.612],[86.305,27.613],[86.305,27.615],[86.305,27.615],[86.306,27.617],[86.308,27.618],[86.309,27.62],[86.309,27.622],[86.31,27.624],[86.311,27.626],[86.312,27.629],[86.312,27.633],[86.312,27.635],[86.312,27.637],[86.314,27.641],[86.316,27.642],[86.317,27.643],[86.318,27.644],[86.318,27.645],[86.319,27.646],[86.32,27.647],[86.321,27.648],[86.323,27.65],[86.325,27.652],[86.326,27.654],[86.328,27.655],[86.33,27.657],[86.332,27.657],[86.334,27.66],[86.335,27.661],[86.336,27.663],[86.337,27.664],[86.338,27.666],[86.339,27.667],[86.341,27.671],[86.341,27.677],[86.341,27.679],[86.342,27.681],[86.342,27.682],[86.343,27.684],[86.344,27.685],[86.347,27.687],[86.35,27.688],[86.352,27.689],[86.353,27.69],[86.356,27.692],[86.357,27.692],[86.358,27.693],[86.36,27.693],[86.361,27.693],[86.364,27.693],[86.365,27.693],[86.368,27.693],[86.372,27.692],[86.375,27.693],[86.377,27.693],[86.38,27.694],[86.383,27.695],[86.385,27.697],[86.387,27.699],[86.391,27.702],[86.393,27.704],[86.394,27.705],[86.395,27.706],[86.397,27.707],[86.399,27.708],[86.401,27.709],[86.404,27.711],[86.406,27.712],[86.408,27.714],[86.41,27.715],[86.411,27.716],[86.414,27.718],[86.418,27.718],[86.421,27.719],[86.422,27.719],[86.424,27.72],[86.425,27.72],[86.427,27.722],[86.429,27.728],[86.429,27.729],[86.429,27.733],[86.427,27.736],[86.425,27.738],[86.421,27.74],[86.419,27.742],[86.417,27.745],[86.416,27.748],[86.416,27.75],[86.415,27.752],[86.415,27.754],[86.415,27.757],[86.414,27.76],[86.415,27.763],[86.415,27.766],[86.415,27.769],[86.415,27.772],[86.416,27.774],[86.419,27.777],[86.421,27.778],[86.423,27.781],[86.424,27.784],[86.421,27.787],[86.419,27.787],[86.418,27.79],[86.418,27.792],[86.421,27.797],[86.422,27.8],[86.422,27.802],[86.422,27.806],[86.422,27.809],[86.424,27.812],[86.426,27.814],[86.429,27.814],[86.433,27.816],[86.435,27.818],[86.436,27.821],[86.438,27.824],[86.44,27.826],[86.443,27.829],[86.446,27.831],[86.451,27.831],[86.455,27.83],[86.457,27.828],[86.459,27.826],[86.462,27.824],[86.466,27.823],[86.47,27.824],[86.474,27.823],[86.476,27.823],[86.479,27.822],[86.481,27.821],[86.483,27.818],[86.484,27.815],[86.484,27.812],[86.486,27.81],[86.49,27.809],[86.492,27.81],[86.495,27.81],[86.5,27.811],[86.502,27.811],[86.504,27.809],[86.508,27.807],[86.51,27.806],[86.512,27.806],[86.517,27.806],[86.519,27.806],[86.522,27.806],[86.525,27.806],[86.527,27.806],[86.529,27.806],[86.533,27.808],[86.536,27.808],[86.538,27.808],[86.54,27.808],[86.545,27.813],[86.549,27.812],[86.551,27.812],[86.553,27.811],[86.555,27.81],[86.558,27.81],[86.56,27.809],[86.565,27.808],[86.568,27.806],[86.57,27.805],[86.57,27.803],[86.57,27.801],[86.571,27.799],[86.572,27.798],[86.572,27.795],[86.571,27.793],[86.57,27.79],[86.57,27.788],[86.569,27.785],[86.569,27.782],[86.57,27.78],[86.568,27.776],[86.567,27.774],[86.567,27.771],[86.567,27.769],[86.568,27.767],[86.569,27.765],[86.571,27.762],[86.572,27.761],[86.574,27.759],[86.575,27.758],[86.574,27.756],[86.572,27.754],[86.57,27.753],[86.569,27.751],[86.568,27.75],[86.568,27.747],[86.568,27.746],[86.567,27.745],[86.564,27.743],[86.562,27.741],[86.561,27.739],[86.56,27.737],[86.56,27.734],[86.56,27.731],[86.559,27.728],[86.558,27.725],[86.557,27.722],[86.556,27.718],[86.555,27.716],[86.553,27.712],[86.552,27.71],[86.549,27.707],[86.547,27.705],[86.544,27.703],[86.542,27.7],[86.541,27.697],[86.539,27.694],[86.536,27.693],[86.533,27.692],[86.531,27.692],[86.526,27.692],[86.524,27.692],[86.522,27.692],[86.519,27.694],[86.517,27.696],[86.514,27.696],[86.512,27.696],[86.509,27.696],[86.506,27.696],[86.503,27.695],[86.498,27.694],[86.495,27.694],[86.493,27.693],[86.49,27.692],[86.488,27.691],[86.485,27.689],[86.482,27.688],[86.48,27.687],[86.477,27.685],[86.475,27.683],[86.473,27.682],[86.471,27.679],[86.469,27.678],[86.468,27.676],[86.464,27.674],[86.461,27.672],[86.461,27.672],[86.46,27.671],[86.459,27.664],[86.458,27.659],[86.459,27.651],[86.458,27.649],[86.455,27.645],[86.45,27.642],[86.447,27.637],[86.445,27.631],[86.441,27.625],[86.439,27.616],[86.438,27.613],[86.438,27.609],[86.438,27.609],[86.438,27.608],[86.435,27.607],[86.431,27.604],[86.428,27.602],[86.425,27.599],[86.424,27.597],[86.42,27.592],[86.418,27.591],[86.416,27.59],[86.415,27.589],[86.413,27.589],[86.412,27.588],[86.41,27.588],[86.408,27.587],[86.406,27.586],[86.404,27.585],[86.402,27.584],[86.399,27.583],[86.398,27.582],[86.395,27.581],[86.393,27.579],[86.391,27.578],[86.387,27.576],[86.385,27.574],[86.383,27.572],[86.382,27.571],[86.381,27.57],[86.38,27.569],[86.379,27.568],[86.378,27.568],[86.378,27.567],[86.377,27.566],[86.377,27.566],[86.377,27.565],[86.375,27.563],[86.374,27.561],[86.372,27.556],[86.371,27.552],[86.367,27.547],[86.364,27.543],[86.363,27.54],[86.361,27.536],[86.36,27.531],[86.359,27.528],[86.359,27.527]]]}},{"type":"Feature","properties":{"id":"Dolakha","name":"Dolakha","hq":"Bhimeshwar","province_id":3,"province":"Bagmati","level":"district"},"geometry":{"type":"Polygon","coordinates":[[[86.518,27.957],[86.519,27.955],[86.519,27.952],[86.52,27.949],[86.52,27.949],[86.52,27.946],[86.521,27.944],[86.523,27.942],[86.526,27.941],[86.529,27.941],[86.53,27.941],[86.533,27.941],[86.535,27.942],[86.537,27.94],[86.538,27.939],[86.54,27.937],[86.542,27.935],[86.544,27.934],[86.547,27.933],[86.55,27.931],[86.553,27.928],[86.553,27.925],[86.553,27.922],[86.555,27.92],[86.557,27.919],[86.559,27.92],[86.561,27.919],[86.561,27.918],[86.562,27.916],[86.561,27.914],[86.56,27.911],[86.558,27.908],[86.556,27.904],[86.555,27.9],[86.555,27.898],[86.554,27.895],[86.555,27.893],[86.556,27.89],[86.557,27.886],[86.557,27.882],[86.557,27.877],[86.556,27.873],[86.555,27.869],[86.556,27.865],[86.556,27.862],[86.556,27.859],[86.555,27.856],[86.554,27.852],[86.553,27.849],[86.552,27.846],[86.551,27.842],[86.551,27.84],[86.55,27.833],[86.549,27.831],[86.549,27.83],[86.548,27.827],[86.546,27.825],[86.545,27.824],[86.545,27.821],[86.544,27.819],[86.544,27.817],[86.544,27.814],[86.545,27.813],[86.54,27.808],[86.538,27.808],[86.536,27.808],[86.533,27.808],[86.529,27.806],[86.527,27.806],[86.525,27.806],[86.522,27.806],[86.519,27.806],[86.517,27.806],[86.512,27.806],[86.51,27.806],[86.508,27.807],[86.504,27.809],[86.502,27.811],[86.5,27.811],[86.495,27.81],[86.492,27.81],[86.49,27.809],[86.486,27.81],[86.484,27.812],[86.484,27.815],[86.483,27.818],[86.481,27.821],[86.479,27.822],[86.476,27.823],[86.474,27.823],[86.47,27.824],[86.466,27.823],[86.462,27.824],[86.459,27.826],[86.457,27.828],[86.455,27.83],[86.451,27.831],[86.446,27.831],[86.443,27.829],[86.44,27.826],[86.438,27.824],[86.436,27.821],[86.435,27.818],[86.433,27.816],[86.429,27.814],[86.426,27.814],[86.424,27.812],[86.422,27.809],[86.422,27.806],[86.422,27.802],[86.422,27.8],[86.421,27.797],[86.418,27.792],[86.418,27.79],[86.419,27.787],[86.421,27.787],[86.424,27.784],[86.423,27.781],[86.421,27.778],[86.419,27.777],[86.416,27.774],[86.415,27.772],[86.415,27.769],[86.415,27.766],[86.415,27.763],[86.414,27.76],[86.415,27.757],[86.415,27.754],[86.415,27.752],[86.416,27.75],[86.416,27.748],[86.417,27.745],[86.419,27.742],[86.421,27.74],[86.425,27.738],[86.427,27.736],[86.429,27.733],[86.429,27.729],[86.429,27.728],[86.427,27.722],[86.425,27.72],[86.424,27.72],[86.422,27.719],[86.421,27.719],[86.418,27.718],[86.414,27.718],[86.411,27.716],[86.41,27.715],[86.408,27.714],[86.406,27.712],[86.404,27.711],[86.401,27.709],[86.399,27.708],[86.397,27.707],[86.395,27.706],[86.394,27.705],[86.393,27.704],[86.391,27.702],[86.387,27.699],[86.385,27.697],[86.383,27.695],[86.38,27.694],[86.377,27.693],[86.375,27.693],[86.372,27.692],[86.368,27.693],[86.365,27.693],[86.364,27.693],[86.361,27.693],[86.36,27.693],[86.358,27.693],[86.357,27.692],[86.356,27.692],[86.353,27.69],[86.352,27.689],[86.35,27.688],[86.347,27.687],[86.344,27.685],[86.343,27.684],[86.342,27.682],[86.342,27.681],[86.341,27.679],[86.341,27.677],[86.341,27.671],[86.339,27.667],[86.338,27.666],[86.337,27.664],[86.336,27.663],[86.335,27.661],[86.334,27.66],[86.332,27.657],[86.33,27.657],[86.328,27.655],[86.326,27.654],[86.325,27.652],[86.323,27.65],[86.321,27.648],[86.32,27.647],[86.319,27.646],[86.318,27.645],[86.318,27.644],[86.317,27.643],[86.316,27.642],[86.314,27.641],[86.312,27.637],[86.312,27.635],[86.312,27.633],[86.312,27.629],[86.311,27.626],[86.31,27.624],[86.309,27.622],[86.309,27.62],[86.308,27.618],[86.306,27.617],[86.305,27.615],[86.305,27.615],[86.305,27.613],[86.304,27.612],[86.304,27.611],[86.303,27.61],[86.302,27.609],[86.3,27.609],[86.298,27.609],[86.297,27.609],[86.295,27.605],[86.293,27.605],[86.29,27.605],[86.289,27.605],[86.286,27.604],[86.285,27.602],[86.284,27.601],[86.282,27.599],[86.279,27.599],[86.277,27.598],[86.275,27.598],[86.272,27.597],[86.27,27.597],[86.267,27.597],[86.265,27.597],[86.262,27.596],[86.261,27.596],[86.256,27.594],[86.253,27.593],[86.25,27.592],[86.248,27.591],[86.246,27.59],[86.242,27.589],[86.24,27.589],[86.237,27.588],[86.234,27.588],[86.233,27.587],[86.232,27.587],[86.23,27.587],[86.227,27.586],[86.225,27.585],[86.22,27.585],[86.218,27.584],[86.214,27.583],[86.211,27.583],[86.209,27.583],[86.207,27.582],[86.205,27.582],[86.205,27.581],[86.204,27.58],[86.199,27.575],[86.197,27.573],[86.196,27.571],[86.193,27.569],[86.192,27.568],[86.19,27.566],[86.189,27.565],[86.188,27.564],[86.186,27.563],[86.184,27.561],[86.181,27.559],[86.179,27.557],[86.177,27.556],[86.175,27.554],[86.173,27.553],[86.172,27.551],[86.17,27.549],[86.169,27.548],[86.167,27.546],[86.164,27.543],[86.161,27.54],[86.16,27.538],[86.158,27.536],[86.158,27.534],[86.158,27.532],[86.158,27.53],[86.157,27.528],[86.157,27.526],[86.156,27.525],[86.156,27.523],[86.156,27.522],[86.155,27.521],[86.155,27.52],[86.154,27.519],[86.153,27.518],[86.152,27.516],[86.15,27.515],[86.148,27.512],[86.147,27.51],[86.147,27.509],[86.147,27.507],[86.148,27.505],[86.148,27.504],[86.148,27.502],[86.148,27.501],[86.147,27.5],[86.146,27.499],[86.143,27.497],[86.141,27.496],[86.14,27.495],[86.139,27.494],[86.138,27.493],[86.137,27.491],[86.135,27.49],[86.133,27.487],[86.132,27.486],[86.131,27.484],[86.131,27.484],[86.13,27.483],[86.129,27.482],[86.127,27.479],[86.124,27.476],[86.121,27.474],[86.119,27.475],[86.12,27.477],[86.12,27.478],[86.12,27.48],[86.118,27.482],[86.116,27.484],[86.115,27.486],[86.114,27.487],[86.113,27.489],[86.111,27.491],[86.11,27.493],[86.108,27.495],[86.107,27.497],[86.105,27.499],[86.103,27.501],[86.099,27.502],[86.091,27.501],[86.089,27.5],[86.085,27.499],[86.084,27.499],[86.082,27.5],[86.08,27.501],[86.077,27.502],[86.074,27.502],[86.072,27.502],[86.07,27.501],[86.068,27.499],[86.066,27.499],[86.063,27.5],[86.061,27.5],[86.059,27.5],[86.056,27.499],[86.054,27.499],[86.053,27.499],[86.047,27.498],[86.046,27.498],[86.044,27.499],[86.043,27.5],[86.042,27.501],[86.04,27.502],[86.037,27.503],[86.034,27.503],[86.032,27.504],[86.031,27.504],[86.029,27.504],[86.025,27.504],[86.02,27.502],[86.018,27.502],[86.017,27.502],[86.011,27.501],[86.01,27.502],[86.008,27.502],[86.007,27.503],[86.005,27.504],[86.004,27.505],[86.004,27.506],[86.003,27.507],[86.002,27.507],[85.999,27.509],[85.997,27.509],[85.996,27.509],[85.995,27.51],[85.993,27.511],[85.993,27.516],[85.994,27.519],[85.995,27.522],[85.996,27.524],[85.997,27.526],[85.993,27.532],[85.993,27.536],[85.994,27.539],[85.994,27.542],[85.994,27.546],[85.993,27.548],[85.991,27.55],[85.988,27.553],[85.987,27.554],[85.985,27.557],[85.984,27.559],[85.982,27.562],[85.98,27.566],[85.98,27.568],[85.98,27.57],[85.98,27.572],[85.979,27.575],[85.979,27.579],[85.978,27.582],[85.979,27.584],[85.979,27.586],[85.979,27.588],[85.978,27.59],[85.977,27.592],[85.977,27.593],[85.977,27.594],[85.976,27.595],[85.973,27.598],[85.971,27.598],[85.97,27.597],[85.968,27.597],[85.965,27.596],[85.962,27.594],[85.961,27.593],[85.959,27.592],[85.956,27.59],[85.953,27.592],[85.951,27.593],[85.949,27.594],[85.948,27.594],[85.947,27.595],[85.945,27.595],[85.945,27.59],[85.945,27.586],[85.943,27.583],[85.941,27.58],[85.938,27.576],[85.938,27.573],[85.938,27.571],[85.938,27.569],[85.938,27.567],[85.939,27.565],[85.939,27.564],[85.94,27.563],[85.937,27.561],[85.936,27.56],[85.933,27.56],[85.932,27.56],[85.928,27.561],[85.926,27.564],[85.925,27.567],[85.924,27.57],[85.923,27.572],[85.922,27.575],[85.917,27.575],[85.913,27.575],[85.911,27.575],[85.909,27.576],[85.907,27.577],[85.904,27.577],[85.902,27.577],[85.899,27.576],[85.897,27.574],[85.893,27.572],[85.89,27.572],[85.884,27.572],[85.881,27.572],[85.877,27.574],[85.873,27.575],[85.868,27.577],[85.864,27.578],[85.86,27.579],[85.857,27.579],[85.856,27.579],[85.854,27.579],[85.852,27.58],[85.853,27.581],[85.854,27.583],[85.854,27.586],[85.855,27.589],[85.858,27.591],[85.86,27.593],[85.863,27.595],[85.866,27.597],[85.869,27.598],[85.873,27.6],[85.873,27.602],[85.874,27.604],[85.874,27.605],[85.876,27.607],[85.877,27.609],[85.877,27.611],[85.878,27.612],[85.879,27.614],[85.881,27.615],[85.883,27.616],[85.885,27.617],[85.887,27.616],[85.889,27.614],[85.891,27.615],[85.892,27.617],[85.892,27.618],[85.891,27.619],[85.89,27.62],[85.891,27.622],[85.891,27.623],[85.893,27.624],[85.894,27.626],[85.898,27.628],[85.901,27.629],[85.903,27.63],[85.907,27.633],[85.909,27.634],[85.912,27.637],[85.913,27.638],[85.916,27.64],[85.916,27.641],[85.916,27.642],[85.915,27.644],[85.913,27.645],[85.912,27.648],[85.91,27.651],[85.908,27.654],[85.907,27.656],[85.907,27.657],[85.907,27.659],[85.908,27.662],[85.91,27.663],[85.912,27.667],[85.914,27.665],[85.916,27.666],[85.918,27.665],[85.921,27.664],[85.925,27.664],[85.928,27.664],[85.931,27.665],[85.935,27.666],[85.937,27.668],[85.941,27.669],[85.942,27.672],[85.942,27.674],[85.94,27.676],[85.939,27.678],[85.937,27.682],[85.937,27.684],[85.937,27.685],[85.94,27.689],[85.942,27.691],[85.943,27.693],[85.942,27.695],[85.941,27.698],[85.94,27.701],[85.94,27.703],[85.939,27.706],[85.939,27.708],[85.94,27.709],[85.941,27.71],[85.942,27.711],[85.944,27.713],[85.946,27.714],[85.947,27.715],[85.948,27.716],[85.951,27.719],[85.953,27.72],[85.954,27.722],[85.956,27.724],[85.957,27.726],[85.958,27.728],[85.96,27.731],[85.962,27.732],[85.963,27.734],[85.964,27.737],[85.966,27.739],[85.969,27.741],[85.973,27.741],[85.977,27.739],[85.979,27.738],[85.981,27.736],[85.982,27.735],[85.986,27.736],[85.99,27.737],[85.992,27.739],[85.995,27.74],[85.999,27.741],[86.002,27.742],[86.007,27.743],[86.01,27.744],[86.013,27.744],[86.016,27.743],[86.02,27.742],[86.023,27.741],[86.028,27.741],[86.03,27.741],[86.032,27.743],[86.036,27.748],[86.037,27.75],[86.038,27.751],[86.041,27.753],[86.041,27.755],[86.039,27.758],[86.037,27.76],[86.034,27.762],[86.031,27.765],[86.028,27.767],[86.027,27.769],[86.026,27.772],[86.026,27.776],[86.028,27.78],[86.029,27.783],[86.03,27.784],[86.032,27.788],[86.03,27.79],[86.028,27.793],[86.027,27.794],[86.026,27.796],[86.027,27.798],[86.028,27.803],[86.028,27.805],[86.026,27.807],[86.025,27.809],[86.024,27.812],[86.023,27.814],[86.021,27.816],[86.019,27.818],[86.017,27.821],[86.015,27.823],[86.013,27.826],[86.012,27.83],[86.012,27.833],[86.014,27.835],[86.016,27.838],[86.019,27.84],[86.021,27.843],[86.023,27.845],[86.027,27.847],[86.028,27.848],[86.03,27.85],[86.03,27.852],[86.031,27.854],[86.031,27.855],[86.032,27.858],[86.033,27.86],[86.034,27.863],[86.036,27.864],[86.038,27.866],[86.041,27.868],[86.044,27.869],[86.045,27.871],[86.046,27.873],[86.046,27.874],[86.047,27.877],[86.048,27.879],[86.05,27.882],[86.051,27.885],[86.052,27.887],[86.054,27.889],[86.055,27.891],[86.057,27.893],[86.06,27.894],[86.063,27.896],[86.063,27.897],[86.067,27.899],[86.067,27.901],[86.068,27.902],[86.069,27.903],[86.07,27.905],[86.07,27.907],[86.069,27.907],[86.068,27.909],[86.069,27.911],[86.072,27.912],[86.074,27.911],[86.077,27.91],[86.079,27.911],[86.081,27.912],[86.082,27.913],[86.084,27.914],[86.085,27.915],[86.086,27.916],[86.087,27.916],[86.088,27.917],[86.089,27.918],[86.094,27.919],[86.097,27.92],[86.101,27.922],[86.104,27.922],[86.108,27.923],[86.113,27.924],[86.115,27.925],[86.119,27.926],[86.123,27.928],[86.126,27.931],[86.126,27.934],[86.124,27.938],[86.121,27.941],[86.118,27.943],[86.116,27.945],[86.113,27.948],[86.111,27.95],[86.109,27.953],[86.108,27.956],[86.108,27.958],[86.107,27.961],[86.108,27.965],[86.108,27.967],[86.106,27.976],[86.105,27.979],[86.103,27.983],[86.101,27.987],[86.099,27.99],[86.097,27.994],[86.095,27.997],[86.094,28.0],[86.092,28.002],[86.089,28.005],[86.087,28.007],[86.085,28.01],[86.082,28.013],[86.08,28.016],[86.079,28.018],[86.078,28.022],[86.079,28.022],[86.081,28.023],[86.083,28.025],[86.086,28.027],[86.09,28.032],[86.09,28.034],[86.089,28.036],[86.089,28.039],[86.088,28.041],[86.088,28.044],[86.088,28.046],[86.088,28.048],[86.088,28.051],[86.089,28.054],[86.089,28.056],[86.091,28.058],[86.093,28.06],[86.095,28.061],[86.095,28.063],[86.095,28.065],[86.093,28.068],[86.092,28.069],[86.09,28.072],[86.088,28.075],[86.086,28.079],[86.084,28.083],[86.082,28.087],[86.081,28.09],[86.083,28.092],[86.087,28.094],[86.092,28.097],[86.096,28.097],[86.099,28.096],[86.102,28.094],[86.106,28.092],[86.109,28.091],[86.113,28.091],[86.117,28.092],[86.12,28.093],[86.123,28.095],[86.127,28.097],[86.129,28.103],[86.13,28.104],[86.131,28.106],[86.131,28.108],[86.131,28.11],[86.132,28.113],[86.133,28.115],[86.135,28.117],[86.138,28.117],[86.14,28.119],[86.141,28.121],[86.142,28.125],[86.144,28.126],[86.147,28.127],[86.151,28.129],[86.154,28.132],[86.156,28.134],[86.159,28.137],[86.162,28.138],[86.165,28.139],[86.169,28.14],[86.173,28.141],[86.176,28.142],[86.179,28.144],[86.179,28.147],[86.178,28.149],[86.176,28.152],[86.174,28.154],[86.175,28.158],[86.175,28.159],[86.174,28.163],[86.173,28.165],[86.174,28.168],[86.175,28.169],[86.178,28.171],[86.181,28.172],[86.184,28.172],[86.186,28.172],[86.188,28.17],[86.19,28.168],[86.192,28.165],[86.193,28.161],[86.195,28.158],[86.197,28.154],[86.196,28.151],[86.195,28.147],[86.196,28.144],[86.197,28.139],[86.198,28.137],[86.2,28.135],[86.202,28.133],[86.204,28.131],[86.207,28.128],[86.209,28.125],[86.211,28.122],[86.213,28.119],[86.214,28.116],[86.217,28.113],[86.219,28.11],[86.219,28.107],[86.22,28.104],[86.222,28.101],[86.221,28.096],[86.221,28.095],[86.219,28.094],[86.216,28.094],[86.212,28.094],[86.209,28.093],[86.207,28.091],[86.205,28.088],[86.205,28.083],[86.205,28.079],[86.206,28.076],[86.208,28.073],[86.21,28.069],[86.211,28.064],[86.212,28.062],[86.213,28.059],[86.214,28.056],[86.216,28.052],[86.218,28.049],[86.218,28.044],[86.219,28.041],[86.221,28.037],[86.224,28.034],[86.226,28.031],[86.227,28.028],[86.223,28.025],[86.222,28.023],[86.222,28.02],[86.222,28.016],[86.221,28.014],[86.222,28.009],[86.222,28.005],[86.223,28.001],[86.223,27.997],[86.223,27.992],[86.223,27.989],[86.224,27.984],[86.226,27.982],[86.229,27.977],[86.232,27.974],[86.235,27.972],[86.239,27.972],[86.243,27.973],[86.245,27.974],[86.248,27.975],[86.251,27.976],[86.254,27.976],[86.258,27.978],[86.265,27.978],[86.268,27.978],[86.271,27.978],[86.275,27.977],[86.277,27.976],[86.279,27.975],[86.281,27.975],[86.284,27.976],[86.288,27.976],[86.291,27.976],[86.294,27.975],[86.296,27.973],[86.297,27.971],[86.299,27.969],[86.3,27.966],[86.301,27.963],[86.302,27.961],[86.303,27.959],[86.305,27.957],[86.307,27.955],[86.31,27.953],[86.311,27.951],[86.314,27.948],[86.316,27.947],[86.318,27.948],[86.321,27.949],[86.322,27.951],[86.324,27.953],[86.326,27.955],[86.328,27.958],[86.329,27.96],[86.33,27.961],[86.331,27.962],[86.335,27.963],[86.335,27.962],[86.335,27.96],[86.336,27.958],[86.337,27.956],[86.339,27.953],[86.339,27.951],[86.338,27.95],[86.336,27.95],[86.335,27.949],[86.336,27.948],[86.338,27.947],[86.34,27.947],[86.342,27.945],[86.343,27.944],[86.345,27.941],[86.347,27.938],[86.348,27.938],[86.351,27.938],[86.353,27.939],[86.356,27.939],[86.36,27.94],[86.362,27.94],[86.366,27.941],[86.368,27.941],[86.37,27.941],[86.373,27.94],[86.376,27.939],[86.379,27.937],[86.382,27.935],[86.384,27.933],[86.386,27.932],[86.388,27.93],[86.389,27.928],[86.39,27.927],[86.391,27.926],[86.393,27.925],[86.396,27.923],[86.397,27.921],[86.399,27.919],[86.401,27.918],[86.403,27.916],[86.404,27.914],[86.406,27.912],[86.408,27.91],[86.41,27.907],[86.412,27.907],[86.416,27.907],[86.418,27.907],[86.421,27.907],[86.423,27.908],[86.428,27.908],[86.431,27.908],[86.433,27.908],[86.435,27.908],[86.437,27.908],[86.439,27.907],[86.441,27.907],[86.443,27.909],[86.444,27.91],[86.445,27.911],[86.446,27.912],[86.448,27.913],[86.449,27.914],[86.451,27.914],[86.453,27.915],[86.454,27.916],[86.456,27.917],[86.457,27.919],[86.462,27.923],[86.463,27.923],[86.464,27.925],[86.466,27.927],[86.468,27.928],[86.469,27.93],[86.469,27.932],[86.469,27.934],[86.469,27.937],[86.468,27.939],[86.467,27.941],[86.468,27.944],[86.47,27.946],[86.475,27.948],[86.477,27.948],[86.48,27.948],[86.483,27.949],[86.485,27.95],[86.488,27.95],[86.491,27.951],[86.493,27.952],[86.495,27.953],[86.498,27.955],[86.501,27.956],[86.504,27.956],[86.507,27.956],[86.509,27.956],[86.511,27.956],[86.514,27.956],[86.518,27.957]]]}},{"type":"Feature","properties":{"id":"Bhaktapur","name":"Bhaktapur","hq":"Bhaktapur","province_id":3,"province":"Bagmati","level":"district"},"geometry":{"type":"Polygon","coordinates":[[[85.524,27.728],[85.528,27.726],[85.529,27.724],[85.528,27.721],[85.527,27.717],[85.527,27.715],[85.527,27.71],[85.527,27.707],[85.526,27.701],[85.525,27.698],[85.525,27.695],[85.523,27.692],[85.52,27.691],[85.515,27.69],[85.512,27.69],[85.509,27.688],[85.507,27.683],[85.505,27.68],[85.502,27.674],[85.5,27.67],[85.498,27.666],[85.497,27.663],[85.495,27.655],[85.493,27.651],[85.491,27.648],[85.488,27.646],[85.485,27.646],[85.482,27.645],[85.478,27.643],[85.475,27.64],[85.473,27.637],[85.471,27.635],[85.469,27.634],[85.465,27.634],[85.462,27.634],[85.457,27.634],[85.454,27.633],[85.451,27.631],[85.446,27.629],[85.441,27.628],[85.436,27.626],[85.431,27.624],[85.428,27.623],[85.425,27.622],[85.421,27.621],[85.42,27.62],[85.418,27.623],[85.417,27.624],[85.416,27.626],[85.414,27.628],[85.413,27.629],[85.412,27.63],[85.411,27.631],[85.409,27.633],[85.407,27.634],[85.405,27.635],[85.404,27.636],[85.403,27.637],[85.402,27.638],[85.4,27.639],[85.399,27.641],[85.396,27.644],[85.395,27.646],[85.393,27.647],[85.392,27.648],[85.391,27.649],[85.39,27.65],[85.389,27.651],[85.387,27.652],[85.386,27.653],[85.384,27.654],[85.382,27.654],[85.379,27.656],[85.377,27.656],[85.372,27.658],[85.371,27.659],[85.369,27.66],[85.368,27.661],[85.367,27.661],[85.364,27.662],[85.364,27.663],[85.363,27.664],[85.363,27.666],[85.362,27.668],[85.361,27.669],[85.358,27.669],[85.36,27.672],[85.36,27.673],[85.36,27.675],[85.361,27.677],[85.361,27.678],[85.362,27.681],[85.363,27.683],[85.366,27.685],[85.367,27.687],[85.369,27.688],[85.37,27.689],[85.373,27.69],[85.376,27.691],[85.377,27.691],[85.379,27.692],[85.383,27.695],[85.384,27.695],[85.388,27.698],[85.391,27.7],[85.393,27.7],[85.398,27.702],[85.399,27.703],[85.402,27.705],[85.404,27.707],[85.405,27.708],[85.407,27.709],[85.411,27.712],[85.414,27.715],[85.414,27.717],[85.415,27.72],[85.417,27.721],[85.419,27.721],[85.422,27.721],[85.425,27.723],[85.427,27.723],[85.431,27.725],[85.435,27.727],[85.437,27.727],[85.44,27.727],[85.443,27.726],[85.446,27.726],[85.449,27.725],[85.451,27.724],[85.455,27.722],[85.457,27.721],[85.458,27.721],[85.46,27.72],[85.462,27.72],[85.465,27.72],[85.469,27.721],[85.469,27.721],[85.476,27.719],[85.478,27.72],[85.48,27.72],[85.484,27.721],[85.487,27.721],[85.489,27.722],[85.49,27.722],[85.493,27.722],[85.495,27.723],[85.497,27.723],[85.5,27.724],[85.502,27.724],[85.504,27.724],[85.507,27.724],[85.508,27.724],[85.512,27.725],[85.513,27.726],[85.516,27.726],[85.518,27.727],[85.524,27.728]]]}},{"type":"Feature","properties":{"id":"Dhading","name":"Dhading","hq":"Nilkantha","province_id":3,"province":"Bagmati","level":"district"},"geometry":{"type":"Polygon","coordinates":[[[85.109,28.344],[85.111,28.342],[85.112,28.341],[85.113,28.34],[85.115,28.338],[85.117,28.337],[85.119,28.336],[85.12,28.336],[85.121,28.336],[85.123,28.335],[85.122,28.332],[85.122,28.329],[85.122,28.326],[85.123,28.323],[85.124,28.321],[85.126,28.317],[85.128,28.314],[85.131,28.311],[85.133,28.309],[85.135,28.307],[85.138,28.303],[85.141,28.301],[85.145,28.299],[85.147,28.297],[85.151,28.295],[85.156,28.291],[85.159,28.289],[85.161,28.285],[85.163,28.281],[85.164,28.278],[85.167,28.275],[85.169,28.274],[85.172,28.273],[85.174,28.274],[85.176,28.274],[85.178,28.275],[85.181,28.276],[85.183,28.274],[85.185,28.273],[85.185,28.272],[85.188,28.268],[85.192,28.264],[85.194,28.263],[85.197,28.261],[85.2,28.259],[85.201,28.256],[85.203,28.254],[85.205,28.25],[85.206,28.248],[85.208,28.245],[85.21,28.242],[85.214,28.239],[85.216,28.236],[85.218,28.234],[85.22,28.231],[85.22,28.228],[85.22,28.222],[85.219,28.219],[85.217,28.216],[85.216,28.214],[85.214,28.21],[85.212,28.208],[85.21,28.207],[85.207,28.205],[85.205,28.204],[85.204,28.202],[85.203,28.198],[85.202,28.194],[85.201,28.191],[85.201,28.188],[85.201,28.183],[85.2,28.18],[85.2,28.178],[85.199,28.176],[85.199,28.174],[85.197,28.172],[85.197,28.167],[85.193,28.164],[85.189,28.162],[85.185,28.161],[85.181,28.16],[85.177,28.157],[85.173,28.154],[85.168,28.15],[85.165,28.146],[85.161,28.143],[85.159,28.14],[85.158,28.135],[85.16,28.131],[85.162,28.127],[85.163,28.124],[85.162,28.119],[85.16,28.117],[85.156,28.115],[85.152,28.113],[85.145,28.111],[85.141,28.11],[85.136,28.109],[85.132,28.107],[85.128,28.106],[85.126,28.104],[85.124,28.102],[85.125,28.096],[85.126,28.094],[85.126,28.092],[85.127,28.09],[85.127,28.086],[85.124,28.084],[85.122,28.081],[85.118,28.079],[85.114,28.078],[85.113,28.077],[85.109,28.076],[85.106,28.075],[85.102,28.074],[85.098,28.073],[85.095,28.072],[85.092,28.071],[85.09,28.07],[85.083,28.069],[85.081,28.069],[85.079,28.068],[85.076,28.064],[85.073,28.062],[85.072,28.061],[85.071,28.059],[85.07,28.057],[85.068,28.055],[85.066,28.053],[85.064,28.051],[85.062,28.049],[85.054,28.047],[85.052,28.046],[85.051,28.046],[85.05,28.045],[85.048,28.044],[85.046,28.042],[85.044,28.04],[85.043,28.038],[85.042,28.037],[85.04,28.036],[85.04,28.035],[85.038,28.034],[85.037,28.033],[85.029,28.029],[85.028,28.028],[85.026,28.028],[85.025,28.028],[85.022,28.028],[85.014,28.025],[85.011,28.025],[85.008,28.025],[85.007,28.025],[85.005,28.025],[85.004,28.026],[85.001,28.027],[84.999,28.027],[84.996,28.027],[84.994,28.028],[84.992,28.028],[84.99,28.028],[84.993,28.021],[84.995,28.018],[84.996,28.015],[84.998,28.011],[84.999,28.008],[85.002,28.005],[85.005,28.002],[85.008,27.999],[85.009,27.997],[85.01,27.995],[85.014,27.995],[85.016,27.99],[85.016,27.987],[85.016,27.983],[85.016,27.98],[85.017,27.977],[85.017,27.975],[85.018,27.971],[85.018,27.968],[85.017,27.964],[85.016,27.96],[85.014,27.957],[85.012,27.954],[85.011,27.952],[85.01,27.951],[85.01,27.95],[85.009,27.948],[85.009,27.943],[85.009,27.94],[85.01,27.937],[85.009,27.934],[85.009,27.932],[85.009,27.929],[85.009,27.926],[85.009,27.923],[85.008,27.919],[85.008,27.915],[85.008,27.912],[85.009,27.909],[85.01,27.904],[85.01,27.901],[85.011,27.897],[85.012,27.891],[85.013,27.887],[85.013,27.884],[85.013,27.878],[85.014,27.875],[85.015,27.872],[85.017,27.869],[85.019,27.866],[85.021,27.864],[85.023,27.861],[85.024,27.858],[85.024,27.856],[85.025,27.854],[85.025,27.853],[85.025,27.85],[85.025,27.848],[85.025,27.845],[85.025,27.844],[85.023,27.842],[85.022,27.841],[85.022,27.839],[85.022,27.836],[85.021,27.835],[85.02,27.831],[85.02,27.829],[85.02,27.827],[85.019,27.824],[85.018,27.822],[85.017,27.82],[85.015,27.813],[85.014,27.809],[85.017,27.811],[85.019,27.812],[85.021,27.813],[85.025,27.814],[85.027,27.815],[85.031,27.816],[85.034,27.816],[85.037,27.816],[85.04,27.815],[85.044,27.814],[85.046,27.813],[85.047,27.811],[85.048,27.81],[85.048,27.807],[85.049,27.804],[85.051,27.802],[85.052,27.8],[85.053,27.798],[85.056,27.796],[85.058,27.795],[85.061,27.794],[85.064,27.793],[85.066,27.793],[85.069,27.792],[85.071,27.792],[85.073,27.792],[85.076,27.792],[85.078,27.792],[85.085,27.789],[85.088,27.788],[85.09,27.787],[85.094,27.785],[85.096,27.783],[85.099,27.781],[85.101,27.779],[85.102,27.779],[85.107,27.776],[85.11,27.775],[85.112,27.774],[85.115,27.773],[85.117,27.77],[85.118,27.768],[85.12,27.765],[85.121,27.763],[85.123,27.761],[85.126,27.761],[85.128,27.761],[85.131,27.762],[85.133,27.763],[85.136,27.764],[85.137,27.765],[85.139,27.765],[85.144,27.765],[85.146,27.765],[85.148,27.765],[85.153,27.764],[85.154,27.765],[85.156,27.766],[85.158,27.766],[85.16,27.766],[85.162,27.766],[85.164,27.765],[85.165,27.766],[85.169,27.766],[85.173,27.766],[85.174,27.767],[85.178,27.769],[85.18,27.771],[85.182,27.771],[85.183,27.771],[85.186,27.77],[85.189,27.77],[85.192,27.769],[85.195,27.769],[85.197,27.769],[85.198,27.77],[85.2,27.77],[85.206,27.77],[85.208,27.77],[85.21,27.771],[85.213,27.771],[85.216,27.772],[85.218,27.772],[85.219,27.773],[85.221,27.773],[85.223,27.773],[85.225,27.773],[85.228,27.772],[85.229,27.773],[85.23,27.773],[85.231,27.773],[85.233,27.774],[85.236,27.774],[85.238,27.773],[85.239,27.773],[85.24,27.774],[85.245,27.774],[85.246,27.775],[85.248,27.775],[85.249,27.775],[85.25,27.776],[85.252,27.776],[85.254,27.777],[85.256,27.778],[85.258,27.778],[85.259,27.779],[85.261,27.779],[85.266,27.776],[85.267,27.774],[85.267,27.771],[85.268,27.768],[85.268,27.765],[85.27,27.762],[85.271,27.759],[85.271,27.755],[85.27,27.751],[85.268,27.748],[85.263,27.747],[85.258,27.748],[85.255,27.748],[85.249,27.744],[85.245,27.744],[85.241,27.744],[85.237,27.741],[85.236,27.738],[85.235,27.734],[85.235,27.73],[85.234,27.726],[85.233,27.723],[85.231,27.72],[85.227,27.717],[85.223,27.715],[85.219,27.714],[85.215,27.712],[85.21,27.709],[85.208,27.706],[85.205,27.704],[85.201,27.7],[85.199,27.697],[85.197,27.693],[85.195,27.689],[85.193,27.686],[85.192,27.683],[85.19,27.679],[85.185,27.679],[85.18,27.678],[85.175,27.677],[85.172,27.676],[85.165,27.672],[85.16,27.672],[85.156,27.671],[85.15,27.669],[85.146,27.668],[85.142,27.67],[85.138,27.674],[85.135,27.678],[85.131,27.681],[85.128,27.682],[85.121,27.683],[85.12,27.684],[85.12,27.684],[85.117,27.684],[85.114,27.685],[85.111,27.686],[85.105,27.686],[85.094,27.688],[85.086,27.69],[85.085,27.69],[85.084,27.692],[85.084,27.694],[85.084,27.697],[85.084,27.701],[85.084,27.701],[85.082,27.702],[85.082,27.702],[85.077,27.703],[85.072,27.701],[85.069,27.7],[85.065,27.701],[85.059,27.703],[85.056,27.706],[85.052,27.708],[85.047,27.709],[85.043,27.71],[85.039,27.709],[85.033,27.708],[85.029,27.707],[85.025,27.706],[85.021,27.705],[85.017,27.704],[85.012,27.703],[85.008,27.703],[85.004,27.704],[84.999,27.705],[84.996,27.706],[84.993,27.705],[84.988,27.704],[84.984,27.703],[84.981,27.7],[84.976,27.697],[84.975,27.695],[84.975,27.695],[84.973,27.695],[84.969,27.693],[84.967,27.693],[84.963,27.691],[84.959,27.689],[84.954,27.688],[84.95,27.686],[84.94,27.687],[84.935,27.688],[84.927,27.688],[84.924,27.69],[84.921,27.691],[84.916,27.695],[84.913,27.697],[84.912,27.697],[84.908,27.698],[84.903,27.696],[84.9,27.694],[84.899,27.692],[84.898,27.689],[84.895,27.684],[84.894,27.682],[84.894,27.682],[84.893,27.68],[84.89,27.676],[84.888,27.672],[84.886,27.669],[84.882,27.668],[84.879,27.669],[84.875,27.672],[84.872,27.675],[84.869,27.677],[84.867,27.678],[84.862,27.68],[84.858,27.682],[84.854,27.684],[84.849,27.686],[84.845,27.688],[84.841,27.689],[84.837,27.69],[84.831,27.691],[84.829,27.69],[84.825,27.688],[84.821,27.683],[84.817,27.679],[84.813,27.677],[84.809,27.674],[84.806,27.671],[84.801,27.669],[84.8,27.67],[84.798,27.674],[84.797,27.678],[84.798,27.683],[84.796,27.687],[84.791,27.689],[84.79,27.69],[84.791,27.694],[84.794,27.698],[84.794,27.701],[84.793,27.705],[84.791,27.708],[84.789,27.711],[84.785,27.713],[84.782,27.715],[84.778,27.717],[84.774,27.719],[84.771,27.722],[84.769,27.724],[84.765,27.729],[84.761,27.731],[84.757,27.733],[84.752,27.733],[84.749,27.734],[84.743,27.732],[84.739,27.731],[84.734,27.73],[84.729,27.728],[84.722,27.727],[84.717,27.727],[84.713,27.728],[84.71,27.727],[84.705,27.726],[84.702,27.725],[84.699,27.724],[84.695,27.722],[84.692,27.722],[84.689,27.724],[84.686,27.725],[84.683,27.727],[84.68,27.73],[84.676,27.733],[84.673,27.735],[84.672,27.738],[84.675,27.742],[84.678,27.746],[84.679,27.75],[84.681,27.753],[84.682,27.756],[84.684,27.759],[84.687,27.762],[84.689,27.765],[84.688,27.767],[84.685,27.768],[84.683,27.768],[84.68,27.769],[84.678,27.771],[84.677,27.775],[84.675,27.778],[84.671,27.782],[84.668,27.785],[84.665,27.788],[84.662,27.793],[84.659,27.796],[84.657,27.797],[84.655,27.799],[84.656,27.801],[84.658,27.803],[84.661,27.805],[84.664,27.808],[84.667,27.81],[84.669,27.811],[84.67,27.811],[84.674,27.816],[84.68,27.814],[84.683,27.813],[84.686,27.812],[84.69,27.813],[84.693,27.813],[84.696,27.812],[84.697,27.811],[84.699,27.811],[84.703,27.808],[84.705,27.807],[84.706,27.806],[84.707,27.805],[84.708,27.804],[84.71,27.802],[84.712,27.801],[84.714,27.801],[84.717,27.801],[84.72,27.8],[84.723,27.799],[84.725,27.798],[84.727,27.797],[84.729,27.796],[84.733,27.796],[84.735,27.798],[84.736,27.799],[84.738,27.801],[84.738,27.802],[84.74,27.804],[84.742,27.805],[84.746,27.805],[84.748,27.805],[84.75,27.805],[84.752,27.806],[84.755,27.807],[84.756,27.808],[84.758,27.809],[84.76,27.81],[84.762,27.813],[84.763,27.816],[84.765,27.817],[84.767,27.818],[84.773,27.815],[84.774,27.814],[84.775,27.813],[84.776,27.812],[84.777,27.811],[84.779,27.812],[84.781,27.814],[84.781,27.816],[84.781,27.818],[84.78,27.819],[84.78,27.821],[84.779,27.823],[84.778,27.824],[84.778,27.826],[84.777,27.829],[84.777,27.831],[84.777,27.833],[84.777,27.836],[84.776,27.838],[84.775,27.839],[84.774,27.841],[84.766,27.858],[84.763,27.861],[84.761,27.862],[84.76,27.864],[84.758,27.866],[84.758,27.867],[84.757,27.869],[84.756,27.871],[84.754,27.872],[84.753,27.874],[84.751,27.875],[84.75,27.877],[84.749,27.88],[84.749,27.883],[84.747,27.885],[84.746,27.886],[84.744,27.887],[84.742,27.889],[84.74,27.89],[84.739,27.891],[84.738,27.894],[84.737,27.897],[84.737,27.899],[84.736,27.901],[84.736,27.903],[84.735,27.91],[84.735,27.912],[84.735,27.914],[84.734,27.92],[84.734,27.922],[84.735,27.925],[84.736,27.929],[84.736,27.931],[84.737,27.934],[84.739,27.936],[84.74,27.941],[84.741,27.943],[84.742,27.945],[84.743,27.947],[84.744,27.948],[84.745,27.951],[84.746,27.953],[84.747,27.955],[84.749,27.957],[84.75,27.958],[84.753,27.96],[84.756,27.961],[84.758,27.962],[84.76,27.963],[84.765,27.965],[84.767,27.966],[84.769,27.967],[84.77,27.967],[84.773,27.969],[84.778,27.974],[84.779,27.976],[84.78,27.977],[84.781,27.978],[84.785,27.98],[84.787,27.982],[84.788,27.984],[84.789,27.986],[84.79,27.989],[84.791,27.992],[84.792,27.994],[84.795,27.996],[84.799,27.999],[84.801,27.999],[84.803,28.0],[84.806,28.0],[84.808,28.001],[84.81,28.002],[84.812,28.002],[84.814,28.004],[84.816,28.006],[84.816,28.007],[84.815,28.01],[84.814,28.012],[84.814,28.014],[84.814,28.017],[84.815,28.019],[84.816,28.022],[84.817,28.025],[84.816,28.028],[84.815,28.029],[84.813,28.033],[84.813,28.035],[84.813,28.038],[84.813,28.041],[84.815,28.043],[84.817,28.045],[84.819,28.047],[84.821,28.049],[84.821,28.051],[84.821,28.053],[84.821,28.057],[84.822,28.06],[84.823,28.062],[84.823,28.063],[84.824,28.064],[84.825,28.065],[84.827,28.068],[84.827,28.071],[84.828,28.074],[84.83,28.077],[84.831,28.08],[84.832,28.083],[84.833,28.086],[84.834,28.089],[84.835,28.091],[84.836,28.093],[84.836,28.095],[84.837,28.098],[84.839,28.1],[84.839,28.102],[84.839,28.104],[84.84,28.105],[84.842,28.106],[84.842,28.108],[84.843,28.11],[84.843,28.112],[84.844,28.114],[84.846,28.116],[84.855,28.114],[84.857,28.113],[84.859,28.111],[84.862,28.111],[84.865,28.111],[84.868,28.11],[84.872,28.109],[84.876,28.11],[84.881,28.11],[84.884,28.11],[84.888,28.108],[84.892,28.106],[84.895,28.106],[84.898,28.105],[84.901,28.104],[84.907,28.104],[84.91,28.103],[84.913,28.103],[84.917,28.104],[84.92,28.105],[84.923,28.106],[84.924,28.108],[84.926,28.111],[84.926,28.114],[84.928,28.117],[84.93,28.12],[84.933,28.123],[84.936,28.124],[84.943,28.124],[84.947,28.124],[84.95,28.124],[84.953,28.126],[84.956,28.128],[84.956,28.132],[84.956,28.135],[84.955,28.144],[84.956,28.146],[84.957,28.149],[84.958,28.151],[84.959,28.153],[84.96,28.155],[84.961,28.158],[84.962,28.16],[84.963,28.162],[84.964,28.167],[84.966,28.172],[84.967,28.174],[84.968,28.177],[84.969,28.179],[84.97,28.182],[84.972,28.185],[84.973,28.189],[84.973,28.193],[84.972,28.197],[84.97,28.202],[84.967,28.204],[84.965,28.207],[84.964,28.21],[84.964,28.214],[84.968,28.217],[84.97,28.219],[84.977,28.226],[84.981,28.23],[84.982,28.232],[84.986,28.235],[84.989,28.238],[84.993,28.241],[84.997,28.245],[85.002,28.248],[85.006,28.252],[85.009,28.255],[85.012,28.257],[85.019,28.264],[85.024,28.267],[85.027,28.27],[85.031,28.274],[85.034,28.277],[85.036,28.28],[85.037,28.282],[85.038,28.283],[85.038,28.29],[85.037,28.292],[85.037,28.294],[85.036,28.301],[85.036,28.304],[85.037,28.305],[85.037,28.308],[85.039,28.312],[85.041,28.315],[85.043,28.319],[85.046,28.322],[85.049,28.324],[85.053,28.327],[85.058,28.33],[85.062,28.334],[85.066,28.335],[85.07,28.338],[85.073,28.339],[85.077,28.342],[85.083,28.343],[85.087,28.344],[85.091,28.344],[85.096,28.344],[85.1,28.344],[85.104,28.344],[85.109,28.344]]]}},{"type":"Feature","properties":{"id":"Kathmandu","name":"Kathmandu","hq":"Kathmandu","province_id":3,"province":"Bagmati","level":"district"},"geometry":{"type":"Polygon","coordinates":[[[85.261,27.779],[85.27,27.779],[85.272,27.78],[85.275,27.782],[85.277,27.784],[85.28,27.786],[85.284,27.79],[85.287,27.794],[85.29,27.797],[85.292,27.8],[85.295,27.803],[85.298,27.807],[85.301,27.809],[85.304,27.811],[85.308,27.813],[85.311,27.813],[85.317,27.813],[85.322,27.813],[85.325,27.813],[85.327,27.813],[85.329,27.813],[85.333,27.813],[85.336,27.813],[85.338,27.812],[85.341,27.812],[85.345,27.812],[85.347,27.812],[85.35,27.812],[85.357,27.812],[85.359,27.812],[85.361,27.811],[85.364,27.811],[85.369,27.811],[85.371,27.81],[85.373,27.81],[85.38,27.81],[85.383,27.81],[85.387,27.812],[85.391,27.814],[85.392,27.814],[85.395,27.815],[85.403,27.814],[85.407,27.813],[85.41,27.812],[85.415,27.812],[85.418,27.812],[85.422,27.812],[85.426,27.811],[85.431,27.811],[85.435,27.812],[85.439,27.812],[85.443,27.812],[85.446,27.813],[85.449,27.813],[85.45,27.814],[85.451,27.817],[85.456,27.816],[85.459,27.815],[85.461,27.813],[85.463,27.811],[85.465,27.807],[85.466,27.802],[85.467,27.798],[85.467,27.794],[85.469,27.788],[85.472,27.784],[85.474,27.783],[85.478,27.783],[85.481,27.783],[85.486,27.782],[85.488,27.782],[85.49,27.781],[85.493,27.78],[85.496,27.778],[85.499,27.777],[85.5,27.775],[85.501,27.774],[85.503,27.769],[85.504,27.765],[85.504,27.761],[85.504,27.757],[85.502,27.752],[85.501,27.748],[85.5,27.744],[85.5,27.74],[85.502,27.737],[85.506,27.734],[85.509,27.733],[85.513,27.732],[85.518,27.731],[85.52,27.73],[85.523,27.729],[85.524,27.728],[85.518,27.727],[85.516,27.726],[85.513,27.726],[85.512,27.725],[85.508,27.724],[85.507,27.724],[85.504,27.724],[85.502,27.724],[85.5,27.724],[85.497,27.723],[85.495,27.723],[85.493,27.722],[85.49,27.722],[85.489,27.722],[85.487,27.721],[85.484,27.721],[85.48,27.72],[85.478,27.72],[85.476,27.719],[85.469,27.721],[85.469,27.721],[85.465,27.72],[85.462,27.72],[85.46,27.72],[85.458,27.721],[85.457,27.721],[85.455,27.722],[85.451,27.724],[85.449,27.725],[85.446,27.726],[85.443,27.726],[85.44,27.727],[85.437,27.727],[85.435,27.727],[85.431,27.725],[85.427,27.723],[85.425,27.723],[85.422,27.721],[85.419,27.721],[85.417,27.721],[85.415,27.72],[85.414,27.717],[85.414,27.715],[85.411,27.712],[85.407,27.709],[85.405,27.708],[85.404,27.707],[85.402,27.705],[85.399,27.703],[85.398,27.702],[85.393,27.7],[85.391,27.7],[85.388,27.698],[85.384,27.695],[85.383,27.695],[85.379,27.692],[85.377,27.691],[85.376,27.691],[85.373,27.69],[85.37,27.689],[85.369,27.688],[85.367,27.687],[85.366,27.685],[85.363,27.683],[85.362,27.681],[85.361,27.678],[85.361,27.677],[85.36,27.675],[85.36,27.673],[85.36,27.672],[85.358,27.669],[85.354,27.667],[85.352,27.667],[85.35,27.667],[85.348,27.668],[85.346,27.669],[85.344,27.671],[85.343,27.672],[85.339,27.675],[85.337,27.676],[85.336,27.677],[85.334,27.679],[85.333,27.68],[85.331,27.682],[85.33,27.683],[85.329,27.683],[85.325,27.686],[85.323,27.687],[85.32,27.689],[85.316,27.69],[85.314,27.691],[85.309,27.691],[85.307,27.691],[85.306,27.69],[85.304,27.69],[85.3,27.686],[85.3,27.685],[85.299,27.684],[85.298,27.681],[85.298,27.68],[85.297,27.677],[85.296,27.674],[85.295,27.672],[85.294,27.669],[85.295,27.667],[85.296,27.665],[85.296,27.664],[85.297,27.663],[85.296,27.66],[85.295,27.658],[85.293,27.656],[85.291,27.654],[85.289,27.652],[85.289,27.651],[85.288,27.649],[85.287,27.648],[85.286,27.646],[85.284,27.644],[85.284,27.64],[85.284,27.639],[85.285,27.637],[85.286,27.636],[85.287,27.635],[85.289,27.634],[85.293,27.631],[85.294,27.629],[85.295,27.626],[85.295,27.625],[85.294,27.622],[85.294,27.619],[85.293,27.616],[85.293,27.613],[85.292,27.61],[85.293,27.608],[85.294,27.607],[85.294,27.606],[85.294,27.605],[85.292,27.604],[85.292,27.602],[85.291,27.6],[85.289,27.598],[85.288,27.597],[85.285,27.596],[85.283,27.595],[85.282,27.593],[85.282,27.591],[85.281,27.589],[85.281,27.587],[85.28,27.585],[85.279,27.583],[85.279,27.582],[85.277,27.581],[85.275,27.579],[85.274,27.578],[85.273,27.577],[85.272,27.577],[85.271,27.576],[85.27,27.575],[85.268,27.573],[85.267,27.576],[85.264,27.578],[85.261,27.578],[85.257,27.579],[85.253,27.579],[85.248,27.58],[85.244,27.581],[85.24,27.583],[85.236,27.584],[85.233,27.586],[85.231,27.589],[85.231,27.591],[85.234,27.595],[85.237,27.598],[85.24,27.601],[85.241,27.604],[85.241,27.61],[85.239,27.615],[85.238,27.619],[85.235,27.623],[85.233,27.624],[85.229,27.625],[85.225,27.625],[85.22,27.625],[85.214,27.626],[85.211,27.627],[85.208,27.628],[85.206,27.63],[85.208,27.633],[85.212,27.634],[85.215,27.636],[85.217,27.639],[85.218,27.641],[85.219,27.642],[85.222,27.646],[85.225,27.649],[85.226,27.651],[85.227,27.653],[85.227,27.657],[85.226,27.657],[85.223,27.658],[85.22,27.659],[85.217,27.66],[85.213,27.662],[85.209,27.664],[85.207,27.665],[85.205,27.667],[85.202,27.67],[85.197,27.673],[85.194,27.675],[85.192,27.677],[85.19,27.679],[85.192,27.683],[85.193,27.686],[85.195,27.689],[85.197,27.693],[85.199,27.697],[85.201,27.7],[85.205,27.704],[85.208,27.706],[85.21,27.709],[85.215,27.712],[85.219,27.714],[85.223,27.715],[85.227,27.717],[85.231,27.72],[85.233,27.723],[85.234,27.726],[85.235,27.73],[85.235,27.734],[85.236,27.738],[85.237,27.741],[85.241,27.744],[85.245,27.744],[85.249,27.744],[85.255,27.748],[85.258,27.748],[85.263,27.747],[85.268,27.748],[85.27,27.751],[85.271,27.755],[85.271,27.759],[85.27,27.762],[85.268,27.765],[85.268,27.768],[85.267,27.771],[85.267,27.774],[85.266,27.776],[85.261,27.779]]]}},{"type":"Feature","properties":{"id":"Kavrepalanchowk","name":"Kavrepalanchowk","hq":"Dhulikhel","province_id":3,"province":"Bagmati","level":"district"},"geometry":{"type":"Polygon","coordinates":[[[85.501,27.774],[85.508,27.775],[85.511,27.776],[85.517,27.777],[85.52,27.779],[85.524,27.781],[85.528,27.783],[85.531,27.784],[85.536,27.786],[85.539,27.786],[85.545,27.785],[85.549,27.783],[85.551,27.781],[85.554,27.777],[85.555,27.774],[85.556,27.77],[85.557,27.769],[85.56,27.763],[85.562,27.759],[85.565,27.756],[85.567,27.753],[85.57,27.751],[85.57,27.75],[85.579,27.746],[85.583,27.745],[85.585,27.745],[85.588,27.744],[85.59,27.744],[85.592,27.743],[85.595,27.743],[85.598,27.742],[85.601,27.742],[85.603,27.743],[85.608,27.745],[85.609,27.744],[85.61,27.743],[85.611,27.742],[85.613,27.741],[85.614,27.739],[85.616,27.737],[85.624,27.73],[85.626,27.729],[85.629,27.727],[85.631,27.725],[85.633,27.723],[85.636,27.722],[85.639,27.721],[85.642,27.72],[85.644,27.72],[85.647,27.719],[85.649,27.718],[85.652,27.717],[85.656,27.715],[85.66,27.711],[85.662,27.71],[85.664,27.708],[85.667,27.707],[85.669,27.705],[85.671,27.704],[85.673,27.702],[85.676,27.701],[85.678,27.699],[85.681,27.694],[85.682,27.69],[85.683,27.687],[85.684,27.684],[85.686,27.682],[85.688,27.679],[85.688,27.677],[85.691,27.673],[85.692,27.67],[85.694,27.668],[85.695,27.665],[85.696,27.663],[85.697,27.661],[85.7,27.658],[85.701,27.657],[85.702,27.656],[85.704,27.653],[85.704,27.652],[85.704,27.651],[85.705,27.645],[85.706,27.642],[85.706,27.64],[85.708,27.639],[85.709,27.639],[85.711,27.641],[85.711,27.643],[85.712,27.645],[85.712,27.647],[85.712,27.649],[85.713,27.651],[85.714,27.654],[85.716,27.656],[85.718,27.657],[85.719,27.66],[85.724,27.664],[85.726,27.666],[85.728,27.668],[85.729,27.67],[85.73,27.672],[85.733,27.674],[85.741,27.675],[85.744,27.675],[85.748,27.674],[85.752,27.673],[85.756,27.672],[85.759,27.671],[85.764,27.671],[85.766,27.67],[85.77,27.669],[85.774,27.669],[85.776,27.668],[85.778,27.668],[85.782,27.667],[85.784,27.666],[85.785,27.666],[85.791,27.666],[85.796,27.666],[85.797,27.666],[85.8,27.667],[85.803,27.667],[85.806,27.668],[85.808,27.668],[85.814,27.669],[85.819,27.667],[85.819,27.665],[85.821,27.663],[85.823,27.661],[85.823,27.659],[85.824,27.657],[85.833,27.651],[85.835,27.65],[85.837,27.649],[85.839,27.648],[85.841,27.646],[85.844,27.643],[85.849,27.638],[85.85,27.639],[85.853,27.637],[85.857,27.634],[85.86,27.632],[85.863,27.63],[85.866,27.628],[85.868,27.626],[85.871,27.623],[85.873,27.622],[85.875,27.619],[85.876,27.617],[85.878,27.612],[85.877,27.611],[85.877,27.609],[85.876,27.607],[85.874,27.605],[85.874,27.604],[85.873,27.602],[85.873,27.6],[85.869,27.598],[85.866,27.597],[85.863,27.595],[85.86,27.593],[85.858,27.591],[85.855,27.589],[85.854,27.586],[85.854,27.583],[85.853,27.581],[85.852,27.58],[85.851,27.579],[85.849,27.579],[85.845,27.578],[85.841,27.579],[85.837,27.579],[85.833,27.578],[85.831,27.576],[85.83,27.574],[85.829,27.569],[85.83,27.567],[85.83,27.564],[85.831,27.56],[85.833,27.556],[85.833,27.552],[85.834,27.55],[85.834,27.547],[85.834,27.545],[85.833,27.543],[85.832,27.54],[85.828,27.536],[85.826,27.533],[85.824,27.529],[85.824,27.526],[85.824,27.524],[85.824,27.522],[85.822,27.519],[85.819,27.517],[85.818,27.516],[85.817,27.515],[85.816,27.513],[85.815,27.512],[85.812,27.511],[85.809,27.51],[85.808,27.508],[85.805,27.505],[85.804,27.504],[85.803,27.504],[85.802,27.502],[85.804,27.5],[85.806,27.498],[85.806,27.496],[85.807,27.494],[85.808,27.492],[85.809,27.49],[85.81,27.488],[85.811,27.486],[85.811,27.484],[85.812,27.481],[85.812,27.479],[85.814,27.478],[85.816,27.476],[85.817,27.475],[85.818,27.472],[85.818,27.47],[85.818,27.467],[85.817,27.465],[85.816,27.464],[85.814,27.463],[85.813,27.461],[85.812,27.459],[85.813,27.456],[85.816,27.453],[85.818,27.452],[85.82,27.451],[85.818,27.449],[85.816,27.448],[85.813,27.446],[85.812,27.445],[85.81,27.443],[85.809,27.442],[85.808,27.44],[85.807,27.438],[85.807,27.435],[85.807,27.433],[85.806,27.43],[85.804,27.428],[85.804,27.425],[85.802,27.423],[85.8,27.422],[85.798,27.421],[85.797,27.419],[85.795,27.418],[85.793,27.416],[85.788,27.414],[85.785,27.414],[85.783,27.413],[85.78,27.412],[85.778,27.41],[85.778,27.408],[85.779,27.405],[85.779,27.403],[85.779,27.401],[85.777,27.4],[85.772,27.398],[85.768,27.398],[85.765,27.399],[85.76,27.4],[85.756,27.402],[85.752,27.404],[85.749,27.406],[85.745,27.407],[85.74,27.409],[85.737,27.409],[85.733,27.41],[85.729,27.41],[85.725,27.41],[85.722,27.407],[85.716,27.403],[85.714,27.4],[85.712,27.397],[85.711,27.394],[85.709,27.392],[85.707,27.391],[85.706,27.39],[85.705,27.39],[85.704,27.388],[85.704,27.386],[85.703,27.385],[85.702,27.382],[85.702,27.379],[85.701,27.376],[85.7,27.374],[85.7,27.371],[85.7,27.369],[85.7,27.365],[85.701,27.363],[85.704,27.361],[85.708,27.358],[85.709,27.355],[85.709,27.353],[85.709,27.35],[85.709,27.348],[85.708,27.347],[85.707,27.345],[85.706,27.344],[85.704,27.343],[85.701,27.342],[85.698,27.341],[85.693,27.34],[85.69,27.342],[85.688,27.344],[85.686,27.344],[85.684,27.346],[85.681,27.347],[85.678,27.346],[85.675,27.345],[85.674,27.343],[85.671,27.342],[85.668,27.34],[85.666,27.339],[85.664,27.338],[85.661,27.337],[85.659,27.336],[85.658,27.336],[85.658,27.336],[85.652,27.338],[85.649,27.339],[85.647,27.341],[85.644,27.344],[85.644,27.345],[85.644,27.348],[85.643,27.349],[85.642,27.351],[85.639,27.352],[85.635,27.351],[85.634,27.35],[85.631,27.349],[85.629,27.347],[85.624,27.345],[85.616,27.344],[85.606,27.343],[85.599,27.344],[85.59,27.345],[85.587,27.344],[85.584,27.344],[85.579,27.343],[85.574,27.341],[85.57,27.341],[85.569,27.34],[85.566,27.341],[85.561,27.343],[85.557,27.344],[85.55,27.347],[85.548,27.348],[85.546,27.349],[85.543,27.351],[85.541,27.353],[85.54,27.354],[85.537,27.356],[85.536,27.355],[85.532,27.354],[85.527,27.352],[85.524,27.35],[85.521,27.35],[85.515,27.353],[85.513,27.355],[85.512,27.356],[85.511,27.357],[85.511,27.359],[85.51,27.363],[85.511,27.364],[85.512,27.366],[85.512,27.366],[85.511,27.366],[85.511,27.367],[85.51,27.367],[85.509,27.369],[85.508,27.37],[85.507,27.371],[85.506,27.372],[85.504,27.374],[85.504,27.374],[85.502,27.376],[85.5,27.376],[85.498,27.377],[85.495,27.378],[85.494,27.378],[85.491,27.378],[85.489,27.377],[85.487,27.376],[85.486,27.376],[85.484,27.375],[85.481,27.374],[85.479,27.374],[85.478,27.373],[85.477,27.371],[85.477,27.369],[85.477,27.369],[85.475,27.37],[85.475,27.372],[85.477,27.373],[85.478,27.375],[85.479,27.377],[85.478,27.378],[85.476,27.379],[85.475,27.38],[85.474,27.382],[85.473,27.384],[85.47,27.387],[85.468,27.387],[85.466,27.386],[85.463,27.386],[85.462,27.387],[85.461,27.39],[85.461,27.392],[85.46,27.392],[85.457,27.392],[85.455,27.391],[85.453,27.389],[85.451,27.389],[85.449,27.389],[85.448,27.391],[85.448,27.393],[85.448,27.395],[85.448,27.397],[85.447,27.399],[85.446,27.4],[85.446,27.401],[85.444,27.402],[85.442,27.403],[85.439,27.403],[85.436,27.404],[85.434,27.405],[85.432,27.405],[85.43,27.405],[85.427,27.404],[85.424,27.402],[85.423,27.402],[85.423,27.404],[85.421,27.407],[85.42,27.409],[85.419,27.411],[85.418,27.412],[85.416,27.415],[85.415,27.417],[85.415,27.421],[85.415,27.425],[85.414,27.428],[85.415,27.43],[85.415,27.432],[85.416,27.435],[85.417,27.437],[85.418,27.439],[85.42,27.441],[85.421,27.442],[85.421,27.444],[85.419,27.445],[85.418,27.445],[85.416,27.445],[85.411,27.446],[85.411,27.448],[85.412,27.45],[85.413,27.452],[85.415,27.454],[85.418,27.456],[85.419,27.457],[85.423,27.459],[85.425,27.46],[85.428,27.462],[85.431,27.464],[85.434,27.467],[85.437,27.469],[85.439,27.471],[85.441,27.473],[85.442,27.475],[85.443,27.478],[85.444,27.48],[85.444,27.483],[85.443,27.485],[85.442,27.488],[85.443,27.492],[85.444,27.494],[85.445,27.495],[85.443,27.499],[85.442,27.502],[85.442,27.504],[85.442,27.507],[85.443,27.51],[85.444,27.514],[85.442,27.53],[85.441,27.538],[85.438,27.54],[85.435,27.541],[85.43,27.542],[85.427,27.543],[85.423,27.544],[85.419,27.546],[85.415,27.546],[85.411,27.547],[85.407,27.548],[85.405,27.549],[85.403,27.55],[85.4,27.551],[85.398,27.553],[85.397,27.555],[85.396,27.557],[85.395,27.559],[85.395,27.56],[85.393,27.563],[85.392,27.566],[85.392,27.568],[85.395,27.571],[85.398,27.573],[85.401,27.576],[85.403,27.579],[85.405,27.582],[85.406,27.584],[85.406,27.588],[85.407,27.591],[85.407,27.594],[85.407,27.599],[85.408,27.602],[85.408,27.606],[85.41,27.61],[85.412,27.613],[85.414,27.616],[85.417,27.618],[85.42,27.62],[85.421,27.621],[85.425,27.622],[85.428,27.623],[85.431,27.624],[85.436,27.626],[85.441,27.628],[85.446,27.629],[85.451,27.631],[85.454,27.633],[85.457,27.634],[85.462,27.634],[85.465,27.634],[85.469,27.634],[85.471,27.635],[85.473,27.637],[85.475,27.64],[85.478,27.643],[85.482,27.645],[85.485,27.646],[85.488,27.646],[85.491,27.648],[85.493,27.651],[85.495,27.655],[85.497,27.663],[85.498,27.666],[85.5,27.67],[85.502,27.674],[85.505,27.68],[85.507,27.683],[85.509,27.688],[85.512,27.69],[85.515,27.69],[85.52,27.691],[85.523,27.692],[85.525,27.695],[85.525,27.698],[85.526,27.701],[85.527,27.707],[85.527,27.71],[85.527,27.715],[85.527,27.717],[85.528,27.721],[85.529,27.724],[85.528,27.726],[85.524,27.728],[85.523,27.729],[85.52,27.73],[85.518,27.731],[85.513,27.732],[85.509,27.733],[85.506,27.734],[85.502,27.737],[85.5,27.74],[85.5,27.744],[85.501,27.748],[85.502,27.752],[85.504,27.757],[85.504,27.761],[85.504,27.765],[85.503,27.769],[85.501,27.774]]]}},{"type":"Feature","properties":{"id":"Lalitpur","name":"Lalitpur","hq":"Lalitpur","province_id":3,"province":"Bagmati","level":"district"},"geometry":{"type":"Polygon","coordinates":[[[85.42,27.62],[85.417,27.618],[85.414,27.616],[85.412,27.613],[85.41,27.61],[85.408,27.606],[85.408,27.602],[85.407,27.599],[85.407,27.594],[85.407,27.591],[85.406,27.588],[85.406,27.584],[85.405,27.582],[85.403,27.579],[85.401,27.576],[85.398,27.573],[85.395,27.571],[85.392,27.568],[85.392,27.566],[85.393,27.563],[85.395,27.56],[85.395,27.559],[85.396,27.557],[85.397,27.555],[85.398,27.553],[85.4,27.551],[85.403,27.55],[85.405,27.549],[85.407,27.548],[85.411,27.547],[85.415,27.546],[85.419,27.546],[85.423,27.544],[85.427,27.543],[85.43,27.542],[85.435,27.541],[85.438,27.54],[85.441,27.538],[85.442,27.53],[85.444,27.514],[85.443,27.51],[85.442,27.507],[85.442,27.504],[85.442,27.502],[85.443,27.499],[85.445,27.495],[85.444,27.494],[85.443,27.492],[85.442,27.488],[85.443,27.485],[85.444,27.483],[85.444,27.48],[85.443,27.478],[85.442,27.475],[85.441,27.473],[85.439,27.471],[85.437,27.469],[85.434,27.467],[85.431,27.464],[85.428,27.462],[85.425,27.46],[85.423,27.459],[85.419,27.457],[85.418,27.456],[85.415,27.454],[85.413,27.452],[85.412,27.45],[85.411,27.448],[85.411,27.446],[85.416,27.445],[85.418,27.445],[85.419,27.445],[85.421,27.444],[85.421,27.442],[85.42,27.441],[85.418,27.439],[85.417,27.437],[85.416,27.435],[85.415,27.432],[85.415,27.43],[85.414,27.428],[85.415,27.425],[85.415,27.421],[85.415,27.417],[85.416,27.415],[85.418,27.412],[85.419,27.411],[85.42,27.409],[85.421,27.407],[85.417,27.406],[85.416,27.406],[85.413,27.404],[85.412,27.404],[85.409,27.403],[85.406,27.403],[85.404,27.404],[85.402,27.405],[85.399,27.407],[85.397,27.408],[85.393,27.408],[85.39,27.408],[85.387,27.41],[85.385,27.412],[85.383,27.413],[85.378,27.417],[85.376,27.418],[85.373,27.42],[85.37,27.422],[85.367,27.424],[85.364,27.426],[85.361,27.427],[85.358,27.427],[85.355,27.427],[85.352,27.428],[85.35,27.428],[85.348,27.429],[85.345,27.43],[85.343,27.431],[85.338,27.432],[85.335,27.433],[85.332,27.434],[85.329,27.435],[85.326,27.435],[85.323,27.435],[85.321,27.435],[85.319,27.436],[85.319,27.437],[85.317,27.439],[85.314,27.443],[85.302,27.448],[85.302,27.448],[85.295,27.45],[85.286,27.451],[85.285,27.451],[85.273,27.451],[85.272,27.452],[85.267,27.453],[85.267,27.453],[85.263,27.458],[85.262,27.461],[85.26,27.466],[85.257,27.471],[85.253,27.477],[85.251,27.48],[85.25,27.48],[85.249,27.482],[85.248,27.489],[85.247,27.494],[85.244,27.496],[85.242,27.497],[85.24,27.499],[85.239,27.503],[85.239,27.505],[85.239,27.506],[85.24,27.513],[85.242,27.518],[85.244,27.521],[85.25,27.524],[85.251,27.526],[85.251,27.529],[85.25,27.53],[85.246,27.533],[85.24,27.537],[85.238,27.54],[85.238,27.542],[85.24,27.545],[85.243,27.548],[85.246,27.551],[85.25,27.554],[85.253,27.558],[85.255,27.564],[85.257,27.566],[85.258,27.568],[85.263,27.57],[85.267,27.572],[85.268,27.573],[85.27,27.575],[85.271,27.576],[85.272,27.577],[85.273,27.577],[85.274,27.578],[85.275,27.579],[85.277,27.581],[85.279,27.582],[85.279,27.583],[85.28,27.585],[85.281,27.587],[85.281,27.589],[85.282,27.591],[85.282,27.593],[85.283,27.595],[85.285,27.596],[85.288,27.597],[85.289,27.598],[85.291,27.6],[85.292,27.602],[85.292,27.604],[85.294,27.605],[85.294,27.606],[85.294,27.607],[85.293,27.608],[85.292,27.61],[85.293,27.613],[85.293,27.616],[85.294,27.619],[85.294,27.622],[85.295,27.625],[85.295,27.626],[85.294,27.629],[85.293,27.631],[85.289,27.634],[85.287,27.635],[85.286,27.636],[85.285,27.637],[85.284,27.639],[85.284,27.64],[85.284,27.644],[85.286,27.646],[85.287,27.648],[85.288,27.649],[85.289,27.651],[85.289,27.652],[85.291,27.654],[85.293,27.656],[85.295,27.658],[85.296,27.66],[85.297,27.663],[85.296,27.664],[85.296,27.665],[85.295,27.667],[85.294,27.669],[85.295,27.672],[85.296,27.674],[85.297,27.677],[85.298,27.68],[85.298,27.681],[85.299,27.684],[85.3,27.685],[85.3,27.686],[85.304,27.69],[85.306,27.69],[85.307,27.691],[85.309,27.691],[85.314,27.691],[85.316,27.69],[85.32,27.689],[85.323,27.687],[85.325,27.686],[85.329,27.683],[85.33,27.683],[85.331,27.682],[85.333,27.68],[85.334,27.679],[85.336,27.677],[85.337,27.676],[85.339,27.675],[85.343,27.672],[85.344,27.671],[85.346,27.669],[85.348,27.668],[85.35,27.667],[85.352,27.667],[85.354,27.667],[85.358,27.669],[85.361,27.669],[85.362,27.668],[85.363,27.666],[85.363,27.664],[85.364,27.663],[85.364,27.662],[85.367,27.661],[85.368,27.661],[85.369,27.66],[85.371,27.659],[85.372,27.658],[85.377,27.656],[85.379,27.656],[85.382,27.654],[85.384,27.654],[85.386,27.653],[85.387,27.652],[85.389,27.651],[85.39,27.65],[85.391,27.649],[85.392,27.648],[85.393,27.647],[85.395,27.646],[85.396,27.644],[85.399,27.641],[85.4,27.639],[85.402,27.638],[85.403,27.637],[85.404,27.636],[85.405,27.635],[85.407,27.634],[85.409,27.633],[85.411,27.631],[85.412,27.63],[85.413,27.629],[85.414,27.628],[85.416,27.626],[85.417,27.624],[85.418,27.623],[85.42,27.62]]]}},{"type":"Feature","properties":{"id":"Nuwakot","name":"Nuwakot","hq":"Bidur","province_id":3,"province":"Bagmati","level":"district"},"geometry":{"type":"Polygon","coordinates":[[[85.127,28.086],[85.133,28.086],[85.137,28.084],[85.139,28.082],[85.142,28.078],[85.144,28.074],[85.146,28.069],[85.147,28.065],[85.147,28.061],[85.147,28.059],[85.146,28.057],[85.144,28.053],[85.141,28.05],[85.139,28.047],[85.137,28.042],[85.136,28.037],[85.137,28.033],[85.14,28.03],[85.148,28.028],[85.154,28.026],[85.156,28.026],[85.159,28.025],[85.162,28.024],[85.163,28.024],[85.168,28.024],[85.17,28.023],[85.171,28.022],[85.173,28.022],[85.175,28.021],[85.177,28.021],[85.179,28.021],[85.18,28.021],[85.181,28.021],[85.183,28.02],[85.184,28.02],[85.187,28.019],[85.186,28.015],[85.185,28.012],[85.185,28.01],[85.185,28.007],[85.186,28.004],[85.187,28.002],[85.187,27.999],[85.186,27.997],[85.185,27.993],[85.183,27.99],[85.182,27.988],[85.181,27.986],[85.181,27.984],[85.18,27.981],[85.183,27.974],[85.189,27.974],[85.191,27.973],[85.195,27.974],[85.2,27.974],[85.203,27.973],[85.207,27.973],[85.21,27.973],[85.214,27.973],[85.217,27.972],[85.22,27.972],[85.223,27.972],[85.226,27.972],[85.229,27.972],[85.23,27.972],[85.235,27.973],[85.237,27.973],[85.239,27.973],[85.241,27.972],[85.243,27.972],[85.245,27.972],[85.246,27.972],[85.248,27.972],[85.248,27.971],[85.25,27.971],[85.251,27.971],[85.254,27.971],[85.26,27.969],[85.263,27.968],[85.267,27.967],[85.272,27.964],[85.275,27.963],[85.278,27.962],[85.281,27.964],[85.285,27.967],[85.288,27.971],[85.291,27.975],[85.295,27.978],[85.3,27.981],[85.304,27.983],[85.308,27.985],[85.314,27.985],[85.32,27.985],[85.326,27.985],[85.33,27.986],[85.334,27.989],[85.336,27.992],[85.34,27.996],[85.341,28.0],[85.342,28.005],[85.344,28.008],[85.347,28.011],[85.351,28.012],[85.356,28.013],[85.36,28.014],[85.365,28.015],[85.368,28.017],[85.372,28.019],[85.376,28.021],[85.379,28.024],[85.383,28.026],[85.387,28.028],[85.393,28.034],[85.397,28.037],[85.401,28.038],[85.404,28.04],[85.405,28.044],[85.406,28.048],[85.408,28.052],[85.409,28.056],[85.41,28.059],[85.412,28.061],[85.416,28.061],[85.42,28.061],[85.424,28.061],[85.427,28.062],[85.428,28.066],[85.429,28.069],[85.431,28.074],[85.433,28.077],[85.436,28.08],[85.44,28.082],[85.444,28.084],[85.446,28.079],[85.449,28.076],[85.452,28.073],[85.455,28.071],[85.459,28.069],[85.462,28.068],[85.467,28.065],[85.469,28.064],[85.473,28.061],[85.475,28.059],[85.478,28.056],[85.481,28.051],[85.485,28.047],[85.488,28.045],[85.491,28.041],[85.493,28.038],[85.495,28.034],[85.496,28.029],[85.496,28.025],[85.496,28.022],[85.496,28.016],[85.495,28.012],[85.495,28.009],[85.495,28.005],[85.494,28.002],[85.493,27.998],[85.492,27.995],[85.491,27.991],[85.492,27.987],[85.493,27.984],[85.493,27.982],[85.493,27.977],[85.493,27.976],[85.493,27.974],[85.492,27.972],[85.49,27.972],[85.488,27.971],[85.487,27.972],[85.484,27.971],[85.483,27.969],[85.483,27.966],[85.483,27.963],[85.482,27.961],[85.482,27.958],[85.482,27.956],[85.482,27.951],[85.483,27.947],[85.483,27.944],[85.483,27.941],[85.485,27.935],[85.486,27.931],[85.488,27.927],[85.489,27.923],[85.489,27.92],[85.488,27.917],[85.487,27.914],[85.486,27.911],[85.485,27.909],[85.483,27.906],[85.482,27.903],[85.481,27.901],[85.479,27.895],[85.478,27.89],[85.477,27.888],[85.474,27.885],[85.469,27.883],[85.465,27.882],[85.461,27.879],[85.457,27.876],[85.455,27.872],[85.455,27.869],[85.456,27.866],[85.459,27.86],[85.461,27.856],[85.463,27.854],[85.465,27.85],[85.464,27.847],[85.462,27.844],[85.458,27.842],[85.456,27.84],[85.454,27.836],[85.453,27.831],[85.452,27.829],[85.452,27.825],[85.452,27.822],[85.451,27.819],[85.451,27.817],[85.45,27.814],[85.449,27.813],[85.446,27.813],[85.443,27.812],[85.439,27.812],[85.435,27.812],[85.431,27.811],[85.426,27.811],[85.422,27.812],[85.418,27.812],[85.415,27.812],[85.41,27.812],[85.407,27.813],[85.403,27.814],[85.395,27.815],[85.392,27.814],[85.391,27.814],[85.387,27.812],[85.383,27.81],[85.38,27.81],[85.373,27.81],[85.371,27.81],[85.369,27.811],[85.364,27.811],[85.361,27.811],[85.359,27.812],[85.357,27.812],[85.35,27.812],[85.347,27.812],[85.345,27.812],[85.341,27.812],[85.338,27.812],[85.336,27.813],[85.333,27.813],[85.329,27.813],[85.327,27.813],[85.325,27.813],[85.322,27.813],[85.317,27.813],[85.311,27.813],[85.308,27.813],[85.304,27.811],[85.301,27.809],[85.298,27.807],[85.295,27.803],[85.292,27.8],[85.29,27.797],[85.287,27.794],[85.284,27.79],[85.28,27.786],[85.277,27.784],[85.275,27.782],[85.272,27.78],[85.27,27.779],[85.261,27.779],[85.259,27.779],[85.258,27.778],[85.256,27.778],[85.254,27.777],[85.252,27.776],[85.25,27.776],[85.249,27.775],[85.248,27.775],[85.246,27.775],[85.245,27.774],[85.24,27.774],[85.239,27.773],[85.238,27.773],[85.236,27.774],[85.233,27.774],[85.231,27.773],[85.23,27.773],[85.229,27.773],[85.228,27.772],[85.225,27.773],[85.223,27.773],[85.221,27.773],[85.219,27.773],[85.218,27.772],[85.216,27.772],[85.213,27.771],[85.21,27.771],[85.208,27.77],[85.206,27.77],[85.2,27.77],[85.198,27.77],[85.197,27.769],[85.195,27.769],[85.192,27.769],[85.189,27.77],[85.186,27.77],[85.183,27.771],[85.182,27.771],[85.18,27.771],[85.178,27.769],[85.174,27.767],[85.173,27.766],[85.169,27.766],[85.165,27.766],[85.164,27.765],[85.162,27.766],[85.16,27.766],[85.158,27.766],[85.156,27.766],[85.154,27.765],[85.153,27.764],[85.148,27.765],[85.146,27.765],[85.144,27.765],[85.139,27.765],[85.137,27.765],[85.136,27.764],[85.133,27.763],[85.131,27.762],[85.128,27.761],[85.126,27.761],[85.123,27.761],[85.121,27.763],[85.12,27.765],[85.118,27.768],[85.117,27.77],[85.115,27.773],[85.112,27.774],[85.11,27.775],[85.107,27.776],[85.102,27.779],[85.101,27.779],[85.099,27.781],[85.096,27.783],[85.094,27.785],[85.09,27.787],[85.088,27.788],[85.085,27.789],[85.078,27.792],[85.076,27.792],[85.073,27.792],[85.071,27.792],[85.069,27.792],[85.066,27.793],[85.064,27.793],[85.061,27.794],[85.058,27.795],[85.056,27.796],[85.053,27.798],[85.052,27.8],[85.051,27.802],[85.049,27.804],[85.048,27.807],[85.048,27.81],[85.047,27.811],[85.046,27.813],[85.044,27.814],[85.04,27.815],[85.037,27.816],[85.034,27.816],[85.031,27.816],[85.027,27.815],[85.025,27.814],[85.021,27.813],[85.019,27.812],[85.017,27.811],[85.014,27.809],[85.015,27.813],[85.017,27.82],[85.018,27.822],[85.019,27.824],[85.02,27.827],[85.02,27.829],[85.02,27.831],[85.021,27.835],[85.022,27.836],[85.022,27.839],[85.022,27.841],[85.023,27.842],[85.025,27.844],[85.025,27.845],[85.025,27.848],[85.025,27.85],[85.025,27.853],[85.025,27.854],[85.024,27.856],[85.024,27.858],[85.023,27.861],[85.021,27.864],[85.019,27.866],[85.017,27.869],[85.015,27.872],[85.014,27.875],[85.013,27.878],[85.013,27.884],[85.013,27.887],[85.012,27.891],[85.011,27.897],[85.01,27.901],[85.01,27.904],[85.009,27.909],[85.008,27.912],[85.008,27.915],[85.008,27.919],[85.009,27.923],[85.009,27.926],[85.009,27.929],[85.009,27.932],[85.009,27.934],[85.01,27.937],[85.009,27.94],[85.009,27.943],[85.009,27.948],[85.01,27.95],[85.01,27.951],[85.011,27.952],[85.012,27.954],[85.014,27.957],[85.016,27.96],[85.017,27.964],[85.018,27.968],[85.018,27.971],[85.017,27.975],[85.017,27.977],[85.016,27.98],[85.016,27.983],[85.016,27.987],[85.016,27.99],[85.014,27.995],[85.01,27.995],[85.009,27.997],[85.008,27.999],[85.005,28.002],[85.002,28.005],[84.999,28.008],[84.998,28.011],[84.996,28.015],[84.995,28.018],[84.993,28.021],[84.99,28.028],[84.992,28.028],[84.994,28.028],[84.996,28.027],[84.999,28.027],[85.001,28.027],[85.004,28.026],[85.005,28.025],[85.007,28.025],[85.008,28.025],[85.011,28.025],[85.014,28.025],[85.022,28.028],[85.025,28.028],[85.026,28.028],[85.028,28.028],[85.029,28.029],[85.037,28.033],[85.038,28.034],[85.04,28.035],[85.04,28.036],[85.042,28.037],[85.043,28.038],[85.044,28.04],[85.046,28.042],[85.048,28.044],[85.05,28.045],[85.051,28.046],[85.052,28.046],[85.054,28.047],[85.062,28.049],[85.064,28.051],[85.066,28.053],[85.068,28.055],[85.07,28.057],[85.071,28.059],[85.072,28.061],[85.073,28.062],[85.076,28.064],[85.079,28.068],[85.081,28.069],[85.083,28.069],[85.09,28.07],[85.092,28.071],[85.095,28.072],[85.098,28.073],[85.102,28.074],[85.106,28.075],[85.109,28.076],[85.113,28.077],[85.114,28.078],[85.118,28.079],[85.122,28.081],[85.124,28.084],[85.127,28.086]]]}},{"type":"Feature","properties":{"id":"Rasuwa","name":"Rasuwa","hq":"Dhunche","province_id":3,"province":"Bagmati","level":"district"},"geometry":{"type":"Polygon","coordinates":[[[85.123,28.335],[85.125,28.336],[85.126,28.337],[85.132,28.337],[85.133,28.336],[85.135,28.334],[85.137,28.333],[85.14,28.331],[85.143,28.33],[85.144,28.33],[85.147,28.33],[85.148,28.329],[85.153,28.329],[85.158,28.329],[85.16,28.33],[85.164,28.33],[85.167,28.329],[85.17,28.329],[85.172,28.328],[85.176,28.327],[85.178,28.326],[85.181,28.325],[85.183,28.326],[85.186,28.327],[85.189,28.33],[85.191,28.333],[85.192,28.335],[85.194,28.337],[85.198,28.339],[85.202,28.339],[85.208,28.337],[85.211,28.335],[85.215,28.332],[85.218,28.33],[85.221,28.328],[85.223,28.326],[85.226,28.324],[85.23,28.323],[85.233,28.321],[85.236,28.319],[85.239,28.317],[85.241,28.315],[85.245,28.31],[85.246,28.307],[85.247,28.304],[85.249,28.301],[85.25,28.298],[85.252,28.295],[85.254,28.294],[85.258,28.293],[85.26,28.293],[85.264,28.294],[85.267,28.295],[85.27,28.295],[85.271,28.294],[85.273,28.292],[85.275,28.29],[85.276,28.29],[85.277,28.289],[85.278,28.288],[85.279,28.287],[85.281,28.286],[85.283,28.286],[85.285,28.286],[85.286,28.286],[85.29,28.287],[85.291,28.287],[85.293,28.288],[85.295,28.289],[85.298,28.289],[85.3,28.289],[85.301,28.29],[85.304,28.29],[85.307,28.29],[85.309,28.291],[85.312,28.291],[85.317,28.293],[85.32,28.294],[85.322,28.295],[85.325,28.296],[85.327,28.297],[85.329,28.298],[85.332,28.299],[85.334,28.3],[85.337,28.301],[85.339,28.302],[85.341,28.302],[85.343,28.302],[85.344,28.302],[85.346,28.301],[85.347,28.3],[85.348,28.298],[85.348,28.296],[85.348,28.293],[85.348,28.292],[85.348,28.29],[85.349,28.288],[85.35,28.288],[85.351,28.287],[85.353,28.286],[85.356,28.285],[85.357,28.285],[85.359,28.285],[85.361,28.285],[85.363,28.285],[85.365,28.286],[85.367,28.286],[85.369,28.286],[85.37,28.285],[85.371,28.284],[85.372,28.283],[85.373,28.282],[85.374,28.281],[85.374,28.28],[85.375,28.279],[85.377,28.277],[85.379,28.279],[85.381,28.28],[85.382,28.281],[85.383,28.282],[85.385,28.282],[85.386,28.283],[85.387,28.284],[85.388,28.284],[85.389,28.285],[85.391,28.287],[85.395,28.291],[85.397,28.293],[85.398,28.294],[85.4,28.296],[85.402,28.298],[85.403,28.299],[85.405,28.301],[85.407,28.302],[85.409,28.304],[85.411,28.306],[85.412,28.308],[85.413,28.31],[85.414,28.312],[85.414,28.313],[85.415,28.316],[85.415,28.319],[85.415,28.32],[85.416,28.323],[85.417,28.325],[85.417,28.326],[85.419,28.327],[85.419,28.327],[85.421,28.327],[85.423,28.328],[85.424,28.328],[85.425,28.328],[85.427,28.329],[85.429,28.329],[85.43,28.329],[85.431,28.329],[85.435,28.331],[85.437,28.332],[85.439,28.333],[85.441,28.334],[85.447,28.335],[85.45,28.335],[85.453,28.335],[85.456,28.335],[85.459,28.335],[85.461,28.336],[85.465,28.335],[85.467,28.335],[85.471,28.334],[85.472,28.334],[85.478,28.332],[85.48,28.332],[85.482,28.331],[85.485,28.331],[85.488,28.331],[85.49,28.331],[85.493,28.331],[85.495,28.331],[85.496,28.331],[85.498,28.332],[85.509,28.333],[85.512,28.332],[85.516,28.331],[85.52,28.33],[85.524,28.328],[85.528,28.326],[85.533,28.324],[85.536,28.322],[85.54,28.32],[85.542,28.319],[85.55,28.315],[85.554,28.313],[85.558,28.311],[85.563,28.309],[85.567,28.308],[85.572,28.308],[85.576,28.307],[85.58,28.307],[85.585,28.306],[85.589,28.306],[85.593,28.306],[85.596,28.306],[85.598,28.303],[85.598,28.296],[85.598,28.294],[85.598,28.289],[85.599,28.285],[85.6,28.281],[85.601,28.277],[85.601,28.273],[85.602,28.27],[85.603,28.266],[85.604,28.262],[85.606,28.259],[85.608,28.256],[85.608,28.255],[85.612,28.255],[85.615,28.257],[85.618,28.258],[85.622,28.26],[85.625,28.262],[85.627,28.263],[85.63,28.266],[85.633,28.268],[85.635,28.271],[85.637,28.275],[85.639,28.277],[85.641,28.28],[85.643,28.282],[85.645,28.285],[85.649,28.288],[85.652,28.291],[85.655,28.294],[85.657,28.296],[85.66,28.298],[85.662,28.3],[85.663,28.301],[85.663,28.303],[85.662,28.304],[85.66,28.307],[85.659,28.308],[85.657,28.311],[85.656,28.314],[85.656,28.317],[85.658,28.32],[85.66,28.322],[85.662,28.324],[85.664,28.327],[85.664,28.328],[85.665,28.331],[85.665,28.333],[85.666,28.337],[85.667,28.34],[85.668,28.343],[85.67,28.345],[85.673,28.347],[85.675,28.348],[85.679,28.347],[85.682,28.346],[85.685,28.346],[85.687,28.349],[85.688,28.353],[85.687,28.355],[85.687,28.359],[85.686,28.362],[85.686,28.367],[85.686,28.371],[85.686,28.374],[85.686,28.377],[85.687,28.38],[85.688,28.382],[85.69,28.383],[85.692,28.384],[85.694,28.384],[85.697,28.384],[85.699,28.384],[85.703,28.384],[85.706,28.385],[85.709,28.385],[85.711,28.385],[85.712,28.384],[85.714,28.382],[85.715,28.38],[85.717,28.378],[85.72,28.375],[85.721,28.373],[85.721,28.371],[85.721,28.369],[85.721,28.366],[85.721,28.363],[85.721,28.36],[85.723,28.357],[85.725,28.353],[85.728,28.348],[85.73,28.345],[85.732,28.342],[85.732,28.339],[85.732,28.335],[85.732,28.332],[85.731,28.328],[85.733,28.324],[85.735,28.321],[85.737,28.319],[85.739,28.313],[85.739,28.308],[85.738,28.305],[85.738,28.301],[85.737,28.297],[85.737,28.292],[85.737,28.289],[85.738,28.285],[85.739,28.282],[85.74,28.279],[85.741,28.275],[85.742,28.273],[85.742,28.266],[85.743,28.261],[85.743,28.257],[85.744,28.254],[85.745,28.249],[85.746,28.245],[85.747,28.243],[85.749,28.239],[85.751,28.237],[85.753,28.234],[85.754,28.232],[85.759,28.228],[85.763,28.225],[85.765,28.223],[85.769,28.22],[85.77,28.22],[85.772,28.218],[85.774,28.216],[85.774,28.214],[85.775,28.21],[85.776,28.208],[85.778,28.206],[85.781,28.205],[85.783,28.204],[85.785,28.203],[85.793,28.2],[85.796,28.198],[85.795,28.193],[85.795,28.191],[85.794,28.188],[85.792,28.186],[85.79,28.184],[85.787,28.181],[85.784,28.178],[85.781,28.176],[85.774,28.173],[85.769,28.172],[85.765,28.172],[85.759,28.173],[85.753,28.173],[85.748,28.172],[85.742,28.171],[85.737,28.17],[85.733,28.17],[85.728,28.169],[85.723,28.17],[85.719,28.172],[85.715,28.169],[85.714,28.166],[85.713,28.162],[85.711,28.161],[85.707,28.161],[85.701,28.158],[85.699,28.158],[85.696,28.157],[85.693,28.155],[85.688,28.154],[85.685,28.154],[85.681,28.154],[85.676,28.154],[85.671,28.153],[85.667,28.152],[85.663,28.152],[85.658,28.15],[85.655,28.148],[85.653,28.146],[85.649,28.143],[85.646,28.142],[85.643,28.14],[85.641,28.137],[85.639,28.134],[85.635,28.13],[85.633,28.128],[85.63,28.127],[85.628,28.128],[85.623,28.13],[85.62,28.132],[85.618,28.134],[85.617,28.138],[85.618,28.142],[85.617,28.146],[85.615,28.15],[85.613,28.152],[85.608,28.154],[85.602,28.156],[85.598,28.154],[85.595,28.153],[85.59,28.153],[85.584,28.154],[85.58,28.156],[85.574,28.158],[85.567,28.161],[85.564,28.162],[85.561,28.164],[85.556,28.165],[85.551,28.166],[85.545,28.165],[85.541,28.165],[85.537,28.163],[85.534,28.161],[85.53,28.158],[85.528,28.157],[85.524,28.156],[85.521,28.155],[85.517,28.154],[85.51,28.153],[85.508,28.152],[85.505,28.15],[85.502,28.147],[85.498,28.144],[85.493,28.14],[85.492,28.137],[85.494,28.133],[85.496,28.129],[85.498,28.125],[85.498,28.123],[85.498,28.119],[85.497,28.117],[85.496,28.115],[85.493,28.11],[85.491,28.107],[85.488,28.104],[85.483,28.104],[85.479,28.103],[85.474,28.102],[85.47,28.1],[85.466,28.097],[85.462,28.094],[85.458,28.091],[85.453,28.089],[85.45,28.087],[85.444,28.084],[85.44,28.082],[85.436,28.08],[85.433,28.077],[85.431,28.074],[85.429,28.069],[85.428,28.066],[85.427,28.062],[85.424,28.061],[85.42,28.061],[85.416,28.061],[85.412,28.061],[85.41,28.059],[85.409,28.056],[85.408,28.052],[85.406,28.048],[85.405,28.044],[85.404,28.04],[85.401,28.038],[85.397,28.037],[85.393,28.034],[85.387,28.028],[85.383,28.026],[85.379,28.024],[85.376,28.021],[85.372,28.019],[85.368,28.017],[85.365,28.015],[85.36,28.014],[85.356,28.013],[85.351,28.012],[85.347,28.011],[85.344,28.008],[85.342,28.005],[85.341,28.0],[85.34,27.996],[85.336,27.992],[85.334,27.989],[85.33,27.986],[85.326,27.985],[85.32,27.985],[85.314,27.985],[85.308,27.985],[85.304,27.983],[85.3,27.981],[85.295,27.978],[85.291,27.975],[85.288,27.971],[85.285,27.967],[85.281,27.964],[85.278,27.962],[85.275,27.963],[85.272,27.964],[85.267,27.967],[85.263,27.968],[85.26,27.969],[85.254,27.971],[85.251,27.971],[85.25,27.971],[85.248,27.971],[85.248,27.972],[85.246,27.972],[85.245,27.972],[85.243,27.972],[85.241,27.972],[85.239,27.973],[85.237,27.973],[85.235,27.973],[85.23,27.972],[85.229,27.972],[85.226,27.972],[85.223,27.972],[85.22,27.972],[85.217,27.972],[85.214,27.973],[85.21,27.973],[85.207,27.973],[85.203,27.973],[85.2,27.974],[85.195,27.974],[85.191,27.973],[85.189,27.974],[85.183,27.974],[85.18,27.981],[85.181,27.984],[85.181,27.986],[85.182,27.988],[85.183,27.99],[85.185,27.993],[85.186,27.997],[85.187,27.999],[85.187,28.002],[85.186,28.004],[85.185,28.007],[85.185,28.01],[85.185,28.012],[85.186,28.015],[85.187,28.019],[85.184,28.02],[85.183,28.02],[85.181,28.021],[85.18,28.021],[85.179,28.021],[85.177,28.021],[85.175,28.021],[85.173,28.022],[85.171,28.022],[85.17,28.023],[85.168,28.024],[85.163,28.024],[85.162,28.024],[85.159,28.025],[85.156,28.026],[85.154,28.026],[85.148,28.028],[85.14,28.03],[85.137,28.033],[85.136,28.037],[85.137,28.042],[85.139,28.047],[85.141,28.05],[85.144,28.053],[85.146,28.057],[85.147,28.059],[85.147,28.061],[85.147,28.065],[85.146,28.069],[85.144,28.074],[85.142,28.078],[85.139,28.082],[85.137,28.084],[85.133,28.086],[85.127,28.086],[85.127,28.09],[85.126,28.092],[85.126,28.094],[85.125,28.096],[85.124,28.102],[85.126,28.104],[85.128,28.106],[85.132,28.107],[85.136,28.109],[85.141,28.11],[85.145,28.111],[85.152,28.113],[85.156,28.115],[85.16,28.117],[85.162,28.119],[85.163,28.124],[85.162,28.127],[85.16,28.131],[85.158,28.135],[85.159,28.14],[85.161,28.143],[85.165,28.146],[85.168,28.15],[85.173,28.154],[85.177,28.157],[85.181,28.16],[85.185,28.161],[85.189,28.162],[85.193,28.164],[85.197,28.167],[85.197,28.172],[85.199,28.174],[85.199,28.176],[85.2,28.178],[85.2,28.18],[85.201,28.183],[85.201,28.188],[85.201,28.191],[85.202,28.194],[85.203,28.198],[85.204,28.202],[85.205,28.204],[85.207,28.205],[85.21,28.207],[85.212,28.208],[85.214,28.21],[85.216,28.214],[85.217,28.216],[85.219,28.219],[85.22,28.222],[85.22,28.228],[85.22,28.231],[85.218,28.234],[85.216,28.236],[85.214,28.239],[85.21,28.242],[85.208,28.245],[85.206,28.248],[85.205,28.25],[85.203,28.254],[85.201,28.256],[85.2,28.259],[85.197,28.261],[85.194,28.263],[85.192,28.264],[85.188,28.268],[85.185,28.272],[85.185,28.273],[85.183,28.274],[85.181,28.276],[85.178,28.275],[85.176,28.274],[85.174,28.274],[85.172,28.273],[85.169,28.274],[85.167,28.275],[85.164,28.278],[85.163,28.281],[85.161,28.285],[85.159,28.289],[85.156,28.291],[85.151,28.295],[85.147,28.297],[85.145,28.299],[85.141,28.301],[85.138,28.303],[85.135,28.307],[85.133,28.309],[85.131,28.311],[85.128,28.314],[85.126,28.317],[85.124,28.321],[85.123,28.323],[85.122,28.326],[85.122,28.329],[85.122,28.332],[85.123,28.335]]]}},{"type":"Feature","properties":{"id":"Sindhupalchok","name":"Sindhupalchok","hq":"Chautara","province_id":3,"province":"Bagmati","level":"district"},"geometry":{"type":"Polygon","coordinates":[[[85.444,28.084],[85.45,28.087],[85.453,28.089],[85.458,28.091],[85.462,28.094],[85.466,28.097],[85.47,28.1],[85.474,28.102],[85.479,28.103],[85.483,28.104],[85.488,28.104],[85.491,28.107],[85.493,28.11],[85.496,28.115],[85.497,28.117],[85.498,28.119],[85.498,28.123],[85.498,28.125],[85.496,28.129],[85.494,28.133],[85.492,28.137],[85.493,28.14],[85.498,28.144],[85.502,28.147],[85.505,28.15],[85.508,28.152],[85.51,28.153],[85.517,28.154],[85.521,28.155],[85.524,28.156],[85.528,28.157],[85.53,28.158],[85.534,28.161],[85.537,28.163],[85.541,28.165],[85.545,28.165],[85.551,28.166],[85.556,28.165],[85.561,28.164],[85.564,28.162],[85.567,28.161],[85.574,28.158],[85.58,28.156],[85.584,28.154],[85.59,28.153],[85.595,28.153],[85.598,28.154],[85.602,28.156],[85.608,28.154],[85.613,28.152],[85.615,28.15],[85.617,28.146],[85.618,28.142],[85.617,28.138],[85.618,28.134],[85.62,28.132],[85.623,28.13],[85.628,28.128],[85.63,28.127],[85.633,28.128],[85.635,28.13],[85.639,28.134],[85.641,28.137],[85.643,28.14],[85.646,28.142],[85.649,28.143],[85.653,28.146],[85.655,28.148],[85.658,28.15],[85.663,28.152],[85.667,28.152],[85.671,28.153],[85.676,28.154],[85.681,28.154],[85.685,28.154],[85.688,28.154],[85.693,28.155],[85.696,28.157],[85.699,28.158],[85.701,28.158],[85.707,28.161],[85.711,28.161],[85.713,28.162],[85.714,28.166],[85.715,28.169],[85.719,28.172],[85.723,28.17],[85.728,28.169],[85.733,28.17],[85.737,28.17],[85.742,28.171],[85.748,28.172],[85.753,28.173],[85.759,28.173],[85.765,28.172],[85.769,28.172],[85.774,28.173],[85.781,28.176],[85.784,28.178],[85.787,28.181],[85.79,28.184],[85.792,28.186],[85.794,28.188],[85.795,28.191],[85.795,28.193],[85.796,28.198],[85.798,28.197],[85.801,28.196],[85.803,28.196],[85.805,28.197],[85.806,28.198],[85.808,28.199],[85.811,28.2],[85.814,28.2],[85.815,28.198],[85.816,28.195],[85.817,28.192],[85.818,28.19],[85.82,28.188],[85.824,28.185],[85.826,28.184],[85.83,28.184],[85.834,28.184],[85.838,28.183],[85.841,28.183],[85.845,28.183],[85.847,28.18],[85.848,28.175],[85.849,28.172],[85.85,28.169],[85.851,28.167],[85.853,28.164],[85.856,28.16],[85.858,28.159],[85.86,28.156],[85.862,28.154],[85.863,28.152],[85.865,28.15],[85.867,28.148],[85.869,28.143],[85.87,28.139],[85.87,28.135],[85.869,28.13],[85.869,28.126],[85.871,28.122],[85.873,28.12],[85.875,28.118],[85.878,28.117],[85.884,28.116],[85.886,28.115],[85.889,28.113],[85.893,28.112],[85.896,28.11],[85.897,28.107],[85.899,28.103],[85.9,28.1],[85.9,28.097],[85.9,28.09],[85.9,28.086],[85.9,28.082],[85.899,28.079],[85.898,28.075],[85.897,28.072],[85.896,28.069],[85.897,28.065],[85.898,28.062],[85.899,28.059],[85.901,28.054],[85.904,28.052],[85.907,28.05],[85.91,28.047],[85.913,28.045],[85.916,28.043],[85.919,28.041],[85.921,28.039],[85.923,28.037],[85.927,28.031],[85.94,28.021],[85.946,28.017],[85.948,28.016],[85.95,28.014],[85.952,28.011],[85.955,28.01],[85.956,28.008],[85.959,28.006],[85.96,28.005],[85.963,28.003],[85.965,28.001],[85.967,27.999],[85.971,27.998],[85.974,27.997],[85.976,27.995],[85.977,27.993],[85.977,27.991],[85.976,27.988],[85.976,27.986],[85.974,27.982],[85.972,27.98],[85.97,27.978],[85.967,27.977],[85.966,27.976],[85.964,27.974],[85.963,27.973],[85.96,27.97],[85.957,27.964],[85.957,27.962],[85.957,27.959],[85.957,27.957],[85.953,27.951],[85.95,27.947],[85.949,27.946],[85.947,27.945],[85.945,27.942],[85.948,27.94],[85.952,27.938],[85.956,27.937],[85.957,27.936],[85.962,27.934],[85.964,27.933],[85.967,27.931],[85.971,27.928],[85.975,27.925],[85.977,27.923],[85.98,27.92],[85.983,27.919],[85.987,27.916],[85.991,27.914],[85.994,27.912],[85.996,27.911],[85.998,27.911],[86.004,27.911],[86.007,27.912],[86.009,27.913],[86.013,27.914],[86.017,27.913],[86.02,27.912],[86.022,27.911],[86.025,27.909],[86.028,27.907],[86.03,27.907],[86.032,27.906],[86.035,27.906],[86.036,27.906],[86.04,27.906],[86.043,27.906],[86.045,27.907],[86.048,27.907],[86.051,27.906],[86.054,27.905],[86.056,27.903],[86.057,27.901],[86.059,27.9],[86.06,27.899],[86.061,27.898],[86.063,27.897],[86.063,27.896],[86.06,27.894],[86.057,27.893],[86.055,27.891],[86.054,27.889],[86.052,27.887],[86.051,27.885],[86.05,27.882],[86.048,27.879],[86.047,27.877],[86.046,27.874],[86.046,27.873],[86.045,27.871],[86.044,27.869],[86.041,27.868],[86.038,27.866],[86.036,27.864],[86.034,27.863],[86.033,27.86],[86.032,27.858],[86.031,27.855],[86.031,27.854],[86.03,27.852],[86.03,27.85],[86.028,27.848],[86.027,27.847],[86.023,27.845],[86.021,27.843],[86.019,27.84],[86.016,27.838],[86.014,27.835],[86.012,27.833],[86.012,27.83],[86.013,27.826],[86.015,27.823],[86.017,27.821],[86.019,27.818],[86.021,27.816],[86.023,27.814],[86.024,27.812],[86.025,27.809],[86.026,27.807],[86.028,27.805],[86.028,27.803],[86.027,27.798],[86.026,27.796],[86.027,27.794],[86.028,27.793],[86.03,27.79],[86.032,27.788],[86.03,27.784],[86.029,27.783],[86.028,27.78],[86.026,27.776],[86.026,27.772],[86.027,27.769],[86.028,27.767],[86.031,27.765],[86.034,27.762],[86.037,27.76],[86.039,27.758],[86.041,27.755],[86.041,27.753],[86.038,27.751],[86.037,27.75],[86.036,27.748],[86.032,27.743],[86.03,27.741],[86.028,27.741],[86.023,27.741],[86.02,27.742],[86.016,27.743],[86.013,27.744],[86.01,27.744],[86.007,27.743],[86.002,27.742],[85.999,27.741],[85.995,27.74],[85.992,27.739],[85.99,27.737],[85.986,27.736],[85.982,27.735],[85.981,27.736],[85.979,27.738],[85.977,27.739],[85.973,27.741],[85.969,27.741],[85.966,27.739],[85.964,27.737],[85.963,27.734],[85.962,27.732],[85.96,27.731],[85.958,27.728],[85.957,27.726],[85.956,27.724],[85.954,27.722],[85.953,27.72],[85.951,27.719],[85.948,27.716],[85.947,27.715],[85.946,27.714],[85.944,27.713],[85.942,27.711],[85.941,27.71],[85.94,27.709],[85.939,27.708],[85.939,27.706],[85.94,27.703],[85.94,27.701],[85.941,27.698],[85.942,27.695],[85.943,27.693],[85.942,27.691],[85.94,27.689],[85.937,27.685],[85.937,27.684],[85.937,27.682],[85.939,27.678],[85.94,27.676],[85.942,27.674],[85.942,27.672],[85.941,27.669],[85.937,27.668],[85.935,27.666],[85.931,27.665],[85.928,27.664],[85.925,27.664],[85.921,27.664],[85.918,27.665],[85.916,27.666],[85.914,27.665],[85.912,27.667],[85.91,27.663],[85.908,27.662],[85.907,27.659],[85.907,27.657],[85.907,27.656],[85.908,27.654],[85.91,27.651],[85.912,27.648],[85.913,27.645],[85.915,27.644],[85.916,27.642],[85.916,27.641],[85.916,27.64],[85.913,27.638],[85.912,27.637],[85.909,27.634],[85.907,27.633],[85.903,27.63],[85.901,27.629],[85.898,27.628],[85.894,27.626],[85.893,27.624],[85.891,27.623],[85.891,27.622],[85.89,27.62],[85.891,27.619],[85.892,27.618],[85.892,27.617],[85.891,27.615],[85.889,27.614],[85.887,27.616],[85.885,27.617],[85.883,27.616],[85.881,27.615],[85.879,27.614],[85.878,27.612],[85.876,27.617],[85.875,27.619],[85.873,27.622],[85.871,27.623],[85.868,27.626],[85.866,27.628],[85.863,27.63],[85.86,27.632],[85.857,27.634],[85.853,27.637],[85.85,27.639],[85.849,27.638],[85.844,27.643],[85.841,27.646],[85.839,27.648],[85.837,27.649],[85.835,27.65],[85.833,27.651],[85.824,27.657],[85.823,27.659],[85.823,27.661],[85.821,27.663],[85.819,27.665],[85.819,27.667],[85.814,27.669],[85.808,27.668],[85.806,27.668],[85.803,27.667],[85.8,27.667],[85.797,27.666],[85.796,27.666],[85.791,27.666],[85.785,27.666],[85.784,27.666],[85.782,27.667],[85.778,27.668],[85.776,27.668],[85.774,27.669],[85.77,27.669],[85.766,27.67],[85.764,27.671],[85.759,27.671],[85.756,27.672],[85.752,27.673],[85.748,27.674],[85.744,27.675],[85.741,27.675],[85.733,27.674],[85.73,27.672],[85.729,27.67],[85.728,27.668],[85.726,27.666],[85.724,27.664],[85.719,27.66],[85.718,27.657],[85.716,27.656],[85.714,27.654],[85.713,27.651],[85.712,27.649],[85.712,27.647],[85.712,27.645],[85.711,27.643],[85.711,27.641],[85.709,27.639],[85.708,27.639],[85.706,27.64],[85.706,27.642],[85.705,27.645],[85.704,27.651],[85.704,27.652],[85.704,27.653],[85.702,27.656],[85.701,27.657],[85.7,27.658],[85.697,27.661],[85.696,27.663],[85.695,27.665],[85.694,27.668],[85.692,27.67],[85.691,27.673],[85.688,27.677],[85.688,27.679],[85.686,27.682],[85.684,27.684],[85.683,27.687],[85.682,27.69],[85.681,27.694],[85.678,27.699],[85.676,27.701],[85.673,27.702],[85.671,27.704],[85.669,27.705],[85.667,27.707],[85.664,27.708],[85.662,27.71],[85.66,27.711],[85.656,27.715],[85.652,27.717],[85.649,27.718],[85.647,27.719],[85.644,27.72],[85.642,27.72],[85.639,27.721],[85.636,27.722],[85.633,27.723],[85.631,27.725],[85.629,27.727],[85.626,27.729],[85.624,27.73],[85.616,27.737],[85.614,27.739],[85.613,27.741],[85.611,27.742],[85.61,27.743],[85.609,27.744],[85.608,27.745],[85.603,27.743],[85.601,27.742],[85.598,27.742],[85.595,27.743],[85.592,27.743],[85.59,27.744],[85.588,27.744],[85.585,27.745],[85.583,27.745],[85.579,27.746],[85.57,27.75],[85.57,27.751],[85.567,27.753],[85.565,27.756],[85.562,27.759],[85.56,27.763],[85.557,27.769],[85.556,27.77],[85.555,27.774],[85.554,27.777],[85.551,27.781],[85.549,27.783],[85.545,27.785],[85.539,27.786],[85.536,27.786],[85.531,27.784],[85.528,27.783],[85.524,27.781],[85.52,27.779],[85.517,27.777],[85.511,27.776],[85.508,27.775],[85.501,27.774],[85.5,27.775],[85.499,27.777],[85.496,27.778],[85.493,27.78],[85.49,27.781],[85.488,27.782],[85.486,27.782],[85.481,27.783],[85.478,27.783],[85.474,27.783],[85.472,27.784],[85.469,27.788],[85.467,27.794],[85.467,27.798],[85.466,27.802],[85.465,27.807],[85.463,27.811],[85.461,27.813],[85.459,27.815],[85.456,27.816],[85.451,27.817],[85.451,27.819],[85.452,27.822],[85.452,27.825],[85.452,27.829],[85.453,27.831],[85.454,27.836],[85.456,27.84],[85.458,27.842],[85.462,27.844],[85.464,27.847],[85.465,27.85],[85.463,27.854],[85.461,27.856],[85.459,27.86],[85.456,27.866],[85.455,27.869],[85.455,27.872],[85.457,27.876],[85.461,27.879],[85.465,27.882],[85.469,27.883],[85.474,27.885],[85.477,27.888],[85.478,27.89],[85.479,27.895],[85.481,27.901],[85.482,27.903],[85.483,27.906],[85.485,27.909],[85.486,27.911],[85.487,27.914],[85.488,27.917],[85.489,27.92],[85.489,27.923],[85.488,27.927],[85.486,27.931],[85.485,27.935],[85.483,27.941],[85.483,27.944],[85.483,27.947],[85.482,27.951],[85.482,27.956],[85.482,27.958],[85.482,27.961],[85.483,27.963],[85.483,27.966],[85.483,27.969],[85.484,27.971],[85.487,27.972],[85.488,27.971],[85.49,27.972],[85.492,27.972],[85.493,27.974],[85.493,27.976],[85.493,27.977],[85.493,27.982],[85.493,27.984],[85.492,27.987],[85.491,27.991],[85.492,27.995],[85.493,27.998],[85.494,28.002],[85.495,28.005],[85.495,28.009],[85.495,28.012],[85.496,28.016],[85.496,28.022],[85.496,28.025],[85.496,28.029],[85.495,28.034],[85.493,28.038],[85.491,28.041],[85.488,28.045],[85.485,28.047],[85.481,28.051],[85.478,28.056],[85.475,28.059],[85.473,28.061],[85.469,28.064],[85.467,28.065],[85.462,28.068],[85.459,28.069],[85.455,28.071],[85.452,28.073],[85.449,28.076],[85.446,28.079],[85.444,28.084]]]}},{"type":"Feature","properties":{"id":"Bara","name":"Bara","hq":"Kalaiya","province_id":2,"province":"Madhesh","level":"district"},"geometry":{"type":"Polygon","coordinates":[[[84.956,27.365],[84.958,27.364],[84.971,27.36],[84.975,27.358],[84.978,27.357],[84.98,27.358],[84.981,27.36],[84.984,27.362],[84.986,27.363],[84.989,27.363],[84.993,27.363],[84.997,27.365],[85.001,27.365],[85.004,27.365],[85.005,27.363],[85.005,27.361],[85.005,27.358],[85.007,27.357],[85.01,27.357],[85.015,27.356],[85.019,27.355],[85.024,27.356],[85.027,27.358],[85.033,27.359],[85.038,27.36],[85.043,27.36],[85.048,27.361],[85.052,27.363],[85.057,27.365],[85.062,27.366],[85.064,27.364],[85.069,27.364],[85.074,27.364],[85.08,27.364],[85.085,27.363],[85.09,27.362],[85.092,27.36],[85.094,27.357],[85.095,27.353],[85.096,27.349],[85.097,27.344],[85.098,27.34],[85.099,27.336],[85.103,27.332],[85.105,27.328],[85.107,27.326],[85.11,27.323],[85.115,27.321],[85.119,27.32],[85.123,27.316],[85.123,27.313],[85.126,27.307],[85.129,27.303],[85.132,27.298],[85.137,27.296],[85.14,27.293],[85.143,27.29],[85.146,27.285],[85.147,27.28],[85.15,27.276],[85.154,27.271],[85.157,27.268],[85.162,27.265],[85.166,27.264],[85.17,27.264],[85.174,27.263],[85.178,27.261],[85.184,27.26],[85.185,27.258],[85.185,27.254],[85.185,27.252],[85.188,27.246],[85.196,27.243],[85.2,27.245],[85.204,27.248],[85.21,27.248],[85.218,27.247],[85.226,27.246],[85.233,27.246],[85.237,27.248],[85.242,27.249],[85.251,27.249],[85.257,27.245],[85.258,27.24],[85.26,27.235],[85.263,27.23],[85.266,27.226],[85.268,27.225],[85.268,27.217],[85.267,27.213],[85.267,27.211],[85.266,27.208],[85.264,27.205],[85.264,27.203],[85.263,27.2],[85.26,27.196],[85.258,27.192],[85.257,27.188],[85.257,27.182],[85.255,27.176],[85.252,27.171],[85.249,27.166],[85.246,27.16],[85.244,27.154],[85.239,27.148],[85.236,27.145],[85.233,27.14],[85.233,27.135],[85.229,27.131],[85.222,27.128],[85.213,27.123],[85.206,27.118],[85.202,27.115],[85.198,27.111],[85.197,27.105],[85.198,27.098],[85.201,27.095],[85.203,27.092],[85.201,27.087],[85.201,27.082],[85.201,27.077],[85.2,27.075],[85.202,27.074],[85.203,27.072],[85.204,27.07],[85.203,27.068],[85.2,27.066],[85.197,27.063],[85.195,27.059],[85.193,27.056],[85.191,27.053],[85.189,27.048],[85.193,27.048],[85.198,27.05],[85.2,27.05],[85.202,27.049],[85.203,27.045],[85.203,27.043],[85.206,27.039],[85.208,27.035],[85.208,27.03],[85.204,27.027],[85.201,27.025],[85.197,27.022],[85.19,27.02],[85.187,27.018],[85.186,27.016],[85.189,27.013],[85.192,27.01],[85.189,27.008],[85.184,27.006],[85.181,27.001],[85.178,26.996],[85.175,26.99],[85.173,26.985],[85.172,26.982],[85.172,26.979],[85.174,26.978],[85.177,26.973],[85.177,26.966],[85.176,26.958],[85.175,26.952],[85.178,26.946],[85.178,26.943],[85.172,26.941],[85.17,26.938],[85.174,26.932],[85.179,26.93],[85.182,26.93],[85.183,26.927],[85.182,26.924],[85.178,26.92],[85.178,26.917],[85.179,26.909],[85.181,26.904],[85.178,26.9],[85.176,26.898],[85.178,26.895],[85.179,26.892],[85.174,26.89],[85.17,26.89],[85.167,26.888],[85.17,26.888],[85.175,26.885],[85.177,26.88],[85.176,26.878],[85.174,26.878],[85.174,26.875],[85.177,26.872],[85.182,26.868],[85.179,26.868],[85.17,26.868],[85.162,26.869],[85.154,26.87],[85.148,26.87],[85.145,26.87],[85.14,26.869],[85.134,26.867],[85.129,26.869],[85.121,26.871],[85.114,26.871],[85.11,26.87],[85.106,26.871],[85.101,26.869],[85.098,26.866],[85.093,26.866],[85.088,26.866],[85.086,26.864],[85.087,26.861],[85.089,26.859],[85.089,26.857],[85.086,26.854],[85.083,26.853],[85.078,26.854],[85.071,26.853],[85.067,26.851],[85.061,26.85],[85.055,26.85],[85.048,26.852],[85.041,26.853],[85.034,26.853],[85.029,26.855],[85.032,26.858],[85.035,26.859],[85.033,26.862],[85.033,26.865],[85.035,26.868],[85.033,26.871],[85.036,26.873],[85.04,26.873],[85.045,26.872],[85.046,26.875],[85.047,26.878],[85.052,26.88],[85.054,26.881],[85.057,26.884],[85.057,26.885],[85.057,26.888],[85.054,26.89],[85.049,26.89],[85.042,26.89],[85.035,26.891],[85.028,26.892],[85.022,26.892],[85.017,26.893],[85.01,26.895],[85.004,26.898],[84.998,26.902],[84.998,26.904],[85.001,26.905],[85.004,26.907],[85.003,26.91],[85.001,26.912],[84.996,26.912],[84.99,26.913],[84.983,26.914],[84.979,26.915],[84.973,26.916],[84.971,26.917],[84.969,26.917],[84.968,26.919],[84.968,26.923],[84.969,26.928],[84.973,26.932],[84.976,26.935],[84.976,26.94],[84.974,26.944],[84.973,26.948],[84.969,26.953],[84.967,26.955],[84.964,26.958],[84.959,26.96],[84.955,26.96],[84.952,26.961],[84.948,26.963],[84.943,26.964],[84.938,26.966],[84.933,26.967],[84.927,26.968],[84.921,26.968],[84.917,26.967],[84.911,26.966],[84.906,26.968],[84.901,26.971],[84.896,26.972],[84.893,26.971],[84.89,26.971],[84.888,26.973],[84.888,26.974],[84.888,26.976],[84.887,26.978],[84.881,26.98],[84.874,26.98],[84.874,26.98],[84.875,26.982],[84.875,26.984],[84.876,26.986],[84.878,26.987],[84.881,26.987],[84.886,26.985],[84.887,26.986],[84.889,26.989],[84.892,26.992],[84.895,26.995],[84.901,26.999],[84.905,27.004],[84.906,27.007],[84.91,27.012],[84.914,27.015],[84.917,27.019],[84.918,27.025],[84.919,27.029],[84.92,27.032],[84.916,27.032],[84.909,27.031],[84.904,27.029],[84.9,27.028],[84.895,27.027],[84.892,27.028],[84.892,27.027],[84.894,27.031],[84.899,27.038],[84.904,27.047],[84.906,27.05],[84.907,27.052],[84.91,27.057],[84.914,27.063],[84.918,27.071],[84.924,27.081],[84.927,27.088],[84.931,27.088],[84.937,27.091],[84.941,27.095],[84.944,27.101],[84.944,27.106],[84.945,27.112],[84.945,27.113],[84.946,27.115],[84.947,27.117],[84.951,27.119],[84.955,27.12],[84.959,27.123],[84.961,27.127],[84.961,27.131],[84.959,27.134],[84.957,27.137],[84.956,27.14],[84.953,27.145],[84.952,27.147],[84.952,27.15],[84.952,27.161],[84.953,27.163],[84.963,27.194],[84.967,27.2],[84.964,27.203],[84.964,27.207],[84.967,27.211],[84.969,27.213],[84.97,27.215],[84.969,27.218],[84.968,27.222],[84.968,27.225],[84.968,27.226],[84.967,27.232],[84.968,27.233],[84.969,27.235],[84.969,27.236],[84.969,27.238],[84.969,27.239],[84.97,27.242],[84.97,27.243],[84.972,27.247],[84.972,27.248],[84.973,27.25],[84.973,27.251],[84.974,27.253],[84.975,27.254],[84.975,27.255],[84.976,27.257],[84.976,27.26],[84.976,27.261],[84.977,27.264],[84.977,27.266],[84.977,27.269],[84.977,27.27],[84.977,27.272],[84.976,27.276],[84.973,27.28],[84.97,27.284],[84.969,27.287],[84.968,27.29],[84.967,27.292],[84.965,27.296],[84.964,27.299],[84.962,27.302],[84.961,27.305],[84.961,27.307],[84.96,27.31],[84.96,27.311],[84.959,27.312],[84.959,27.314],[84.958,27.316],[84.957,27.318],[84.956,27.32],[84.956,27.321],[84.956,27.323],[84.956,27.325],[84.955,27.327],[84.954,27.329],[84.953,27.332],[84.95,27.334],[84.949,27.335],[84.947,27.337],[84.946,27.338],[84.948,27.343],[84.95,27.345],[84.951,27.346],[84.953,27.349],[84.954,27.35],[84.955,27.351],[84.956,27.353],[84.956,27.355],[84.956,27.357],[84.956,27.36],[84.956,27.361],[84.956,27.363],[84.956,27.365]]]}},{"type":"Feature","properties":{"id":"Parsa","name":"Parsa","hq":"Birganj","province_id":2,"province":"Madhesh","level":"district"},"geometry":{"type":"Polygon","coordinates":[[[84.724,27.435],[84.725,27.437],[84.728,27.44],[84.733,27.441],[84.738,27.444],[84.743,27.442],[84.747,27.442],[84.752,27.44],[84.758,27.438],[84.762,27.437],[84.769,27.437],[84.777,27.438],[84.781,27.438],[84.785,27.437],[84.79,27.436],[84.797,27.437],[84.799,27.436],[84.8,27.436],[84.802,27.433],[84.805,27.429],[84.809,27.428],[84.812,27.422],[84.814,27.418],[84.822,27.417],[84.829,27.418],[84.834,27.418],[84.839,27.416],[84.849,27.411],[84.853,27.407],[84.855,27.403],[84.856,27.4],[84.859,27.398],[84.866,27.398],[84.873,27.398],[84.878,27.397],[84.881,27.393],[84.89,27.388],[84.898,27.386],[84.9,27.382],[84.901,27.379],[84.904,27.375],[84.908,27.376],[84.912,27.376],[84.916,27.374],[84.921,27.37],[84.928,27.367],[84.934,27.365],[84.94,27.365],[84.944,27.364],[84.947,27.362],[84.951,27.361],[84.952,27.361],[84.953,27.363],[84.956,27.365],[84.956,27.365],[84.956,27.363],[84.956,27.361],[84.956,27.36],[84.956,27.357],[84.956,27.355],[84.956,27.353],[84.955,27.351],[84.954,27.35],[84.953,27.349],[84.951,27.346],[84.95,27.345],[84.948,27.343],[84.946,27.338],[84.947,27.337],[84.949,27.335],[84.95,27.334],[84.953,27.332],[84.954,27.329],[84.955,27.327],[84.956,27.325],[84.956,27.323],[84.956,27.321],[84.956,27.32],[84.957,27.318],[84.958,27.316],[84.959,27.314],[84.959,27.312],[84.96,27.311],[84.96,27.31],[84.961,27.307],[84.961,27.305],[84.962,27.302],[84.964,27.299],[84.965,27.296],[84.967,27.292],[84.968,27.29],[84.969,27.287],[84.97,27.284],[84.973,27.28],[84.976,27.276],[84.977,27.272],[84.977,27.27],[84.977,27.269],[84.977,27.266],[84.977,27.264],[84.976,27.261],[84.976,27.26],[84.976,27.257],[84.975,27.255],[84.975,27.254],[84.974,27.253],[84.973,27.251],[84.973,27.25],[84.972,27.248],[84.972,27.247],[84.97,27.243],[84.97,27.242],[84.969,27.239],[84.969,27.238],[84.969,27.236],[84.969,27.235],[84.968,27.233],[84.967,27.232],[84.968,27.226],[84.968,27.225],[84.968,27.222],[84.969,27.218],[84.97,27.215],[84.969,27.213],[84.967,27.211],[84.964,27.207],[84.964,27.203],[84.967,27.2],[84.963,27.194],[84.953,27.163],[84.952,27.161],[84.952,27.15],[84.952,27.147],[84.953,27.145],[84.956,27.14],[84.957,27.137],[84.959,27.134],[84.961,27.131],[84.961,27.127],[84.959,27.123],[84.955,27.12],[84.951,27.119],[84.947,27.117],[84.946,27.115],[84.945,27.113],[84.945,27.112],[84.944,27.106],[84.944,27.101],[84.941,27.095],[84.937,27.091],[84.931,27.088],[84.927,27.088],[84.924,27.081],[84.918,27.071],[84.914,27.063],[84.91,27.057],[84.907,27.052],[84.906,27.05],[84.904,27.047],[84.899,27.038],[84.894,27.031],[84.892,27.027],[84.892,27.028],[84.895,27.027],[84.9,27.028],[84.904,27.029],[84.909,27.031],[84.916,27.032],[84.92,27.032],[84.919,27.029],[84.918,27.025],[84.917,27.019],[84.914,27.015],[84.91,27.012],[84.906,27.007],[84.905,27.004],[84.901,26.999],[84.895,26.995],[84.892,26.992],[84.889,26.989],[84.887,26.986],[84.886,26.985],[84.881,26.987],[84.878,26.987],[84.876,26.986],[84.875,26.984],[84.875,26.982],[84.874,26.98],[84.873,26.981],[84.869,26.983],[84.867,26.984],[84.861,26.987],[84.858,26.989],[84.858,26.991],[84.859,26.994],[84.859,26.997],[84.859,27.0],[84.859,27.003],[84.858,27.006],[84.858,27.009],[84.854,27.009],[84.852,27.009],[84.847,27.011],[84.845,27.014],[84.844,27.018],[84.842,27.02],[84.839,27.022],[84.835,27.023],[84.831,27.023],[84.825,27.021],[84.82,27.02],[84.816,27.018],[84.814,27.014],[84.815,27.012],[84.812,27.01],[84.812,27.007],[84.812,27.005],[84.81,27.003],[84.806,27.003],[84.803,27.004],[84.801,27.003],[84.799,27.001],[84.798,26.998],[84.797,26.996],[84.796,26.995],[84.794,26.997],[84.794,26.998],[84.794,27.001],[84.793,27.006],[84.791,27.009],[84.787,27.013],[84.785,27.016],[84.782,27.017],[84.777,27.016],[84.774,27.014],[84.771,27.013],[84.768,27.009],[84.765,27.006],[84.762,27.003],[84.758,27.005],[84.753,27.007],[84.748,27.01],[84.743,27.013],[84.739,27.014],[84.734,27.014],[84.728,27.015],[84.726,27.016],[84.721,27.018],[84.718,27.021],[84.716,27.025],[84.711,27.027],[84.704,27.028],[84.696,27.03],[84.69,27.032],[84.683,27.035],[84.676,27.038],[84.668,27.041],[84.661,27.042],[84.655,27.043],[84.652,27.044],[84.649,27.046],[84.649,27.048],[84.65,27.051],[84.651,27.055],[84.65,27.059],[84.649,27.062],[84.649,27.066],[84.649,27.069],[84.651,27.073],[84.653,27.075],[84.657,27.078],[84.662,27.08],[84.666,27.082],[84.669,27.084],[84.671,27.089],[84.672,27.095],[84.674,27.097],[84.678,27.1],[84.679,27.105],[84.678,27.109],[84.679,27.113],[84.68,27.115],[84.679,27.12],[84.678,27.123],[84.68,27.129],[84.682,27.133],[84.684,27.138],[84.685,27.142],[84.686,27.147],[84.686,27.151],[84.688,27.155],[84.689,27.157],[84.689,27.158],[84.685,27.159],[84.683,27.16],[84.683,27.161],[84.684,27.162],[84.684,27.163],[84.683,27.165],[84.681,27.168],[84.681,27.17],[84.684,27.173],[84.685,27.177],[84.685,27.182],[84.686,27.185],[84.688,27.191],[84.687,27.194],[84.686,27.198],[84.687,27.201],[84.689,27.203],[84.69,27.207],[84.689,27.21],[84.69,27.212],[84.692,27.214],[84.693,27.217],[84.693,27.22],[84.692,27.224],[84.692,27.228],[84.691,27.23],[84.688,27.234],[84.685,27.239],[84.682,27.244],[84.678,27.251],[84.676,27.254],[84.668,27.27],[84.664,27.276],[84.661,27.281],[84.657,27.286],[84.654,27.292],[84.65,27.3],[84.647,27.305],[84.643,27.311],[84.638,27.319],[84.635,27.325],[84.633,27.327],[84.632,27.328],[84.628,27.334],[84.626,27.336],[84.623,27.337],[84.62,27.337],[84.616,27.337],[84.613,27.336],[84.61,27.336],[84.608,27.337],[84.605,27.338],[84.6,27.339],[84.596,27.339],[84.592,27.34],[84.583,27.343],[84.578,27.344],[84.567,27.348],[84.561,27.348],[84.556,27.349],[84.551,27.349],[84.546,27.35],[84.54,27.351],[84.534,27.351],[84.528,27.353],[84.524,27.354],[84.521,27.355],[84.517,27.354],[84.513,27.354],[84.508,27.356],[84.502,27.357],[84.497,27.358],[84.493,27.359],[84.49,27.359],[84.487,27.359],[84.484,27.359],[84.481,27.357],[84.48,27.358],[84.481,27.36],[84.484,27.362],[84.489,27.364],[84.492,27.367],[84.494,27.37],[84.495,27.371],[84.497,27.373],[84.501,27.375],[84.504,27.377],[84.507,27.379],[84.509,27.381],[84.513,27.381],[84.517,27.383],[84.525,27.384],[84.529,27.383],[84.531,27.382],[84.533,27.381],[84.534,27.381],[84.534,27.384],[84.536,27.385],[84.539,27.384],[84.542,27.385],[84.541,27.389],[84.54,27.392],[84.54,27.394],[84.54,27.397],[84.54,27.403],[84.544,27.403],[84.548,27.404],[84.551,27.407],[84.55,27.41],[84.543,27.41],[84.539,27.412],[84.537,27.415],[84.538,27.417],[84.538,27.418],[84.54,27.419],[84.545,27.422],[84.548,27.426],[84.551,27.43],[84.552,27.434],[84.553,27.438],[84.557,27.441],[84.559,27.446],[84.559,27.45],[84.559,27.454],[84.56,27.458],[84.563,27.461],[84.57,27.462],[84.572,27.46],[84.576,27.457],[84.578,27.455],[84.582,27.454],[84.588,27.454],[84.591,27.453],[84.596,27.454],[84.6,27.453],[84.604,27.452],[84.608,27.451],[84.613,27.449],[84.614,27.449],[84.619,27.448],[84.625,27.448],[84.63,27.448],[84.633,27.446],[84.637,27.444],[84.643,27.442],[84.646,27.438],[84.648,27.433],[84.65,27.429],[84.653,27.428],[84.656,27.429],[84.662,27.43],[84.668,27.429],[84.673,27.428],[84.678,27.429],[84.684,27.43],[84.689,27.431],[84.694,27.432],[84.7,27.432],[84.703,27.432],[84.707,27.432],[84.712,27.431],[84.717,27.431],[84.721,27.43],[84.724,27.435]]]}},{"type":"Feature","properties":{"id":"Rautahat","name":"Rautahat","hq":"Gaur","province_id":2,"province":"Madhesh","level":"district"},"geometry":{"type":"Polygon","coordinates":[[[85.268,27.225],[85.269,27.226],[85.274,27.228],[85.282,27.23],[85.288,27.23],[85.295,27.23],[85.304,27.23],[85.312,27.23],[85.318,27.229],[85.327,27.226],[85.333,27.223],[85.339,27.222],[85.344,27.221],[85.349,27.222],[85.353,27.221],[85.355,27.218],[85.357,27.214],[85.364,27.211],[85.371,27.211],[85.378,27.211],[85.383,27.208],[85.389,27.207],[85.395,27.207],[85.398,27.206],[85.399,27.205],[85.399,27.201],[85.401,27.196],[85.407,27.194],[85.412,27.194],[85.415,27.193],[85.419,27.19],[85.426,27.19],[85.433,27.191],[85.437,27.189],[85.442,27.186],[85.448,27.186],[85.451,27.182],[85.454,27.176],[85.457,27.17],[85.462,27.166],[85.466,27.164],[85.473,27.163],[85.481,27.162],[85.486,27.163],[85.49,27.164],[85.494,27.166],[85.499,27.169],[85.5,27.171],[85.504,27.177],[85.505,27.177],[85.506,27.175],[85.506,27.174],[85.505,27.172],[85.504,27.17],[85.505,27.169],[85.505,27.167],[85.503,27.166],[85.499,27.164],[85.497,27.163],[85.495,27.162],[85.494,27.161],[85.493,27.159],[85.491,27.157],[85.491,27.155],[85.491,27.152],[85.491,27.15],[85.491,27.147],[85.491,27.145],[85.491,27.144],[85.49,27.143],[85.489,27.141],[85.486,27.138],[85.485,27.137],[85.483,27.135],[85.481,27.133],[85.48,27.132],[85.479,27.13],[85.478,27.127],[85.476,27.124],[85.475,27.121],[85.475,27.119],[85.474,27.117],[85.474,27.115],[85.472,27.113],[85.47,27.111],[85.467,27.111],[85.461,27.11],[85.459,27.109],[85.457,27.108],[85.456,27.107],[85.455,27.106],[85.455,27.103],[85.455,27.101],[85.455,27.099],[85.456,27.097],[85.456,27.095],[85.455,27.092],[85.453,27.091],[85.451,27.09],[85.448,27.089],[85.447,27.088],[85.444,27.087],[85.441,27.086],[85.439,27.085],[85.439,27.083],[85.439,27.081],[85.439,27.078],[85.439,27.074],[85.439,27.072],[85.437,27.07],[85.435,27.068],[85.432,27.066],[85.43,27.065],[85.425,27.062],[85.423,27.061],[85.42,27.06],[85.417,27.059],[85.414,27.056],[85.413,27.052],[85.412,27.05],[85.411,27.046],[85.411,27.042],[85.41,27.038],[85.409,27.035],[85.408,27.033],[85.407,27.031],[85.406,27.031],[85.4,27.026],[85.398,27.025],[85.396,27.022],[85.396,27.019],[85.397,27.014],[85.398,27.011],[85.399,27.008],[85.4,27.004],[85.401,27.001],[85.401,26.998],[85.402,26.995],[85.402,26.992],[85.404,26.986],[85.405,26.982],[85.406,26.978],[85.406,26.974],[85.406,26.971],[85.406,26.966],[85.407,26.962],[85.408,26.958],[85.409,26.954],[85.408,26.95],[85.408,26.947],[85.408,26.946],[85.407,26.939],[85.407,26.936],[85.406,26.932],[85.405,26.93],[85.404,26.927],[85.402,26.925],[85.399,26.922],[85.397,26.92],[85.396,26.918],[85.394,26.915],[85.393,26.911],[85.393,26.909],[85.392,26.907],[85.385,26.9],[85.383,26.899],[85.381,26.897],[85.379,26.895],[85.376,26.892],[85.375,26.89],[85.373,26.887],[85.372,26.885],[85.371,26.881],[85.37,26.878],[85.369,26.874],[85.369,26.871],[85.369,26.867],[85.369,26.864],[85.368,26.862],[85.364,26.859],[85.362,26.857],[85.359,26.855],[85.356,26.853],[85.355,26.851],[85.352,26.848],[85.351,26.847],[85.35,26.843],[85.348,26.84],[85.347,26.838],[85.346,26.836],[85.342,26.829],[85.341,26.826],[85.34,26.823],[85.338,26.819],[85.336,26.815],[85.335,26.813],[85.335,26.811],[85.334,26.809],[85.335,26.807],[85.336,26.806],[85.337,26.805],[85.338,26.805],[85.34,26.803],[85.341,26.802],[85.343,26.8],[85.344,26.798],[85.343,26.796],[85.342,26.794],[85.34,26.793],[85.337,26.792],[85.335,26.79],[85.333,26.789],[85.332,26.787],[85.331,26.785],[85.331,26.779],[85.332,26.775],[85.332,26.774],[85.333,26.772],[85.333,26.77],[85.333,26.768],[85.333,26.766],[85.332,26.764],[85.332,26.762],[85.332,26.76],[85.331,26.758],[85.331,26.755],[85.331,26.753],[85.331,26.751],[85.331,26.749],[85.33,26.748],[85.329,26.746],[85.328,26.746],[85.321,26.75],[85.313,26.753],[85.304,26.755],[85.293,26.755],[85.286,26.755],[85.278,26.755],[85.27,26.755],[85.263,26.756],[85.255,26.759],[85.249,26.761],[85.243,26.762],[85.233,26.762],[85.225,26.76],[85.217,26.759],[85.209,26.761],[85.205,26.765],[85.203,26.769],[85.198,26.772],[85.194,26.777],[85.194,26.782],[85.194,26.789],[85.192,26.793],[85.185,26.795],[85.183,26.8],[85.184,26.803],[85.182,26.805],[85.18,26.81],[85.18,26.816],[85.186,26.822],[85.189,26.825],[85.192,26.828],[85.194,26.834],[85.194,26.839],[85.194,26.846],[85.193,26.851],[85.194,26.856],[85.197,26.863],[85.195,26.868],[85.184,26.869],[85.182,26.868],[85.177,26.872],[85.174,26.875],[85.174,26.878],[85.176,26.878],[85.177,26.88],[85.175,26.885],[85.17,26.888],[85.167,26.888],[85.17,26.89],[85.174,26.89],[85.179,26.892],[85.178,26.895],[85.176,26.898],[85.178,26.9],[85.181,26.904],[85.179,26.909],[85.178,26.917],[85.178,26.92],[85.182,26.924],[85.183,26.927],[85.182,26.93],[85.179,26.93],[85.174,26.932],[85.17,26.938],[85.172,26.941],[85.178,26.943],[85.178,26.946],[85.175,26.952],[85.176,26.958],[85.177,26.966],[85.177,26.973],[85.174,26.978],[85.172,26.979],[85.172,26.982],[85.173,26.985],[85.175,26.99],[85.178,26.996],[85.181,27.001],[85.184,27.006],[85.189,27.008],[85.192,27.01],[85.189,27.013],[85.186,27.016],[85.187,27.018],[85.19,27.02],[85.197,27.022],[85.201,27.025],[85.204,27.027],[85.208,27.03],[85.208,27.035],[85.206,27.039],[85.203,27.043],[85.203,27.045],[85.202,27.049],[85.2,27.05],[85.198,27.05],[85.193,27.048],[85.189,27.048],[85.191,27.053],[85.193,27.056],[85.195,27.059],[85.197,27.063],[85.2,27.066],[85.203,27.068],[85.204,27.07],[85.203,27.072],[85.202,27.074],[85.2,27.075],[85.201,27.077],[85.201,27.082],[85.201,27.087],[85.203,27.092],[85.201,27.095],[85.198,27.098],[85.197,27.105],[85.198,27.111],[85.202,27.115],[85.206,27.118],[85.213,27.123],[85.222,27.128],[85.229,27.131],[85.233,27.135],[85.233,27.14],[85.236,27.145],[85.239,27.148],[85.244,27.154],[85.246,27.16],[85.249,27.166],[85.252,27.171],[85.255,27.176],[85.257,27.182],[85.257,27.188],[85.258,27.192],[85.26,27.196],[85.263,27.2],[85.264,27.203],[85.264,27.205],[85.266,27.208],[85.267,27.211],[85.267,27.213],[85.268,27.217],[85.268,27.225]]]}},{"type":"Feature","properties":{"id":"Chitwan","name":"Chitwan","hq":"Bharatpur","province_id":3,"province":"Bagmati","level":"district"},"geometry":{"type":"Polygon","coordinates":[[[84.674,27.816],[84.67,27.811],[84.669,27.811],[84.667,27.81],[84.664,27.808],[84.661,27.805],[84.658,27.803],[84.656,27.801],[84.655,27.799],[84.657,27.797],[84.659,27.796],[84.662,27.793],[84.665,27.788],[84.668,27.785],[84.671,27.782],[84.675,27.778],[84.677,27.775],[84.678,27.771],[84.68,27.769],[84.683,27.768],[84.685,27.768],[84.688,27.767],[84.689,27.765],[84.687,27.762],[84.684,27.759],[84.682,27.756],[84.681,27.753],[84.679,27.75],[84.678,27.746],[84.675,27.742],[84.672,27.738],[84.673,27.735],[84.676,27.733],[84.68,27.73],[84.683,27.727],[84.686,27.725],[84.689,27.724],[84.692,27.722],[84.695,27.722],[84.699,27.724],[84.702,27.725],[84.705,27.726],[84.71,27.727],[84.713,27.728],[84.717,27.727],[84.722,27.727],[84.729,27.728],[84.734,27.73],[84.739,27.731],[84.743,27.732],[84.749,27.734],[84.752,27.733],[84.757,27.733],[84.761,27.731],[84.765,27.729],[84.769,27.724],[84.771,27.722],[84.774,27.719],[84.778,27.717],[84.782,27.715],[84.785,27.713],[84.789,27.711],[84.791,27.708],[84.793,27.705],[84.794,27.701],[84.794,27.698],[84.791,27.694],[84.79,27.69],[84.791,27.689],[84.796,27.687],[84.798,27.683],[84.791,27.684],[84.789,27.684],[84.786,27.681],[84.784,27.676],[84.781,27.673],[84.778,27.671],[84.774,27.668],[84.771,27.665],[84.77,27.662],[84.769,27.658],[84.767,27.658],[84.764,27.657],[84.76,27.656],[84.754,27.653],[84.751,27.651],[84.749,27.651],[84.748,27.652],[84.747,27.655],[84.745,27.657],[84.743,27.659],[84.741,27.66],[84.739,27.66],[84.736,27.658],[84.735,27.656],[84.733,27.654],[84.73,27.65],[84.728,27.648],[84.726,27.646],[84.723,27.644],[84.723,27.64],[84.723,27.637],[84.724,27.634],[84.726,27.631],[84.729,27.629],[84.731,27.628],[84.734,27.625],[84.736,27.622],[84.738,27.619],[84.739,27.616],[84.74,27.614],[84.741,27.611],[84.741,27.61],[84.739,27.602],[84.735,27.593],[84.734,27.588],[84.734,27.585],[84.733,27.582],[84.732,27.581],[84.73,27.58],[84.727,27.577],[84.724,27.576],[84.723,27.575],[84.722,27.574],[84.721,27.572],[84.719,27.57],[84.718,27.568],[84.716,27.566],[84.711,27.565],[84.705,27.564],[84.701,27.565],[84.697,27.565],[84.693,27.566],[84.692,27.563],[84.691,27.561],[84.69,27.56],[84.689,27.557],[84.687,27.555],[84.685,27.55],[84.684,27.546],[84.684,27.54],[84.683,27.536],[84.683,27.529],[84.683,27.525],[84.684,27.52],[84.685,27.516],[84.687,27.511],[84.69,27.506],[84.692,27.501],[84.694,27.496],[84.694,27.493],[84.695,27.49],[84.696,27.485],[84.697,27.481],[84.698,27.479],[84.698,27.477],[84.696,27.473],[84.695,27.47],[84.695,27.468],[84.694,27.466],[84.694,27.463],[84.694,27.46],[84.694,27.458],[84.694,27.457],[84.696,27.456],[84.698,27.452],[84.702,27.448],[84.706,27.444],[84.71,27.441],[84.715,27.438],[84.724,27.435],[84.721,27.43],[84.717,27.431],[84.712,27.431],[84.707,27.432],[84.703,27.432],[84.7,27.432],[84.694,27.432],[84.689,27.431],[84.684,27.43],[84.678,27.429],[84.673,27.428],[84.668,27.429],[84.662,27.43],[84.656,27.429],[84.653,27.428],[84.65,27.429],[84.648,27.433],[84.646,27.438],[84.643,27.442],[84.637,27.444],[84.633,27.446],[84.63,27.448],[84.625,27.448],[84.619,27.448],[84.614,27.449],[84.613,27.449],[84.608,27.451],[84.604,27.452],[84.6,27.453],[84.596,27.454],[84.591,27.453],[84.588,27.454],[84.582,27.454],[84.578,27.455],[84.576,27.457],[84.572,27.46],[84.57,27.462],[84.563,27.461],[84.56,27.458],[84.559,27.454],[84.559,27.45],[84.559,27.446],[84.557,27.441],[84.553,27.438],[84.552,27.434],[84.551,27.43],[84.548,27.426],[84.545,27.422],[84.54,27.419],[84.538,27.418],[84.538,27.417],[84.537,27.415],[84.539,27.412],[84.543,27.41],[84.55,27.41],[84.551,27.407],[84.548,27.404],[84.544,27.403],[84.54,27.403],[84.54,27.397],[84.54,27.394],[84.54,27.392],[84.541,27.389],[84.542,27.385],[84.539,27.384],[84.536,27.385],[84.534,27.384],[84.534,27.381],[84.533,27.381],[84.531,27.382],[84.529,27.383],[84.525,27.384],[84.517,27.383],[84.513,27.381],[84.509,27.381],[84.507,27.379],[84.504,27.377],[84.501,27.375],[84.497,27.373],[84.495,27.371],[84.494,27.37],[84.492,27.367],[84.489,27.364],[84.484,27.362],[84.481,27.36],[84.48,27.358],[84.481,27.357],[84.481,27.357],[84.478,27.355],[84.475,27.354],[84.473,27.356],[84.471,27.356],[84.47,27.359],[84.468,27.36],[84.465,27.361],[84.462,27.362],[84.459,27.363],[84.455,27.363],[84.452,27.364],[84.451,27.366],[84.449,27.368],[84.447,27.369],[84.444,27.37],[84.44,27.37],[84.436,27.371],[84.432,27.371],[84.429,27.372],[84.426,27.371],[84.424,27.369],[84.421,27.369],[84.418,27.37],[84.415,27.369],[84.411,27.368],[84.407,27.369],[84.404,27.37],[84.4,27.369],[84.398,27.368],[84.396,27.368],[84.392,27.37],[84.386,27.373],[84.383,27.375],[84.38,27.375],[84.376,27.374],[84.373,27.374],[84.372,27.373],[84.369,27.372],[84.363,27.373],[84.358,27.373],[84.353,27.373],[84.348,27.374],[84.343,27.377],[84.337,27.376],[84.334,27.377],[84.328,27.38],[84.321,27.383],[84.318,27.384],[84.313,27.385],[84.305,27.388],[84.3,27.389],[84.298,27.388],[84.297,27.385],[84.296,27.384],[84.294,27.385],[84.292,27.386],[84.291,27.387],[84.282,27.394],[84.279,27.396],[84.277,27.399],[84.278,27.402],[84.278,27.406],[84.279,27.41],[84.278,27.416],[84.277,27.421],[84.274,27.425],[84.271,27.43],[84.267,27.433],[84.264,27.434],[84.261,27.435],[84.26,27.438],[84.261,27.442],[84.259,27.446],[84.257,27.449],[84.253,27.452],[84.247,27.453],[84.243,27.453],[84.24,27.452],[84.237,27.452],[84.235,27.453],[84.234,27.455],[84.231,27.454],[84.229,27.453],[84.227,27.45],[84.225,27.448],[84.223,27.446],[84.223,27.443],[84.223,27.442],[84.222,27.441],[84.22,27.44],[84.216,27.441],[84.214,27.441],[84.209,27.445],[84.209,27.448],[84.209,27.45],[84.209,27.452],[84.209,27.454],[84.207,27.458],[84.207,27.461],[84.207,27.462],[84.209,27.464],[84.209,27.464],[84.209,27.466],[84.208,27.468],[84.207,27.47],[84.204,27.471],[84.202,27.472],[84.199,27.472],[84.197,27.472],[84.195,27.471],[84.191,27.471],[84.188,27.471],[84.186,27.472],[84.184,27.473],[84.182,27.474],[84.181,27.474],[84.179,27.474],[84.176,27.474],[84.175,27.474],[84.173,27.475],[84.171,27.477],[84.169,27.479],[84.168,27.481],[84.164,27.483],[84.161,27.483],[84.157,27.483],[84.155,27.484],[84.153,27.485],[84.151,27.485],[84.15,27.486],[84.149,27.488],[84.149,27.49],[84.148,27.492],[84.148,27.493],[84.148,27.495],[84.149,27.498],[84.15,27.499],[84.151,27.501],[84.152,27.503],[84.151,27.505],[84.152,27.507],[84.152,27.508],[84.153,27.511],[84.153,27.513],[84.152,27.515],[84.15,27.516],[84.146,27.517],[84.144,27.517],[84.141,27.516],[84.139,27.515],[84.135,27.513],[84.133,27.512],[84.132,27.511],[84.13,27.511],[84.126,27.511],[84.124,27.512],[84.122,27.512],[84.12,27.513],[84.12,27.515],[84.119,27.516],[84.118,27.518],[84.117,27.518],[84.115,27.519],[84.114,27.519],[84.112,27.519],[84.109,27.519],[84.107,27.519],[84.105,27.519],[84.104,27.518],[84.103,27.518],[84.102,27.517],[84.101,27.516],[84.101,27.514],[84.1,27.513],[84.1,27.511],[84.1,27.509],[84.1,27.507],[84.1,27.504],[84.1,27.502],[84.1,27.501],[84.099,27.496],[84.097,27.493],[84.095,27.49],[84.092,27.487],[84.09,27.485],[84.087,27.483],[84.082,27.483],[84.079,27.483],[84.075,27.481],[84.072,27.479],[84.07,27.477],[84.07,27.474],[84.07,27.471],[84.07,27.471],[84.069,27.468],[84.068,27.466],[84.065,27.464],[84.062,27.462],[84.061,27.459],[84.062,27.455],[84.063,27.453],[84.061,27.451],[84.058,27.45],[84.057,27.449],[84.056,27.445],[84.056,27.444],[84.054,27.443],[84.05,27.442],[84.045,27.441],[84.039,27.439],[84.03,27.437],[84.027,27.434],[84.024,27.433],[84.023,27.433],[84.019,27.434],[84.016,27.436],[84.012,27.438],[84.008,27.44],[84.003,27.44],[84.0,27.44],[83.996,27.442],[83.991,27.442],[83.986,27.442],[83.985,27.441],[83.982,27.44],[83.98,27.439],[83.978,27.44],[83.974,27.442],[83.973,27.442],[83.972,27.443],[83.97,27.444],[83.967,27.444],[83.965,27.444],[83.963,27.443],[83.96,27.442],[83.958,27.441],[83.955,27.44],[83.954,27.439],[83.952,27.439],[83.95,27.44],[83.949,27.441],[83.948,27.443],[83.947,27.445],[83.946,27.446],[83.944,27.447],[83.942,27.447],[83.941,27.446],[83.94,27.447],[83.938,27.447],[83.936,27.447],[83.934,27.447],[83.936,27.449],[83.937,27.451],[83.941,27.456],[83.942,27.458],[83.944,27.463],[83.945,27.468],[83.945,27.476],[83.943,27.482],[83.942,27.487],[83.945,27.491],[83.952,27.495],[83.961,27.5],[83.966,27.503],[83.972,27.51],[83.971,27.517],[83.968,27.521],[83.964,27.525],[83.958,27.526],[83.954,27.525],[83.949,27.519],[83.945,27.516],[83.938,27.514],[83.934,27.512],[83.929,27.514],[83.924,27.516],[83.921,27.521],[83.921,27.528],[83.921,27.534],[83.922,27.539],[83.926,27.544],[83.93,27.544],[83.935,27.545],[83.938,27.544],[83.942,27.543],[83.946,27.543],[83.95,27.542],[83.955,27.542],[83.961,27.543],[83.966,27.543],[83.969,27.544],[83.973,27.544],[83.984,27.542],[83.993,27.542],[84.002,27.542],[84.009,27.542],[84.015,27.541],[84.023,27.54],[84.036,27.54],[84.05,27.544],[84.062,27.546],[84.071,27.548],[84.081,27.548],[84.093,27.548],[84.102,27.548],[84.108,27.549],[84.112,27.551],[84.118,27.556],[84.124,27.559],[84.126,27.565],[84.128,27.571],[84.138,27.583],[84.144,27.589],[84.152,27.597],[84.161,27.603],[84.17,27.61],[84.182,27.621],[84.188,27.625],[84.195,27.63],[84.203,27.635],[84.212,27.639],[84.224,27.644],[84.232,27.647],[84.236,27.649],[84.252,27.655],[84.26,27.659],[84.274,27.664],[84.283,27.667],[84.291,27.671],[84.304,27.677],[84.31,27.681],[84.314,27.683],[84.316,27.684],[84.32,27.685],[84.324,27.687],[84.327,27.69],[84.328,27.693],[84.33,27.695],[84.332,27.697],[84.337,27.699],[84.341,27.7],[84.344,27.7],[84.349,27.701],[84.353,27.702],[84.357,27.702],[84.359,27.7],[84.361,27.699],[84.363,27.697],[84.364,27.695],[84.367,27.692],[84.371,27.689],[84.375,27.687],[84.378,27.686],[84.383,27.686],[84.387,27.685],[84.391,27.686],[84.394,27.687],[84.398,27.689],[84.406,27.693],[84.411,27.696],[84.415,27.697],[84.42,27.699],[84.423,27.702],[84.427,27.704],[84.429,27.706],[84.432,27.711],[84.43,27.72],[84.428,27.729],[84.425,27.735],[84.426,27.739],[84.428,27.741],[84.431,27.742],[84.435,27.744],[84.439,27.746],[84.441,27.747],[84.442,27.749],[84.444,27.75],[84.445,27.754],[84.446,27.755],[84.447,27.756],[84.453,27.763],[84.455,27.763],[84.458,27.762],[84.462,27.759],[84.464,27.758],[84.467,27.757],[84.47,27.757],[84.472,27.759],[84.474,27.762],[84.473,27.765],[84.471,27.768],[84.469,27.771],[84.467,27.773],[84.464,27.775],[84.46,27.777],[84.457,27.779],[84.451,27.78],[84.447,27.781],[84.444,27.781],[84.441,27.782],[84.439,27.783],[84.435,27.787],[84.433,27.791],[84.432,27.795],[84.431,27.799],[84.431,27.803],[84.433,27.808],[84.437,27.813],[84.439,27.815],[84.441,27.818],[84.444,27.82],[84.446,27.821],[84.449,27.822],[84.455,27.822],[84.457,27.821],[84.46,27.821],[84.464,27.821],[84.467,27.821],[84.47,27.822],[84.474,27.824],[84.477,27.824],[84.481,27.824],[84.484,27.823],[84.488,27.821],[84.491,27.821],[84.495,27.82],[84.498,27.821],[84.501,27.821],[84.504,27.82],[84.508,27.818],[84.512,27.816],[84.516,27.815],[84.518,27.816],[84.52,27.818],[84.521,27.819],[84.524,27.827],[84.525,27.83],[84.526,27.833],[84.528,27.835],[84.531,27.836],[84.535,27.837],[84.54,27.836],[84.544,27.836],[84.547,27.835],[84.552,27.835],[84.555,27.837],[84.557,27.84],[84.558,27.84],[84.558,27.842],[84.561,27.851],[84.561,27.854],[84.562,27.856],[84.564,27.857],[84.567,27.859],[84.574,27.861],[84.577,27.863],[84.579,27.866],[84.581,27.87],[84.584,27.873],[84.587,27.876],[84.59,27.878],[84.595,27.878],[84.598,27.877],[84.603,27.874],[84.609,27.872],[84.612,27.872],[84.615,27.873],[84.616,27.873],[84.617,27.875],[84.619,27.876],[84.621,27.877],[84.623,27.877],[84.625,27.876],[84.628,27.873],[84.632,27.87],[84.637,27.866],[84.638,27.863],[84.641,27.862],[84.645,27.862],[84.649,27.86],[84.65,27.855],[84.653,27.853],[84.658,27.85],[84.661,27.847],[84.662,27.843],[84.663,27.839],[84.663,27.835],[84.664,27.83],[84.666,27.827],[84.669,27.824],[84.67,27.821],[84.673,27.818],[84.674,27.816]]]}},{"type":"Feature","properties":{"id":"Makwanpur","name":"Makwanpur","hq":"Hetauda","province_id":3,"province":"Bagmati","level":"district"},"geometry":{"type":"Polygon","coordinates":[[[85.19,27.679],[85.192,27.677],[85.194,27.675],[85.197,27.673],[85.202,27.67],[85.205,27.667],[85.207,27.665],[85.209,27.664],[85.213,27.662],[85.217,27.66],[85.22,27.659],[85.223,27.658],[85.226,27.657],[85.227,27.657],[85.227,27.653],[85.226,27.651],[85.225,27.649],[85.222,27.646],[85.219,27.642],[85.218,27.641],[85.217,27.639],[85.215,27.636],[85.212,27.634],[85.208,27.633],[85.206,27.63],[85.208,27.628],[85.211,27.627],[85.214,27.626],[85.22,27.625],[85.225,27.625],[85.229,27.625],[85.233,27.624],[85.235,27.623],[85.238,27.619],[85.239,27.615],[85.241,27.61],[85.241,27.604],[85.24,27.601],[85.237,27.598],[85.234,27.595],[85.231,27.591],[85.231,27.589],[85.233,27.586],[85.236,27.584],[85.24,27.583],[85.244,27.581],[85.248,27.58],[85.253,27.579],[85.257,27.579],[85.261,27.578],[85.264,27.578],[85.267,27.576],[85.268,27.573],[85.267,27.572],[85.263,27.57],[85.258,27.568],[85.257,27.566],[85.255,27.564],[85.253,27.558],[85.25,27.554],[85.246,27.551],[85.243,27.548],[85.24,27.545],[85.238,27.542],[85.238,27.54],[85.24,27.537],[85.246,27.533],[85.25,27.53],[85.251,27.529],[85.251,27.526],[85.25,27.524],[85.244,27.521],[85.242,27.518],[85.24,27.513],[85.239,27.506],[85.239,27.505],[85.239,27.503],[85.24,27.499],[85.242,27.497],[85.244,27.496],[85.247,27.494],[85.248,27.489],[85.249,27.482],[85.25,27.48],[85.251,27.48],[85.253,27.477],[85.257,27.471],[85.26,27.466],[85.262,27.461],[85.263,27.458],[85.267,27.453],[85.267,27.453],[85.272,27.452],[85.273,27.451],[85.285,27.451],[85.286,27.451],[85.295,27.45],[85.302,27.448],[85.302,27.448],[85.314,27.443],[85.317,27.439],[85.319,27.437],[85.319,27.436],[85.321,27.435],[85.323,27.435],[85.326,27.435],[85.329,27.435],[85.332,27.434],[85.335,27.433],[85.338,27.432],[85.343,27.431],[85.345,27.43],[85.348,27.429],[85.35,27.428],[85.352,27.428],[85.355,27.427],[85.358,27.427],[85.361,27.427],[85.364,27.426],[85.367,27.424],[85.37,27.422],[85.373,27.42],[85.376,27.418],[85.378,27.417],[85.383,27.413],[85.385,27.412],[85.387,27.41],[85.39,27.408],[85.393,27.408],[85.397,27.408],[85.399,27.407],[85.402,27.405],[85.404,27.404],[85.406,27.403],[85.409,27.403],[85.412,27.404],[85.413,27.404],[85.416,27.406],[85.417,27.406],[85.421,27.407],[85.423,27.404],[85.423,27.402],[85.424,27.402],[85.427,27.404],[85.43,27.405],[85.432,27.405],[85.434,27.405],[85.436,27.404],[85.439,27.403],[85.442,27.403],[85.444,27.402],[85.446,27.401],[85.446,27.4],[85.447,27.399],[85.448,27.397],[85.448,27.395],[85.448,27.393],[85.448,27.391],[85.449,27.389],[85.451,27.389],[85.453,27.389],[85.455,27.391],[85.457,27.392],[85.46,27.392],[85.461,27.392],[85.461,27.39],[85.462,27.387],[85.463,27.386],[85.466,27.386],[85.468,27.387],[85.47,27.387],[85.473,27.384],[85.474,27.382],[85.475,27.38],[85.476,27.379],[85.478,27.378],[85.479,27.377],[85.478,27.375],[85.477,27.373],[85.475,27.372],[85.475,27.37],[85.477,27.369],[85.477,27.368],[85.476,27.367],[85.475,27.365],[85.474,27.363],[85.473,27.362],[85.471,27.361],[85.47,27.36],[85.468,27.359],[85.466,27.358],[85.463,27.357],[85.462,27.357],[85.46,27.357],[85.458,27.357],[85.457,27.357],[85.454,27.355],[85.453,27.355],[85.452,27.353],[85.451,27.352],[85.449,27.35],[85.449,27.349],[85.448,27.348],[85.447,27.347],[85.447,27.346],[85.444,27.344],[85.442,27.343],[85.44,27.342],[85.439,27.341],[85.437,27.34],[85.434,27.339],[85.432,27.337],[85.43,27.336],[85.429,27.334],[85.428,27.333],[85.427,27.332],[85.425,27.327],[85.425,27.325],[85.425,27.323],[85.425,27.32],[85.425,27.318],[85.426,27.315],[85.427,27.313],[85.427,27.31],[85.428,27.307],[85.429,27.305],[85.43,27.302],[85.431,27.3],[85.431,27.298],[85.432,27.295],[85.434,27.293],[85.435,27.291],[85.437,27.29],[85.439,27.288],[85.441,27.287],[85.443,27.286],[85.445,27.285],[85.448,27.283],[85.45,27.282],[85.452,27.281],[85.455,27.281],[85.458,27.28],[85.46,27.279],[85.463,27.278],[85.465,27.277],[85.467,27.277],[85.47,27.276],[85.472,27.275],[85.475,27.274],[85.477,27.272],[85.48,27.27],[85.482,27.268],[85.484,27.265],[85.487,27.258],[85.488,27.256],[85.488,27.253],[85.488,27.25],[85.488,27.247],[85.488,27.244],[85.488,27.243],[85.488,27.239],[85.488,27.237],[85.488,27.234],[85.488,27.233],[85.489,27.231],[85.489,27.23],[85.49,27.228],[85.492,27.227],[85.493,27.225],[85.495,27.225],[85.497,27.223],[85.5,27.223],[85.502,27.222],[85.504,27.221],[85.505,27.221],[85.507,27.22],[85.508,27.219],[85.508,27.217],[85.509,27.215],[85.509,27.213],[85.509,27.211],[85.509,27.209],[85.51,27.207],[85.511,27.205],[85.512,27.204],[85.512,27.201],[85.511,27.2],[85.51,27.198],[85.508,27.197],[85.504,27.197],[85.502,27.197],[85.499,27.197],[85.497,27.198],[85.494,27.198],[85.491,27.199],[85.49,27.198],[85.489,27.197],[85.489,27.195],[85.49,27.192],[85.491,27.191],[85.492,27.189],[85.492,27.187],[85.489,27.186],[85.486,27.185],[85.484,27.184],[85.483,27.183],[85.482,27.181],[85.482,27.179],[85.484,27.178],[85.486,27.177],[85.488,27.178],[85.49,27.177],[85.492,27.175],[85.494,27.175],[85.498,27.175],[85.5,27.176],[85.502,27.177],[85.504,27.177],[85.5,27.171],[85.499,27.169],[85.494,27.166],[85.49,27.164],[85.486,27.163],[85.481,27.162],[85.473,27.163],[85.466,27.164],[85.462,27.166],[85.457,27.17],[85.454,27.176],[85.451,27.182],[85.448,27.186],[85.442,27.186],[85.437,27.189],[85.433,27.191],[85.426,27.19],[85.419,27.19],[85.415,27.193],[85.412,27.194],[85.407,27.194],[85.401,27.196],[85.399,27.201],[85.399,27.205],[85.398,27.206],[85.395,27.207],[85.389,27.207],[85.383,27.208],[85.378,27.211],[85.371,27.211],[85.364,27.211],[85.357,27.214],[85.355,27.218],[85.353,27.221],[85.349,27.222],[85.344,27.221],[85.339,27.222],[85.333,27.223],[85.327,27.226],[85.318,27.229],[85.312,27.23],[85.304,27.23],[85.295,27.23],[85.288,27.23],[85.282,27.23],[85.274,27.228],[85.269,27.226],[85.268,27.225],[85.266,27.226],[85.263,27.23],[85.26,27.235],[85.258,27.24],[85.257,27.245],[85.251,27.249],[85.242,27.249],[85.237,27.248],[85.233,27.246],[85.226,27.246],[85.218,27.247],[85.21,27.248],[85.204,27.248],[85.2,27.245],[85.196,27.243],[85.188,27.246],[85.185,27.252],[85.185,27.254],[85.185,27.258],[85.184,27.26],[85.178,27.261],[85.174,27.263],[85.17,27.264],[85.166,27.264],[85.162,27.265],[85.157,27.268],[85.154,27.271],[85.15,27.276],[85.147,27.28],[85.146,27.285],[85.143,27.29],[85.14,27.293],[85.137,27.296],[85.132,27.298],[85.129,27.303],[85.126,27.307],[85.123,27.313],[85.123,27.316],[85.119,27.32],[85.115,27.321],[85.11,27.323],[85.107,27.326],[85.105,27.328],[85.103,27.332],[85.099,27.336],[85.098,27.34],[85.097,27.344],[85.096,27.349],[85.095,27.353],[85.094,27.357],[85.092,27.36],[85.09,27.362],[85.085,27.363],[85.08,27.364],[85.074,27.364],[85.069,27.364],[85.064,27.364],[85.062,27.366],[85.057,27.365],[85.052,27.363],[85.048,27.361],[85.043,27.36],[85.038,27.36],[85.033,27.359],[85.027,27.358],[85.024,27.356],[85.019,27.355],[85.015,27.356],[85.01,27.357],[85.007,27.357],[85.005,27.358],[85.005,27.361],[85.005,27.363],[85.004,27.365],[85.001,27.365],[84.997,27.365],[84.993,27.363],[84.989,27.363],[84.986,27.363],[84.984,27.362],[84.981,27.36],[84.98,27.358],[84.978,27.357],[84.975,27.358],[84.971,27.36],[84.958,27.364],[84.956,27.365],[84.956,27.365],[84.953,27.363],[84.952,27.361],[84.951,27.361],[84.947,27.362],[84.944,27.364],[84.94,27.365],[84.934,27.365],[84.928,27.367],[84.921,27.37],[84.916,27.374],[84.912,27.376],[84.908,27.376],[84.904,27.375],[84.901,27.379],[84.9,27.382],[84.898,27.386],[84.89,27.388],[84.881,27.393],[84.878,27.397],[84.873,27.398],[84.866,27.398],[84.859,27.398],[84.856,27.4],[84.855,27.403],[84.853,27.407],[84.849,27.411],[84.839,27.416],[84.834,27.418],[84.829,27.418],[84.822,27.417],[84.814,27.418],[84.812,27.422],[84.809,27.428],[84.805,27.429],[84.802,27.433],[84.8,27.436],[84.799,27.436],[84.797,27.437],[84.79,27.436],[84.785,27.437],[84.781,27.438],[84.777,27.438],[84.769,27.437],[84.762,27.437],[84.758,27.438],[84.752,27.44],[84.747,27.442],[84.743,27.442],[84.738,27.444],[84.733,27.441],[84.728,27.44],[84.725,27.437],[84.724,27.435],[84.715,27.438],[84.71,27.441],[84.706,27.444],[84.702,27.448],[84.698,27.452],[84.696,27.456],[84.694,27.457],[84.694,27.458],[84.694,27.46],[84.694,27.463],[84.694,27.466],[84.695,27.468],[84.695,27.47],[84.696,27.473],[84.698,27.477],[84.698,27.479],[84.697,27.481],[84.696,27.485],[84.695,27.49],[84.694,27.493],[84.694,27.496],[84.692,27.501],[84.69,27.506],[84.687,27.511],[84.685,27.516],[84.684,27.52],[84.683,27.525],[84.683,27.529],[84.683,27.536],[84.684,27.54],[84.684,27.546],[84.685,27.55],[84.687,27.555],[84.689,27.557],[84.69,27.56],[84.691,27.561],[84.692,27.563],[84.693,27.566],[84.697,27.565],[84.701,27.565],[84.705,27.564],[84.711,27.565],[84.716,27.566],[84.718,27.568],[84.719,27.57],[84.721,27.572],[84.722,27.574],[84.723,27.575],[84.724,27.576],[84.727,27.577],[84.73,27.58],[84.732,27.581],[84.733,27.582],[84.734,27.585],[84.734,27.588],[84.735,27.593],[84.739,27.602],[84.741,27.61],[84.741,27.611],[84.74,27.614],[84.739,27.616],[84.738,27.619],[84.736,27.622],[84.734,27.625],[84.731,27.628],[84.729,27.629],[84.726,27.631],[84.724,27.634],[84.723,27.637],[84.723,27.64],[84.723,27.644],[84.726,27.646],[84.728,27.648],[84.73,27.65],[84.733,27.654],[84.735,27.656],[84.736,27.658],[84.739,27.66],[84.741,27.66],[84.743,27.659],[84.745,27.657],[84.747,27.655],[84.748,27.652],[84.749,27.651],[84.751,27.651],[84.754,27.653],[84.76,27.656],[84.764,27.657],[84.767,27.658],[84.769,27.658],[84.77,27.662],[84.771,27.665],[84.774,27.668],[84.778,27.671],[84.781,27.673],[84.784,27.676],[84.786,27.681],[84.789,27.684],[84.791,27.684],[84.798,27.683],[84.797,27.678],[84.798,27.674],[84.8,27.67],[84.801,27.669],[84.806,27.671],[84.809,27.674],[84.813,27.677],[84.817,27.679],[84.821,27.683],[84.825,27.688],[84.829,27.69],[84.831,27.691],[84.837,27.69],[84.841,27.689],[84.845,27.688],[84.849,27.686],[84.854,27.684],[84.858,27.682],[84.862,27.68],[84.867,27.678],[84.869,27.677],[84.872,27.675],[84.875,27.672],[84.879,27.669],[84.882,27.668],[84.886,27.669],[84.888,27.672],[84.89,27.676],[84.893,27.68],[84.894,27.682],[84.894,27.682],[84.895,27.684],[84.898,27.689],[84.899,27.692],[84.9,27.694],[84.903,27.696],[84.908,27.698],[84.912,27.697],[84.913,27.697],[84.916,27.695],[84.921,27.691],[84.924,27.69],[84.927,27.688],[84.935,27.688],[84.94,27.687],[84.95,27.686],[84.954,27.688],[84.959,27.689],[84.963,27.691],[84.967,27.693],[84.969,27.693],[84.973,27.695],[84.975,27.695],[84.975,27.695],[84.976,27.697],[84.981,27.7],[84.984,27.703],[84.988,27.704],[84.993,27.705],[84.996,27.706],[84.999,27.705],[85.004,27.704],[85.008,27.703],[85.012,27.703],[85.017,27.704],[85.021,27.705],[85.025,27.706],[85.029,27.707],[85.033,27.708],[85.039,27.709],[85.043,27.71],[85.047,27.709],[85.052,27.708],[85.056,27.706],[85.059,27.703],[85.065,27.701],[85.069,27.7],[85.072,27.701],[85.077,27.703],[85.082,27.702],[85.082,27.702],[85.084,27.701],[85.084,27.701],[85.084,27.697],[85.084,27.694],[85.084,27.692],[85.085,27.69],[85.086,27.69],[85.094,27.688],[85.105,27.686],[85.111,27.686],[85.114,27.685],[85.117,27.684],[85.12,27.684],[85.12,27.684],[85.121,27.683],[85.128,27.682],[85.131,27.681],[85.135,27.678],[85.138,27.674],[85.142,27.67],[85.146,27.668],[85.15,27.669],[85.156,27.671],[85.16,27.672],[85.165,27.672],[85.172,27.676],[85.175,27.677],[85.18,27.678],[85.185,27.679],[85.19,27.679]]]}},{"type":"Feature","properties":{"id":"Gorkha","name":"Gorkha","hq":"Gorkha","province_id":4,"province":"Gandaki","level":"district"},"geometry":{"type":"Polygon","coordinates":[[[84.494,28.737],[84.507,28.746],[84.512,28.748],[84.515,28.749],[84.517,28.748],[84.52,28.746],[84.523,28.745],[84.527,28.745],[84.529,28.745],[84.532,28.745],[84.539,28.744],[84.542,28.744],[84.546,28.745],[84.55,28.747],[84.552,28.749],[84.554,28.751],[84.556,28.752],[84.558,28.75],[84.559,28.747],[84.561,28.746],[84.563,28.745],[84.564,28.744],[84.566,28.742],[84.568,28.739],[84.57,28.737],[84.573,28.736],[84.576,28.735],[84.578,28.735],[84.58,28.735],[84.591,28.736],[84.593,28.736],[84.596,28.736],[84.598,28.736],[84.6,28.736],[84.602,28.735],[84.604,28.735],[84.606,28.735],[84.608,28.736],[84.611,28.736],[84.615,28.737],[84.618,28.737],[84.621,28.737],[84.624,28.736],[84.627,28.735],[84.631,28.733],[84.634,28.731],[84.637,28.73],[84.638,28.729],[84.645,28.724],[84.647,28.722],[84.649,28.718],[84.65,28.716],[84.651,28.713],[84.651,28.71],[84.652,28.707],[84.653,28.705],[84.655,28.703],[84.657,28.702],[84.66,28.7],[84.662,28.699],[84.668,28.694],[84.67,28.69],[84.67,28.686],[84.67,28.685],[84.674,28.682],[84.676,28.681],[84.681,28.681],[84.684,28.681],[84.688,28.68],[84.691,28.679],[84.693,28.677],[84.696,28.674],[84.7,28.672],[84.703,28.672],[84.705,28.671],[84.706,28.669],[84.705,28.666],[84.704,28.663],[84.702,28.661],[84.701,28.659],[84.7,28.656],[84.7,28.653],[84.701,28.651],[84.7,28.648],[84.7,28.645],[84.699,28.642],[84.699,28.637],[84.702,28.636],[84.705,28.635],[84.709,28.636],[84.712,28.635],[84.716,28.633],[84.718,28.632],[84.721,28.63],[84.723,28.628],[84.725,28.626],[84.726,28.624],[84.727,28.623],[84.731,28.62],[84.735,28.619],[84.739,28.618],[84.743,28.619],[84.746,28.619],[84.749,28.619],[84.752,28.618],[84.756,28.617],[84.759,28.616],[84.762,28.615],[84.765,28.614],[84.769,28.612],[84.771,28.612],[84.774,28.612],[84.777,28.612],[84.784,28.61],[84.788,28.608],[84.792,28.606],[84.794,28.605],[84.797,28.604],[84.801,28.602],[84.805,28.6],[84.807,28.598],[84.811,28.596],[84.814,28.594],[84.817,28.593],[84.82,28.591],[84.831,28.587],[84.835,28.585],[84.839,28.583],[84.843,28.582],[84.846,28.58],[84.85,28.578],[84.853,28.576],[84.856,28.575],[84.859,28.575],[84.86,28.576],[84.862,28.578],[84.864,28.58],[84.867,28.581],[84.87,28.582],[84.874,28.582],[84.878,28.583],[84.88,28.583],[84.884,28.583],[84.887,28.584],[84.891,28.586],[84.893,28.588],[84.896,28.59],[84.906,28.592],[84.909,28.59],[84.913,28.59],[84.916,28.592],[84.919,28.593],[84.922,28.595],[84.926,28.596],[84.929,28.596],[84.934,28.597],[84.938,28.597],[84.94,28.598],[84.944,28.598],[84.946,28.595],[84.948,28.591],[84.949,28.588],[84.95,28.585],[84.951,28.583],[84.953,28.583],[84.957,28.583],[84.961,28.585],[84.964,28.587],[84.968,28.588],[84.971,28.589],[84.975,28.59],[84.979,28.592],[84.984,28.593],[84.987,28.594],[84.99,28.596],[84.994,28.598],[84.993,28.601],[84.992,28.602],[84.989,28.605],[84.988,28.607],[84.988,28.609],[84.992,28.615],[84.994,28.617],[84.997,28.62],[84.999,28.623],[85.002,28.625],[85.005,28.629],[85.008,28.631],[85.01,28.634],[85.013,28.637],[85.016,28.64],[85.018,28.643],[85.022,28.645],[85.025,28.648],[85.028,28.651],[85.031,28.654],[85.034,28.656],[85.037,28.657],[85.039,28.658],[85.041,28.662],[85.041,28.665],[85.043,28.668],[85.047,28.669],[85.05,28.671],[85.052,28.673],[85.055,28.677],[85.057,28.68],[85.06,28.683],[85.065,28.682],[85.069,28.681],[85.073,28.679],[85.076,28.677],[85.079,28.674],[85.083,28.672],[85.085,28.672],[85.088,28.673],[85.094,28.676],[85.096,28.677],[85.1,28.679],[85.105,28.681],[85.108,28.683],[85.112,28.685],[85.115,28.686],[85.117,28.686],[85.12,28.686],[85.123,28.685],[85.126,28.683],[85.128,28.681],[85.133,28.678],[85.134,28.676],[85.136,28.673],[85.137,28.67],[85.139,28.668],[85.142,28.666],[85.145,28.664],[85.146,28.662],[85.147,28.661],[85.147,28.658],[85.149,28.656],[85.15,28.655],[85.154,28.65],[85.156,28.647],[85.159,28.645],[85.163,28.644],[85.166,28.644],[85.172,28.644],[85.177,28.644],[85.18,28.644],[85.185,28.644],[85.188,28.643],[85.19,28.64],[85.188,28.636],[85.188,28.632],[85.19,28.63],[85.192,28.629],[85.196,28.628],[85.198,28.628],[85.198,28.626],[85.197,28.62],[85.195,28.617],[85.194,28.615],[85.194,28.613],[85.192,28.609],[85.19,28.605],[85.188,28.603],[85.185,28.601],[85.181,28.598],[85.178,28.597],[85.178,28.594],[85.18,28.591],[85.182,28.589],[85.184,28.588],[85.185,28.586],[85.185,28.585],[85.184,28.582],[85.183,28.58],[85.185,28.577],[85.187,28.575],[85.191,28.572],[85.192,28.57],[85.191,28.568],[85.19,28.564],[85.188,28.562],[85.187,28.559],[85.188,28.557],[85.19,28.554],[85.19,28.551],[85.19,28.548],[85.188,28.542],[85.187,28.538],[85.186,28.535],[85.185,28.533],[85.182,28.533],[85.178,28.533],[85.175,28.534],[85.173,28.534],[85.17,28.532],[85.169,28.528],[85.168,28.524],[85.168,28.522],[85.166,28.518],[85.164,28.515],[85.162,28.513],[85.161,28.51],[85.159,28.507],[85.159,28.504],[85.157,28.498],[85.157,28.492],[85.155,28.489],[85.152,28.486],[85.148,28.485],[85.144,28.484],[85.141,28.485],[85.135,28.486],[85.131,28.487],[85.127,28.487],[85.124,28.487],[85.121,28.484],[85.119,28.48],[85.117,28.477],[85.115,28.474],[85.114,28.472],[85.113,28.468],[85.111,28.465],[85.107,28.462],[85.104,28.46],[85.101,28.457],[85.1,28.453],[85.101,28.451],[85.105,28.449],[85.108,28.447],[85.114,28.444],[85.115,28.44],[85.113,28.435],[85.114,28.431],[85.115,28.427],[85.116,28.424],[85.117,28.419],[85.118,28.417],[85.117,28.414],[85.117,28.41],[85.117,28.408],[85.118,28.404],[85.12,28.402],[85.122,28.4],[85.124,28.398],[85.126,28.396],[85.129,28.393],[85.126,28.388],[85.124,28.384],[85.122,28.38],[85.121,28.376],[85.12,28.373],[85.119,28.369],[85.118,28.366],[85.117,28.362],[85.116,28.359],[85.115,28.356],[85.115,28.354],[85.114,28.351],[85.113,28.349],[85.109,28.344],[85.104,28.344],[85.1,28.344],[85.096,28.344],[85.091,28.344],[85.087,28.344],[85.083,28.343],[85.077,28.342],[85.073,28.339],[85.07,28.338],[85.066,28.335],[85.062,28.334],[85.058,28.33],[85.053,28.327],[85.049,28.324],[85.046,28.322],[85.043,28.319],[85.041,28.315],[85.039,28.312],[85.037,28.308],[85.037,28.305],[85.036,28.304],[85.036,28.301],[85.037,28.294],[85.037,28.292],[85.038,28.29],[85.038,28.283],[85.037,28.282],[85.036,28.28],[85.034,28.277],[85.031,28.274],[85.027,28.27],[85.024,28.267],[85.019,28.264],[85.012,28.257],[85.009,28.255],[85.006,28.252],[85.002,28.248],[84.997,28.245],[84.993,28.241],[84.989,28.238],[84.986,28.235],[84.982,28.232],[84.981,28.23],[84.977,28.226],[84.97,28.219],[84.968,28.217],[84.964,28.214],[84.964,28.21],[84.965,28.207],[84.967,28.204],[84.97,28.202],[84.972,28.197],[84.973,28.193],[84.973,28.189],[84.972,28.185],[84.97,28.182],[84.969,28.179],[84.968,28.177],[84.967,28.174],[84.966,28.172],[84.964,28.167],[84.963,28.162],[84.962,28.16],[84.961,28.158],[84.96,28.155],[84.959,28.153],[84.958,28.151],[84.957,28.149],[84.956,28.146],[84.955,28.144],[84.956,28.135],[84.956,28.132],[84.956,28.128],[84.953,28.126],[84.95,28.124],[84.947,28.124],[84.943,28.124],[84.936,28.124],[84.933,28.123],[84.93,28.12],[84.928,28.117],[84.926,28.114],[84.926,28.111],[84.924,28.108],[84.923,28.106],[84.92,28.105],[84.917,28.104],[84.913,28.103],[84.91,28.103],[84.907,28.104],[84.901,28.104],[84.898,28.105],[84.895,28.106],[84.892,28.106],[84.888,28.108],[84.884,28.11],[84.881,28.11],[84.876,28.11],[84.872,28.109],[84.868,28.11],[84.865,28.111],[84.862,28.111],[84.859,28.111],[84.857,28.113],[84.855,28.114],[84.846,28.116],[84.844,28.114],[84.843,28.112],[84.843,28.11],[84.842,28.108],[84.842,28.106],[84.84,28.105],[84.839,28.104],[84.839,28.102],[84.839,28.1],[84.837,28.098],[84.836,28.095],[84.836,28.093],[84.835,28.091],[84.834,28.089],[84.833,28.086],[84.832,28.083],[84.831,28.08],[84.83,28.077],[84.828,28.074],[84.827,28.071],[84.827,28.068],[84.825,28.065],[84.824,28.064],[84.823,28.063],[84.823,28.062],[84.822,28.06],[84.821,28.057],[84.821,28.053],[84.821,28.051],[84.821,28.049],[84.819,28.047],[84.817,28.045],[84.815,28.043],[84.813,28.041],[84.813,28.038],[84.813,28.035],[84.813,28.033],[84.815,28.029],[84.816,28.028],[84.817,28.025],[84.816,28.022],[84.815,28.019],[84.814,28.017],[84.814,28.014],[84.814,28.012],[84.815,28.01],[84.816,28.007],[84.816,28.006],[84.814,28.004],[84.812,28.002],[84.81,28.002],[84.808,28.001],[84.806,28.0],[84.803,28.0],[84.801,27.999],[84.799,27.999],[84.795,27.996],[84.792,27.994],[84.791,27.992],[84.79,27.989],[84.789,27.986],[84.788,27.984],[84.787,27.982],[84.785,27.98],[84.781,27.978],[84.78,27.977],[84.779,27.976],[84.778,27.974],[84.773,27.969],[84.77,27.967],[84.769,27.967],[84.767,27.966],[84.765,27.965],[84.76,27.963],[84.758,27.962],[84.756,27.961],[84.753,27.96],[84.75,27.958],[84.749,27.957],[84.747,27.955],[84.746,27.953],[84.745,27.951],[84.744,27.948],[84.743,27.947],[84.742,27.945],[84.741,27.943],[84.74,27.941],[84.739,27.936],[84.737,27.934],[84.736,27.931],[84.736,27.929],[84.735,27.925],[84.734,27.922],[84.734,27.92],[84.735,27.914],[84.735,27.912],[84.735,27.91],[84.736,27.903],[84.736,27.901],[84.737,27.899],[84.737,27.897],[84.738,27.894],[84.739,27.891],[84.74,27.89],[84.742,27.889],[84.744,27.887],[84.746,27.886],[84.747,27.885],[84.749,27.883],[84.749,27.88],[84.75,27.877],[84.751,27.875],[84.753,27.874],[84.754,27.872],[84.756,27.871],[84.757,27.869],[84.758,27.867],[84.758,27.866],[84.76,27.864],[84.761,27.862],[84.763,27.861],[84.766,27.858],[84.774,27.841],[84.775,27.839],[84.776,27.838],[84.777,27.836],[84.777,27.833],[84.777,27.831],[84.777,27.829],[84.778,27.826],[84.778,27.824],[84.779,27.823],[84.78,27.821],[84.78,27.819],[84.781,27.818],[84.781,27.816],[84.781,27.814],[84.779,27.812],[84.777,27.811],[84.776,27.812],[84.775,27.813],[84.774,27.814],[84.773,27.815],[84.767,27.818],[84.765,27.817],[84.763,27.816],[84.762,27.813],[84.76,27.81],[84.758,27.809],[84.756,27.808],[84.755,27.807],[84.752,27.806],[84.75,27.805],[84.748,27.805],[84.746,27.805],[84.742,27.805],[84.74,27.804],[84.738,27.802],[84.738,27.801],[84.736,27.799],[84.735,27.798],[84.733,27.796],[84.729,27.796],[84.727,27.797],[84.725,27.798],[84.723,27.799],[84.72,27.8],[84.717,27.801],[84.714,27.801],[84.712,27.801],[84.71,27.802],[84.708,27.804],[84.707,27.805],[84.706,27.806],[84.705,27.807],[84.703,27.808],[84.699,27.811],[84.697,27.811],[84.696,27.812],[84.693,27.813],[84.69,27.813],[84.686,27.812],[84.683,27.813],[84.68,27.814],[84.674,27.816],[84.673,27.818],[84.67,27.821],[84.669,27.824],[84.666,27.827],[84.664,27.83],[84.663,27.835],[84.663,27.839],[84.662,27.843],[84.661,27.847],[84.658,27.85],[84.653,27.853],[84.65,27.855],[84.649,27.86],[84.645,27.862],[84.641,27.862],[84.638,27.863],[84.637,27.866],[84.632,27.87],[84.628,27.873],[84.625,27.876],[84.623,27.877],[84.621,27.877],[84.619,27.876],[84.617,27.875],[84.616,27.873],[84.615,27.873],[84.612,27.872],[84.609,27.872],[84.603,27.874],[84.598,27.877],[84.595,27.878],[84.59,27.878],[84.587,27.876],[84.584,27.873],[84.581,27.87],[84.579,27.866],[84.577,27.863],[84.574,27.861],[84.567,27.859],[84.564,27.857],[84.559,27.859],[84.556,27.859],[84.555,27.86],[84.554,27.861],[84.555,27.865],[84.556,27.866],[84.556,27.869],[84.553,27.87],[84.55,27.87],[84.548,27.872],[84.548,27.874],[84.548,27.877],[84.546,27.883],[84.544,27.886],[84.544,27.888],[84.544,27.89],[84.544,27.892],[84.545,27.895],[84.548,27.9],[84.547,27.904],[84.546,27.906],[84.545,27.907],[84.545,27.908],[84.544,27.909],[84.544,27.91],[84.543,27.912],[84.54,27.914],[84.536,27.913],[84.534,27.914],[84.533,27.914],[84.531,27.914],[84.53,27.914],[84.527,27.914],[84.524,27.914],[84.521,27.913],[84.519,27.914],[84.517,27.914],[84.513,27.914],[84.507,27.913],[84.507,27.919],[84.509,27.921],[84.51,27.924],[84.507,27.925],[84.505,27.926],[84.502,27.926],[84.498,27.927],[84.495,27.928],[84.493,27.928],[84.49,27.929],[84.483,27.932],[84.48,27.934],[84.479,27.937],[84.477,27.939],[84.475,27.941],[84.474,27.941],[84.473,27.942],[84.471,27.942],[84.468,27.943],[84.465,27.944],[84.461,27.944],[84.459,27.947],[84.457,27.949],[84.456,27.949],[84.455,27.948],[84.451,27.947],[84.447,27.947],[84.445,27.947],[84.442,27.948],[84.44,27.948],[84.438,27.949],[84.431,27.951],[84.426,27.954],[84.426,27.955],[84.425,27.956],[84.425,27.957],[84.425,27.96],[84.426,27.962],[84.426,27.965],[84.424,27.968],[84.424,27.971],[84.426,27.978],[84.429,27.981],[84.431,27.983],[84.433,27.984],[84.435,27.985],[84.437,27.987],[84.44,27.988],[84.443,27.99],[84.445,27.992],[84.448,27.994],[84.45,27.995],[84.452,27.997],[84.453,27.998],[84.455,28.0],[84.457,28.002],[84.459,28.004],[84.46,28.007],[84.463,28.013],[84.465,28.017],[84.466,28.021],[84.466,28.022],[84.466,28.024],[84.467,28.028],[84.468,28.036],[84.47,28.039],[84.47,28.04],[84.472,28.044],[84.474,28.046],[84.475,28.048],[84.476,28.05],[84.477,28.051],[84.481,28.055],[84.484,28.058],[84.487,28.058],[84.49,28.059],[84.493,28.061],[84.493,28.062],[84.493,28.064],[84.493,28.065],[84.492,28.067],[84.492,28.07],[84.492,28.071],[84.492,28.073],[84.492,28.076],[84.492,28.078],[84.491,28.079],[84.49,28.08],[84.488,28.081],[84.486,28.082],[84.484,28.083],[84.483,28.085],[84.483,28.087],[84.485,28.088],[84.487,28.089],[84.489,28.089],[84.491,28.088],[84.494,28.087],[84.497,28.086],[84.5,28.085],[84.501,28.085],[84.503,28.085],[84.507,28.087],[84.509,28.088],[84.512,28.089],[84.516,28.09],[84.52,28.092],[84.523,28.093],[84.527,28.094],[84.531,28.096],[84.538,28.099],[84.545,28.101],[84.547,28.102],[84.549,28.103],[84.551,28.106],[84.554,28.112],[84.556,28.114],[84.557,28.115],[84.559,28.122],[84.56,28.124],[84.561,28.125],[84.563,28.125],[84.568,28.127],[84.572,28.127],[84.574,28.128],[84.575,28.129],[84.576,28.13],[84.578,28.131],[84.58,28.135],[84.583,28.139],[84.586,28.141],[84.588,28.142],[84.591,28.144],[84.595,28.146],[84.599,28.147],[84.602,28.148],[84.608,28.153],[84.616,28.164],[84.616,28.166],[84.617,28.168],[84.617,28.171],[84.621,28.175],[84.622,28.176],[84.623,28.177],[84.625,28.178],[84.627,28.18],[84.631,28.183],[84.634,28.186],[84.636,28.188],[84.637,28.189],[84.64,28.192],[84.641,28.195],[84.643,28.198],[84.643,28.2],[84.643,28.204],[84.643,28.208],[84.643,28.211],[84.642,28.214],[84.641,28.22],[84.639,28.228],[84.64,28.231],[84.64,28.232],[84.64,28.233],[84.641,28.235],[84.642,28.236],[84.643,28.238],[84.644,28.24],[84.645,28.241],[84.647,28.243],[84.648,28.244],[84.65,28.247],[84.652,28.251],[84.653,28.254],[84.653,28.257],[84.654,28.26],[84.656,28.264],[84.657,28.267],[84.657,28.268],[84.657,28.271],[84.656,28.273],[84.655,28.276],[84.654,28.279],[84.653,28.283],[84.653,28.287],[84.653,28.291],[84.654,28.293],[84.654,28.294],[84.655,28.295],[84.656,28.297],[84.657,28.299],[84.658,28.301],[84.66,28.303],[84.661,28.305],[84.662,28.308],[84.663,28.309],[84.665,28.313],[84.666,28.315],[84.667,28.318],[84.668,28.32],[84.669,28.324],[84.67,28.326],[84.67,28.328],[84.671,28.331],[84.672,28.333],[84.673,28.336],[84.675,28.339],[84.678,28.341],[84.681,28.342],[84.684,28.343],[84.688,28.346],[84.691,28.349],[84.693,28.352],[84.695,28.355],[84.697,28.358],[84.696,28.362],[84.694,28.364],[84.693,28.365],[84.687,28.371],[84.686,28.371],[84.684,28.373],[84.683,28.375],[84.68,28.377],[84.679,28.38],[84.679,28.383],[84.679,28.387],[84.677,28.39],[84.675,28.393],[84.673,28.396],[84.671,28.398],[84.669,28.401],[84.661,28.41],[84.66,28.411],[84.658,28.412],[84.655,28.415],[84.653,28.417],[84.65,28.42],[84.648,28.424],[84.647,28.428],[84.646,28.432],[84.644,28.434],[84.644,28.436],[84.641,28.439],[84.638,28.443],[84.635,28.445],[84.633,28.446],[84.629,28.446],[84.626,28.447],[84.621,28.447],[84.617,28.446],[84.613,28.446],[84.609,28.446],[84.605,28.448],[84.603,28.45],[84.601,28.453],[84.598,28.457],[84.596,28.461],[84.594,28.465],[84.592,28.469],[84.587,28.474],[84.585,28.476],[84.581,28.478],[84.574,28.481],[84.569,28.487],[84.57,28.489],[84.57,28.491],[84.569,28.493],[84.57,28.501],[84.57,28.503],[84.571,28.505],[84.572,28.507],[84.573,28.51],[84.574,28.513],[84.573,28.516],[84.573,28.519],[84.571,28.522],[84.569,28.525],[84.568,28.528],[84.566,28.532],[84.564,28.535],[84.562,28.543],[84.563,28.545],[84.563,28.549],[84.563,28.551],[84.56,28.553],[84.558,28.555],[84.555,28.556],[84.554,28.558],[84.554,28.561],[84.554,28.565],[84.553,28.568],[84.553,28.572],[84.553,28.576],[84.553,28.58],[84.552,28.584],[84.551,28.588],[84.55,28.591],[84.549,28.595],[84.548,28.598],[84.547,28.602],[84.546,28.605],[84.545,28.608],[84.545,28.611],[84.544,28.614],[84.544,28.617],[84.545,28.62],[84.546,28.625],[84.546,28.628],[84.543,28.631],[84.539,28.637],[84.538,28.639],[84.537,28.642],[84.536,28.644],[84.534,28.646],[84.531,28.648],[84.528,28.649],[84.525,28.653],[84.526,28.654],[84.529,28.657],[84.53,28.66],[84.528,28.662],[84.526,28.664],[84.522,28.666],[84.52,28.668],[84.519,28.67],[84.518,28.673],[84.518,28.677],[84.519,28.683],[84.52,28.685],[84.522,28.687],[84.524,28.691],[84.522,28.693],[84.52,28.694],[84.516,28.695],[84.512,28.695],[84.508,28.697],[84.505,28.698],[84.502,28.7],[84.498,28.704],[84.497,28.706],[84.495,28.708],[84.492,28.712],[84.489,28.715],[84.487,28.719],[84.487,28.723],[84.488,28.726],[84.491,28.729],[84.493,28.732],[84.494,28.737]]]}},{"type":"Feature","properties":{"id":"Kaski","name":"Kaski","hq":"Pokhara","province_id":4,"province":"Gandaki","level":"district"},"geometry":{"type":"Polygon","coordinates":[[[84.28,28.471],[84.278,28.466],[84.269,28.46],[84.265,28.456],[84.26,28.451],[84.255,28.447],[84.252,28.444],[84.25,28.441],[84.249,28.438],[84.25,28.434],[84.25,28.428],[84.247,28.423],[84.243,28.419],[84.239,28.415],[84.235,28.412],[84.231,28.408],[84.228,28.403],[84.224,28.4],[84.22,28.395],[84.22,28.36],[84.218,28.355],[84.217,28.353],[84.217,28.35],[84.216,28.347],[84.215,28.345],[84.214,28.343],[84.213,28.341],[84.212,28.339],[84.212,28.336],[84.212,28.334],[84.212,28.331],[84.21,28.329],[84.208,28.326],[84.206,28.324],[84.203,28.321],[84.203,28.319],[84.202,28.316],[84.202,28.313],[84.202,28.309],[84.201,28.307],[84.201,28.305],[84.199,28.303],[84.198,28.301],[84.196,28.299],[84.195,28.298],[84.193,28.296],[84.192,28.293],[84.196,28.289],[84.197,28.287],[84.199,28.285],[84.199,28.284],[84.2,28.283],[84.202,28.28],[84.205,28.277],[84.205,28.276],[84.208,28.275],[84.213,28.272],[84.215,28.269],[84.216,28.264],[84.217,28.262],[84.217,28.259],[84.217,28.257],[84.217,28.255],[84.217,28.253],[84.217,28.251],[84.219,28.247],[84.219,28.244],[84.219,28.242],[84.219,28.24],[84.218,28.238],[84.218,28.236],[84.217,28.234],[84.218,28.232],[84.218,28.231],[84.218,28.228],[84.218,28.225],[84.216,28.22],[84.215,28.217],[84.214,28.214],[84.213,28.213],[84.213,28.211],[84.211,28.207],[84.209,28.204],[84.206,28.201],[84.203,28.2],[84.202,28.199],[84.201,28.198],[84.197,28.197],[84.196,28.193],[84.198,28.19],[84.2,28.19],[84.204,28.19],[84.207,28.19],[84.209,28.189],[84.211,28.188],[84.214,28.186],[84.215,28.185],[84.217,28.184],[84.219,28.182],[84.22,28.18],[84.22,28.179],[84.22,28.175],[84.22,28.172],[84.22,28.17],[84.221,28.166],[84.222,28.164],[84.223,28.162],[84.223,28.16],[84.224,28.159],[84.223,28.158],[84.225,28.156],[84.226,28.153],[84.226,28.152],[84.227,28.151],[84.228,28.147],[84.229,28.144],[84.23,28.142],[84.231,28.142],[84.231,28.141],[84.231,28.137],[84.227,28.135],[84.225,28.134],[84.223,28.133],[84.222,28.132],[84.221,28.131],[84.22,28.129],[84.22,28.128],[84.22,28.127],[84.221,28.124],[84.224,28.122],[84.227,28.118],[84.228,28.115],[84.228,28.113],[84.229,28.111],[84.23,28.109],[84.231,28.106],[84.231,28.104],[84.231,28.103],[84.231,28.101],[84.231,28.099],[84.23,28.098],[84.23,28.096],[84.227,28.097],[84.225,28.098],[84.222,28.1],[84.219,28.1],[84.218,28.098],[84.215,28.096],[84.21,28.096],[84.203,28.096],[84.201,28.097],[84.198,28.097],[84.194,28.095],[84.191,28.093],[84.188,28.089],[84.185,28.087],[84.182,28.086],[84.179,28.088],[84.177,28.091],[84.173,28.094],[84.17,28.095],[84.166,28.095],[84.162,28.097],[84.158,28.099],[84.154,28.099],[84.149,28.1],[84.146,28.099],[84.14,28.097],[84.137,28.097],[84.134,28.097],[84.131,28.097],[84.126,28.098],[84.124,28.099],[84.122,28.1],[84.119,28.102],[84.116,28.104],[84.114,28.105],[84.113,28.106],[84.111,28.107],[84.099,28.102],[84.097,28.101],[84.096,28.099],[84.094,28.097],[84.093,28.095],[84.091,28.093],[84.087,28.09],[84.085,28.089],[84.083,28.089],[84.078,28.087],[84.076,28.086],[84.074,28.085],[84.071,28.084],[84.067,28.084],[84.065,28.085],[84.062,28.087],[84.059,28.088],[84.054,28.09],[84.05,28.091],[84.045,28.093],[84.04,28.095],[84.039,28.096],[84.038,28.097],[84.038,28.098],[84.037,28.1],[84.035,28.101],[84.034,28.102],[84.031,28.103],[84.029,28.104],[84.026,28.104],[84.021,28.103],[84.017,28.105],[84.013,28.106],[84.012,28.107],[84.011,28.108],[84.009,28.11],[84.008,28.112],[84.005,28.116],[84.005,28.117],[84.004,28.118],[84.004,28.119],[84.004,28.121],[84.004,28.123],[84.005,28.125],[84.006,28.127],[84.006,28.13],[84.005,28.131],[84.004,28.132],[84.002,28.134],[84.0,28.134],[83.998,28.135],[83.996,28.136],[83.993,28.137],[83.992,28.139],[83.99,28.141],[83.987,28.142],[83.984,28.142],[83.981,28.142],[83.978,28.141],[83.975,28.141],[83.972,28.141],[83.97,28.14],[83.965,28.139],[83.961,28.138],[83.958,28.14],[83.956,28.14],[83.954,28.141],[83.951,28.141],[83.948,28.142],[83.946,28.142],[83.943,28.143],[83.938,28.144],[83.937,28.145],[83.934,28.146],[83.932,28.148],[83.93,28.151],[83.927,28.154],[83.926,28.158],[83.926,28.161],[83.926,28.164],[83.926,28.167],[83.924,28.169],[83.922,28.171],[83.918,28.174],[83.911,28.178],[83.91,28.179],[83.907,28.181],[83.905,28.183],[83.903,28.186],[83.901,28.188],[83.897,28.192],[83.895,28.192],[83.891,28.193],[83.887,28.194],[83.881,28.194],[83.874,28.197],[83.871,28.197],[83.868,28.196],[83.865,28.196],[83.861,28.196],[83.858,28.197],[83.854,28.2],[83.852,28.203],[83.848,28.207],[83.845,28.209],[83.842,28.211],[83.838,28.213],[83.832,28.213],[83.827,28.213],[83.823,28.213],[83.818,28.215],[83.816,28.217],[83.814,28.219],[83.81,28.225],[83.802,28.228],[83.805,28.23],[83.806,28.232],[83.809,28.234],[83.81,28.235],[83.812,28.237],[83.815,28.239],[83.819,28.243],[83.823,28.246],[83.825,28.25],[83.827,28.253],[83.827,28.258],[83.821,28.26],[83.817,28.261],[83.815,28.262],[83.814,28.262],[83.811,28.262],[83.81,28.263],[83.807,28.263],[83.805,28.263],[83.803,28.263],[83.801,28.264],[83.799,28.265],[83.797,28.265],[83.793,28.266],[83.79,28.267],[83.787,28.268],[83.784,28.269],[83.782,28.269],[83.779,28.27],[83.776,28.27],[83.775,28.273],[83.774,28.274],[83.774,28.275],[83.775,28.276],[83.776,28.278],[83.777,28.28],[83.778,28.282],[83.779,28.284],[83.779,28.286],[83.777,28.287],[83.776,28.288],[83.775,28.288],[83.773,28.289],[83.768,28.291],[83.766,28.294],[83.768,28.296],[83.771,28.298],[83.776,28.303],[83.779,28.305],[83.778,28.306],[83.778,28.306],[83.778,28.306],[83.778,28.307],[83.777,28.308],[83.776,28.309],[83.774,28.31],[83.773,28.31],[83.772,28.31],[83.77,28.311],[83.769,28.311],[83.767,28.313],[83.765,28.314],[83.762,28.316],[83.761,28.318],[83.76,28.319],[83.759,28.32],[83.758,28.321],[83.756,28.322],[83.756,28.323],[83.755,28.324],[83.753,28.325],[83.751,28.327],[83.749,28.329],[83.747,28.33],[83.746,28.331],[83.744,28.333],[83.743,28.334],[83.742,28.335],[83.742,28.337],[83.742,28.338],[83.742,28.339],[83.743,28.341],[83.741,28.346],[83.74,28.348],[83.739,28.35],[83.737,28.351],[83.735,28.354],[83.733,28.356],[83.729,28.36],[83.729,28.363],[83.729,28.366],[83.729,28.369],[83.728,28.372],[83.726,28.375],[83.722,28.377],[83.72,28.379],[83.716,28.38],[83.714,28.382],[83.711,28.384],[83.709,28.387],[83.708,28.389],[83.706,28.391],[83.703,28.394],[83.703,28.397],[83.703,28.399],[83.705,28.4],[83.706,28.401],[83.709,28.402],[83.712,28.4],[83.716,28.399],[83.72,28.397],[83.723,28.396],[83.727,28.396],[83.732,28.397],[83.736,28.399],[83.738,28.401],[83.74,28.405],[83.74,28.408],[83.74,28.412],[83.739,28.416],[83.738,28.421],[83.738,28.425],[83.739,28.428],[83.74,28.432],[83.742,28.436],[83.743,28.439],[83.746,28.442],[83.747,28.445],[83.749,28.449],[83.751,28.453],[83.752,28.457],[83.753,28.462],[83.753,28.465],[83.755,28.469],[83.756,28.472],[83.76,28.474],[83.765,28.476],[83.768,28.477],[83.771,28.478],[83.776,28.48],[83.779,28.482],[83.78,28.486],[83.781,28.488],[83.784,28.493],[83.785,28.495],[83.787,28.499],[83.79,28.502],[83.795,28.507],[83.796,28.51],[83.798,28.513],[83.801,28.516],[83.805,28.518],[83.808,28.518],[83.811,28.518],[83.815,28.519],[83.818,28.52],[83.82,28.522],[83.823,28.523],[83.827,28.527],[83.829,28.529],[83.831,28.532],[83.831,28.536],[83.831,28.539],[83.83,28.542],[83.829,28.546],[83.827,28.548],[83.824,28.551],[83.821,28.553],[83.817,28.557],[83.814,28.56],[83.81,28.563],[83.808,28.566],[83.806,28.57],[83.805,28.574],[83.805,28.578],[83.806,28.582],[83.808,28.585],[83.81,28.587],[83.814,28.59],[83.819,28.593],[83.823,28.595],[83.827,28.597],[83.832,28.599],[83.836,28.6],[83.841,28.602],[83.845,28.604],[83.849,28.605],[83.852,28.607],[83.856,28.608],[83.861,28.61],[83.868,28.613],[83.875,28.616],[83.88,28.613],[83.882,28.612],[83.885,28.611],[83.888,28.61],[83.892,28.609],[83.896,28.608],[83.901,28.607],[83.905,28.607],[83.909,28.606],[83.914,28.606],[83.918,28.606],[83.922,28.607],[83.927,28.606],[83.931,28.605],[83.935,28.604],[83.938,28.602],[83.942,28.601],[83.948,28.601],[83.953,28.602],[83.957,28.603],[83.962,28.604],[83.966,28.604],[83.971,28.604],[83.977,28.603],[83.981,28.6],[83.985,28.597],[83.988,28.593],[83.992,28.59],[83.994,28.588],[84.0,28.586],[84.006,28.586],[84.01,28.587],[84.013,28.586],[84.017,28.586],[84.02,28.585],[84.022,28.583],[84.024,28.581],[84.026,28.58],[84.03,28.576],[84.033,28.574],[84.035,28.572],[84.038,28.57],[84.041,28.569],[84.046,28.567],[84.048,28.567],[84.051,28.566],[84.057,28.565],[84.059,28.564],[84.062,28.563],[84.065,28.561],[84.068,28.558],[84.07,28.556],[84.072,28.553],[84.076,28.55],[84.078,28.548],[84.08,28.545],[84.082,28.543],[84.085,28.541],[84.088,28.539],[84.093,28.538],[84.098,28.538],[84.102,28.538],[84.107,28.538],[84.109,28.538],[84.114,28.538],[84.117,28.538],[84.119,28.537],[84.124,28.536],[84.128,28.535],[84.131,28.536],[84.133,28.537],[84.137,28.538],[84.14,28.538],[84.142,28.537],[84.145,28.535],[84.146,28.533],[84.15,28.529],[84.153,28.526],[84.155,28.523],[84.157,28.52],[84.16,28.517],[84.162,28.515],[84.164,28.513],[84.169,28.512],[84.172,28.511],[84.175,28.51],[84.179,28.509],[84.184,28.508],[84.187,28.507],[84.19,28.504],[84.191,28.502],[84.193,28.498],[84.194,28.494],[84.195,28.491],[84.197,28.488],[84.2,28.487],[84.202,28.487],[84.205,28.486],[84.209,28.485],[84.212,28.485],[84.216,28.484],[84.219,28.483],[84.223,28.481],[84.225,28.48],[84.229,28.479],[84.231,28.479],[84.234,28.479],[84.24,28.48],[84.243,28.479],[84.247,28.479],[84.252,28.479],[84.256,28.479],[84.26,28.48],[84.263,28.48],[84.265,28.48],[84.271,28.478],[84.28,28.471]]]}},{"type":"Feature","properties":{"id":"Lamjung","name":"Lamjung","hq":"Besisahar","province_id":4,"province":"Gandaki","level":"district"},"geometry":{"type":"Polygon","coordinates":[[[84.569,28.487],[84.574,28.481],[84.581,28.478],[84.585,28.476],[84.587,28.474],[84.592,28.469],[84.594,28.465],[84.596,28.461],[84.598,28.457],[84.601,28.453],[84.603,28.45],[84.605,28.448],[84.609,28.446],[84.613,28.446],[84.617,28.446],[84.621,28.447],[84.626,28.447],[84.629,28.446],[84.633,28.446],[84.635,28.445],[84.638,28.443],[84.641,28.439],[84.644,28.436],[84.644,28.434],[84.646,28.432],[84.647,28.428],[84.648,28.424],[84.65,28.42],[84.653,28.417],[84.655,28.415],[84.658,28.412],[84.66,28.411],[84.661,28.41],[84.669,28.401],[84.671,28.398],[84.673,28.396],[84.675,28.393],[84.677,28.39],[84.679,28.387],[84.679,28.383],[84.679,28.38],[84.68,28.377],[84.683,28.375],[84.684,28.373],[84.686,28.371],[84.687,28.371],[84.693,28.365],[84.694,28.364],[84.696,28.362],[84.697,28.358],[84.695,28.355],[84.693,28.352],[84.691,28.349],[84.688,28.346],[84.684,28.343],[84.681,28.342],[84.678,28.341],[84.675,28.339],[84.673,28.336],[84.672,28.333],[84.671,28.331],[84.67,28.328],[84.67,28.326],[84.669,28.324],[84.668,28.32],[84.667,28.318],[84.666,28.315],[84.665,28.313],[84.663,28.309],[84.662,28.308],[84.661,28.305],[84.66,28.303],[84.658,28.301],[84.657,28.299],[84.656,28.297],[84.655,28.295],[84.654,28.294],[84.654,28.293],[84.653,28.291],[84.653,28.287],[84.653,28.283],[84.654,28.279],[84.655,28.276],[84.656,28.273],[84.657,28.271],[84.657,28.268],[84.657,28.267],[84.656,28.264],[84.654,28.26],[84.653,28.257],[84.653,28.254],[84.652,28.251],[84.65,28.247],[84.648,28.244],[84.647,28.243],[84.645,28.241],[84.644,28.24],[84.643,28.238],[84.642,28.236],[84.641,28.235],[84.64,28.233],[84.64,28.232],[84.64,28.231],[84.639,28.228],[84.641,28.22],[84.642,28.214],[84.643,28.211],[84.643,28.208],[84.643,28.204],[84.643,28.2],[84.643,28.198],[84.641,28.195],[84.64,28.192],[84.637,28.189],[84.636,28.188],[84.634,28.186],[84.631,28.183],[84.627,28.18],[84.625,28.178],[84.623,28.177],[84.622,28.176],[84.621,28.175],[84.617,28.171],[84.617,28.168],[84.616,28.166],[84.616,28.164],[84.608,28.153],[84.602,28.148],[84.599,28.147],[84.595,28.146],[84.591,28.144],[84.588,28.142],[84.586,28.141],[84.583,28.139],[84.58,28.135],[84.578,28.131],[84.576,28.13],[84.575,28.129],[84.574,28.128],[84.572,28.127],[84.568,28.127],[84.563,28.125],[84.561,28.125],[84.56,28.124],[84.559,28.122],[84.557,28.115],[84.556,28.114],[84.554,28.112],[84.551,28.106],[84.549,28.103],[84.547,28.102],[84.545,28.101],[84.538,28.099],[84.531,28.096],[84.527,28.094],[84.523,28.093],[84.52,28.092],[84.516,28.09],[84.512,28.089],[84.509,28.088],[84.507,28.087],[84.503,28.085],[84.501,28.085],[84.5,28.085],[84.497,28.086],[84.494,28.087],[84.491,28.088],[84.489,28.089],[84.487,28.089],[84.485,28.088],[84.483,28.087],[84.483,28.085],[84.484,28.083],[84.486,28.082],[84.488,28.081],[84.49,28.08],[84.491,28.079],[84.492,28.078],[84.492,28.076],[84.492,28.073],[84.492,28.071],[84.492,28.07],[84.492,28.067],[84.493,28.065],[84.493,28.064],[84.493,28.062],[84.493,28.061],[84.49,28.059],[84.487,28.058],[84.484,28.058],[84.482,28.061],[84.481,28.062],[84.48,28.063],[84.479,28.064],[84.478,28.066],[84.476,28.069],[84.475,28.07],[84.474,28.071],[84.473,28.073],[84.472,28.076],[84.471,28.078],[84.469,28.08],[84.467,28.081],[84.466,28.083],[84.464,28.085],[84.459,28.091],[84.456,28.093],[84.454,28.095],[84.453,28.096],[84.452,28.097],[84.45,28.099],[84.448,28.101],[84.447,28.104],[84.444,28.105],[84.439,28.107],[84.436,28.111],[84.434,28.112],[84.433,28.112],[84.431,28.113],[84.43,28.114],[84.428,28.115],[84.426,28.116],[84.424,28.117],[84.418,28.12],[84.416,28.121],[84.413,28.123],[84.411,28.124],[84.408,28.126],[84.406,28.127],[84.404,28.128],[84.401,28.128],[84.399,28.128],[84.397,28.129],[84.394,28.128],[84.392,28.128],[84.39,28.127],[84.388,28.127],[84.383,28.127],[84.381,28.127],[84.378,28.128],[84.371,28.127],[84.366,28.129],[84.363,28.131],[84.361,28.13],[84.359,28.13],[84.357,28.129],[84.355,28.128],[84.352,28.127],[84.35,28.127],[84.347,28.126],[84.345,28.126],[84.343,28.126],[84.337,28.127],[84.333,28.125],[84.332,28.124],[84.329,28.122],[84.327,28.121],[84.325,28.119],[84.324,28.117],[84.322,28.116],[84.321,28.114],[84.32,28.113],[84.317,28.112],[84.314,28.11],[84.312,28.109],[84.309,28.108],[84.302,28.104],[84.301,28.104],[84.299,28.103],[84.297,28.102],[84.294,28.102],[84.288,28.099],[84.285,28.096],[84.282,28.095],[84.281,28.093],[84.279,28.092],[84.277,28.092],[84.275,28.092],[84.272,28.092],[84.269,28.092],[84.268,28.091],[84.265,28.09],[84.263,28.089],[84.259,28.086],[84.257,28.085],[84.254,28.083],[84.251,28.082],[84.248,28.081],[84.246,28.08],[84.242,28.08],[84.238,28.078],[84.238,28.079],[84.236,28.082],[84.234,28.085],[84.233,28.089],[84.232,28.09],[84.23,28.096],[84.23,28.098],[84.231,28.099],[84.231,28.101],[84.231,28.103],[84.231,28.104],[84.231,28.106],[84.23,28.109],[84.229,28.111],[84.228,28.113],[84.228,28.115],[84.227,28.118],[84.224,28.122],[84.221,28.124],[84.22,28.127],[84.22,28.128],[84.22,28.129],[84.221,28.131],[84.222,28.132],[84.223,28.133],[84.225,28.134],[84.227,28.135],[84.231,28.137],[84.231,28.141],[84.231,28.142],[84.23,28.142],[84.229,28.144],[84.228,28.147],[84.227,28.151],[84.226,28.152],[84.226,28.153],[84.225,28.156],[84.223,28.158],[84.224,28.159],[84.223,28.16],[84.223,28.162],[84.222,28.164],[84.221,28.166],[84.22,28.17],[84.22,28.172],[84.22,28.175],[84.22,28.179],[84.22,28.18],[84.219,28.182],[84.217,28.184],[84.215,28.185],[84.214,28.186],[84.211,28.188],[84.209,28.189],[84.207,28.19],[84.204,28.19],[84.2,28.19],[84.198,28.19],[84.196,28.193],[84.197,28.197],[84.201,28.198],[84.202,28.199],[84.203,28.2],[84.206,28.201],[84.209,28.204],[84.211,28.207],[84.213,28.211],[84.213,28.213],[84.214,28.214],[84.215,28.217],[84.216,28.22],[84.218,28.225],[84.218,28.228],[84.218,28.231],[84.218,28.232],[84.217,28.234],[84.218,28.236],[84.218,28.238],[84.219,28.24],[84.219,28.242],[84.219,28.244],[84.219,28.247],[84.217,28.251],[84.217,28.253],[84.217,28.255],[84.217,28.257],[84.217,28.259],[84.217,28.262],[84.216,28.264],[84.215,28.269],[84.213,28.272],[84.208,28.275],[84.205,28.276],[84.205,28.277],[84.202,28.28],[84.2,28.283],[84.199,28.284],[84.199,28.285],[84.197,28.287],[84.196,28.289],[84.192,28.293],[84.193,28.296],[84.195,28.298],[84.196,28.299],[84.198,28.301],[84.199,28.303],[84.201,28.305],[84.201,28.307],[84.202,28.309],[84.202,28.313],[84.202,28.316],[84.203,28.319],[84.203,28.321],[84.206,28.324],[84.208,28.326],[84.21,28.329],[84.212,28.331],[84.212,28.334],[84.212,28.336],[84.212,28.339],[84.213,28.341],[84.214,28.343],[84.215,28.345],[84.216,28.347],[84.217,28.35],[84.217,28.353],[84.218,28.355],[84.22,28.36],[84.22,28.395],[84.224,28.4],[84.228,28.403],[84.231,28.408],[84.235,28.412],[84.239,28.415],[84.243,28.419],[84.247,28.423],[84.25,28.428],[84.25,28.434],[84.249,28.438],[84.25,28.441],[84.252,28.444],[84.255,28.447],[84.26,28.451],[84.265,28.456],[84.269,28.46],[84.278,28.466],[84.28,28.471],[84.282,28.472],[84.283,28.474],[84.284,28.475],[84.286,28.478],[84.288,28.481],[84.29,28.482],[84.295,28.484],[84.298,28.485],[84.302,28.486],[84.305,28.486],[84.31,28.487],[84.314,28.486],[84.319,28.485],[84.322,28.481],[84.325,28.478],[84.329,28.475],[84.332,28.473],[84.336,28.471],[84.338,28.47],[84.341,28.468],[84.347,28.467],[84.35,28.466],[84.354,28.465],[84.358,28.463],[84.36,28.462],[84.363,28.462],[84.366,28.463],[84.368,28.464],[84.373,28.466],[84.375,28.465],[84.379,28.464],[84.382,28.462],[84.385,28.46],[84.389,28.459],[84.393,28.457],[84.399,28.457],[84.401,28.458],[84.406,28.459],[84.409,28.462],[84.413,28.466],[84.415,28.47],[84.418,28.474],[84.419,28.478],[84.42,28.483],[84.422,28.488],[84.423,28.492],[84.425,28.495],[84.427,28.499],[84.429,28.502],[84.432,28.505],[84.435,28.508],[84.439,28.509],[84.443,28.509],[84.447,28.509],[84.451,28.508],[84.455,28.507],[84.457,28.506],[84.46,28.504],[84.464,28.501],[84.467,28.497],[84.468,28.495],[84.471,28.491],[84.473,28.487],[84.477,28.482],[84.479,28.479],[84.481,28.476],[84.483,28.472],[84.487,28.47],[84.491,28.468],[84.492,28.466],[84.494,28.464],[84.495,28.462],[84.498,28.461],[84.503,28.461],[84.507,28.462],[84.512,28.465],[84.517,28.466],[84.523,28.469],[84.528,28.471],[84.533,28.471],[84.537,28.471],[84.541,28.471],[84.544,28.47],[84.55,28.47],[84.552,28.471],[84.557,28.474],[84.559,28.476],[84.566,28.483],[84.569,28.487]]]}},{"type":"Feature","properties":{"id":"Syangja","name":"Syangja","hq":"Putalibazar","province_id":4,"province":"Gandaki","level":"district"},"geometry":{"type":"Polygon","coordinates":[[[83.802,28.228],[83.81,28.225],[83.814,28.219],[83.816,28.217],[83.818,28.215],[83.823,28.213],[83.827,28.213],[83.832,28.213],[83.838,28.213],[83.842,28.211],[83.845,28.209],[83.848,28.207],[83.852,28.203],[83.854,28.2],[83.858,28.197],[83.861,28.196],[83.865,28.196],[83.868,28.196],[83.871,28.197],[83.874,28.197],[83.881,28.194],[83.887,28.194],[83.891,28.193],[83.895,28.192],[83.897,28.192],[83.901,28.188],[83.903,28.186],[83.905,28.183],[83.907,28.181],[83.91,28.179],[83.911,28.178],[83.918,28.174],[83.922,28.171],[83.924,28.169],[83.926,28.167],[83.926,28.164],[83.926,28.161],[83.926,28.158],[83.927,28.154],[83.93,28.151],[83.932,28.148],[83.934,28.146],[83.937,28.145],[83.938,28.144],[83.943,28.143],[83.946,28.142],[83.948,28.142],[83.951,28.141],[83.954,28.141],[83.956,28.14],[83.958,28.14],[83.961,28.138],[83.965,28.139],[83.97,28.14],[83.972,28.141],[83.975,28.141],[83.978,28.141],[83.981,28.142],[83.984,28.142],[83.987,28.142],[83.99,28.141],[83.992,28.139],[83.993,28.137],[83.996,28.136],[83.998,28.135],[84.0,28.134],[84.002,28.134],[84.004,28.132],[84.005,28.131],[84.006,28.13],[84.006,28.127],[84.005,28.125],[84.004,28.123],[84.004,28.121],[84.004,28.119],[84.004,28.118],[84.005,28.117],[84.005,28.116],[84.004,28.115],[84.001,28.114],[83.997,28.114],[83.993,28.112],[83.991,28.109],[83.989,28.104],[83.985,28.103],[83.98,28.101],[83.976,28.098],[83.973,28.095],[83.968,28.093],[83.967,28.093],[83.964,28.093],[83.963,28.093],[83.961,28.092],[83.958,28.09],[83.957,28.086],[83.961,28.083],[83.965,28.081],[83.967,28.077],[83.966,28.074],[83.964,28.072],[83.963,28.071],[83.961,28.069],[83.959,28.064],[83.96,28.061],[83.962,28.057],[83.962,28.053],[83.961,28.047],[83.964,28.044],[83.968,28.043],[83.973,28.041],[83.977,28.04],[83.98,28.041],[83.983,28.043],[83.987,28.047],[83.991,28.049],[83.992,28.049],[83.994,28.048],[83.999,28.046],[84.001,28.042],[84.003,28.036],[84.004,28.033],[84.005,28.032],[84.007,28.031],[84.009,28.03],[84.012,28.03],[84.013,28.03],[84.017,28.03],[84.02,28.03],[84.023,28.029],[84.026,28.028],[84.028,28.027],[84.03,28.026],[84.03,28.025],[84.031,28.023],[84.032,28.021],[84.033,28.019],[84.031,28.017],[84.025,28.014],[84.021,28.013],[84.018,28.013],[84.015,28.013],[84.012,28.013],[84.009,28.012],[84.007,28.012],[84.005,28.01],[84.004,28.008],[84.004,28.007],[84.004,28.006],[84.002,28.003],[84.001,28.0],[83.999,27.999],[83.997,27.997],[83.995,27.995],[83.992,27.993],[83.99,27.991],[83.988,27.989],[83.985,27.988],[83.983,27.986],[83.981,27.985],[83.981,27.984],[83.98,27.981],[83.98,27.979],[83.981,27.977],[83.982,27.975],[83.983,27.972],[83.982,27.967],[83.979,27.963],[83.977,27.96],[83.976,27.958],[83.975,27.956],[83.974,27.953],[83.974,27.95],[83.973,27.946],[83.974,27.943],[83.975,27.941],[83.975,27.939],[83.976,27.936],[83.977,27.932],[83.978,27.927],[83.978,27.925],[83.979,27.924],[83.979,27.922],[83.982,27.917],[83.982,27.916],[83.982,27.912],[83.982,27.91],[83.981,27.908],[83.981,27.906],[83.98,27.904],[83.98,27.901],[83.974,27.9],[83.968,27.899],[83.966,27.899],[83.963,27.898],[83.962,27.897],[83.96,27.896],[83.956,27.892],[83.952,27.892],[83.948,27.892],[83.945,27.89],[83.943,27.889],[83.942,27.886],[83.943,27.883],[83.944,27.881],[83.945,27.88],[83.945,27.879],[83.945,27.876],[83.942,27.877],[83.941,27.877],[83.939,27.876],[83.937,27.875],[83.936,27.873],[83.933,27.872],[83.932,27.871],[83.929,27.871],[83.927,27.87],[83.925,27.87],[83.922,27.87],[83.919,27.871],[83.918,27.871],[83.914,27.874],[83.913,27.876],[83.912,27.878],[83.91,27.88],[83.909,27.881],[83.905,27.881],[83.903,27.881],[83.899,27.882],[83.896,27.882],[83.894,27.883],[83.891,27.883],[83.888,27.882],[83.885,27.882],[83.883,27.882],[83.882,27.883],[83.881,27.885],[83.876,27.887],[83.874,27.886],[83.871,27.885],[83.868,27.883],[83.865,27.882],[83.863,27.879],[83.862,27.877],[83.862,27.875],[83.861,27.873],[83.86,27.872],[83.857,27.873],[83.855,27.874],[83.854,27.877],[83.852,27.879],[83.85,27.88],[83.848,27.879],[83.847,27.877],[83.848,27.874],[83.848,27.872],[83.848,27.871],[83.848,27.869],[83.847,27.868],[83.845,27.868],[83.842,27.868],[83.84,27.868],[83.836,27.87],[83.833,27.871],[83.829,27.874],[83.826,27.875],[83.823,27.875],[83.821,27.874],[83.819,27.873],[83.817,27.871],[83.814,27.871],[83.811,27.872],[83.808,27.873],[83.807,27.874],[83.804,27.877],[83.802,27.88],[83.799,27.882],[83.795,27.884],[83.794,27.884],[83.792,27.886],[83.79,27.887],[83.787,27.889],[83.785,27.892],[83.783,27.894],[83.782,27.897],[83.781,27.899],[83.778,27.901],[83.776,27.904],[83.774,27.905],[83.772,27.907],[83.764,27.909],[83.763,27.909],[83.761,27.908],[83.759,27.906],[83.759,27.904],[83.757,27.903],[83.755,27.903],[83.753,27.904],[83.751,27.907],[83.749,27.908],[83.745,27.908],[83.746,27.906],[83.747,27.903],[83.747,27.902],[83.746,27.9],[83.744,27.901],[83.741,27.902],[83.739,27.903],[83.737,27.905],[83.735,27.908],[83.733,27.909],[83.73,27.912],[83.728,27.913],[83.726,27.914],[83.724,27.916],[83.722,27.918],[83.72,27.919],[83.717,27.919],[83.714,27.919],[83.711,27.918],[83.708,27.918],[83.706,27.917],[83.704,27.917],[83.7,27.917],[83.697,27.917],[83.695,27.918],[83.693,27.921],[83.692,27.921],[83.688,27.92],[83.686,27.919],[83.683,27.918],[83.681,27.92],[83.681,27.922],[83.68,27.925],[83.678,27.926],[83.676,27.926],[83.673,27.926],[83.668,27.922],[83.667,27.92],[83.666,27.919],[83.665,27.917],[83.664,27.915],[83.663,27.913],[83.661,27.91],[83.661,27.908],[83.659,27.906],[83.658,27.904],[83.657,27.902],[83.654,27.901],[83.652,27.9],[83.648,27.9],[83.645,27.9],[83.642,27.901],[83.639,27.901],[83.637,27.901],[83.635,27.902],[83.634,27.903],[83.634,27.906],[83.634,27.908],[83.635,27.91],[83.634,27.913],[83.633,27.915],[83.63,27.915],[83.628,27.916],[83.626,27.916],[83.625,27.916],[83.624,27.918],[83.623,27.921],[83.624,27.923],[83.624,27.925],[83.622,27.926],[83.621,27.927],[83.617,27.927],[83.616,27.927],[83.614,27.926],[83.612,27.925],[83.61,27.924],[83.607,27.923],[83.605,27.923],[83.603,27.924],[83.6,27.925],[83.598,27.926],[83.597,27.928],[83.596,27.93],[83.592,27.931],[83.59,27.931],[83.587,27.931],[83.584,27.931],[83.581,27.931],[83.578,27.931],[83.577,27.932],[83.577,27.934],[83.578,27.936],[83.578,27.938],[83.576,27.94],[83.574,27.94],[83.572,27.938],[83.57,27.937],[83.568,27.935],[83.563,27.933],[83.559,27.932],[83.557,27.931],[83.555,27.93],[83.553,27.929],[83.55,27.928],[83.548,27.927],[83.545,27.926],[83.543,27.927],[83.54,27.928],[83.539,27.93],[83.537,27.934],[83.534,27.938],[83.532,27.937],[83.531,27.935],[83.53,27.933],[83.529,27.931],[83.529,27.93],[83.528,27.927],[83.527,27.926],[83.525,27.926],[83.523,27.927],[83.523,27.929],[83.522,27.931],[83.521,27.933],[83.519,27.936],[83.517,27.937],[83.515,27.939],[83.513,27.94],[83.51,27.94],[83.509,27.939],[83.508,27.937],[83.508,27.935],[83.509,27.933],[83.509,27.931],[83.509,27.929],[83.508,27.928],[83.507,27.928],[83.506,27.927],[83.504,27.927],[83.501,27.927],[83.499,27.927],[83.497,27.927],[83.493,27.926],[83.492,27.925],[83.49,27.924],[83.487,27.923],[83.485,27.924],[83.483,27.924],[83.48,27.925],[83.478,27.926],[83.475,27.927],[83.473,27.928],[83.471,27.93],[83.469,27.931],[83.467,27.932],[83.465,27.934],[83.463,27.934],[83.461,27.934],[83.459,27.934],[83.457,27.933],[83.453,27.933],[83.451,27.932],[83.449,27.932],[83.447,27.932],[83.445,27.933],[83.443,27.935],[83.443,27.936],[83.442,27.937],[83.442,27.939],[83.443,27.941],[83.444,27.944],[83.446,27.946],[83.447,27.947],[83.449,27.948],[83.452,27.949],[83.454,27.95],[83.455,27.951],[83.458,27.952],[83.46,27.954],[83.461,27.954],[83.463,27.956],[83.465,27.959],[83.467,27.962],[83.468,27.965],[83.469,27.966],[83.47,27.968],[83.472,27.969],[83.475,27.972],[83.476,27.973],[83.48,27.976],[83.483,27.978],[83.487,27.98],[83.489,27.981],[83.491,27.982],[83.493,27.982],[83.496,27.982],[83.497,27.981],[83.499,27.98],[83.5,27.98],[83.501,27.978],[83.503,27.977],[83.504,27.976],[83.505,27.975],[83.507,27.974],[83.509,27.972],[83.511,27.97],[83.513,27.969],[83.515,27.968],[83.517,27.966],[83.519,27.965],[83.523,27.964],[83.525,27.964],[83.528,27.965],[83.531,27.966],[83.533,27.966],[83.535,27.966],[83.538,27.967],[83.54,27.968],[83.543,27.969],[83.545,27.971],[83.547,27.972],[83.549,27.973],[83.551,27.974],[83.555,27.976],[83.557,27.976],[83.559,27.975],[83.561,27.974],[83.563,27.974],[83.566,27.974],[83.568,27.974],[83.571,27.974],[83.572,27.974],[83.575,27.974],[83.577,27.974],[83.579,27.974],[83.581,27.976],[83.583,27.976],[83.584,27.977],[83.587,27.979],[83.589,27.981],[83.589,27.983],[83.589,27.984],[83.589,27.986],[83.591,27.987],[83.593,27.987],[83.594,27.988],[83.596,27.989],[83.598,27.99],[83.6,27.991],[83.602,27.992],[83.603,27.993],[83.604,27.995],[83.606,27.997],[83.607,27.999],[83.606,28.001],[83.607,28.002],[83.607,28.005],[83.607,28.007],[83.608,28.008],[83.609,28.009],[83.61,28.01],[83.611,28.011],[83.612,28.011],[83.613,28.012],[83.615,28.012],[83.617,28.013],[83.621,28.011],[83.625,28.01],[83.626,28.009],[83.628,28.008],[83.631,28.007],[83.633,28.006],[83.635,28.004],[83.637,28.003],[83.641,28.0],[83.645,27.999],[83.646,28.002],[83.647,28.004],[83.648,28.006],[83.649,28.007],[83.651,28.012],[83.654,28.014],[83.66,28.014],[83.664,28.013],[83.668,28.014],[83.671,28.014],[83.675,28.015],[83.678,28.014],[83.681,28.014],[83.684,28.015],[83.686,28.017],[83.688,28.02],[83.691,28.021],[83.695,28.023],[83.699,28.025],[83.701,28.025],[83.701,28.027],[83.7,28.029],[83.7,28.033],[83.7,28.038],[83.7,28.041],[83.702,28.044],[83.705,28.048],[83.708,28.051],[83.713,28.054],[83.717,28.058],[83.719,28.059],[83.722,28.062],[83.721,28.063],[83.719,28.064],[83.715,28.065],[83.713,28.066],[83.71,28.072],[83.709,28.073],[83.709,28.075],[83.708,28.079],[83.709,28.082],[83.711,28.083],[83.715,28.084],[83.718,28.085],[83.722,28.086],[83.723,28.087],[83.728,28.09],[83.731,28.092],[83.733,28.094],[83.735,28.095],[83.738,28.097],[83.739,28.099],[83.738,28.102],[83.738,28.104],[83.735,28.106],[83.733,28.108],[83.73,28.109],[83.725,28.11],[83.722,28.11],[83.719,28.112],[83.716,28.115],[83.713,28.117],[83.709,28.12],[83.709,28.122],[83.709,28.126],[83.71,28.129],[83.711,28.132],[83.715,28.135],[83.717,28.137],[83.721,28.14],[83.726,28.141],[83.729,28.144],[83.732,28.146],[83.736,28.148],[83.74,28.149],[83.744,28.149],[83.745,28.15],[83.746,28.153],[83.747,28.157],[83.749,28.161],[83.752,28.164],[83.755,28.167],[83.758,28.169],[83.761,28.169],[83.763,28.169],[83.766,28.169],[83.768,28.17],[83.767,28.172],[83.766,28.174],[83.764,28.176],[83.763,28.177],[83.762,28.18],[83.761,28.182],[83.761,28.185],[83.762,28.188],[83.762,28.189],[83.764,28.191],[83.766,28.194],[83.768,28.197],[83.77,28.2],[83.772,28.202],[83.774,28.202],[83.776,28.201],[83.778,28.2],[83.782,28.198],[83.784,28.197],[83.786,28.197],[83.79,28.198],[83.794,28.2],[83.796,28.203],[83.797,28.204],[83.799,28.205],[83.801,28.207],[83.802,28.209],[83.803,28.211],[83.804,28.213],[83.805,28.214],[83.805,28.216],[83.805,28.219],[83.805,28.22],[83.805,28.223],[83.804,28.225],[83.802,28.228]]]}},{"type":"Feature","properties":{"id":"Tanahu","name":"Tanahu","hq":"Byas","province_id":4,"province":"Gandaki","level":"district"},"geometry":{"type":"Polygon","coordinates":[[[84.005,28.116],[84.008,28.112],[84.009,28.11],[84.011,28.108],[84.012,28.107],[84.013,28.106],[84.017,28.105],[84.021,28.103],[84.026,28.104],[84.029,28.104],[84.031,28.103],[84.034,28.102],[84.035,28.101],[84.037,28.1],[84.038,28.098],[84.038,28.097],[84.039,28.096],[84.04,28.095],[84.045,28.093],[84.05,28.091],[84.054,28.09],[84.059,28.088],[84.062,28.087],[84.065,28.085],[84.067,28.084],[84.071,28.084],[84.074,28.085],[84.076,28.086],[84.078,28.087],[84.083,28.089],[84.085,28.089],[84.087,28.09],[84.091,28.093],[84.093,28.095],[84.094,28.097],[84.096,28.099],[84.097,28.101],[84.099,28.102],[84.111,28.107],[84.113,28.106],[84.114,28.105],[84.116,28.104],[84.119,28.102],[84.122,28.1],[84.124,28.099],[84.126,28.098],[84.131,28.097],[84.134,28.097],[84.137,28.097],[84.14,28.097],[84.146,28.099],[84.149,28.1],[84.154,28.099],[84.158,28.099],[84.162,28.097],[84.166,28.095],[84.17,28.095],[84.173,28.094],[84.177,28.091],[84.179,28.088],[84.182,28.086],[84.185,28.087],[84.188,28.089],[84.191,28.093],[84.194,28.095],[84.198,28.097],[84.201,28.097],[84.203,28.096],[84.21,28.096],[84.215,28.096],[84.218,28.098],[84.219,28.1],[84.222,28.1],[84.225,28.098],[84.227,28.097],[84.23,28.096],[84.232,28.09],[84.233,28.089],[84.234,28.085],[84.236,28.082],[84.238,28.079],[84.238,28.078],[84.242,28.08],[84.246,28.08],[84.248,28.081],[84.251,28.082],[84.254,28.083],[84.257,28.085],[84.259,28.086],[84.263,28.089],[84.265,28.09],[84.268,28.091],[84.269,28.092],[84.272,28.092],[84.275,28.092],[84.277,28.092],[84.279,28.092],[84.281,28.093],[84.282,28.095],[84.285,28.096],[84.288,28.099],[84.294,28.102],[84.297,28.102],[84.299,28.103],[84.301,28.104],[84.302,28.104],[84.309,28.108],[84.312,28.109],[84.314,28.11],[84.317,28.112],[84.32,28.113],[84.321,28.114],[84.322,28.116],[84.324,28.117],[84.325,28.119],[84.327,28.121],[84.329,28.122],[84.332,28.124],[84.333,28.125],[84.337,28.127],[84.343,28.126],[84.345,28.126],[84.347,28.126],[84.35,28.127],[84.352,28.127],[84.355,28.128],[84.357,28.129],[84.359,28.13],[84.361,28.13],[84.363,28.131],[84.366,28.129],[84.371,28.127],[84.378,28.128],[84.381,28.127],[84.383,28.127],[84.388,28.127],[84.39,28.127],[84.392,28.128],[84.394,28.128],[84.397,28.129],[84.399,28.128],[84.401,28.128],[84.404,28.128],[84.406,28.127],[84.408,28.126],[84.411,28.124],[84.413,28.123],[84.416,28.121],[84.418,28.12],[84.424,28.117],[84.426,28.116],[84.428,28.115],[84.43,28.114],[84.431,28.113],[84.433,28.112],[84.434,28.112],[84.436,28.111],[84.439,28.107],[84.444,28.105],[84.447,28.104],[84.448,28.101],[84.45,28.099],[84.452,28.097],[84.453,28.096],[84.454,28.095],[84.456,28.093],[84.459,28.091],[84.464,28.085],[84.466,28.083],[84.467,28.081],[84.469,28.08],[84.471,28.078],[84.472,28.076],[84.473,28.073],[84.474,28.071],[84.475,28.07],[84.476,28.069],[84.478,28.066],[84.479,28.064],[84.48,28.063],[84.481,28.062],[84.482,28.061],[84.484,28.058],[84.481,28.055],[84.477,28.051],[84.476,28.05],[84.475,28.048],[84.474,28.046],[84.472,28.044],[84.47,28.04],[84.47,28.039],[84.468,28.036],[84.467,28.028],[84.466,28.024],[84.466,28.022],[84.466,28.021],[84.465,28.017],[84.463,28.013],[84.46,28.007],[84.459,28.004],[84.457,28.002],[84.455,28.0],[84.453,27.998],[84.452,27.997],[84.45,27.995],[84.448,27.994],[84.445,27.992],[84.443,27.99],[84.44,27.988],[84.437,27.987],[84.435,27.985],[84.433,27.984],[84.431,27.983],[84.429,27.981],[84.426,27.978],[84.424,27.971],[84.424,27.968],[84.426,27.965],[84.426,27.962],[84.425,27.96],[84.425,27.957],[84.425,27.956],[84.426,27.955],[84.426,27.954],[84.431,27.951],[84.438,27.949],[84.44,27.948],[84.442,27.948],[84.445,27.947],[84.447,27.947],[84.451,27.947],[84.455,27.948],[84.456,27.949],[84.457,27.949],[84.459,27.947],[84.461,27.944],[84.465,27.944],[84.468,27.943],[84.471,27.942],[84.473,27.942],[84.474,27.941],[84.475,27.941],[84.477,27.939],[84.479,27.937],[84.48,27.934],[84.483,27.932],[84.49,27.929],[84.493,27.928],[84.495,27.928],[84.498,27.927],[84.502,27.926],[84.505,27.926],[84.507,27.925],[84.51,27.924],[84.509,27.921],[84.507,27.919],[84.507,27.913],[84.513,27.914],[84.517,27.914],[84.519,27.914],[84.521,27.913],[84.524,27.914],[84.527,27.914],[84.53,27.914],[84.531,27.914],[84.533,27.914],[84.534,27.914],[84.536,27.913],[84.54,27.914],[84.543,27.912],[84.544,27.91],[84.544,27.909],[84.545,27.908],[84.545,27.907],[84.546,27.906],[84.547,27.904],[84.548,27.9],[84.545,27.895],[84.544,27.892],[84.544,27.89],[84.544,27.888],[84.544,27.886],[84.546,27.883],[84.548,27.877],[84.548,27.874],[84.548,27.872],[84.55,27.87],[84.553,27.87],[84.556,27.869],[84.556,27.866],[84.555,27.865],[84.554,27.861],[84.555,27.86],[84.556,27.859],[84.559,27.859],[84.564,27.857],[84.562,27.856],[84.561,27.854],[84.561,27.851],[84.558,27.842],[84.558,27.84],[84.557,27.84],[84.555,27.837],[84.552,27.835],[84.547,27.835],[84.544,27.836],[84.54,27.836],[84.535,27.837],[84.531,27.836],[84.528,27.835],[84.526,27.833],[84.525,27.83],[84.524,27.827],[84.521,27.819],[84.52,27.818],[84.518,27.816],[84.516,27.815],[84.512,27.816],[84.508,27.818],[84.504,27.82],[84.501,27.821],[84.498,27.821],[84.495,27.82],[84.491,27.821],[84.488,27.821],[84.484,27.823],[84.481,27.824],[84.477,27.824],[84.474,27.824],[84.47,27.822],[84.467,27.821],[84.464,27.821],[84.46,27.821],[84.457,27.821],[84.455,27.822],[84.449,27.822],[84.446,27.821],[84.444,27.82],[84.441,27.818],[84.439,27.815],[84.437,27.813],[84.433,27.808],[84.431,27.803],[84.431,27.799],[84.432,27.795],[84.433,27.791],[84.435,27.787],[84.439,27.783],[84.441,27.782],[84.444,27.781],[84.447,27.781],[84.451,27.78],[84.457,27.779],[84.46,27.777],[84.464,27.775],[84.467,27.773],[84.469,27.771],[84.471,27.768],[84.473,27.765],[84.474,27.762],[84.472,27.759],[84.47,27.757],[84.467,27.757],[84.464,27.758],[84.462,27.759],[84.458,27.762],[84.455,27.763],[84.453,27.763],[84.447,27.756],[84.446,27.755],[84.445,27.754],[84.444,27.75],[84.442,27.749],[84.441,27.747],[84.439,27.746],[84.435,27.744],[84.431,27.742],[84.431,27.743],[84.43,27.743],[84.426,27.744],[84.425,27.746],[84.424,27.748],[84.422,27.752],[84.421,27.755],[84.421,27.758],[84.418,27.759],[84.415,27.76],[84.412,27.761],[84.409,27.762],[84.406,27.764],[84.405,27.766],[84.404,27.768],[84.402,27.771],[84.401,27.772],[84.395,27.775],[84.391,27.776],[84.388,27.777],[84.385,27.779],[84.382,27.779],[84.379,27.779],[84.376,27.779],[84.374,27.778],[84.371,27.776],[84.368,27.773],[84.368,27.771],[84.366,27.769],[84.366,27.765],[84.365,27.761],[84.36,27.752],[84.36,27.751],[84.358,27.751],[84.356,27.75],[84.352,27.75],[84.349,27.748],[84.347,27.746],[84.343,27.744],[84.341,27.744],[84.338,27.745],[84.337,27.747],[84.333,27.748],[84.329,27.749],[84.328,27.751],[84.326,27.754],[84.324,27.757],[84.322,27.76],[84.321,27.763],[84.319,27.765],[84.319,27.768],[84.32,27.773],[84.32,27.777],[84.319,27.78],[84.318,27.783],[84.316,27.786],[84.313,27.787],[84.31,27.789],[84.307,27.791],[84.304,27.794],[84.303,27.797],[84.302,27.8],[84.302,27.804],[84.303,27.806],[84.304,27.809],[84.304,27.81],[84.305,27.812],[84.306,27.816],[84.307,27.819],[84.305,27.823],[84.303,27.825],[84.301,27.827],[84.299,27.829],[84.298,27.831],[84.296,27.834],[84.294,27.836],[84.292,27.838],[84.286,27.839],[84.283,27.838],[84.28,27.837],[84.278,27.837],[84.275,27.836],[84.272,27.834],[84.269,27.834],[84.268,27.835],[84.267,27.838],[84.265,27.84],[84.264,27.84],[84.261,27.839],[84.258,27.838],[84.255,27.839],[84.252,27.841],[84.251,27.842],[84.248,27.845],[84.245,27.845],[84.241,27.846],[84.238,27.846],[84.235,27.845],[84.231,27.844],[84.229,27.841],[84.228,27.839],[84.225,27.839],[84.223,27.84],[84.222,27.842],[84.219,27.844],[84.216,27.845],[84.214,27.844],[84.213,27.841],[84.211,27.84],[84.209,27.841],[84.208,27.842],[84.208,27.847],[84.207,27.849],[84.205,27.85],[84.202,27.85],[84.199,27.85],[84.197,27.848],[84.194,27.847],[84.191,27.847],[84.185,27.848],[84.182,27.848],[84.179,27.849],[84.176,27.849],[84.174,27.848],[84.172,27.847],[84.169,27.845],[84.167,27.845],[84.164,27.843],[84.163,27.841],[84.161,27.84],[84.159,27.842],[84.158,27.845],[84.157,27.847],[84.156,27.848],[84.153,27.849],[84.15,27.849],[84.148,27.85],[84.144,27.849],[84.142,27.849],[84.14,27.848],[84.138,27.847],[84.136,27.847],[84.132,27.846],[84.128,27.845],[84.127,27.846],[84.126,27.849],[84.126,27.85],[84.129,27.853],[84.13,27.856],[84.13,27.858],[84.129,27.859],[84.126,27.86],[84.124,27.858],[84.123,27.856],[84.123,27.854],[84.121,27.852],[84.12,27.852],[84.117,27.853],[84.115,27.853],[84.114,27.855],[84.113,27.857],[84.111,27.859],[84.109,27.859],[84.106,27.858],[84.103,27.857],[84.1,27.856],[84.099,27.857],[84.099,27.86],[84.1,27.864],[84.1,27.865],[84.099,27.866],[84.097,27.867],[84.094,27.868],[84.093,27.869],[84.086,27.871],[84.085,27.871],[84.082,27.87],[84.079,27.87],[84.078,27.868],[84.076,27.865],[84.075,27.864],[84.073,27.863],[84.071,27.862],[84.069,27.86],[84.067,27.858],[84.065,27.856],[84.063,27.855],[84.061,27.854],[84.058,27.852],[84.056,27.852],[84.054,27.854],[84.053,27.855],[84.05,27.856],[84.047,27.854],[84.044,27.853],[84.043,27.854],[84.042,27.856],[84.041,27.858],[84.038,27.858],[84.035,27.857],[84.031,27.858],[84.028,27.859],[84.025,27.86],[84.023,27.861],[84.021,27.861],[84.02,27.859],[84.021,27.856],[84.022,27.854],[84.02,27.852],[84.018,27.853],[84.014,27.854],[84.012,27.854],[84.008,27.856],[84.004,27.857],[84.002,27.858],[84.0,27.86],[83.998,27.863],[83.996,27.865],[83.995,27.866],[83.993,27.867],[83.989,27.868],[83.987,27.868],[83.983,27.868],[83.98,27.868],[83.978,27.869],[83.976,27.87],[83.974,27.872],[83.972,27.873],[83.97,27.873],[83.967,27.872],[83.965,27.872],[83.961,27.872],[83.958,27.872],[83.956,27.872],[83.952,27.872],[83.95,27.871],[83.948,27.872],[83.947,27.873],[83.946,27.874],[83.945,27.876],[83.945,27.879],[83.945,27.88],[83.944,27.881],[83.943,27.883],[83.942,27.886],[83.943,27.889],[83.945,27.89],[83.948,27.892],[83.952,27.892],[83.956,27.892],[83.96,27.896],[83.962,27.897],[83.963,27.898],[83.966,27.899],[83.968,27.899],[83.974,27.9],[83.98,27.901],[83.98,27.904],[83.981,27.906],[83.981,27.908],[83.982,27.91],[83.982,27.912],[83.982,27.916],[83.982,27.917],[83.979,27.922],[83.979,27.924],[83.978,27.925],[83.978,27.927],[83.977,27.932],[83.976,27.936],[83.975,27.939],[83.975,27.941],[83.974,27.943],[83.973,27.946],[83.974,27.95],[83.974,27.953],[83.975,27.956],[83.976,27.958],[83.977,27.96],[83.979,27.963],[83.982,27.967],[83.983,27.972],[83.982,27.975],[83.981,27.977],[83.98,27.979],[83.98,27.981],[83.981,27.984],[83.981,27.985],[83.983,27.986],[83.985,27.988],[83.988,27.989],[83.99,27.991],[83.992,27.993],[83.995,27.995],[83.997,27.997],[83.999,27.999],[84.001,28.0],[84.002,28.003],[84.004,28.006],[84.004,28.007],[84.004,28.008],[84.005,28.01],[84.007,28.012],[84.009,28.012],[84.012,28.013],[84.015,28.013],[84.018,28.013],[84.021,28.013],[84.025,28.014],[84.031,28.017],[84.033,28.019],[84.032,28.021],[84.031,28.023],[84.03,28.025],[84.03,28.026],[84.028,28.027],[84.026,28.028],[84.023,28.029],[84.02,28.03],[84.017,28.03],[84.013,28.03],[84.012,28.03],[84.009,28.03],[84.007,28.031],[84.005,28.032],[84.004,28.033],[84.003,28.036],[84.001,28.042],[83.999,28.046],[83.994,28.048],[83.992,28.049],[83.991,28.049],[83.987,28.047],[83.983,28.043],[83.98,28.041],[83.977,28.04],[83.973,28.041],[83.968,28.043],[83.964,28.044],[83.961,28.047],[83.962,28.053],[83.962,28.057],[83.96,28.061],[83.959,28.064],[83.961,28.069],[83.963,28.071],[83.964,28.072],[83.966,28.074],[83.967,28.077],[83.965,28.081],[83.961,28.083],[83.957,28.086],[83.958,28.09],[83.961,28.092],[83.963,28.093],[83.964,28.093],[83.967,28.093],[83.968,28.093],[83.973,28.095],[83.976,28.098],[83.98,28.101],[83.985,28.103],[83.989,28.104],[83.991,28.109],[83.993,28.112],[83.997,28.114],[84.001,28.114],[84.004,28.115],[84.005,28.116]]]}},{"type":"Feature","properties":{"id":"Manang","name":"Manang","hq":"Chame","province_id":4,"province":"Gandaki","level":"district"},"geometry":{"type":"Polygon","coordinates":[[[84.223,28.892],[84.224,28.891],[84.227,28.891],[84.227,28.891],[84.231,28.891],[84.235,28.892],[84.242,28.891],[84.247,28.89],[84.249,28.89],[84.251,28.89],[84.254,28.89],[84.256,28.892],[84.257,28.894],[84.258,28.895],[84.26,28.896],[84.263,28.896],[84.266,28.895],[84.269,28.894],[84.272,28.892],[84.273,28.89],[84.276,28.888],[84.278,28.886],[84.281,28.885],[84.283,28.883],[84.287,28.881],[84.289,28.879],[84.293,28.877],[84.294,28.876],[84.296,28.875],[84.298,28.874],[84.3,28.873],[84.303,28.871],[84.306,28.871],[84.307,28.871],[84.314,28.869],[84.317,28.869],[84.319,28.868],[84.321,28.867],[84.323,28.867],[84.324,28.865],[84.325,28.864],[84.327,28.863],[84.328,28.863],[84.331,28.864],[84.333,28.866],[84.334,28.867],[84.338,28.87],[84.341,28.871],[84.343,28.871],[84.346,28.87],[84.349,28.868],[84.351,28.866],[84.352,28.865],[84.354,28.862],[84.356,28.86],[84.358,28.858],[84.362,28.858],[84.366,28.859],[84.369,28.86],[84.372,28.86],[84.376,28.861],[84.379,28.861],[84.382,28.861],[84.385,28.861],[84.39,28.861],[84.392,28.861],[84.394,28.86],[84.397,28.859],[84.398,28.859],[84.402,28.857],[84.405,28.855],[84.407,28.853],[84.408,28.851],[84.409,28.849],[84.409,28.846],[84.408,28.843],[84.406,28.842],[84.403,28.84],[84.401,28.839],[84.4,28.837],[84.4,28.834],[84.402,28.832],[84.405,28.83],[84.409,28.83],[84.415,28.832],[84.418,28.832],[84.422,28.831],[84.424,28.829],[84.428,28.827],[84.431,28.825],[84.434,28.823],[84.438,28.822],[84.438,28.82],[84.435,28.819],[84.433,28.816],[84.432,28.813],[84.433,28.81],[84.433,28.806],[84.434,28.803],[84.435,28.801],[84.438,28.799],[84.441,28.798],[84.443,28.797],[84.444,28.795],[84.445,28.792],[84.446,28.788],[84.447,28.786],[84.446,28.782],[84.445,28.78],[84.443,28.778],[84.441,28.776],[84.44,28.773],[84.441,28.77],[84.444,28.768],[84.447,28.767],[84.45,28.767],[84.453,28.766],[84.456,28.765],[84.458,28.762],[84.459,28.758],[84.46,28.755],[84.462,28.753],[84.464,28.753],[84.468,28.753],[84.472,28.752],[84.473,28.75],[84.476,28.749],[84.478,28.749],[84.482,28.747],[84.484,28.745],[84.485,28.743],[84.487,28.742],[84.488,28.74],[84.489,28.738],[84.49,28.738],[84.494,28.737],[84.493,28.732],[84.491,28.729],[84.488,28.726],[84.487,28.723],[84.487,28.719],[84.489,28.715],[84.492,28.712],[84.495,28.708],[84.497,28.706],[84.498,28.704],[84.502,28.7],[84.505,28.698],[84.508,28.697],[84.512,28.695],[84.516,28.695],[84.52,28.694],[84.522,28.693],[84.524,28.691],[84.522,28.687],[84.52,28.685],[84.519,28.683],[84.518,28.677],[84.518,28.673],[84.519,28.67],[84.52,28.668],[84.522,28.666],[84.526,28.664],[84.528,28.662],[84.53,28.66],[84.529,28.657],[84.526,28.654],[84.525,28.653],[84.528,28.649],[84.531,28.648],[84.534,28.646],[84.536,28.644],[84.537,28.642],[84.538,28.639],[84.539,28.637],[84.543,28.631],[84.546,28.628],[84.546,28.625],[84.545,28.62],[84.544,28.617],[84.544,28.614],[84.545,28.611],[84.545,28.608],[84.546,28.605],[84.547,28.602],[84.548,28.598],[84.549,28.595],[84.55,28.591],[84.551,28.588],[84.552,28.584],[84.553,28.58],[84.553,28.576],[84.553,28.572],[84.553,28.568],[84.554,28.565],[84.554,28.561],[84.554,28.558],[84.555,28.556],[84.558,28.555],[84.56,28.553],[84.563,28.551],[84.563,28.549],[84.563,28.545],[84.562,28.543],[84.564,28.535],[84.566,28.532],[84.568,28.528],[84.569,28.525],[84.571,28.522],[84.573,28.519],[84.573,28.516],[84.574,28.513],[84.573,28.51],[84.572,28.507],[84.571,28.505],[84.57,28.503],[84.57,28.501],[84.569,28.493],[84.57,28.491],[84.57,28.489],[84.569,28.487],[84.566,28.483],[84.559,28.476],[84.557,28.474],[84.552,28.471],[84.55,28.47],[84.544,28.47],[84.541,28.471],[84.537,28.471],[84.533,28.471],[84.528,28.471],[84.523,28.469],[84.517,28.466],[84.512,28.465],[84.507,28.462],[84.503,28.461],[84.498,28.461],[84.495,28.462],[84.494,28.464],[84.492,28.466],[84.491,28.468],[84.487,28.47],[84.483,28.472],[84.481,28.476],[84.479,28.479],[84.477,28.482],[84.473,28.487],[84.471,28.491],[84.468,28.495],[84.467,28.497],[84.464,28.501],[84.46,28.504],[84.457,28.506],[84.455,28.507],[84.451,28.508],[84.447,28.509],[84.443,28.509],[84.439,28.509],[84.435,28.508],[84.432,28.505],[84.429,28.502],[84.427,28.499],[84.425,28.495],[84.423,28.492],[84.422,28.488],[84.42,28.483],[84.419,28.478],[84.418,28.474],[84.415,28.47],[84.413,28.466],[84.409,28.462],[84.406,28.459],[84.401,28.458],[84.399,28.457],[84.393,28.457],[84.389,28.459],[84.385,28.46],[84.382,28.462],[84.379,28.464],[84.375,28.465],[84.373,28.466],[84.368,28.464],[84.366,28.463],[84.363,28.462],[84.36,28.462],[84.358,28.463],[84.354,28.465],[84.35,28.466],[84.347,28.467],[84.341,28.468],[84.338,28.47],[84.336,28.471],[84.332,28.473],[84.329,28.475],[84.325,28.478],[84.322,28.481],[84.319,28.485],[84.314,28.486],[84.31,28.487],[84.305,28.486],[84.302,28.486],[84.298,28.485],[84.295,28.484],[84.29,28.482],[84.288,28.481],[84.286,28.478],[84.284,28.475],[84.283,28.474],[84.282,28.472],[84.28,28.471],[84.271,28.478],[84.265,28.48],[84.263,28.48],[84.26,28.48],[84.256,28.479],[84.252,28.479],[84.247,28.479],[84.243,28.479],[84.24,28.48],[84.234,28.479],[84.231,28.479],[84.229,28.479],[84.225,28.48],[84.223,28.481],[84.219,28.483],[84.216,28.484],[84.212,28.485],[84.209,28.485],[84.205,28.486],[84.202,28.487],[84.2,28.487],[84.197,28.488],[84.195,28.491],[84.194,28.494],[84.193,28.498],[84.191,28.502],[84.19,28.504],[84.187,28.507],[84.184,28.508],[84.179,28.509],[84.175,28.51],[84.172,28.511],[84.169,28.512],[84.164,28.513],[84.162,28.515],[84.16,28.517],[84.157,28.52],[84.155,28.523],[84.153,28.526],[84.15,28.529],[84.146,28.533],[84.145,28.535],[84.142,28.537],[84.14,28.538],[84.137,28.538],[84.133,28.537],[84.131,28.536],[84.128,28.535],[84.124,28.536],[84.119,28.537],[84.117,28.538],[84.114,28.538],[84.109,28.538],[84.107,28.538],[84.102,28.538],[84.098,28.538],[84.093,28.538],[84.088,28.539],[84.085,28.541],[84.082,28.543],[84.08,28.545],[84.078,28.548],[84.076,28.55],[84.072,28.553],[84.07,28.556],[84.068,28.558],[84.065,28.561],[84.062,28.563],[84.059,28.564],[84.057,28.565],[84.051,28.566],[84.048,28.567],[84.046,28.567],[84.041,28.569],[84.038,28.57],[84.035,28.572],[84.033,28.574],[84.03,28.576],[84.026,28.58],[84.024,28.581],[84.022,28.583],[84.02,28.585],[84.017,28.586],[84.013,28.586],[84.01,28.587],[84.006,28.586],[84.0,28.586],[83.994,28.588],[83.992,28.59],[83.988,28.593],[83.985,28.597],[83.981,28.6],[83.977,28.603],[83.971,28.604],[83.966,28.604],[83.962,28.604],[83.957,28.603],[83.953,28.602],[83.948,28.601],[83.942,28.601],[83.938,28.602],[83.935,28.604],[83.931,28.605],[83.927,28.606],[83.922,28.607],[83.918,28.606],[83.914,28.606],[83.909,28.606],[83.905,28.607],[83.901,28.607],[83.896,28.608],[83.892,28.609],[83.888,28.61],[83.885,28.611],[83.882,28.612],[83.88,28.613],[83.875,28.616],[83.875,28.618],[83.874,28.62],[83.873,28.622],[83.873,28.623],[83.872,28.625],[83.87,28.628],[83.869,28.63],[83.867,28.634],[83.865,28.637],[83.863,28.639],[83.862,28.642],[83.86,28.644],[83.858,28.647],[83.856,28.649],[83.854,28.651],[83.851,28.655],[83.849,28.656],[83.848,28.657],[83.845,28.66],[83.843,28.662],[83.841,28.665],[83.838,28.667],[83.836,28.67],[83.833,28.672],[83.831,28.673],[83.827,28.675],[83.825,28.677],[83.82,28.679],[83.817,28.681],[83.814,28.683],[83.806,28.686],[83.803,28.687],[83.799,28.689],[83.796,28.69],[83.793,28.692],[83.794,28.694],[83.795,28.696],[83.798,28.698],[83.801,28.701],[83.804,28.704],[83.807,28.706],[83.812,28.709],[83.814,28.711],[83.818,28.714],[83.822,28.716],[83.825,28.717],[83.828,28.718],[83.832,28.719],[83.834,28.721],[83.838,28.724],[83.841,28.726],[83.845,28.727],[83.851,28.727],[83.854,28.727],[83.857,28.726],[83.86,28.725],[83.865,28.724],[83.868,28.724],[83.871,28.726],[83.874,28.729],[83.876,28.731],[83.879,28.733],[83.881,28.737],[83.884,28.738],[83.887,28.74],[83.89,28.742],[83.892,28.744],[83.894,28.746],[83.896,28.748],[83.897,28.752],[83.898,28.754],[83.898,28.756],[83.898,28.757],[83.898,28.757],[83.899,28.76],[83.9,28.761],[83.901,28.763],[83.901,28.763],[83.902,28.766],[83.902,28.767],[83.902,28.767],[83.903,28.768],[83.903,28.769],[83.905,28.772],[83.905,28.772],[83.906,28.773],[83.908,28.776],[83.908,28.776],[83.909,28.777],[83.912,28.777],[83.916,28.778],[83.919,28.778],[83.923,28.778],[83.926,28.779],[83.932,28.781],[83.935,28.783],[83.938,28.785],[83.94,28.787],[83.942,28.79],[83.944,28.792],[83.945,28.796],[83.946,28.799],[83.946,28.802],[83.945,28.805],[83.944,28.808],[83.943,28.811],[83.942,28.814],[83.942,28.816],[83.944,28.819],[83.943,28.823],[83.943,28.825],[83.944,28.827],[83.946,28.829],[83.949,28.831],[83.952,28.832],[83.955,28.833],[83.96,28.832],[83.963,28.831],[83.965,28.83],[83.969,28.828],[83.972,28.827],[83.976,28.827],[83.98,28.828],[83.983,28.826],[83.984,28.823],[83.99,28.821],[83.993,28.819],[83.996,28.816],[83.999,28.813],[84.0,28.811],[84.007,28.804],[84.011,28.802],[84.016,28.801],[84.02,28.801],[84.024,28.802],[84.026,28.805],[84.028,28.808],[84.032,28.811],[84.036,28.813],[84.039,28.815],[84.044,28.817],[84.047,28.82],[84.048,28.822],[84.049,28.827],[84.05,28.831],[84.051,28.834],[84.054,28.838],[84.055,28.84],[84.058,28.841],[84.063,28.841],[84.065,28.841],[84.07,28.84],[84.072,28.84],[84.076,28.843],[84.079,28.845],[84.081,28.847],[84.084,28.849],[84.087,28.853],[84.087,28.855],[84.088,28.859],[84.088,28.862],[84.088,28.866],[84.088,28.868],[84.089,28.872],[84.091,28.875],[84.094,28.878],[84.096,28.882],[84.098,28.884],[84.101,28.886],[84.104,28.887],[84.106,28.886],[84.11,28.885],[84.11,28.885],[84.113,28.885],[84.114,28.884],[84.117,28.885],[84.119,28.885],[84.123,28.884],[84.124,28.885],[84.127,28.886],[84.13,28.885],[84.136,28.885],[84.137,28.885],[84.14,28.881],[84.143,28.879],[84.145,28.878],[84.149,28.877],[84.153,28.876],[84.155,28.875],[84.158,28.873],[84.161,28.873],[84.164,28.876],[84.168,28.88],[84.17,28.883],[84.174,28.887],[84.176,28.89],[84.18,28.893],[84.183,28.897],[84.187,28.898],[84.19,28.899],[84.193,28.899],[84.196,28.899],[84.201,28.898],[84.206,28.897],[84.208,28.897],[84.211,28.896],[84.215,28.895],[84.22,28.893],[84.223,28.892]]]}},{"type":"Feature","properties":{"id":"Kapilvastu","name":"Kapilvastu","hq":"Kapilvastu","province_id":5,"province":"Lumbini","level":"district"},"geometry":{"type":"Polygon","coordinates":[[[82.88,27.794],[82.883,27.794],[82.891,27.794],[82.897,27.795],[82.901,27.794],[82.909,27.791],[82.914,27.789],[82.922,27.787],[82.927,27.786],[82.934,27.785],[82.941,27.788],[82.946,27.791],[82.952,27.792],[82.959,27.794],[82.967,27.794],[82.973,27.794],[82.98,27.794],[82.985,27.795],[82.991,27.797],[82.997,27.798],[83.001,27.798],[83.005,27.799],[83.01,27.802],[83.013,27.806],[83.015,27.809],[83.019,27.813],[83.021,27.818],[83.022,27.822],[83.023,27.826],[83.024,27.83],[83.03,27.832],[83.036,27.832],[83.041,27.831],[83.047,27.831],[83.05,27.83],[83.056,27.829],[83.061,27.833],[83.066,27.834],[83.072,27.835],[83.075,27.836],[83.08,27.835],[83.083,27.834],[83.092,27.831],[83.096,27.831],[83.1,27.832],[83.105,27.829],[83.108,27.825],[83.111,27.82],[83.115,27.819],[83.122,27.82],[83.129,27.819],[83.135,27.818],[83.14,27.817],[83.15,27.815],[83.155,27.812],[83.157,27.808],[83.16,27.803],[83.165,27.798],[83.169,27.793],[83.174,27.787],[83.18,27.785],[83.191,27.785],[83.199,27.785],[83.206,27.786],[83.209,27.786],[83.209,27.785],[83.21,27.777],[83.212,27.769],[83.213,27.763],[83.215,27.756],[83.216,27.751],[83.216,27.745],[83.217,27.739],[83.218,27.734],[83.218,27.728],[83.22,27.722],[83.223,27.715],[83.225,27.709],[83.227,27.702],[83.23,27.696],[83.23,27.691],[83.23,27.685],[83.229,27.679],[83.229,27.667],[83.228,27.66],[83.227,27.654],[83.226,27.649],[83.225,27.644],[83.227,27.636],[83.231,27.631],[83.234,27.624],[83.235,27.617],[83.235,27.613],[83.233,27.608],[83.229,27.602],[83.226,27.596],[83.224,27.591],[83.222,27.587],[83.222,27.582],[83.223,27.578],[83.222,27.576],[83.219,27.573],[83.216,27.571],[83.214,27.566],[83.211,27.563],[83.209,27.561],[83.211,27.558],[83.215,27.552],[83.218,27.549],[83.22,27.547],[83.221,27.543],[83.224,27.539],[83.227,27.535],[83.228,27.531],[83.231,27.527],[83.234,27.524],[83.234,27.521],[83.235,27.52],[83.235,27.514],[83.233,27.507],[83.232,27.499],[83.228,27.495],[83.224,27.493],[83.224,27.488],[83.224,27.484],[83.222,27.481],[83.224,27.476],[83.223,27.474],[83.226,27.47],[83.227,27.464],[83.225,27.458],[83.223,27.455],[83.221,27.45],[83.22,27.443],[83.224,27.439],[83.227,27.437],[83.231,27.435],[83.232,27.433],[83.232,27.43],[83.226,27.427],[83.225,27.425],[83.224,27.421],[83.222,27.418],[83.221,27.417],[83.22,27.418],[83.215,27.422],[83.212,27.426],[83.209,27.431],[83.202,27.441],[83.198,27.446],[83.194,27.45],[83.188,27.454],[83.178,27.456],[83.172,27.457],[83.166,27.458],[83.16,27.458],[83.147,27.457],[83.14,27.456],[83.125,27.455],[83.118,27.455],[83.11,27.455],[83.102,27.454],[83.095,27.454],[83.087,27.453],[83.077,27.452],[83.07,27.452],[83.064,27.451],[83.059,27.451],[83.055,27.45],[83.052,27.45],[83.045,27.45],[83.036,27.449],[83.029,27.451],[83.023,27.452],[83.018,27.454],[83.008,27.455],[83.003,27.457],[82.999,27.459],[82.997,27.46],[82.992,27.461],[82.987,27.461],[82.98,27.462],[82.975,27.462],[82.963,27.467],[82.957,27.469],[82.953,27.471],[82.948,27.477],[82.947,27.48],[82.946,27.482],[82.945,27.486],[82.942,27.491],[82.94,27.494],[82.937,27.497],[82.932,27.5],[82.929,27.501],[82.922,27.502],[82.92,27.502],[82.915,27.501],[82.913,27.501],[82.91,27.5],[82.902,27.498],[82.891,27.497],[82.885,27.497],[82.873,27.497],[82.867,27.497],[82.861,27.498],[82.855,27.498],[82.85,27.499],[82.846,27.5],[82.842,27.5],[82.837,27.502],[82.835,27.502],[82.831,27.503],[82.827,27.502],[82.822,27.5],[82.813,27.498],[82.809,27.497],[82.806,27.496],[82.801,27.496],[82.79,27.497],[82.786,27.497],[82.775,27.499],[82.771,27.5],[82.767,27.501],[82.762,27.501],[82.758,27.502],[82.755,27.502],[82.751,27.502],[82.747,27.502],[82.744,27.503],[82.739,27.504],[82.737,27.504],[82.737,27.507],[82.737,27.51],[82.738,27.514],[82.739,27.517],[82.741,27.517],[82.744,27.518],[82.746,27.521],[82.75,27.522],[82.751,27.524],[82.747,27.529],[82.745,27.531],[82.743,27.533],[82.744,27.534],[82.744,27.537],[82.743,27.538],[82.743,27.539],[82.744,27.544],[82.742,27.547],[82.741,27.549],[82.742,27.551],[82.742,27.552],[82.744,27.553],[82.748,27.555],[82.748,27.557],[82.744,27.559],[82.745,27.561],[82.748,27.564],[82.748,27.569],[82.751,27.574],[82.755,27.58],[82.756,27.584],[82.756,27.589],[82.753,27.594],[82.75,27.597],[82.747,27.601],[82.744,27.605],[82.741,27.608],[82.739,27.61],[82.738,27.612],[82.739,27.615],[82.737,27.618],[82.74,27.621],[82.741,27.625],[82.74,27.627],[82.739,27.628],[82.741,27.63],[82.742,27.631],[82.742,27.632],[82.739,27.633],[82.737,27.633],[82.736,27.634],[82.738,27.635],[82.74,27.637],[82.74,27.64],[82.738,27.644],[82.734,27.645],[82.732,27.645],[82.733,27.649],[82.732,27.652],[82.73,27.654],[82.727,27.658],[82.724,27.658],[82.722,27.657],[82.721,27.657],[82.721,27.658],[82.721,27.66],[82.721,27.662],[82.719,27.663],[82.718,27.663],[82.716,27.663],[82.716,27.664],[82.718,27.665],[82.719,27.666],[82.719,27.667],[82.718,27.668],[82.717,27.67],[82.716,27.674],[82.719,27.677],[82.72,27.68],[82.72,27.686],[82.718,27.692],[82.714,27.697],[82.71,27.702],[82.708,27.708],[82.71,27.72],[82.711,27.721],[82.71,27.722],[82.709,27.728],[82.707,27.735],[82.706,27.738],[82.705,27.744],[82.703,27.747],[82.702,27.751],[82.701,27.755],[82.701,27.755],[82.701,27.755],[82.702,27.759],[82.704,27.76],[82.706,27.761],[82.708,27.761],[82.711,27.762],[82.717,27.761],[82.724,27.762],[82.729,27.764],[82.732,27.767],[82.735,27.772],[82.738,27.777],[82.741,27.778],[82.744,27.779],[82.749,27.778],[82.753,27.778],[82.757,27.778],[82.765,27.778],[82.766,27.778],[82.769,27.778],[82.771,27.778],[82.774,27.778],[82.776,27.778],[82.779,27.778],[82.785,27.778],[82.785,27.774],[82.788,27.77],[82.792,27.769],[82.797,27.767],[82.798,27.766],[82.8,27.763],[82.802,27.759],[82.807,27.756],[82.81,27.757],[82.811,27.759],[82.813,27.765],[82.818,27.767],[82.823,27.768],[82.83,27.768],[82.839,27.769],[82.84,27.77],[82.844,27.772],[82.846,27.773],[82.851,27.774],[82.852,27.774],[82.858,27.777],[82.864,27.778],[82.866,27.779],[82.869,27.781],[82.873,27.783],[82.874,27.784],[82.877,27.786],[82.879,27.787],[82.88,27.789],[82.881,27.792],[82.88,27.794]]]}},{"type":"Feature","properties":{"id":"Nawalpur","name":"Nawalpur","hq":"Kawasoti","province_id":4,"province":"Gandaki","level":"district"},"geometry":{"type":"Polygon","coordinates":[[[84.031,27.858],[84.035,27.857],[84.038,27.858],[84.041,27.858],[84.042,27.856],[84.043,27.854],[84.044,27.853],[84.047,27.854],[84.05,27.856],[84.053,27.855],[84.054,27.854],[84.056,27.852],[84.058,27.852],[84.061,27.854],[84.063,27.855],[84.065,27.856],[84.067,27.858],[84.069,27.86],[84.071,27.862],[84.073,27.863],[84.075,27.864],[84.076,27.865],[84.078,27.868],[84.079,27.87],[84.082,27.87],[84.085,27.871],[84.086,27.871],[84.093,27.869],[84.094,27.868],[84.097,27.867],[84.099,27.866],[84.1,27.865],[84.1,27.864],[84.099,27.86],[84.099,27.857],[84.1,27.856],[84.103,27.857],[84.106,27.858],[84.109,27.859],[84.111,27.859],[84.113,27.857],[84.114,27.855],[84.115,27.853],[84.117,27.853],[84.12,27.852],[84.121,27.852],[84.123,27.854],[84.123,27.856],[84.124,27.858],[84.126,27.86],[84.129,27.859],[84.13,27.858],[84.13,27.856],[84.129,27.853],[84.126,27.85],[84.126,27.849],[84.127,27.846],[84.128,27.845],[84.132,27.846],[84.136,27.847],[84.138,27.847],[84.14,27.848],[84.142,27.849],[84.144,27.849],[84.148,27.85],[84.15,27.849],[84.153,27.849],[84.156,27.848],[84.157,27.847],[84.158,27.845],[84.159,27.842],[84.161,27.84],[84.163,27.841],[84.164,27.843],[84.167,27.845],[84.169,27.845],[84.172,27.847],[84.174,27.848],[84.176,27.849],[84.179,27.849],[84.182,27.848],[84.185,27.848],[84.191,27.847],[84.194,27.847],[84.197,27.848],[84.199,27.85],[84.202,27.85],[84.205,27.85],[84.207,27.849],[84.208,27.847],[84.208,27.842],[84.209,27.841],[84.211,27.84],[84.213,27.841],[84.214,27.844],[84.216,27.845],[84.219,27.844],[84.222,27.842],[84.223,27.84],[84.225,27.839],[84.228,27.839],[84.229,27.841],[84.231,27.844],[84.235,27.845],[84.238,27.846],[84.241,27.846],[84.245,27.845],[84.248,27.845],[84.251,27.842],[84.252,27.841],[84.255,27.839],[84.258,27.838],[84.261,27.839],[84.264,27.84],[84.265,27.84],[84.267,27.838],[84.268,27.835],[84.269,27.834],[84.272,27.834],[84.275,27.836],[84.278,27.837],[84.28,27.837],[84.283,27.838],[84.286,27.839],[84.292,27.838],[84.294,27.836],[84.296,27.834],[84.298,27.831],[84.299,27.829],[84.301,27.827],[84.303,27.825],[84.305,27.823],[84.307,27.819],[84.306,27.816],[84.305,27.812],[84.304,27.81],[84.304,27.809],[84.303,27.806],[84.302,27.804],[84.302,27.8],[84.303,27.797],[84.304,27.794],[84.307,27.791],[84.31,27.789],[84.313,27.787],[84.316,27.786],[84.318,27.783],[84.319,27.78],[84.32,27.777],[84.32,27.773],[84.319,27.768],[84.319,27.765],[84.321,27.763],[84.322,27.76],[84.324,27.757],[84.326,27.754],[84.328,27.751],[84.329,27.749],[84.333,27.748],[84.337,27.747],[84.338,27.745],[84.341,27.744],[84.343,27.744],[84.347,27.746],[84.349,27.748],[84.352,27.75],[84.356,27.75],[84.358,27.751],[84.36,27.751],[84.36,27.752],[84.365,27.761],[84.366,27.765],[84.366,27.769],[84.368,27.771],[84.368,27.773],[84.371,27.776],[84.374,27.778],[84.376,27.779],[84.379,27.779],[84.382,27.779],[84.385,27.779],[84.388,27.777],[84.391,27.776],[84.395,27.775],[84.401,27.772],[84.402,27.771],[84.404,27.768],[84.405,27.766],[84.406,27.764],[84.409,27.762],[84.412,27.761],[84.415,27.76],[84.418,27.759],[84.421,27.758],[84.421,27.755],[84.422,27.752],[84.424,27.748],[84.425,27.746],[84.426,27.744],[84.43,27.743],[84.431,27.743],[84.431,27.742],[84.428,27.741],[84.426,27.739],[84.425,27.735],[84.428,27.729],[84.43,27.72],[84.432,27.711],[84.429,27.706],[84.427,27.704],[84.423,27.702],[84.42,27.699],[84.415,27.697],[84.411,27.696],[84.406,27.693],[84.398,27.689],[84.394,27.687],[84.391,27.686],[84.387,27.685],[84.383,27.686],[84.378,27.686],[84.375,27.687],[84.371,27.689],[84.367,27.692],[84.364,27.695],[84.363,27.697],[84.361,27.699],[84.359,27.7],[84.357,27.702],[84.353,27.702],[84.349,27.701],[84.344,27.7],[84.341,27.7],[84.337,27.699],[84.332,27.697],[84.33,27.695],[84.328,27.693],[84.327,27.69],[84.324,27.687],[84.32,27.685],[84.316,27.684],[84.314,27.683],[84.31,27.681],[84.304,27.677],[84.291,27.671],[84.283,27.667],[84.274,27.664],[84.26,27.659],[84.252,27.655],[84.236,27.649],[84.232,27.647],[84.224,27.644],[84.212,27.639],[84.203,27.635],[84.195,27.63],[84.188,27.625],[84.182,27.621],[84.17,27.61],[84.161,27.603],[84.152,27.597],[84.144,27.589],[84.138,27.583],[84.128,27.571],[84.126,27.565],[84.124,27.559],[84.118,27.556],[84.112,27.551],[84.108,27.549],[84.102,27.548],[84.093,27.548],[84.081,27.548],[84.071,27.548],[84.062,27.546],[84.05,27.544],[84.036,27.54],[84.023,27.54],[84.015,27.541],[84.009,27.542],[84.002,27.542],[83.993,27.542],[83.984,27.542],[83.973,27.544],[83.969,27.544],[83.966,27.543],[83.961,27.543],[83.925,27.543],[83.923,27.552],[83.924,27.559],[83.916,27.566],[83.901,27.559],[83.885,27.567],[83.876,27.584],[83.876,27.59],[83.871,27.595],[83.871,27.605],[83.857,27.604],[83.852,27.608],[83.864,27.639],[83.86,27.653],[83.843,27.652],[83.83,27.653],[83.819,27.663],[83.808,27.662],[83.793,27.671],[83.767,27.677],[83.759,27.677],[83.754,27.68],[83.745,27.677],[83.736,27.68],[83.729,27.679],[83.723,27.68],[83.729,27.688],[83.727,27.692],[83.726,27.697],[83.726,27.702],[83.728,27.706],[83.732,27.711],[83.737,27.713],[83.744,27.717],[83.749,27.719],[83.757,27.719],[83.768,27.72],[83.775,27.722],[83.783,27.723],[83.799,27.721],[83.807,27.718],[83.813,27.715],[83.821,27.713],[83.827,27.713],[83.832,27.71],[83.838,27.711],[83.84,27.716],[83.84,27.721],[83.842,27.725],[83.843,27.73],[83.844,27.732],[83.854,27.731],[83.857,27.733],[83.861,27.734],[83.867,27.734],[83.873,27.734],[83.879,27.734],[83.885,27.734],[83.89,27.733],[83.895,27.731],[83.899,27.73],[83.901,27.73],[83.903,27.733],[83.906,27.736],[83.909,27.735],[83.913,27.732],[83.918,27.73],[83.921,27.728],[83.927,27.728],[83.927,27.731],[83.929,27.735],[83.933,27.737],[83.937,27.739],[83.943,27.742],[83.948,27.744],[83.953,27.746],[83.955,27.746],[83.961,27.747],[83.961,27.747],[83.979,27.751],[83.983,27.751],[83.991,27.752],[83.995,27.759],[83.994,27.766],[83.996,27.771],[83.998,27.777],[84.0,27.782],[84.003,27.79],[84.004,27.791],[84.012,27.798],[84.016,27.803],[84.017,27.806],[84.019,27.81],[84.021,27.814],[84.023,27.818],[84.025,27.821],[84.025,27.823],[84.026,27.827],[84.029,27.829],[84.028,27.831],[84.027,27.832],[84.026,27.834],[84.026,27.837],[84.025,27.841],[84.025,27.845],[84.026,27.849],[84.029,27.852],[84.031,27.858]]]}},{"type":"Feature","properties":{"id":"Parasi","name":"Parasi","hq":"Parasi","province_id":5,"province":"Lumbini","level":"district"},"geometry":{"type":"Polygon","coordinates":[[[83.955,27.542],[83.95,27.542],[83.946,27.543],[83.942,27.543],[83.938,27.544],[83.935,27.545],[83.93,27.544],[83.926,27.544],[83.922,27.539],[83.921,27.534],[83.921,27.528],[83.921,27.521],[83.924,27.516],[83.929,27.514],[83.934,27.512],[83.938,27.514],[83.945,27.516],[83.949,27.519],[83.954,27.525],[83.958,27.526],[83.964,27.525],[83.968,27.521],[83.971,27.517],[83.972,27.51],[83.966,27.503],[83.961,27.5],[83.952,27.495],[83.945,27.491],[83.942,27.487],[83.943,27.482],[83.945,27.476],[83.945,27.468],[83.944,27.463],[83.942,27.458],[83.941,27.456],[83.937,27.451],[83.936,27.449],[83.932,27.448],[83.929,27.448],[83.925,27.446],[83.919,27.444],[83.911,27.442],[83.901,27.44],[83.895,27.439],[83.888,27.437],[83.881,27.436],[83.874,27.433],[83.871,27.428],[83.871,27.423],[83.873,27.417],[83.877,27.41],[83.878,27.401],[83.876,27.397],[83.876,27.393],[83.881,27.389],[83.883,27.389],[83.888,27.389],[83.895,27.389],[83.904,27.388],[83.908,27.387],[83.908,27.384],[83.908,27.38],[83.908,27.376],[83.907,27.373],[83.904,27.369],[83.896,27.362],[83.891,27.358],[83.884,27.355],[83.878,27.353],[83.874,27.35],[83.87,27.348],[83.868,27.348],[83.867,27.348],[83.86,27.351],[83.854,27.355],[83.849,27.359],[83.844,27.362],[83.83,27.37],[83.826,27.373],[83.821,27.377],[83.813,27.38],[83.806,27.382],[83.797,27.386],[83.79,27.389],[83.784,27.391],[83.775,27.395],[83.767,27.399],[83.759,27.402],[83.752,27.406],[83.746,27.408],[83.739,27.411],[83.73,27.415],[83.724,27.417],[83.717,27.421],[83.71,27.424],[83.705,27.426],[83.699,27.429],[83.693,27.432],[83.688,27.435],[83.681,27.438],[83.675,27.441],[83.669,27.444],[83.663,27.447],[83.654,27.451],[83.647,27.454],[83.642,27.457],[83.634,27.461],[83.622,27.466],[83.618,27.468],[83.617,27.473],[83.615,27.48],[83.613,27.485],[83.61,27.49],[83.606,27.494],[83.605,27.494],[83.6,27.498],[83.598,27.504],[83.598,27.511],[83.598,27.516],[83.597,27.518],[83.593,27.52],[83.593,27.523],[83.594,27.525],[83.594,27.527],[83.592,27.528],[83.589,27.529],[83.59,27.531],[83.592,27.532],[83.593,27.536],[83.592,27.551],[83.592,27.555],[83.595,27.56],[83.597,27.568],[83.597,27.578],[83.596,27.584],[83.592,27.59],[83.589,27.594],[83.589,27.601],[83.588,27.606],[83.59,27.614],[83.594,27.621],[83.597,27.624],[83.601,27.631],[83.602,27.636],[83.605,27.643],[83.611,27.65],[83.613,27.656],[83.616,27.663],[83.619,27.67],[83.621,27.679],[83.622,27.682],[83.622,27.685],[83.622,27.69],[83.624,27.696],[83.631,27.698],[83.637,27.696],[83.644,27.692],[83.653,27.688],[83.657,27.689],[83.659,27.7],[83.66,27.703],[83.661,27.702],[83.663,27.699],[83.665,27.697],[83.668,27.694],[83.672,27.692],[83.677,27.689],[83.681,27.687],[83.686,27.686],[83.692,27.684],[83.697,27.683],[83.7,27.682],[83.704,27.682],[83.709,27.682],[83.712,27.682],[83.718,27.683],[83.722,27.683],[83.727,27.685],[83.723,27.68],[83.729,27.679],[83.736,27.68],[83.745,27.677],[83.754,27.68],[83.759,27.677],[83.767,27.677],[83.793,27.671],[83.808,27.662],[83.819,27.663],[83.83,27.653],[83.843,27.652],[83.86,27.653],[83.864,27.639],[83.852,27.608],[83.857,27.604],[83.871,27.605],[83.871,27.595],[83.876,27.59],[83.876,27.584],[83.885,27.567],[83.901,27.559],[83.916,27.566],[83.924,27.559],[83.923,27.552],[83.925,27.543],[83.955,27.542]]]}},{"type":"Feature","properties":{"id":"Rupandehi","name":"Rupandehi","hq":"Siddharthanagar","province_id":5,"province":"Lumbini","level":"district"},"geometry":{"type":"Polygon","coordinates":[[[83.209,27.786],[83.213,27.788],[83.218,27.788],[83.224,27.789],[83.228,27.79],[83.236,27.79],[83.241,27.79],[83.246,27.79],[83.251,27.789],[83.255,27.786],[83.259,27.785],[83.263,27.785],[83.268,27.787],[83.274,27.787],[83.275,27.786],[83.275,27.784],[83.274,27.78],[83.273,27.776],[83.274,27.768],[83.279,27.769],[83.285,27.771],[83.293,27.77],[83.302,27.773],[83.306,27.77],[83.31,27.765],[83.317,27.763],[83.326,27.763],[83.333,27.766],[83.338,27.763],[83.344,27.757],[83.351,27.752],[83.36,27.75],[83.364,27.746],[83.368,27.739],[83.373,27.734],[83.377,27.737],[83.381,27.741],[83.387,27.745],[83.392,27.747],[83.4,27.743],[83.407,27.74],[83.415,27.737],[83.421,27.74],[83.426,27.74],[83.433,27.737],[83.446,27.73],[83.454,27.727],[83.463,27.728],[83.469,27.728],[83.477,27.728],[83.487,27.728],[83.494,27.729],[83.5,27.729],[83.504,27.725],[83.51,27.725],[83.515,27.727],[83.522,27.725],[83.533,27.723],[83.542,27.72],[83.552,27.717],[83.562,27.714],[83.569,27.71],[83.577,27.706],[83.583,27.707],[83.588,27.708],[83.598,27.705],[83.605,27.706],[83.61,27.709],[83.615,27.713],[83.619,27.717],[83.624,27.72],[83.631,27.721],[83.638,27.721],[83.647,27.722],[83.652,27.72],[83.655,27.717],[83.658,27.712],[83.66,27.707],[83.66,27.703],[83.659,27.7],[83.657,27.689],[83.653,27.688],[83.644,27.692],[83.637,27.696],[83.631,27.698],[83.624,27.696],[83.622,27.69],[83.622,27.685],[83.622,27.682],[83.621,27.679],[83.619,27.67],[83.616,27.663],[83.613,27.656],[83.611,27.65],[83.605,27.643],[83.602,27.636],[83.601,27.631],[83.597,27.624],[83.594,27.621],[83.59,27.614],[83.588,27.606],[83.589,27.601],[83.589,27.594],[83.592,27.59],[83.596,27.584],[83.597,27.578],[83.597,27.568],[83.595,27.56],[83.592,27.555],[83.592,27.551],[83.593,27.536],[83.592,27.532],[83.59,27.531],[83.589,27.529],[83.592,27.528],[83.594,27.527],[83.594,27.525],[83.593,27.523],[83.593,27.52],[83.597,27.518],[83.598,27.516],[83.598,27.511],[83.598,27.504],[83.6,27.498],[83.605,27.494],[83.606,27.494],[83.61,27.49],[83.613,27.485],[83.615,27.48],[83.617,27.473],[83.618,27.468],[83.611,27.469],[83.607,27.469],[83.601,27.469],[83.594,27.469],[83.586,27.47],[83.571,27.47],[83.565,27.471],[83.559,27.471],[83.551,27.471],[83.543,27.472],[83.535,27.472],[83.528,27.472],[83.52,27.473],[83.512,27.473],[83.505,27.474],[83.498,27.474],[83.489,27.475],[83.483,27.476],[83.476,27.476],[83.467,27.477],[83.451,27.477],[83.442,27.478],[83.435,27.478],[83.427,27.478],[83.42,27.478],[83.414,27.479],[83.409,27.478],[83.402,27.479],[83.394,27.478],[83.392,27.472],[83.393,27.47],[83.394,27.47],[83.396,27.468],[83.401,27.466],[83.403,27.464],[83.403,27.458],[83.399,27.449],[83.394,27.446],[83.389,27.443],[83.386,27.439],[83.389,27.434],[83.394,27.428],[83.399,27.424],[83.405,27.419],[83.408,27.415],[83.407,27.41],[83.404,27.405],[83.39,27.392],[83.388,27.388],[83.386,27.381],[83.386,27.377],[83.385,27.374],[83.38,27.371],[83.376,27.369],[83.374,27.364],[83.371,27.36],[83.368,27.356],[83.365,27.353],[83.362,27.35],[83.361,27.346],[83.355,27.341],[83.349,27.339],[83.343,27.336],[83.339,27.334],[83.334,27.335],[83.328,27.337],[83.322,27.336],[83.32,27.335],[83.319,27.333],[83.317,27.333],[83.314,27.333],[83.312,27.333],[83.306,27.334],[83.304,27.334],[83.299,27.335],[83.298,27.335],[83.294,27.337],[83.29,27.339],[83.284,27.345],[83.279,27.351],[83.274,27.355],[83.271,27.36],[83.271,27.365],[83.272,27.368],[83.274,27.374],[83.274,27.381],[83.273,27.382],[83.268,27.385],[83.262,27.39],[83.255,27.395],[83.244,27.404],[83.237,27.407],[83.231,27.411],[83.225,27.415],[83.221,27.417],[83.222,27.418],[83.224,27.421],[83.225,27.425],[83.226,27.427],[83.232,27.43],[83.232,27.433],[83.231,27.435],[83.227,27.437],[83.224,27.439],[83.22,27.443],[83.221,27.45],[83.223,27.455],[83.225,27.458],[83.227,27.464],[83.226,27.47],[83.223,27.474],[83.224,27.476],[83.222,27.481],[83.224,27.484],[83.224,27.488],[83.224,27.493],[83.228,27.495],[83.232,27.499],[83.233,27.507],[83.235,27.514],[83.235,27.52],[83.234,27.521],[83.234,27.524],[83.231,27.527],[83.228,27.531],[83.227,27.535],[83.224,27.539],[83.221,27.543],[83.22,27.547],[83.218,27.549],[83.215,27.552],[83.211,27.558],[83.209,27.561],[83.211,27.563],[83.214,27.566],[83.216,27.571],[83.219,27.573],[83.222,27.576],[83.223,27.578],[83.222,27.582],[83.222,27.587],[83.224,27.591],[83.226,27.596],[83.229,27.602],[83.233,27.608],[83.235,27.613],[83.235,27.617],[83.234,27.624],[83.231,27.631],[83.227,27.636],[83.225,27.644],[83.226,27.649],[83.227,27.654],[83.228,27.66],[83.229,27.667],[83.229,27.679],[83.23,27.685],[83.23,27.691],[83.23,27.696],[83.227,27.702],[83.225,27.709],[83.223,27.715],[83.22,27.722],[83.218,27.728],[83.218,27.734],[83.217,27.739],[83.216,27.745],[83.216,27.751],[83.215,27.756],[83.213,27.763],[83.212,27.769],[83.21,27.777],[83.209,27.785],[83.209,27.786]]]}},{"type":"Feature","properties":{"id":"Arghakhanchi","name":"Arghakhanchi","hq":"Sandhikharka","province_id":5,"province":"Lumbini","level":"district"},"geometry":{"type":"Polygon","coordinates":[[[83.054,28.114],[83.054,28.113],[83.063,28.104],[83.068,28.099],[83.072,28.094],[83.075,28.09],[83.076,28.085],[83.076,28.08],[83.075,28.075],[83.077,28.068],[83.083,28.064],[83.091,28.063],[83.099,28.062],[83.106,28.06],[83.114,28.056],[83.121,28.056],[83.126,28.06],[83.131,28.062],[83.139,28.063],[83.148,28.062],[83.156,28.061],[83.161,28.063],[83.166,28.067],[83.17,28.07],[83.174,28.075],[83.188,28.078],[83.195,28.076],[83.202,28.07],[83.207,28.067],[83.213,28.063],[83.218,28.058],[83.224,28.053],[83.232,28.048],[83.235,28.043],[83.235,28.036],[83.237,28.029],[83.238,28.024],[83.241,28.018],[83.244,28.012],[83.246,28.007],[83.247,28.004],[83.249,28.001],[83.249,28.0],[83.252,27.994],[83.252,27.99],[83.253,27.989],[83.253,27.988],[83.257,27.986],[83.26,27.987],[83.262,27.989],[83.266,27.986],[83.269,27.983],[83.272,27.979],[83.276,27.977],[83.279,27.974],[83.281,27.968],[83.285,27.969],[83.289,27.968],[83.292,27.967],[83.296,27.968],[83.299,27.967],[83.302,27.965],[83.3,27.963],[83.301,27.96],[83.304,27.958],[83.301,27.954],[83.297,27.951],[83.293,27.948],[83.29,27.945],[83.286,27.942],[83.283,27.939],[83.28,27.935],[83.281,27.931],[83.284,27.927],[83.289,27.925],[83.293,27.926],[83.298,27.928],[83.303,27.927],[83.307,27.928],[83.309,27.927],[83.312,27.926],[83.312,27.924],[83.311,27.921],[83.308,27.918],[83.303,27.914],[83.299,27.911],[83.301,27.908],[83.305,27.906],[83.31,27.903],[83.312,27.898],[83.312,27.893],[83.314,27.888],[83.318,27.884],[83.323,27.879],[83.333,27.877],[83.336,27.878],[83.334,27.875],[83.327,27.866],[83.321,27.858],[83.314,27.852],[83.308,27.85],[83.308,27.851],[83.306,27.849],[83.303,27.847],[83.3,27.845],[83.296,27.841],[83.294,27.836],[83.294,27.831],[83.291,27.829],[83.287,27.828],[83.278,27.829],[83.269,27.83],[83.26,27.831],[83.254,27.831],[83.247,27.829],[83.238,27.824],[83.235,27.823],[83.238,27.821],[83.241,27.819],[83.246,27.815],[83.248,27.811],[83.25,27.805],[83.253,27.803],[83.257,27.802],[83.26,27.799],[83.263,27.799],[83.266,27.796],[83.269,27.794],[83.273,27.79],[83.274,27.787],[83.268,27.787],[83.263,27.785],[83.259,27.785],[83.255,27.786],[83.251,27.789],[83.246,27.79],[83.241,27.79],[83.236,27.79],[83.228,27.79],[83.224,27.789],[83.218,27.788],[83.213,27.788],[83.209,27.786],[83.206,27.786],[83.199,27.785],[83.191,27.785],[83.18,27.785],[83.174,27.787],[83.169,27.793],[83.165,27.798],[83.16,27.803],[83.157,27.808],[83.155,27.812],[83.15,27.815],[83.14,27.817],[83.135,27.818],[83.129,27.819],[83.122,27.82],[83.115,27.819],[83.111,27.82],[83.108,27.825],[83.105,27.829],[83.1,27.832],[83.096,27.831],[83.092,27.831],[83.083,27.834],[83.08,27.835],[83.075,27.836],[83.072,27.835],[83.066,27.834],[83.061,27.833],[83.056,27.829],[83.05,27.83],[83.047,27.831],[83.041,27.831],[83.036,27.832],[83.03,27.832],[83.024,27.83],[83.023,27.826],[83.022,27.822],[83.021,27.818],[83.019,27.813],[83.015,27.809],[83.013,27.806],[83.01,27.802],[83.005,27.799],[83.001,27.798],[82.997,27.798],[82.991,27.797],[82.985,27.795],[82.98,27.794],[82.973,27.794],[82.967,27.794],[82.959,27.794],[82.952,27.792],[82.946,27.791],[82.941,27.788],[82.934,27.785],[82.927,27.786],[82.922,27.787],[82.914,27.789],[82.909,27.791],[82.901,27.794],[82.897,27.795],[82.891,27.794],[82.883,27.794],[82.88,27.794],[82.878,27.796],[82.872,27.796],[82.866,27.795],[82.859,27.795],[82.852,27.794],[82.845,27.794],[82.836,27.795],[82.828,27.795],[82.822,27.796],[82.817,27.796],[82.813,27.797],[82.806,27.797],[82.8,27.799],[82.796,27.803],[82.796,27.805],[82.794,27.806],[82.79,27.805],[82.789,27.802],[82.788,27.799],[82.785,27.8],[82.781,27.803],[82.777,27.806],[82.773,27.809],[82.769,27.812],[82.764,27.813],[82.759,27.815],[82.757,27.817],[82.754,27.821],[82.752,27.825],[82.752,27.829],[82.755,27.832],[82.758,27.837],[82.762,27.839],[82.769,27.842],[82.774,27.843],[82.78,27.844],[82.784,27.847],[82.787,27.85],[82.789,27.851],[82.791,27.853],[82.794,27.856],[82.798,27.857],[82.802,27.858],[82.806,27.859],[82.807,27.86],[82.806,27.861],[82.802,27.862],[82.799,27.862],[82.796,27.864],[82.795,27.866],[82.795,27.867],[82.796,27.868],[82.8,27.869],[82.803,27.87],[82.807,27.87],[82.81,27.871],[82.811,27.872],[82.809,27.874],[82.807,27.876],[82.806,27.877],[82.807,27.88],[82.81,27.883],[82.813,27.888],[82.815,27.891],[82.818,27.894],[82.821,27.896],[82.824,27.901],[82.827,27.906],[82.83,27.909],[82.833,27.909],[82.838,27.908],[82.843,27.906],[82.854,27.905],[82.862,27.907],[82.864,27.908],[82.869,27.909],[82.874,27.908],[82.878,27.906],[82.882,27.906],[82.886,27.908],[82.89,27.91],[82.893,27.912],[82.896,27.913],[82.9,27.912],[82.905,27.91],[82.909,27.909],[82.913,27.907],[82.919,27.907],[82.921,27.908],[82.923,27.911],[82.926,27.914],[82.926,27.915],[82.927,27.916],[82.929,27.921],[82.929,27.921],[82.93,27.923],[82.932,27.926],[82.937,27.928],[82.94,27.929],[82.943,27.931],[82.944,27.932],[82.945,27.933],[82.949,27.933],[82.953,27.932],[82.957,27.932],[82.963,27.931],[82.967,27.931],[82.973,27.93],[82.98,27.93],[82.987,27.931],[82.991,27.929],[82.996,27.931],[83.0,27.932],[83.002,27.933],[83.005,27.931],[83.009,27.928],[83.01,27.924],[83.013,27.922],[83.014,27.922],[83.016,27.926],[83.016,27.932],[83.017,27.937],[83.018,27.942],[83.019,27.947],[83.018,27.951],[83.016,27.956],[83.013,27.961],[83.009,27.967],[83.006,27.971],[83.002,27.975],[83.0,27.978],[82.996,27.979],[82.993,27.978],[82.99,27.98],[82.987,27.983],[82.983,27.985],[82.979,27.985],[82.977,27.988],[82.976,27.992],[82.974,27.994],[82.969,27.994],[82.965,27.993],[82.964,27.992],[82.961,27.995],[82.958,27.995],[82.956,27.995],[82.955,27.996],[82.954,27.998],[82.955,27.999],[82.957,28.002],[82.961,28.003],[82.967,28.006],[82.971,28.008],[82.973,28.008],[82.974,28.009],[82.974,28.014],[82.975,28.018],[82.977,28.023],[82.977,28.025],[82.975,28.029],[82.971,28.038],[82.974,28.055],[82.976,28.066],[82.979,28.071],[82.983,28.074],[82.988,28.079],[82.991,28.084],[82.993,28.088],[82.996,28.093],[83.001,28.097],[83.003,28.097],[83.007,28.102],[83.018,28.11],[83.023,28.112],[83.027,28.111],[83.032,28.107],[83.036,28.106],[83.041,28.105],[83.046,28.104],[83.05,28.104],[83.052,28.108],[83.053,28.11],[83.054,28.114]]]}},{"type":"Feature","properties":{"id":"Gulmi","name":"Gulmi","hq":"Resunga","province_id":5,"province":"Lumbini","level":"district"},"geometry":{"type":"Polygon","coordinates":[[[83.054,28.114],[83.057,28.116],[83.06,28.121],[83.058,28.122],[83.059,28.125],[83.062,28.13],[83.061,28.132],[83.057,28.137],[83.053,28.141],[83.05,28.144],[83.045,28.148],[83.041,28.151],[83.038,28.155],[83.035,28.159],[83.035,28.163],[83.036,28.166],[83.038,28.171],[83.038,28.176],[83.038,28.182],[83.04,28.188],[83.044,28.194],[83.044,28.199],[83.04,28.205],[83.036,28.208],[83.03,28.211],[83.025,28.213],[83.02,28.215],[83.014,28.219],[83.016,28.222],[83.02,28.225],[83.023,28.229],[83.026,28.233],[83.03,28.235],[83.033,28.234],[83.035,28.232],[83.038,28.229],[83.042,28.227],[83.047,28.227],[83.051,28.23],[83.056,28.232],[83.061,28.234],[83.068,28.234],[83.073,28.233],[83.079,28.233],[83.084,28.235],[83.085,28.237],[83.088,28.243],[83.092,28.249],[83.095,28.252],[83.097,28.254],[83.099,28.258],[83.1,28.258],[83.102,28.257],[83.105,28.256],[83.107,28.254],[83.11,28.253],[83.112,28.252],[83.114,28.252],[83.118,28.252],[83.122,28.252],[83.125,28.253],[83.128,28.252],[83.129,28.252],[83.132,28.249],[83.134,28.249],[83.136,28.25],[83.138,28.251],[83.139,28.252],[83.142,28.253],[83.144,28.255],[83.147,28.257],[83.148,28.259],[83.15,28.26],[83.152,28.262],[83.153,28.264],[83.156,28.266],[83.159,28.268],[83.161,28.27],[83.164,28.272],[83.166,28.274],[83.168,28.275],[83.172,28.276],[83.175,28.277],[83.177,28.278],[83.179,28.277],[83.18,28.277],[83.183,28.277],[83.183,28.276],[83.183,28.274],[83.184,28.274],[83.186,28.271],[83.188,28.269],[83.19,28.267],[83.192,28.266],[83.193,28.264],[83.194,28.264],[83.196,28.262],[83.196,28.262],[83.197,28.261],[83.202,28.258],[83.203,28.257],[83.204,28.256],[83.206,28.255],[83.208,28.253],[83.21,28.253],[83.212,28.252],[83.213,28.251],[83.215,28.249],[83.216,28.248],[83.219,28.246],[83.22,28.245],[83.222,28.242],[83.223,28.241],[83.225,28.239],[83.226,28.238],[83.228,28.236],[83.229,28.234],[83.23,28.232],[83.231,28.231],[83.233,28.23],[83.234,28.228],[83.235,28.228],[83.236,28.226],[83.238,28.223],[83.24,28.222],[83.241,28.221],[83.241,28.22],[83.243,28.22],[83.245,28.219],[83.247,28.218],[83.248,28.218],[83.249,28.217],[83.251,28.217],[83.254,28.215],[83.255,28.214],[83.256,28.213],[83.257,28.211],[83.258,28.209],[83.259,28.207],[83.26,28.205],[83.262,28.203],[83.263,28.202],[83.265,28.201],[83.267,28.201],[83.269,28.2],[83.271,28.199],[83.272,28.198],[83.273,28.197],[83.274,28.195],[83.275,28.193],[83.275,28.192],[83.275,28.191],[83.275,28.19],[83.276,28.188],[83.278,28.187],[83.28,28.186],[83.282,28.186],[83.283,28.187],[83.286,28.188],[83.289,28.189],[83.292,28.19],[83.294,28.191],[83.297,28.192],[83.298,28.192],[83.301,28.193],[83.303,28.193],[83.305,28.193],[83.307,28.193],[83.309,28.192],[83.312,28.191],[83.313,28.191],[83.315,28.19],[83.319,28.19],[83.322,28.189],[83.325,28.189],[83.328,28.189],[83.331,28.188],[83.333,28.188],[83.337,28.188],[83.34,28.188],[83.343,28.188],[83.345,28.189],[83.347,28.189],[83.349,28.191],[83.351,28.192],[83.352,28.192],[83.355,28.194],[83.357,28.195],[83.359,28.195],[83.361,28.196],[83.365,28.195],[83.366,28.192],[83.366,28.19],[83.365,28.188],[83.366,28.186],[83.367,28.184],[83.369,28.183],[83.37,28.182],[83.371,28.181],[83.372,28.181],[83.375,28.179],[83.376,28.178],[83.377,28.174],[83.378,28.17],[83.379,28.167],[83.381,28.165],[83.383,28.164],[83.387,28.164],[83.39,28.165],[83.393,28.167],[83.396,28.169],[83.399,28.17],[83.403,28.172],[83.406,28.174],[83.408,28.175],[83.411,28.176],[83.412,28.175],[83.415,28.171],[83.415,28.169],[83.417,28.165],[83.417,28.163],[83.418,28.16],[83.418,28.158],[83.419,28.156],[83.418,28.152],[83.417,28.149],[83.416,28.147],[83.415,28.145],[83.414,28.143],[83.416,28.14],[83.418,28.139],[83.42,28.139],[83.422,28.137],[83.423,28.137],[83.424,28.135],[83.423,28.133],[83.422,28.131],[83.422,28.128],[83.423,28.127],[83.425,28.126],[83.428,28.127],[83.431,28.128],[83.433,28.129],[83.436,28.13],[83.439,28.129],[83.44,28.129],[83.442,28.128],[83.447,28.126],[83.448,28.125],[83.451,28.124],[83.453,28.124],[83.455,28.122],[83.456,28.12],[83.456,28.119],[83.458,28.114],[83.459,28.112],[83.461,28.111],[83.464,28.112],[83.466,28.114],[83.469,28.115],[83.471,28.116],[83.473,28.116],[83.475,28.116],[83.481,28.115],[83.483,28.114],[83.485,28.114],[83.488,28.113],[83.491,28.112],[83.493,28.113],[83.496,28.115],[83.498,28.116],[83.5,28.117],[83.503,28.118],[83.506,28.121],[83.508,28.122],[83.51,28.125],[83.511,28.125],[83.511,28.126],[83.514,28.127],[83.516,28.125],[83.517,28.124],[83.519,28.122],[83.522,28.121],[83.525,28.12],[83.527,28.119],[83.528,28.118],[83.534,28.115],[83.535,28.114],[83.537,28.112],[83.54,28.109],[83.542,28.108],[83.543,28.107],[83.546,28.105],[83.547,28.103],[83.549,28.101],[83.55,28.099],[83.551,28.097],[83.552,28.093],[83.554,28.09],[83.554,28.089],[83.555,28.086],[83.557,28.083],[83.56,28.081],[83.563,28.081],[83.565,28.081],[83.568,28.082],[83.571,28.082],[83.572,28.083],[83.574,28.083],[83.577,28.083],[83.578,28.082],[83.579,28.081],[83.58,28.081],[83.58,28.08],[83.582,28.079],[83.584,28.078],[83.582,28.076],[83.581,28.075],[83.579,28.074],[83.578,28.072],[83.576,28.07],[83.574,28.068],[83.573,28.067],[83.571,28.066],[83.57,28.065],[83.569,28.062],[83.569,28.059],[83.568,28.055],[83.568,28.053],[83.567,28.05],[83.566,28.048],[83.566,28.046],[83.567,28.042],[83.567,28.04],[83.567,28.038],[83.567,28.036],[83.569,28.035],[83.571,28.034],[83.574,28.033],[83.578,28.033],[83.582,28.033],[83.585,28.032],[83.587,28.031],[83.589,28.029],[83.591,28.027],[83.593,28.027],[83.595,28.026],[83.597,28.023],[83.597,28.023],[83.599,28.022],[83.601,28.02],[83.602,28.02],[83.604,28.019],[83.605,28.017],[83.606,28.016],[83.608,28.014],[83.609,28.013],[83.61,28.013],[83.611,28.012],[83.611,28.011],[83.61,28.01],[83.609,28.009],[83.608,28.008],[83.607,28.007],[83.607,28.005],[83.607,28.002],[83.606,28.001],[83.607,27.999],[83.606,27.997],[83.604,27.995],[83.603,27.993],[83.602,27.992],[83.6,27.991],[83.598,27.99],[83.596,27.989],[83.594,27.988],[83.593,27.987],[83.591,27.987],[83.589,27.986],[83.589,27.984],[83.589,27.983],[83.589,27.981],[83.587,27.979],[83.584,27.977],[83.583,27.976],[83.581,27.976],[83.579,27.974],[83.577,27.974],[83.575,27.974],[83.572,27.974],[83.571,27.974],[83.568,27.974],[83.566,27.974],[83.563,27.974],[83.561,27.974],[83.559,27.975],[83.557,27.976],[83.555,27.976],[83.551,27.974],[83.549,27.973],[83.547,27.972],[83.545,27.971],[83.543,27.969],[83.54,27.968],[83.538,27.967],[83.535,27.966],[83.533,27.966],[83.531,27.966],[83.528,27.965],[83.525,27.964],[83.523,27.964],[83.519,27.965],[83.517,27.966],[83.515,27.968],[83.513,27.969],[83.511,27.97],[83.509,27.972],[83.507,27.974],[83.505,27.975],[83.504,27.976],[83.503,27.977],[83.501,27.978],[83.5,27.98],[83.499,27.98],[83.497,27.981],[83.496,27.982],[83.493,27.982],[83.491,27.982],[83.489,27.981],[83.487,27.98],[83.483,27.978],[83.48,27.976],[83.476,27.973],[83.475,27.972],[83.472,27.969],[83.47,27.968],[83.469,27.966],[83.468,27.965],[83.467,27.962],[83.465,27.959],[83.463,27.956],[83.461,27.954],[83.46,27.954],[83.458,27.952],[83.455,27.951],[83.454,27.95],[83.452,27.949],[83.449,27.948],[83.447,27.947],[83.446,27.946],[83.444,27.944],[83.443,27.941],[83.442,27.939],[83.442,27.937],[83.443,27.936],[83.441,27.936],[83.436,27.937],[83.432,27.94],[83.429,27.939],[83.426,27.936],[83.423,27.933],[83.419,27.932],[83.412,27.933],[83.408,27.933],[83.403,27.937],[83.401,27.94],[83.4,27.942],[83.398,27.943],[83.396,27.948],[83.392,27.951],[83.387,27.954],[83.381,27.956],[83.374,27.956],[83.368,27.953],[83.354,27.953],[83.352,27.953],[83.35,27.952],[83.348,27.95],[83.346,27.948],[83.345,27.945],[83.346,27.939],[83.35,27.934],[83.348,27.93],[83.343,27.925],[83.337,27.924],[83.33,27.923],[83.325,27.923],[83.314,27.926],[83.312,27.926],[83.309,27.927],[83.307,27.928],[83.303,27.927],[83.298,27.928],[83.293,27.926],[83.289,27.925],[83.284,27.927],[83.281,27.931],[83.28,27.935],[83.283,27.939],[83.286,27.942],[83.29,27.945],[83.293,27.948],[83.297,27.951],[83.301,27.954],[83.304,27.958],[83.301,27.96],[83.3,27.963],[83.302,27.965],[83.299,27.967],[83.296,27.968],[83.292,27.967],[83.289,27.968],[83.285,27.969],[83.281,27.968],[83.279,27.974],[83.276,27.977],[83.272,27.979],[83.269,27.983],[83.266,27.986],[83.262,27.989],[83.26,27.987],[83.257,27.986],[83.253,27.988],[83.253,27.989],[83.252,27.99],[83.252,27.994],[83.249,28.0],[83.249,28.001],[83.247,28.004],[83.246,28.007],[83.244,28.012],[83.241,28.018],[83.238,28.024],[83.237,28.029],[83.235,28.036],[83.235,28.043],[83.232,28.048],[83.224,28.053],[83.218,28.058],[83.213,28.063],[83.207,28.067],[83.202,28.07],[83.195,28.076],[83.188,28.078],[83.174,28.075],[83.17,28.07],[83.166,28.067],[83.161,28.063],[83.156,28.061],[83.148,28.062],[83.139,28.063],[83.131,28.062],[83.126,28.06],[83.121,28.056],[83.114,28.056],[83.106,28.06],[83.099,28.062],[83.091,28.063],[83.083,28.064],[83.077,28.068],[83.075,28.075],[83.076,28.08],[83.076,28.085],[83.075,28.09],[83.072,28.094],[83.068,28.099],[83.063,28.104],[83.054,28.113],[83.054,28.114]]]}},{"type":"Feature","properties":{"id":"Palpa","name":"Palpa","hq":"Tansen","province_id":5,"province":"Lumbini","level":"district"},"geometry":{"type":"Polygon","coordinates":[[[83.312,27.926],[83.314,27.926],[83.325,27.923],[83.33,27.923],[83.337,27.924],[83.343,27.925],[83.348,27.93],[83.35,27.934],[83.346,27.939],[83.345,27.945],[83.346,27.948],[83.348,27.95],[83.35,27.952],[83.352,27.953],[83.354,27.953],[83.368,27.953],[83.374,27.956],[83.381,27.956],[83.387,27.954],[83.392,27.951],[83.396,27.948],[83.398,27.943],[83.4,27.942],[83.401,27.94],[83.403,27.937],[83.408,27.933],[83.412,27.933],[83.419,27.932],[83.423,27.933],[83.426,27.936],[83.429,27.939],[83.432,27.94],[83.436,27.937],[83.441,27.936],[83.443,27.936],[83.443,27.935],[83.445,27.933],[83.447,27.932],[83.449,27.932],[83.451,27.932],[83.453,27.933],[83.457,27.933],[83.459,27.934],[83.461,27.934],[83.463,27.934],[83.465,27.934],[83.467,27.932],[83.469,27.931],[83.471,27.93],[83.473,27.928],[83.475,27.927],[83.478,27.926],[83.48,27.925],[83.483,27.924],[83.485,27.924],[83.487,27.923],[83.49,27.924],[83.492,27.925],[83.493,27.926],[83.497,27.927],[83.499,27.927],[83.501,27.927],[83.504,27.927],[83.506,27.927],[83.507,27.928],[83.508,27.928],[83.509,27.929],[83.509,27.931],[83.509,27.933],[83.508,27.935],[83.508,27.937],[83.509,27.939],[83.51,27.94],[83.513,27.94],[83.515,27.939],[83.517,27.937],[83.519,27.936],[83.521,27.933],[83.522,27.931],[83.523,27.929],[83.523,27.927],[83.525,27.926],[83.527,27.926],[83.528,27.927],[83.529,27.93],[83.529,27.931],[83.53,27.933],[83.531,27.935],[83.532,27.937],[83.534,27.938],[83.537,27.934],[83.539,27.93],[83.54,27.928],[83.543,27.927],[83.545,27.926],[83.548,27.927],[83.55,27.928],[83.553,27.929],[83.555,27.93],[83.557,27.931],[83.559,27.932],[83.563,27.933],[83.568,27.935],[83.57,27.937],[83.572,27.938],[83.574,27.94],[83.576,27.94],[83.578,27.938],[83.578,27.936],[83.577,27.934],[83.577,27.932],[83.578,27.931],[83.581,27.931],[83.584,27.931],[83.587,27.931],[83.59,27.931],[83.592,27.931],[83.596,27.93],[83.597,27.928],[83.598,27.926],[83.6,27.925],[83.603,27.924],[83.605,27.923],[83.607,27.923],[83.61,27.924],[83.612,27.925],[83.614,27.926],[83.616,27.927],[83.617,27.927],[83.621,27.927],[83.622,27.926],[83.624,27.925],[83.624,27.923],[83.623,27.921],[83.624,27.918],[83.625,27.916],[83.626,27.916],[83.628,27.916],[83.63,27.915],[83.633,27.915],[83.634,27.913],[83.635,27.91],[83.634,27.908],[83.634,27.906],[83.634,27.903],[83.635,27.902],[83.637,27.901],[83.639,27.901],[83.642,27.901],[83.645,27.9],[83.648,27.9],[83.652,27.9],[83.654,27.901],[83.657,27.902],[83.658,27.904],[83.659,27.906],[83.661,27.908],[83.661,27.91],[83.663,27.913],[83.664,27.915],[83.665,27.917],[83.666,27.919],[83.667,27.92],[83.668,27.922],[83.673,27.926],[83.676,27.926],[83.678,27.926],[83.68,27.925],[83.681,27.922],[83.681,27.92],[83.683,27.918],[83.686,27.919],[83.688,27.92],[83.692,27.921],[83.693,27.921],[83.695,27.918],[83.697,27.917],[83.7,27.917],[83.704,27.917],[83.706,27.917],[83.708,27.918],[83.711,27.918],[83.714,27.919],[83.717,27.919],[83.72,27.919],[83.722,27.918],[83.724,27.916],[83.726,27.914],[83.728,27.913],[83.73,27.912],[83.733,27.909],[83.735,27.908],[83.737,27.905],[83.739,27.903],[83.741,27.902],[83.744,27.901],[83.746,27.9],[83.747,27.902],[83.747,27.903],[83.746,27.906],[83.745,27.908],[83.749,27.908],[83.751,27.907],[83.753,27.904],[83.755,27.903],[83.757,27.903],[83.759,27.904],[83.759,27.906],[83.761,27.908],[83.763,27.909],[83.764,27.909],[83.772,27.907],[83.774,27.905],[83.776,27.904],[83.778,27.901],[83.781,27.899],[83.782,27.897],[83.783,27.894],[83.785,27.892],[83.787,27.889],[83.79,27.887],[83.792,27.886],[83.794,27.884],[83.795,27.884],[83.799,27.882],[83.802,27.88],[83.804,27.877],[83.807,27.874],[83.808,27.873],[83.811,27.872],[83.814,27.871],[83.817,27.871],[83.819,27.873],[83.821,27.874],[83.823,27.875],[83.826,27.875],[83.829,27.874],[83.833,27.871],[83.836,27.87],[83.84,27.868],[83.842,27.868],[83.845,27.868],[83.847,27.868],[83.848,27.869],[83.848,27.871],[83.848,27.872],[83.848,27.874],[83.847,27.877],[83.848,27.879],[83.85,27.88],[83.852,27.879],[83.854,27.877],[83.855,27.874],[83.857,27.873],[83.86,27.872],[83.861,27.873],[83.862,27.875],[83.862,27.877],[83.863,27.879],[83.865,27.882],[83.868,27.883],[83.871,27.885],[83.874,27.886],[83.876,27.887],[83.881,27.885],[83.882,27.883],[83.883,27.882],[83.885,27.882],[83.888,27.882],[83.891,27.883],[83.894,27.883],[83.896,27.882],[83.899,27.882],[83.903,27.881],[83.905,27.881],[83.909,27.881],[83.91,27.88],[83.912,27.878],[83.913,27.876],[83.914,27.874],[83.918,27.871],[83.919,27.871],[83.922,27.87],[83.925,27.87],[83.927,27.87],[83.929,27.871],[83.932,27.871],[83.933,27.872],[83.936,27.873],[83.937,27.875],[83.939,27.876],[83.941,27.877],[83.942,27.877],[83.945,27.876],[83.946,27.874],[83.947,27.873],[83.948,27.872],[83.95,27.871],[83.952,27.872],[83.956,27.872],[83.958,27.872],[83.961,27.872],[83.965,27.872],[83.967,27.872],[83.97,27.873],[83.972,27.873],[83.974,27.872],[83.976,27.87],[83.978,27.869],[83.98,27.868],[83.983,27.868],[83.987,27.868],[83.989,27.868],[83.993,27.867],[83.995,27.866],[83.996,27.865],[83.998,27.863],[84.0,27.86],[84.002,27.858],[84.004,27.857],[84.008,27.856],[84.012,27.854],[84.014,27.854],[84.018,27.853],[84.02,27.852],[84.022,27.854],[84.021,27.856],[84.02,27.859],[84.021,27.861],[84.023,27.861],[84.025,27.86],[84.028,27.859],[84.031,27.858],[84.029,27.852],[84.026,27.849],[84.025,27.845],[84.025,27.841],[84.026,27.837],[84.026,27.834],[84.027,27.832],[84.028,27.831],[84.029,27.829],[84.026,27.827],[84.025,27.823],[84.025,27.821],[84.023,27.818],[84.021,27.814],[84.019,27.81],[84.017,27.806],[84.016,27.803],[84.012,27.798],[84.004,27.791],[84.003,27.79],[84.0,27.782],[83.998,27.777],[83.996,27.771],[83.994,27.766],[83.995,27.759],[83.991,27.752],[83.983,27.751],[83.979,27.751],[83.961,27.747],[83.961,27.747],[83.955,27.746],[83.953,27.746],[83.948,27.744],[83.943,27.742],[83.937,27.739],[83.933,27.737],[83.929,27.735],[83.927,27.731],[83.927,27.728],[83.921,27.728],[83.918,27.73],[83.913,27.732],[83.909,27.735],[83.906,27.736],[83.903,27.733],[83.901,27.73],[83.899,27.73],[83.895,27.731],[83.89,27.733],[83.885,27.734],[83.879,27.734],[83.873,27.734],[83.867,27.734],[83.861,27.734],[83.857,27.733],[83.854,27.731],[83.844,27.732],[83.843,27.73],[83.842,27.725],[83.84,27.721],[83.84,27.716],[83.838,27.711],[83.832,27.71],[83.827,27.713],[83.821,27.713],[83.813,27.715],[83.807,27.718],[83.799,27.721],[83.783,27.723],[83.775,27.722],[83.768,27.72],[83.757,27.719],[83.749,27.719],[83.744,27.717],[83.737,27.713],[83.732,27.711],[83.728,27.706],[83.726,27.702],[83.726,27.697],[83.727,27.692],[83.729,27.688],[83.727,27.685],[83.722,27.683],[83.718,27.683],[83.712,27.682],[83.709,27.682],[83.704,27.682],[83.7,27.682],[83.697,27.683],[83.692,27.684],[83.686,27.686],[83.681,27.687],[83.677,27.689],[83.672,27.692],[83.668,27.694],[83.665,27.697],[83.663,27.699],[83.661,27.702],[83.66,27.703],[83.66,27.707],[83.658,27.712],[83.655,27.717],[83.652,27.72],[83.647,27.722],[83.638,27.721],[83.631,27.721],[83.624,27.72],[83.619,27.717],[83.615,27.713],[83.61,27.709],[83.605,27.706],[83.598,27.705],[83.588,27.708],[83.583,27.707],[83.577,27.706],[83.569,27.71],[83.562,27.714],[83.552,27.717],[83.542,27.72],[83.533,27.723],[83.522,27.725],[83.515,27.727],[83.51,27.725],[83.504,27.725],[83.5,27.729],[83.494,27.729],[83.487,27.728],[83.477,27.728],[83.469,27.728],[83.463,27.728],[83.454,27.727],[83.446,27.73],[83.433,27.737],[83.426,27.74],[83.421,27.74],[83.415,27.737],[83.407,27.74],[83.4,27.743],[83.392,27.747],[83.387,27.745],[83.381,27.741],[83.377,27.737],[83.373,27.734],[83.368,27.739],[83.364,27.746],[83.36,27.75],[83.351,27.752],[83.344,27.757],[83.338,27.763],[83.333,27.766],[83.326,27.763],[83.317,27.763],[83.31,27.765],[83.306,27.77],[83.302,27.773],[83.293,27.77],[83.285,27.771],[83.279,27.769],[83.274,27.768],[83.273,27.776],[83.274,27.78],[83.275,27.784],[83.275,27.786],[83.274,27.787],[83.273,27.79],[83.269,27.794],[83.266,27.796],[83.263,27.799],[83.26,27.799],[83.257,27.802],[83.253,27.803],[83.25,27.805],[83.248,27.811],[83.246,27.815],[83.241,27.819],[83.238,27.821],[83.235,27.823],[83.238,27.824],[83.247,27.829],[83.254,27.831],[83.26,27.831],[83.269,27.83],[83.278,27.829],[83.287,27.828],[83.291,27.829],[83.294,27.831],[83.294,27.836],[83.296,27.841],[83.3,27.845],[83.303,27.847],[83.306,27.849],[83.308,27.851],[83.308,27.85],[83.314,27.852],[83.321,27.858],[83.327,27.866],[83.334,27.875],[83.336,27.878],[83.333,27.877],[83.323,27.879],[83.318,27.884],[83.314,27.888],[83.312,27.893],[83.312,27.898],[83.31,27.903],[83.305,27.906],[83.301,27.908],[83.299,27.911],[83.303,27.914],[83.308,27.918],[83.311,27.921],[83.312,27.924],[83.312,27.926]]]}},{"type":"Feature","properties":{"id":"Baglung","name":"Baglung","hq":"Baglung","province_id":4,"province":"Gandaki","level":"district"},"geometry":{"type":"Polygon","coordinates":[[[82.884,28.476],[82.885,28.477],[82.887,28.479],[82.889,28.479],[82.891,28.479],[82.894,28.479],[82.896,28.479],[82.899,28.478],[82.902,28.477],[82.905,28.476],[82.909,28.475],[82.911,28.475],[82.914,28.476],[82.915,28.478],[82.916,28.479],[82.914,28.483],[82.912,28.484],[82.91,28.485],[82.909,28.487],[82.907,28.488],[82.904,28.49],[82.903,28.491],[82.9,28.493],[82.898,28.495],[82.896,28.498],[82.895,28.499],[82.893,28.502],[82.891,28.504],[82.89,28.506],[82.888,28.507],[82.886,28.509],[82.883,28.511],[82.881,28.513],[82.88,28.516],[82.882,28.516],[82.883,28.516],[82.885,28.515],[82.888,28.515],[82.89,28.515],[82.894,28.516],[82.896,28.516],[82.898,28.516],[82.9,28.516],[82.903,28.516],[82.903,28.516],[82.904,28.517],[82.908,28.519],[82.911,28.521],[82.912,28.522],[82.913,28.524],[82.913,28.525],[82.914,28.526],[82.916,28.526],[82.917,28.529],[82.917,28.531],[82.917,28.532],[82.917,28.534],[82.917,28.535],[82.917,28.537],[82.917,28.539],[82.917,28.542],[82.917,28.543],[82.917,28.546],[82.917,28.547],[82.917,28.548],[82.917,28.549],[82.918,28.551],[82.918,28.553],[82.918,28.554],[82.918,28.556],[82.918,28.556],[82.918,28.558],[82.918,28.56],[82.918,28.56],[82.918,28.562],[82.923,28.565],[82.927,28.565],[82.932,28.564],[82.935,28.562],[82.941,28.559],[82.948,28.556],[82.951,28.554],[82.957,28.552],[82.957,28.552],[82.96,28.553],[82.962,28.552],[82.965,28.552],[82.967,28.551],[82.968,28.549],[82.969,28.546],[82.97,28.543],[82.973,28.541],[82.975,28.54],[82.976,28.541],[82.979,28.544],[82.98,28.546],[82.981,28.548],[82.982,28.551],[82.983,28.553],[82.984,28.556],[82.985,28.557],[82.986,28.559],[82.988,28.561],[82.988,28.563],[82.989,28.566],[82.988,28.568],[82.987,28.57],[82.985,28.572],[82.984,28.573],[82.98,28.576],[82.977,28.576],[82.975,28.578],[82.972,28.579],[82.969,28.58],[82.967,28.582],[82.965,28.584],[82.963,28.586],[82.961,28.588],[82.96,28.591],[82.959,28.593],[82.958,28.596],[82.958,28.599],[82.958,28.603],[82.958,28.607],[82.96,28.61],[82.961,28.613],[82.964,28.616],[82.965,28.617],[82.969,28.62],[82.972,28.622],[82.974,28.622],[82.977,28.623],[82.981,28.623],[82.983,28.623],[82.985,28.625],[82.989,28.625],[82.992,28.625],[82.993,28.625],[82.995,28.624],[82.997,28.623],[82.998,28.623],[83.001,28.622],[83.001,28.621],[83.005,28.62],[83.008,28.621],[83.009,28.621],[83.01,28.621],[83.013,28.621],[83.015,28.621],[83.019,28.62],[83.023,28.619],[83.023,28.62],[83.024,28.62],[83.025,28.621],[83.027,28.622],[83.029,28.623],[83.031,28.624],[83.034,28.624],[83.036,28.623],[83.038,28.623],[83.04,28.625],[83.042,28.626],[83.045,28.627],[83.047,28.627],[83.049,28.627],[83.05,28.625],[83.052,28.624],[83.054,28.623],[83.056,28.621],[83.059,28.62],[83.061,28.619],[83.062,28.618],[83.063,28.618],[83.065,28.618],[83.067,28.619],[83.07,28.62],[83.072,28.62],[83.075,28.621],[83.077,28.621],[83.08,28.623],[83.083,28.625],[83.086,28.628],[83.088,28.629],[83.091,28.631],[83.094,28.631],[83.097,28.633],[83.099,28.633],[83.102,28.633],[83.105,28.633],[83.108,28.633],[83.11,28.631],[83.112,28.63],[83.113,28.629],[83.115,28.629],[83.116,28.628],[83.113,28.628],[83.112,28.628],[83.11,28.627],[83.109,28.625],[83.109,28.623],[83.11,28.619],[83.11,28.617],[83.109,28.614],[83.108,28.612],[83.106,28.609],[83.106,28.606],[83.107,28.604],[83.109,28.601],[83.11,28.598],[83.112,28.595],[83.112,28.593],[83.113,28.591],[83.113,28.588],[83.113,28.585],[83.113,28.583],[83.114,28.579],[83.114,28.577],[83.114,28.574],[83.113,28.572],[83.11,28.571],[83.107,28.569],[83.105,28.567],[83.104,28.565],[83.104,28.562],[83.104,28.56],[83.105,28.559],[83.105,28.557],[83.106,28.554],[83.106,28.552],[83.106,28.551],[83.107,28.549],[83.107,28.548],[83.107,28.547],[83.107,28.546],[83.107,28.545],[83.107,28.541],[83.109,28.541],[83.111,28.54],[83.113,28.539],[83.114,28.538],[83.116,28.537],[83.117,28.536],[83.118,28.535],[83.119,28.534],[83.121,28.534],[83.123,28.533],[83.124,28.532],[83.125,28.532],[83.126,28.532],[83.129,28.529],[83.131,28.526],[83.131,28.524],[83.131,28.522],[83.132,28.52],[83.133,28.518],[83.133,28.516],[83.135,28.515],[83.136,28.513],[83.136,28.511],[83.137,28.51],[83.137,28.508],[83.138,28.505],[83.138,28.504],[83.137,28.502],[83.137,28.501],[83.138,28.5],[83.138,28.498],[83.138,28.497],[83.138,28.497],[83.137,28.494],[83.143,28.495],[83.147,28.495],[83.149,28.495],[83.151,28.495],[83.152,28.495],[83.154,28.495],[83.155,28.495],[83.158,28.495],[83.162,28.495],[83.164,28.495],[83.166,28.495],[83.169,28.493],[83.171,28.493],[83.173,28.492],[83.176,28.493],[83.177,28.493],[83.18,28.494],[83.182,28.494],[83.184,28.495],[83.185,28.495],[83.187,28.496],[83.192,28.497],[83.195,28.498],[83.198,28.498],[83.2,28.498],[83.203,28.498],[83.205,28.499],[83.208,28.5],[83.21,28.502],[83.212,28.504],[83.215,28.507],[83.217,28.51],[83.219,28.511],[83.222,28.513],[83.224,28.514],[83.228,28.514],[83.23,28.514],[83.232,28.514],[83.235,28.513],[83.238,28.51],[83.239,28.509],[83.243,28.507],[83.245,28.506],[83.248,28.505],[83.25,28.504],[83.252,28.501],[83.255,28.498],[83.257,28.497],[83.261,28.496],[83.262,28.495],[83.265,28.495],[83.268,28.495],[83.274,28.494],[83.276,28.493],[83.278,28.492],[83.28,28.491],[83.283,28.488],[83.284,28.485],[83.287,28.481],[83.288,28.479],[83.29,28.476],[83.292,28.474],[83.294,28.473],[83.298,28.47],[83.3,28.468],[83.301,28.466],[83.303,28.463],[83.304,28.459],[83.304,28.456],[83.304,28.453],[83.302,28.45],[83.3,28.448],[83.296,28.447],[83.293,28.446],[83.29,28.445],[83.287,28.444],[83.284,28.442],[83.282,28.44],[83.283,28.436],[83.285,28.433],[83.287,28.432],[83.288,28.43],[83.291,28.425],[83.293,28.423],[83.296,28.421],[83.299,28.419],[83.301,28.416],[83.301,28.413],[83.301,28.411],[83.299,28.408],[83.297,28.406],[83.296,28.403],[83.295,28.4],[83.294,28.397],[83.293,28.394],[83.29,28.392],[83.288,28.389],[83.287,28.386],[83.286,28.384],[83.286,28.38],[83.286,28.378],[83.287,28.376],[83.289,28.369],[83.289,28.368],[83.291,28.365],[83.294,28.364],[83.297,28.363],[83.3,28.362],[83.302,28.36],[83.304,28.357],[83.306,28.355],[83.308,28.355],[83.309,28.355],[83.312,28.354],[83.317,28.355],[83.32,28.356],[83.323,28.357],[83.326,28.359],[83.329,28.362],[83.333,28.363],[83.338,28.365],[83.34,28.366],[83.344,28.368],[83.347,28.369],[83.35,28.37],[83.353,28.37],[83.355,28.37],[83.359,28.37],[83.364,28.368],[83.367,28.368],[83.371,28.366],[83.374,28.364],[83.376,28.362],[83.378,28.361],[83.38,28.359],[83.382,28.356],[83.385,28.355],[83.387,28.355],[83.391,28.357],[83.392,28.357],[83.394,28.356],[83.396,28.354],[83.4,28.354],[83.404,28.355],[83.406,28.355],[83.41,28.356],[83.412,28.356],[83.414,28.356],[83.416,28.355],[83.421,28.352],[83.422,28.35],[83.424,28.347],[83.427,28.344],[83.428,28.342],[83.431,28.341],[83.435,28.341],[83.437,28.341],[83.439,28.341],[83.442,28.34],[83.444,28.339],[83.445,28.337],[83.446,28.333],[83.447,28.331],[83.449,28.328],[83.451,28.327],[83.454,28.327],[83.457,28.327],[83.46,28.326],[83.463,28.326],[83.467,28.326],[83.471,28.325],[83.472,28.325],[83.475,28.324],[83.48,28.323],[83.483,28.323],[83.486,28.323],[83.491,28.323],[83.494,28.323],[83.498,28.324],[83.503,28.324],[83.505,28.324],[83.508,28.322],[83.51,28.321],[83.513,28.319],[83.517,28.317],[83.52,28.316],[83.524,28.317],[83.527,28.316],[83.531,28.314],[83.532,28.313],[83.534,28.312],[83.537,28.31],[83.538,28.309],[83.54,28.309],[83.542,28.309],[83.543,28.309],[83.545,28.31],[83.548,28.312],[83.55,28.313],[83.551,28.314],[83.553,28.315],[83.554,28.315],[83.557,28.315],[83.559,28.316],[83.561,28.316],[83.562,28.316],[83.564,28.316],[83.565,28.316],[83.567,28.316],[83.569,28.316],[83.571,28.315],[83.573,28.315],[83.574,28.314],[83.577,28.313],[83.578,28.313],[83.58,28.312],[83.581,28.311],[83.583,28.31],[83.584,28.31],[83.587,28.309],[83.589,28.308],[83.591,28.307],[83.593,28.305],[83.596,28.303],[83.597,28.302],[83.598,28.301],[83.6,28.3],[83.601,28.3],[83.603,28.299],[83.604,28.298],[83.606,28.298],[83.607,28.295],[83.607,28.291],[83.608,28.289],[83.609,28.288],[83.61,28.287],[83.611,28.285],[83.61,28.283],[83.61,28.281],[83.61,28.28],[83.61,28.277],[83.61,28.275],[83.611,28.274],[83.613,28.27],[83.614,28.268],[83.614,28.266],[83.616,28.263],[83.616,28.261],[83.618,28.259],[83.619,28.258],[83.62,28.257],[83.621,28.256],[83.623,28.253],[83.625,28.252],[83.627,28.251],[83.628,28.25],[83.631,28.249],[83.632,28.249],[83.634,28.248],[83.637,28.247],[83.638,28.247],[83.641,28.246],[83.642,28.245],[83.643,28.244],[83.646,28.241],[83.649,28.239],[83.651,28.238],[83.654,28.237],[83.657,28.237],[83.659,28.237],[83.66,28.237],[83.663,28.235],[83.664,28.233],[83.667,28.233],[83.668,28.232],[83.67,28.231],[83.671,28.23],[83.674,28.228],[83.675,28.226],[83.676,28.224],[83.677,28.221],[83.677,28.219],[83.677,28.217],[83.677,28.215],[83.677,28.214],[83.676,28.211],[83.675,28.209],[83.674,28.208],[83.674,28.206],[83.674,28.203],[83.671,28.201],[83.668,28.2],[83.667,28.199],[83.665,28.197],[83.663,28.196],[83.661,28.194],[83.659,28.192],[83.657,28.19],[83.655,28.189],[83.653,28.187],[83.652,28.185],[83.65,28.183],[83.649,28.182],[83.648,28.18],[83.647,28.179],[83.646,28.178],[83.646,28.177],[83.646,28.174],[83.646,28.17],[83.645,28.165],[83.644,28.163],[83.643,28.161],[83.642,28.159],[83.641,28.156],[83.641,28.154],[83.641,28.153],[83.64,28.152],[83.64,28.149],[83.641,28.146],[83.641,28.142],[83.641,28.14],[83.64,28.137],[83.64,28.135],[83.638,28.133],[83.636,28.131],[83.635,28.129],[83.633,28.127],[83.631,28.125],[83.628,28.122],[83.626,28.121],[83.623,28.119],[83.621,28.117],[83.619,28.116],[83.617,28.115],[83.615,28.114],[83.613,28.112],[83.611,28.111],[83.609,28.109],[83.608,28.107],[83.607,28.105],[83.606,28.103],[83.605,28.101],[83.605,28.099],[83.604,28.098],[83.603,28.096],[83.601,28.093],[83.6,28.091],[83.599,28.089],[83.597,28.087],[83.596,28.085],[83.595,28.083],[83.594,28.081],[83.592,28.08],[83.591,28.079],[83.59,28.079],[83.589,28.079],[83.588,28.079],[83.587,28.079],[83.584,28.078],[83.582,28.079],[83.58,28.08],[83.58,28.081],[83.579,28.081],[83.578,28.082],[83.577,28.083],[83.574,28.083],[83.572,28.083],[83.571,28.082],[83.568,28.082],[83.565,28.081],[83.563,28.081],[83.56,28.081],[83.557,28.083],[83.555,28.086],[83.554,28.089],[83.554,28.09],[83.552,28.093],[83.551,28.097],[83.55,28.099],[83.549,28.101],[83.547,28.103],[83.546,28.105],[83.543,28.107],[83.542,28.108],[83.54,28.109],[83.537,28.112],[83.535,28.114],[83.534,28.115],[83.528,28.118],[83.527,28.119],[83.525,28.12],[83.522,28.121],[83.519,28.122],[83.517,28.124],[83.516,28.125],[83.514,28.127],[83.511,28.126],[83.511,28.125],[83.51,28.125],[83.508,28.122],[83.506,28.121],[83.503,28.118],[83.5,28.117],[83.498,28.116],[83.496,28.115],[83.493,28.113],[83.491,28.112],[83.488,28.113],[83.485,28.114],[83.483,28.114],[83.481,28.115],[83.475,28.116],[83.473,28.116],[83.471,28.116],[83.469,28.115],[83.466,28.114],[83.464,28.112],[83.461,28.111],[83.459,28.112],[83.458,28.114],[83.456,28.119],[83.456,28.12],[83.455,28.122],[83.453,28.124],[83.451,28.124],[83.448,28.125],[83.447,28.126],[83.442,28.128],[83.44,28.129],[83.439,28.129],[83.436,28.13],[83.433,28.129],[83.431,28.128],[83.428,28.127],[83.425,28.126],[83.423,28.127],[83.422,28.128],[83.422,28.131],[83.423,28.133],[83.424,28.135],[83.423,28.137],[83.422,28.137],[83.42,28.139],[83.418,28.139],[83.416,28.14],[83.414,28.143],[83.415,28.145],[83.416,28.147],[83.417,28.149],[83.418,28.152],[83.419,28.156],[83.418,28.158],[83.418,28.16],[83.417,28.163],[83.417,28.165],[83.415,28.169],[83.415,28.171],[83.412,28.175],[83.411,28.176],[83.408,28.175],[83.406,28.174],[83.403,28.172],[83.399,28.17],[83.396,28.169],[83.393,28.167],[83.39,28.165],[83.387,28.164],[83.383,28.164],[83.381,28.165],[83.379,28.167],[83.378,28.17],[83.377,28.174],[83.376,28.178],[83.375,28.179],[83.372,28.181],[83.371,28.181],[83.37,28.182],[83.369,28.183],[83.367,28.184],[83.366,28.186],[83.365,28.188],[83.366,28.19],[83.366,28.192],[83.365,28.195],[83.361,28.196],[83.359,28.195],[83.357,28.195],[83.355,28.194],[83.352,28.192],[83.351,28.192],[83.349,28.191],[83.347,28.189],[83.345,28.189],[83.343,28.188],[83.34,28.188],[83.337,28.188],[83.333,28.188],[83.331,28.188],[83.328,28.189],[83.325,28.189],[83.322,28.189],[83.319,28.19],[83.315,28.19],[83.313,28.191],[83.312,28.191],[83.309,28.192],[83.307,28.193],[83.305,28.193],[83.303,28.193],[83.301,28.193],[83.298,28.192],[83.297,28.192],[83.294,28.191],[83.292,28.19],[83.289,28.189],[83.286,28.188],[83.283,28.187],[83.282,28.186],[83.28,28.186],[83.278,28.187],[83.276,28.188],[83.275,28.19],[83.275,28.191],[83.275,28.192],[83.275,28.193],[83.274,28.195],[83.273,28.197],[83.272,28.198],[83.271,28.199],[83.269,28.2],[83.267,28.201],[83.265,28.201],[83.263,28.202],[83.262,28.203],[83.26,28.205],[83.259,28.207],[83.258,28.209],[83.257,28.211],[83.256,28.213],[83.255,28.214],[83.254,28.215],[83.251,28.217],[83.249,28.217],[83.248,28.218],[83.247,28.218],[83.245,28.219],[83.243,28.22],[83.241,28.22],[83.241,28.221],[83.24,28.222],[83.238,28.223],[83.236,28.226],[83.235,28.228],[83.234,28.228],[83.233,28.23],[83.231,28.231],[83.23,28.232],[83.229,28.234],[83.228,28.236],[83.226,28.238],[83.225,28.239],[83.223,28.241],[83.222,28.242],[83.22,28.245],[83.219,28.246],[83.216,28.248],[83.215,28.249],[83.213,28.251],[83.212,28.252],[83.21,28.253],[83.208,28.253],[83.206,28.255],[83.204,28.256],[83.203,28.257],[83.202,28.258],[83.197,28.261],[83.196,28.262],[83.196,28.262],[83.194,28.264],[83.193,28.264],[83.192,28.266],[83.19,28.267],[83.188,28.269],[83.186,28.271],[83.184,28.274],[83.183,28.274],[83.183,28.276],[83.183,28.277],[83.18,28.277],[83.179,28.277],[83.177,28.278],[83.175,28.277],[83.172,28.276],[83.168,28.275],[83.166,28.274],[83.164,28.272],[83.161,28.27],[83.159,28.268],[83.156,28.266],[83.153,28.264],[83.152,28.262],[83.15,28.26],[83.148,28.259],[83.147,28.257],[83.144,28.255],[83.142,28.253],[83.139,28.252],[83.138,28.251],[83.136,28.25],[83.134,28.249],[83.132,28.249],[83.129,28.252],[83.128,28.252],[83.125,28.253],[83.122,28.252],[83.118,28.252],[83.114,28.252],[83.112,28.252],[83.11,28.253],[83.107,28.254],[83.105,28.256],[83.102,28.257],[83.1,28.258],[83.099,28.258],[83.098,28.259],[83.098,28.262],[83.099,28.264],[83.1,28.267],[83.101,28.269],[83.101,28.273],[83.101,28.273],[83.101,28.274],[83.099,28.275],[83.097,28.276],[83.096,28.278],[83.095,28.279],[83.095,28.28],[83.095,28.281],[83.095,28.282],[83.094,28.284],[83.094,28.285],[83.091,28.288],[83.09,28.29],[83.088,28.292],[83.086,28.295],[83.081,28.299],[83.079,28.3],[83.078,28.3],[83.075,28.302],[83.074,28.304],[83.073,28.305],[83.073,28.308],[83.072,28.312],[83.071,28.313],[83.07,28.314],[83.068,28.316],[83.065,28.317],[83.063,28.318],[83.06,28.318],[83.059,28.319],[83.056,28.32],[83.053,28.321],[83.052,28.322],[83.048,28.326],[83.047,28.326],[83.044,28.327],[83.043,28.326],[83.04,28.325],[83.038,28.324],[83.034,28.323],[83.032,28.324],[83.03,28.324],[83.026,28.325],[83.024,28.326],[83.022,28.327],[83.02,28.329],[83.017,28.334],[83.016,28.335],[83.014,28.334],[83.013,28.333],[83.012,28.333],[83.009,28.334],[83.009,28.333],[83.009,28.334],[83.007,28.335],[83.007,28.335],[83.006,28.336],[83.006,28.336],[83.004,28.336],[83.003,28.339],[83.001,28.341],[83.0,28.345],[82.998,28.347],[82.995,28.351],[82.993,28.352],[82.992,28.353],[82.989,28.355],[82.987,28.356],[82.985,28.358],[82.983,28.359],[82.981,28.359],[82.979,28.36],[82.973,28.359],[82.971,28.359],[82.969,28.359],[82.965,28.358],[82.962,28.359],[82.96,28.36],[82.959,28.362],[82.957,28.365],[82.957,28.369],[82.956,28.371],[82.954,28.376],[82.953,28.377],[82.952,28.38],[82.952,28.381],[82.951,28.383],[82.949,28.387],[82.948,28.389],[82.947,28.393],[82.946,28.395],[82.943,28.4],[82.94,28.401],[82.939,28.401],[82.935,28.401],[82.932,28.401],[82.929,28.401],[82.926,28.4],[82.924,28.401],[82.922,28.401],[82.921,28.404],[82.921,28.407],[82.921,28.41],[82.922,28.412],[82.922,28.417],[82.92,28.42],[82.919,28.421],[82.917,28.424],[82.916,28.426],[82.916,28.429],[82.916,28.432],[82.916,28.435],[82.915,28.438],[82.913,28.439],[82.912,28.441],[82.909,28.444],[82.907,28.446],[82.905,28.447],[82.902,28.448],[82.893,28.451],[82.891,28.452],[82.89,28.454],[82.889,28.457],[82.889,28.459],[82.888,28.46],[82.887,28.462],[82.886,28.464],[82.886,28.467],[82.886,28.47],[82.885,28.473],[82.884,28.475],[82.884,28.476]]]}},{"type":"Feature","properties":{"id":"Myagdi","name":"Myagdi","hq":"Beni","province_id":4,"province":"Gandaki","level":"district"},"geometry":{"type":"Polygon","coordinates":[[[83.49,28.79],[83.497,28.79],[83.503,28.791],[83.507,28.792],[83.509,28.791],[83.514,28.789],[83.516,28.788],[83.519,28.786],[83.522,28.785],[83.526,28.783],[83.529,28.782],[83.53,28.782],[83.533,28.781],[83.535,28.78],[83.541,28.778],[83.545,28.777],[83.55,28.776],[83.553,28.775],[83.556,28.774],[83.558,28.772],[83.56,28.768],[83.561,28.766],[83.561,28.763],[83.561,28.76],[83.56,28.757],[83.56,28.756],[83.56,28.755],[83.561,28.753],[83.563,28.75],[83.564,28.747],[83.563,28.744],[83.562,28.742],[83.56,28.739],[83.558,28.737],[83.556,28.734],[83.554,28.731],[83.553,28.729],[83.552,28.726],[83.55,28.724],[83.548,28.721],[83.547,28.719],[83.545,28.716],[83.544,28.714],[83.543,28.711],[83.542,28.71],[83.541,28.706],[83.54,28.704],[83.539,28.7],[83.538,28.698],[83.536,28.695],[83.536,28.693],[83.535,28.69],[83.535,28.687],[83.536,28.685],[83.537,28.684],[83.538,28.681],[83.54,28.678],[83.541,28.675],[83.542,28.672],[83.543,28.668],[83.544,28.665],[83.545,28.662],[83.546,28.658],[83.547,28.656],[83.55,28.652],[83.551,28.651],[83.554,28.65],[83.557,28.649],[83.559,28.648],[83.561,28.646],[83.563,28.645],[83.564,28.643],[83.566,28.638],[83.567,28.635],[83.567,28.632],[83.568,28.629],[83.568,28.626],[83.568,28.623],[83.568,28.62],[83.568,28.618],[83.568,28.614],[83.568,28.612],[83.569,28.609],[83.57,28.606],[83.571,28.606],[83.572,28.601],[83.574,28.597],[83.575,28.594],[83.577,28.591],[83.578,28.589],[83.581,28.587],[83.583,28.584],[83.586,28.583],[83.59,28.584],[83.591,28.585],[83.593,28.587],[83.596,28.588],[83.6,28.588],[83.602,28.588],[83.61,28.586],[83.613,28.584],[83.619,28.583],[83.621,28.581],[83.625,28.58],[83.629,28.578],[83.633,28.578],[83.636,28.578],[83.64,28.578],[83.643,28.579],[83.645,28.579],[83.648,28.58],[83.649,28.579],[83.65,28.578],[83.65,28.576],[83.652,28.573],[83.656,28.573],[83.66,28.573],[83.664,28.574],[83.667,28.575],[83.671,28.576],[83.674,28.576],[83.678,28.579],[83.679,28.581],[83.681,28.584],[83.682,28.587],[83.683,28.59],[83.683,28.592],[83.684,28.596],[83.685,28.598],[83.687,28.602],[83.687,28.605],[83.688,28.608],[83.689,28.61],[83.691,28.611],[83.694,28.612],[83.697,28.613],[83.698,28.615],[83.7,28.616],[83.701,28.618],[83.703,28.62],[83.704,28.623],[83.705,28.625],[83.707,28.628],[83.708,28.63],[83.709,28.634],[83.711,28.637],[83.712,28.638],[83.714,28.64],[83.715,28.642],[83.717,28.645],[83.719,28.647],[83.721,28.649],[83.724,28.65],[83.726,28.651],[83.729,28.652],[83.731,28.653],[83.732,28.654],[83.733,28.656],[83.734,28.658],[83.733,28.66],[83.732,28.663],[83.733,28.666],[83.734,28.669],[83.736,28.671],[83.738,28.672],[83.741,28.674],[83.742,28.676],[83.742,28.679],[83.742,28.681],[83.743,28.684],[83.744,28.686],[83.746,28.687],[83.749,28.688],[83.751,28.688],[83.754,28.688],[83.762,28.687],[83.766,28.687],[83.769,28.687],[83.773,28.688],[83.775,28.688],[83.779,28.689],[83.782,28.69],[83.785,28.691],[83.788,28.691],[83.789,28.691],[83.792,28.691],[83.793,28.692],[83.796,28.69],[83.799,28.689],[83.803,28.687],[83.806,28.686],[83.814,28.683],[83.817,28.681],[83.82,28.679],[83.825,28.677],[83.827,28.675],[83.831,28.673],[83.833,28.672],[83.836,28.67],[83.838,28.667],[83.841,28.665],[83.843,28.662],[83.845,28.66],[83.848,28.657],[83.849,28.656],[83.851,28.655],[83.854,28.651],[83.856,28.649],[83.858,28.647],[83.86,28.644],[83.862,28.642],[83.863,28.639],[83.865,28.637],[83.867,28.634],[83.869,28.63],[83.87,28.628],[83.872,28.625],[83.873,28.623],[83.873,28.622],[83.874,28.62],[83.875,28.618],[83.875,28.616],[83.868,28.613],[83.861,28.61],[83.856,28.608],[83.852,28.607],[83.849,28.605],[83.845,28.604],[83.841,28.602],[83.836,28.6],[83.832,28.599],[83.827,28.597],[83.823,28.595],[83.819,28.593],[83.814,28.59],[83.81,28.587],[83.808,28.585],[83.806,28.582],[83.805,28.578],[83.805,28.574],[83.806,28.57],[83.808,28.566],[83.81,28.563],[83.814,28.56],[83.817,28.557],[83.821,28.553],[83.824,28.551],[83.827,28.548],[83.829,28.546],[83.83,28.542],[83.831,28.539],[83.831,28.536],[83.831,28.532],[83.829,28.529],[83.827,28.527],[83.823,28.523],[83.82,28.522],[83.818,28.52],[83.815,28.519],[83.811,28.518],[83.808,28.518],[83.805,28.518],[83.801,28.516],[83.798,28.513],[83.796,28.51],[83.795,28.507],[83.79,28.502],[83.787,28.499],[83.785,28.495],[83.784,28.493],[83.781,28.488],[83.78,28.486],[83.779,28.482],[83.776,28.48],[83.771,28.478],[83.768,28.477],[83.765,28.476],[83.76,28.474],[83.756,28.472],[83.755,28.469],[83.753,28.465],[83.753,28.462],[83.752,28.457],[83.751,28.453],[83.749,28.449],[83.747,28.445],[83.746,28.442],[83.743,28.439],[83.742,28.436],[83.74,28.432],[83.739,28.428],[83.738,28.425],[83.738,28.421],[83.739,28.416],[83.74,28.412],[83.74,28.408],[83.74,28.405],[83.738,28.401],[83.736,28.399],[83.732,28.397],[83.727,28.396],[83.723,28.396],[83.72,28.397],[83.716,28.399],[83.712,28.4],[83.709,28.402],[83.706,28.401],[83.705,28.4],[83.703,28.4],[83.7,28.401],[83.699,28.4],[83.698,28.4],[83.696,28.399],[83.693,28.398],[83.691,28.396],[83.689,28.394],[83.687,28.391],[83.686,28.388],[83.685,28.385],[83.683,28.381],[83.682,28.378],[83.681,28.375],[83.68,28.372],[83.679,28.37],[83.677,28.368],[83.676,28.365],[83.676,28.363],[83.674,28.361],[83.673,28.359],[83.671,28.357],[83.67,28.354],[83.669,28.352],[83.667,28.35],[83.664,28.349],[83.662,28.347],[83.661,28.347],[83.658,28.347],[83.655,28.348],[83.653,28.349],[83.651,28.35],[83.649,28.352],[83.646,28.354],[83.643,28.359],[83.642,28.36],[83.641,28.363],[83.639,28.366],[83.637,28.368],[83.636,28.369],[83.635,28.37],[83.633,28.373],[83.631,28.374],[83.628,28.378],[83.627,28.379],[83.626,28.38],[83.625,28.382],[83.622,28.383],[83.619,28.383],[83.617,28.382],[83.613,28.382],[83.611,28.382],[83.609,28.383],[83.607,28.384],[83.604,28.385],[83.603,28.385],[83.6,28.385],[83.599,28.385],[83.595,28.384],[83.592,28.382],[83.591,28.382],[83.59,28.381],[83.589,28.38],[83.587,28.38],[83.586,28.378],[83.585,28.378],[83.581,28.375],[83.574,28.372],[83.573,28.37],[83.572,28.368],[83.572,28.366],[83.571,28.363],[83.571,28.362],[83.571,28.359],[83.571,28.357],[83.571,28.355],[83.572,28.35],[83.573,28.339],[83.575,28.338],[83.577,28.338],[83.579,28.337],[83.581,28.336],[83.582,28.334],[83.585,28.331],[83.593,28.326],[83.594,28.324],[83.595,28.323],[83.596,28.322],[83.597,28.32],[83.599,28.319],[83.6,28.318],[83.601,28.316],[83.603,28.314],[83.604,28.313],[83.604,28.312],[83.605,28.309],[83.605,28.308],[83.606,28.306],[83.606,28.304],[83.607,28.301],[83.606,28.298],[83.604,28.298],[83.603,28.299],[83.601,28.3],[83.6,28.3],[83.598,28.301],[83.597,28.302],[83.596,28.303],[83.593,28.305],[83.591,28.307],[83.589,28.308],[83.587,28.309],[83.584,28.31],[83.583,28.31],[83.581,28.311],[83.58,28.312],[83.578,28.313],[83.577,28.313],[83.574,28.314],[83.573,28.315],[83.571,28.315],[83.569,28.316],[83.567,28.316],[83.565,28.316],[83.564,28.316],[83.562,28.316],[83.561,28.316],[83.559,28.316],[83.557,28.315],[83.554,28.315],[83.553,28.315],[83.551,28.314],[83.55,28.313],[83.548,28.312],[83.545,28.31],[83.543,28.309],[83.542,28.309],[83.54,28.309],[83.538,28.309],[83.537,28.31],[83.534,28.312],[83.532,28.313],[83.531,28.314],[83.527,28.316],[83.524,28.317],[83.52,28.316],[83.517,28.317],[83.513,28.319],[83.51,28.321],[83.508,28.322],[83.505,28.324],[83.503,28.324],[83.498,28.324],[83.494,28.323],[83.491,28.323],[83.486,28.323],[83.483,28.323],[83.48,28.323],[83.475,28.324],[83.472,28.325],[83.471,28.325],[83.467,28.326],[83.463,28.326],[83.46,28.326],[83.457,28.327],[83.454,28.327],[83.451,28.327],[83.449,28.328],[83.447,28.331],[83.446,28.333],[83.445,28.337],[83.444,28.339],[83.442,28.34],[83.439,28.341],[83.437,28.341],[83.435,28.341],[83.431,28.341],[83.428,28.342],[83.427,28.344],[83.424,28.347],[83.422,28.35],[83.421,28.352],[83.416,28.355],[83.414,28.356],[83.412,28.356],[83.41,28.356],[83.406,28.355],[83.404,28.355],[83.4,28.354],[83.396,28.354],[83.394,28.356],[83.392,28.357],[83.391,28.357],[83.387,28.355],[83.385,28.355],[83.382,28.356],[83.38,28.359],[83.378,28.361],[83.376,28.362],[83.374,28.364],[83.371,28.366],[83.367,28.368],[83.364,28.368],[83.359,28.37],[83.355,28.37],[83.353,28.37],[83.35,28.37],[83.347,28.369],[83.344,28.368],[83.34,28.366],[83.338,28.365],[83.333,28.363],[83.329,28.362],[83.326,28.359],[83.323,28.357],[83.32,28.356],[83.317,28.355],[83.312,28.354],[83.309,28.355],[83.308,28.355],[83.306,28.355],[83.304,28.357],[83.302,28.36],[83.3,28.362],[83.297,28.363],[83.294,28.364],[83.291,28.365],[83.289,28.368],[83.289,28.369],[83.287,28.376],[83.286,28.378],[83.286,28.38],[83.286,28.384],[83.287,28.386],[83.288,28.389],[83.29,28.392],[83.293,28.394],[83.294,28.397],[83.295,28.4],[83.296,28.403],[83.297,28.406],[83.299,28.408],[83.301,28.411],[83.301,28.413],[83.301,28.416],[83.299,28.419],[83.296,28.421],[83.293,28.423],[83.291,28.425],[83.288,28.43],[83.287,28.432],[83.285,28.433],[83.283,28.436],[83.282,28.44],[83.284,28.442],[83.287,28.444],[83.29,28.445],[83.293,28.446],[83.296,28.447],[83.3,28.448],[83.302,28.45],[83.304,28.453],[83.304,28.456],[83.304,28.459],[83.303,28.463],[83.301,28.466],[83.3,28.468],[83.298,28.47],[83.294,28.473],[83.292,28.474],[83.29,28.476],[83.288,28.479],[83.287,28.481],[83.284,28.485],[83.283,28.488],[83.28,28.491],[83.278,28.492],[83.276,28.493],[83.274,28.494],[83.268,28.495],[83.265,28.495],[83.262,28.495],[83.261,28.496],[83.257,28.497],[83.255,28.498],[83.252,28.501],[83.25,28.504],[83.248,28.505],[83.245,28.506],[83.243,28.507],[83.239,28.509],[83.238,28.51],[83.235,28.513],[83.232,28.514],[83.23,28.514],[83.228,28.514],[83.224,28.514],[83.222,28.513],[83.219,28.511],[83.217,28.51],[83.215,28.507],[83.212,28.504],[83.21,28.502],[83.208,28.5],[83.205,28.499],[83.203,28.498],[83.2,28.498],[83.198,28.498],[83.195,28.498],[83.192,28.497],[83.187,28.496],[83.185,28.495],[83.184,28.495],[83.182,28.494],[83.18,28.494],[83.177,28.493],[83.176,28.493],[83.173,28.492],[83.171,28.493],[83.169,28.493],[83.166,28.495],[83.164,28.495],[83.162,28.495],[83.158,28.495],[83.155,28.495],[83.154,28.495],[83.152,28.495],[83.151,28.495],[83.149,28.495],[83.147,28.495],[83.143,28.495],[83.137,28.494],[83.138,28.497],[83.138,28.497],[83.138,28.498],[83.138,28.5],[83.137,28.501],[83.137,28.502],[83.138,28.504],[83.138,28.505],[83.137,28.508],[83.137,28.51],[83.136,28.511],[83.136,28.513],[83.135,28.515],[83.133,28.516],[83.133,28.518],[83.132,28.52],[83.131,28.522],[83.131,28.524],[83.131,28.526],[83.129,28.529],[83.126,28.532],[83.125,28.532],[83.124,28.532],[83.123,28.533],[83.121,28.534],[83.119,28.534],[83.118,28.535],[83.117,28.536],[83.116,28.537],[83.114,28.538],[83.113,28.539],[83.111,28.54],[83.109,28.541],[83.107,28.541],[83.107,28.545],[83.107,28.546],[83.107,28.547],[83.107,28.548],[83.107,28.549],[83.106,28.551],[83.106,28.552],[83.106,28.554],[83.105,28.557],[83.105,28.559],[83.104,28.56],[83.104,28.562],[83.104,28.565],[83.105,28.567],[83.107,28.569],[83.11,28.571],[83.113,28.572],[83.114,28.574],[83.114,28.577],[83.114,28.579],[83.113,28.583],[83.113,28.585],[83.113,28.588],[83.113,28.591],[83.112,28.593],[83.112,28.595],[83.11,28.598],[83.109,28.601],[83.107,28.604],[83.106,28.606],[83.106,28.609],[83.108,28.612],[83.109,28.614],[83.11,28.617],[83.11,28.619],[83.109,28.623],[83.109,28.625],[83.11,28.627],[83.112,28.628],[83.113,28.628],[83.116,28.628],[83.115,28.629],[83.116,28.633],[83.116,28.639],[83.12,28.647],[83.122,28.65],[83.124,28.654],[83.123,28.657],[83.123,28.662],[83.123,28.666],[83.122,28.67],[83.125,28.674],[83.129,28.673],[83.133,28.672],[83.14,28.674],[83.143,28.678],[83.143,28.682],[83.143,28.687],[83.144,28.692],[83.15,28.694],[83.151,28.695],[83.152,28.699],[83.151,28.704],[83.15,28.709],[83.147,28.715],[83.145,28.722],[83.143,28.73],[83.143,28.738],[83.143,28.74],[83.147,28.746],[83.149,28.746],[83.151,28.746],[83.154,28.747],[83.156,28.747],[83.159,28.747],[83.162,28.746],[83.165,28.746],[83.168,28.746],[83.17,28.745],[83.174,28.746],[83.176,28.746],[83.179,28.745],[83.182,28.744],[83.185,28.743],[83.188,28.742],[83.19,28.741],[83.192,28.741],[83.194,28.74],[83.197,28.739],[83.199,28.739],[83.201,28.737],[83.202,28.736],[83.204,28.735],[83.207,28.733],[83.209,28.733],[83.21,28.732],[83.212,28.732],[83.213,28.731],[83.215,28.732],[83.218,28.733],[83.22,28.734],[83.222,28.735],[83.223,28.736],[83.225,28.739],[83.228,28.741],[83.231,28.742],[83.233,28.743],[83.236,28.743],[83.238,28.741],[83.24,28.74],[83.242,28.737],[83.244,28.735],[83.245,28.734],[83.247,28.733],[83.248,28.732],[83.249,28.73],[83.251,28.728],[83.253,28.727],[83.254,28.726],[83.257,28.724],[83.259,28.724],[83.261,28.724],[83.264,28.723],[83.267,28.723],[83.269,28.722],[83.272,28.722],[83.275,28.721],[83.278,28.721],[83.28,28.722],[83.283,28.723],[83.286,28.725],[83.289,28.726],[83.294,28.728],[83.299,28.73],[83.302,28.73],[83.306,28.732],[83.311,28.733],[83.314,28.734],[83.316,28.734],[83.32,28.734],[83.324,28.734],[83.326,28.735],[83.33,28.735],[83.333,28.736],[83.336,28.737],[83.34,28.737],[83.342,28.736],[83.347,28.735],[83.348,28.735],[83.351,28.734],[83.353,28.734],[83.356,28.733],[83.358,28.733],[83.36,28.733],[83.363,28.733],[83.365,28.734],[83.367,28.735],[83.369,28.737],[83.372,28.741],[83.374,28.744],[83.377,28.748],[83.379,28.751],[83.382,28.755],[83.384,28.757],[83.388,28.759],[83.391,28.761],[83.394,28.762],[83.399,28.762],[83.402,28.761],[83.404,28.761],[83.406,28.761],[83.41,28.762],[83.414,28.763],[83.418,28.765],[83.422,28.766],[83.426,28.767],[83.433,28.769],[83.436,28.769],[83.44,28.77],[83.444,28.77],[83.447,28.771],[83.451,28.771],[83.455,28.773],[83.458,28.774],[83.461,28.777],[83.464,28.78],[83.467,28.782],[83.47,28.782],[83.473,28.784],[83.475,28.784],[83.478,28.785],[83.482,28.785],[83.488,28.787],[83.49,28.79]]]}},{"type":"Feature","properties":{"id":"Parbat","name":"Parbat","hq":"Kusma","province_id":4,"province":"Gandaki","level":"district"},"geometry":{"type":"Polygon","coordinates":[[[83.606,28.298],[83.607,28.301],[83.606,28.304],[83.606,28.306],[83.605,28.308],[83.605,28.309],[83.604,28.312],[83.604,28.313],[83.603,28.314],[83.601,28.316],[83.6,28.318],[83.599,28.319],[83.597,28.32],[83.596,28.322],[83.595,28.323],[83.594,28.324],[83.593,28.326],[83.585,28.331],[83.582,28.334],[83.581,28.336],[83.579,28.337],[83.577,28.338],[83.575,28.338],[83.573,28.339],[83.572,28.35],[83.571,28.355],[83.571,28.357],[83.571,28.359],[83.571,28.362],[83.571,28.363],[83.572,28.366],[83.572,28.368],[83.573,28.37],[83.574,28.372],[83.581,28.375],[83.585,28.378],[83.586,28.378],[83.587,28.38],[83.589,28.38],[83.59,28.381],[83.591,28.382],[83.592,28.382],[83.595,28.384],[83.599,28.385],[83.6,28.385],[83.603,28.385],[83.604,28.385],[83.607,28.384],[83.609,28.383],[83.611,28.382],[83.613,28.382],[83.617,28.382],[83.619,28.383],[83.622,28.383],[83.625,28.382],[83.626,28.38],[83.627,28.379],[83.628,28.378],[83.631,28.374],[83.633,28.373],[83.635,28.37],[83.636,28.369],[83.637,28.368],[83.639,28.366],[83.641,28.363],[83.642,28.36],[83.643,28.359],[83.646,28.354],[83.649,28.352],[83.651,28.35],[83.653,28.349],[83.655,28.348],[83.658,28.347],[83.661,28.347],[83.662,28.347],[83.664,28.349],[83.667,28.35],[83.669,28.352],[83.67,28.354],[83.671,28.357],[83.673,28.359],[83.674,28.361],[83.676,28.363],[83.676,28.365],[83.677,28.368],[83.679,28.37],[83.68,28.372],[83.681,28.375],[83.682,28.378],[83.683,28.381],[83.685,28.385],[83.686,28.388],[83.687,28.391],[83.689,28.394],[83.691,28.396],[83.693,28.398],[83.696,28.399],[83.698,28.4],[83.699,28.4],[83.7,28.401],[83.703,28.4],[83.705,28.4],[83.703,28.399],[83.703,28.397],[83.703,28.394],[83.706,28.391],[83.708,28.389],[83.709,28.387],[83.711,28.384],[83.714,28.382],[83.716,28.38],[83.72,28.379],[83.722,28.377],[83.726,28.375],[83.728,28.372],[83.729,28.369],[83.729,28.366],[83.729,28.363],[83.729,28.36],[83.733,28.356],[83.735,28.354],[83.737,28.351],[83.739,28.35],[83.74,28.348],[83.741,28.346],[83.743,28.341],[83.742,28.339],[83.742,28.338],[83.742,28.337],[83.742,28.335],[83.743,28.334],[83.744,28.333],[83.746,28.331],[83.747,28.33],[83.749,28.329],[83.751,28.327],[83.753,28.325],[83.755,28.324],[83.756,28.323],[83.756,28.322],[83.758,28.321],[83.759,28.32],[83.76,28.319],[83.761,28.318],[83.762,28.316],[83.765,28.314],[83.767,28.313],[83.769,28.311],[83.77,28.311],[83.772,28.31],[83.773,28.31],[83.774,28.31],[83.776,28.309],[83.777,28.308],[83.778,28.307],[83.778,28.306],[83.778,28.306],[83.778,28.306],[83.779,28.305],[83.776,28.303],[83.771,28.298],[83.768,28.296],[83.766,28.294],[83.768,28.291],[83.773,28.289],[83.775,28.288],[83.776,28.288],[83.777,28.287],[83.779,28.286],[83.779,28.284],[83.778,28.282],[83.777,28.28],[83.776,28.278],[83.775,28.276],[83.774,28.275],[83.774,28.274],[83.775,28.273],[83.776,28.27],[83.779,28.27],[83.782,28.269],[83.784,28.269],[83.787,28.268],[83.79,28.267],[83.793,28.266],[83.797,28.265],[83.799,28.265],[83.801,28.264],[83.803,28.263],[83.805,28.263],[83.807,28.263],[83.81,28.263],[83.811,28.262],[83.814,28.262],[83.815,28.262],[83.817,28.261],[83.821,28.26],[83.827,28.258],[83.827,28.253],[83.825,28.25],[83.823,28.246],[83.819,28.243],[83.815,28.239],[83.812,28.237],[83.81,28.235],[83.809,28.234],[83.806,28.232],[83.805,28.23],[83.802,28.228],[83.804,28.225],[83.805,28.223],[83.805,28.22],[83.805,28.219],[83.805,28.216],[83.805,28.214],[83.804,28.213],[83.803,28.211],[83.802,28.209],[83.801,28.207],[83.799,28.205],[83.797,28.204],[83.796,28.203],[83.794,28.2],[83.79,28.198],[83.786,28.197],[83.784,28.197],[83.782,28.198],[83.778,28.2],[83.776,28.201],[83.774,28.202],[83.772,28.202],[83.77,28.2],[83.768,28.197],[83.766,28.194],[83.764,28.191],[83.762,28.189],[83.762,28.188],[83.761,28.185],[83.761,28.182],[83.762,28.18],[83.763,28.177],[83.764,28.176],[83.766,28.174],[83.767,28.172],[83.768,28.17],[83.766,28.169],[83.763,28.169],[83.761,28.169],[83.758,28.169],[83.755,28.167],[83.752,28.164],[83.749,28.161],[83.747,28.157],[83.746,28.153],[83.745,28.15],[83.744,28.149],[83.74,28.149],[83.736,28.148],[83.732,28.146],[83.729,28.144],[83.726,28.141],[83.721,28.14],[83.717,28.137],[83.715,28.135],[83.711,28.132],[83.71,28.129],[83.709,28.126],[83.709,28.122],[83.709,28.12],[83.713,28.117],[83.716,28.115],[83.719,28.112],[83.722,28.11],[83.725,28.11],[83.73,28.109],[83.733,28.108],[83.735,28.106],[83.738,28.104],[83.738,28.102],[83.739,28.099],[83.738,28.097],[83.735,28.095],[83.733,28.094],[83.731,28.092],[83.728,28.09],[83.723,28.087],[83.722,28.086],[83.718,28.085],[83.715,28.084],[83.711,28.083],[83.709,28.082],[83.708,28.079],[83.709,28.075],[83.709,28.073],[83.71,28.072],[83.713,28.066],[83.715,28.065],[83.719,28.064],[83.721,28.063],[83.722,28.062],[83.719,28.059],[83.717,28.058],[83.713,28.054],[83.708,28.051],[83.705,28.048],[83.702,28.044],[83.7,28.041],[83.7,28.038],[83.7,28.033],[83.7,28.029],[83.701,28.027],[83.701,28.025],[83.699,28.025],[83.695,28.023],[83.691,28.021],[83.688,28.02],[83.686,28.017],[83.684,28.015],[83.681,28.014],[83.678,28.014],[83.675,28.015],[83.671,28.014],[83.668,28.014],[83.664,28.013],[83.66,28.014],[83.654,28.014],[83.651,28.012],[83.649,28.007],[83.648,28.006],[83.647,28.004],[83.646,28.002],[83.645,27.999],[83.641,28.0],[83.637,28.003],[83.635,28.004],[83.633,28.006],[83.631,28.007],[83.628,28.008],[83.626,28.009],[83.625,28.01],[83.621,28.011],[83.617,28.013],[83.615,28.012],[83.613,28.012],[83.612,28.011],[83.611,28.011],[83.611,28.012],[83.61,28.013],[83.609,28.013],[83.608,28.014],[83.606,28.016],[83.605,28.017],[83.604,28.019],[83.602,28.02],[83.601,28.02],[83.599,28.022],[83.597,28.023],[83.597,28.023],[83.595,28.026],[83.593,28.027],[83.591,28.027],[83.589,28.029],[83.587,28.031],[83.585,28.032],[83.582,28.033],[83.578,28.033],[83.574,28.033],[83.571,28.034],[83.569,28.035],[83.567,28.036],[83.567,28.038],[83.567,28.04],[83.567,28.042],[83.566,28.046],[83.566,28.048],[83.567,28.05],[83.568,28.053],[83.568,28.055],[83.569,28.059],[83.569,28.062],[83.57,28.065],[83.571,28.066],[83.573,28.067],[83.574,28.068],[83.576,28.07],[83.578,28.072],[83.579,28.074],[83.581,28.075],[83.582,28.076],[83.584,28.078],[83.587,28.079],[83.588,28.079],[83.589,28.079],[83.59,28.079],[83.591,28.079],[83.592,28.08],[83.594,28.081],[83.595,28.083],[83.596,28.085],[83.597,28.087],[83.599,28.089],[83.6,28.091],[83.601,28.093],[83.603,28.096],[83.604,28.098],[83.605,28.099],[83.605,28.101],[83.606,28.103],[83.607,28.105],[83.608,28.107],[83.609,28.109],[83.611,28.111],[83.613,28.112],[83.615,28.114],[83.617,28.115],[83.619,28.116],[83.621,28.117],[83.623,28.119],[83.626,28.121],[83.628,28.122],[83.631,28.125],[83.633,28.127],[83.635,28.129],[83.636,28.131],[83.638,28.133],[83.64,28.135],[83.64,28.137],[83.641,28.14],[83.641,28.142],[83.641,28.146],[83.64,28.149],[83.64,28.152],[83.641,28.153],[83.641,28.154],[83.641,28.156],[83.642,28.159],[83.643,28.161],[83.644,28.163],[83.645,28.165],[83.646,28.17],[83.646,28.174],[83.646,28.177],[83.646,28.178],[83.647,28.179],[83.648,28.18],[83.649,28.182],[83.65,28.183],[83.652,28.185],[83.653,28.187],[83.655,28.189],[83.657,28.19],[83.659,28.192],[83.661,28.194],[83.663,28.196],[83.665,28.197],[83.667,28.199],[83.668,28.2],[83.671,28.201],[83.674,28.203],[83.674,28.206],[83.674,28.208],[83.675,28.209],[83.676,28.211],[83.677,28.214],[83.677,28.215],[83.677,28.217],[83.677,28.219],[83.677,28.221],[83.676,28.224],[83.675,28.226],[83.674,28.228],[83.671,28.23],[83.67,28.231],[83.668,28.232],[83.667,28.233],[83.664,28.233],[83.663,28.235],[83.66,28.237],[83.659,28.237],[83.657,28.237],[83.654,28.237],[83.651,28.238],[83.649,28.239],[83.646,28.241],[83.643,28.244],[83.642,28.245],[83.641,28.246],[83.638,28.247],[83.637,28.247],[83.634,28.248],[83.632,28.249],[83.631,28.249],[83.628,28.25],[83.627,28.251],[83.625,28.252],[83.623,28.253],[83.621,28.256],[83.62,28.257],[83.619,28.258],[83.618,28.259],[83.616,28.261],[83.616,28.263],[83.614,28.266],[83.614,28.268],[83.613,28.27],[83.611,28.274],[83.61,28.275],[83.61,28.277],[83.61,28.28],[83.61,28.281],[83.61,28.283],[83.611,28.285],[83.61,28.287],[83.609,28.288],[83.608,28.289],[83.607,28.291],[83.607,28.295],[83.606,28.298]]]}},{"type":"Feature","properties":{"id":"Mustang","name":"Mustang","hq":"Jomsom","province_id":4,"province":"Gandaki","level":"district"},"geometry":{"type":"Polygon","coordinates":[[[83.661,29.178],[83.662,29.18],[83.662,29.182],[83.661,29.183],[83.661,29.185],[83.661,29.187],[83.66,29.189],[83.66,29.192],[83.659,29.193],[83.658,29.197],[83.657,29.199],[83.657,29.201],[83.657,29.203],[83.658,29.204],[83.66,29.204],[83.662,29.205],[83.665,29.205],[83.666,29.206],[83.67,29.206],[83.672,29.207],[83.675,29.208],[83.676,29.208],[83.678,29.209],[83.681,29.21],[83.682,29.211],[83.685,29.213],[83.686,29.213],[83.688,29.215],[83.689,29.215],[83.691,29.217],[83.693,29.22],[83.694,29.222],[83.696,29.223],[83.698,29.225],[83.699,29.227],[83.701,29.229],[83.703,29.232],[83.704,29.234],[83.706,29.236],[83.708,29.238],[83.711,29.241],[83.714,29.243],[83.717,29.244],[83.72,29.245],[83.724,29.245],[83.725,29.245],[83.728,29.245],[83.73,29.245],[83.735,29.245],[83.738,29.245],[83.741,29.245],[83.745,29.245],[83.747,29.244],[83.749,29.244],[83.753,29.244],[83.756,29.244],[83.758,29.244],[83.761,29.244],[83.765,29.243],[83.766,29.243],[83.768,29.243],[83.771,29.245],[83.773,29.246],[83.775,29.247],[83.778,29.248],[83.78,29.247],[83.784,29.246],[83.785,29.247],[83.788,29.248],[83.79,29.249],[83.791,29.25],[83.794,29.25],[83.796,29.25],[83.798,29.25],[83.799,29.251],[83.8,29.254],[83.801,29.256],[83.803,29.258],[83.803,29.26],[83.803,29.262],[83.802,29.264],[83.801,29.267],[83.8,29.27],[83.799,29.272],[83.798,29.275],[83.798,29.277],[83.798,29.279],[83.799,29.282],[83.802,29.283],[83.805,29.284],[83.807,29.285],[83.809,29.286],[83.81,29.288],[83.812,29.29],[83.813,29.293],[83.813,29.295],[83.813,29.297],[83.814,29.3],[83.815,29.301],[83.819,29.303],[83.821,29.303],[83.824,29.303],[83.826,29.302],[83.828,29.301],[83.832,29.301],[83.835,29.301],[83.837,29.301],[83.839,29.301],[83.842,29.301],[83.843,29.3],[83.845,29.3],[83.846,29.3],[83.848,29.3],[83.85,29.3],[83.853,29.301],[83.855,29.302],[83.856,29.305],[83.857,29.306],[83.861,29.31],[83.864,29.311],[83.867,29.312],[83.87,29.313],[83.874,29.314],[83.877,29.315],[83.88,29.316],[83.883,29.317],[83.886,29.318],[83.888,29.319],[83.891,29.32],[83.893,29.32],[83.896,29.32],[83.898,29.32],[83.9,29.32],[83.901,29.322],[83.903,29.323],[83.904,29.325],[83.908,29.325],[83.911,29.325],[83.913,29.325],[83.922,29.324],[83.924,29.323],[83.927,29.321],[83.929,29.32],[83.931,29.32],[83.936,29.32],[83.94,29.319],[83.942,29.319],[83.945,29.318],[83.948,29.318],[83.951,29.318],[83.953,29.319],[83.955,29.321],[83.957,29.324],[83.959,29.326],[83.961,29.328],[83.962,29.329],[83.964,29.33],[83.966,29.331],[83.97,29.331],[83.972,29.33],[83.975,29.329],[83.981,29.327],[83.984,29.325],[83.987,29.324],[83.99,29.323],[83.993,29.321],[83.996,29.319],[83.997,29.318],[84.0,29.317],[84.001,29.316],[84.003,29.314],[84.003,29.313],[84.002,29.31],[84.0,29.308],[83.998,29.307],[83.995,29.305],[83.993,29.304],[83.992,29.302],[83.991,29.301],[83.992,29.299],[83.999,29.297],[84.002,29.295],[84.005,29.295],[84.008,29.296],[84.01,29.295],[84.012,29.293],[84.014,29.292],[84.017,29.29],[84.019,29.29],[84.02,29.29],[84.023,29.288],[84.025,29.288],[84.026,29.287],[84.028,29.288],[84.029,29.289],[84.03,29.292],[84.031,29.293],[84.033,29.295],[84.036,29.297],[84.039,29.298],[84.04,29.299],[84.042,29.3],[84.043,29.301],[84.045,29.301],[84.047,29.301],[84.05,29.3],[84.052,29.298],[84.054,29.296],[84.059,29.293],[84.061,29.292],[84.064,29.29],[84.066,29.29],[84.068,29.288],[84.071,29.287],[84.074,29.287],[84.076,29.286],[84.08,29.287],[84.082,29.288],[84.083,29.291],[84.085,29.293],[84.088,29.294],[84.09,29.294],[84.093,29.294],[84.094,29.294],[84.101,29.29],[84.105,29.288],[84.108,29.287],[84.112,29.285],[84.115,29.284],[84.117,29.283],[84.119,29.281],[84.121,29.279],[84.122,29.277],[84.122,29.276],[84.122,29.272],[84.121,29.27],[84.12,29.269],[84.118,29.266],[84.117,29.265],[84.116,29.263],[84.115,29.262],[84.115,29.261],[84.116,29.259],[84.115,29.255],[84.114,29.252],[84.115,29.25],[84.116,29.248],[84.119,29.248],[84.122,29.247],[84.126,29.247],[84.128,29.246],[84.13,29.245],[84.132,29.244],[84.134,29.242],[84.136,29.24],[84.138,29.24],[84.142,29.239],[84.144,29.239],[84.147,29.239],[84.151,29.24],[84.153,29.241],[84.158,29.242],[84.161,29.243],[84.164,29.244],[84.166,29.244],[84.168,29.243],[84.174,29.241],[84.176,29.24],[84.178,29.24],[84.181,29.24],[84.185,29.242],[84.188,29.244],[84.19,29.245],[84.193,29.245],[84.197,29.245],[84.199,29.244],[84.203,29.243],[84.205,29.242],[84.204,29.239],[84.203,29.236],[84.203,29.233],[84.202,29.23],[84.201,29.227],[84.201,29.226],[84.201,29.221],[84.201,29.218],[84.2,29.216],[84.199,29.214],[84.198,29.213],[84.197,29.212],[84.192,29.21],[84.188,29.21],[84.185,29.21],[84.183,29.209],[84.18,29.208],[84.178,29.206],[84.176,29.204],[84.173,29.202],[84.171,29.201],[84.169,29.199],[84.169,29.197],[84.169,29.195],[84.168,29.192],[84.167,29.19],[84.167,29.187],[84.167,29.185],[84.167,29.182],[84.168,29.181],[84.17,29.175],[84.171,29.172],[84.17,29.169],[84.17,29.166],[84.17,29.163],[84.171,29.16],[84.172,29.158],[84.174,29.156],[84.175,29.153],[84.176,29.151],[84.177,29.15],[84.176,29.143],[84.176,29.141],[84.176,29.139],[84.176,29.138],[84.176,29.137],[84.177,29.135],[84.178,29.132],[84.179,29.131],[84.181,29.129],[84.184,29.128],[84.186,29.126],[84.189,29.125],[84.192,29.125],[84.196,29.124],[84.2,29.125],[84.201,29.125],[84.203,29.125],[84.205,29.121],[84.205,29.119],[84.204,29.116],[84.205,29.114],[84.205,29.111],[84.205,29.108],[84.204,29.106],[84.204,29.105],[84.203,29.103],[84.202,29.101],[84.2,29.099],[84.199,29.097],[84.199,29.096],[84.198,29.092],[84.197,29.09],[84.194,29.085],[84.192,29.083],[84.19,29.08],[84.189,29.077],[84.189,29.075],[84.189,29.074],[84.188,29.072],[84.188,29.07],[84.189,29.068],[84.19,29.063],[84.191,29.06],[84.191,29.058],[84.191,29.056],[84.191,29.054],[84.19,29.053],[84.19,29.051],[84.191,29.048],[84.192,29.047],[84.194,29.046],[84.197,29.047],[84.199,29.048],[84.201,29.049],[84.205,29.051],[84.209,29.052],[84.212,29.052],[84.216,29.053],[84.22,29.053],[84.223,29.053],[84.225,29.053],[84.227,29.052],[84.23,29.051],[84.233,29.049],[84.236,29.046],[84.239,29.045],[84.241,29.045],[84.244,29.044],[84.247,29.041],[84.248,29.039],[84.249,29.037],[84.249,29.035],[84.25,29.033],[84.251,29.031],[84.252,29.029],[84.253,29.027],[84.254,29.024],[84.254,29.023],[84.254,29.02],[84.253,29.018],[84.25,29.012],[84.248,29.01],[84.246,29.007],[84.245,29.005],[84.243,29.003],[84.242,29.0],[84.241,28.998],[84.241,28.995],[84.241,28.992],[84.24,28.989],[84.24,28.986],[84.24,28.985],[84.241,28.983],[84.242,28.977],[84.242,28.974],[84.24,28.971],[84.238,28.969],[84.236,28.966],[84.235,28.962],[84.234,28.959],[84.233,28.955],[84.232,28.952],[84.232,28.951],[84.231,28.949],[84.229,28.942],[84.228,28.939],[84.227,28.935],[84.226,28.932],[84.226,28.929],[84.225,28.926],[84.224,28.922],[84.223,28.919],[84.222,28.916],[84.221,28.915],[84.221,28.911],[84.222,28.91],[84.224,28.907],[84.225,28.905],[84.226,28.903],[84.226,28.901],[84.226,28.899],[84.226,28.898],[84.225,28.895],[84.224,28.891],[84.223,28.892],[84.22,28.893],[84.215,28.895],[84.211,28.896],[84.208,28.897],[84.206,28.897],[84.201,28.898],[84.196,28.899],[84.193,28.899],[84.19,28.899],[84.187,28.898],[84.183,28.897],[84.18,28.893],[84.176,28.89],[84.174,28.887],[84.17,28.883],[84.168,28.88],[84.164,28.876],[84.161,28.873],[84.158,28.873],[84.155,28.875],[84.153,28.876],[84.149,28.877],[84.145,28.878],[84.143,28.879],[84.14,28.881],[84.137,28.885],[84.136,28.885],[84.13,28.885],[84.127,28.886],[84.124,28.885],[84.123,28.884],[84.119,28.885],[84.117,28.885],[84.114,28.884],[84.113,28.885],[84.11,28.885],[84.11,28.885],[84.106,28.886],[84.104,28.887],[84.101,28.886],[84.098,28.884],[84.096,28.882],[84.094,28.878],[84.091,28.875],[84.089,28.872],[84.088,28.868],[84.088,28.866],[84.088,28.862],[84.088,28.859],[84.087,28.855],[84.087,28.853],[84.084,28.849],[84.081,28.847],[84.079,28.845],[84.076,28.843],[84.072,28.84],[84.07,28.84],[84.065,28.841],[84.063,28.841],[84.058,28.841],[84.055,28.84],[84.054,28.838],[84.051,28.834],[84.05,28.831],[84.049,28.827],[84.048,28.822],[84.047,28.82],[84.044,28.817],[84.039,28.815],[84.036,28.813],[84.032,28.811],[84.028,28.808],[84.026,28.805],[84.024,28.802],[84.02,28.801],[84.016,28.801],[84.011,28.802],[84.007,28.804],[84.0,28.811],[83.999,28.813],[83.996,28.816],[83.993,28.819],[83.99,28.821],[83.984,28.823],[83.983,28.826],[83.98,28.828],[83.976,28.827],[83.972,28.827],[83.969,28.828],[83.965,28.83],[83.963,28.831],[83.96,28.832],[83.955,28.833],[83.952,28.832],[83.949,28.831],[83.946,28.829],[83.944,28.827],[83.943,28.825],[83.943,28.823],[83.944,28.819],[83.942,28.816],[83.942,28.814],[83.943,28.811],[83.944,28.808],[83.945,28.805],[83.946,28.802],[83.946,28.799],[83.945,28.796],[83.944,28.792],[83.942,28.79],[83.94,28.787],[83.938,28.785],[83.935,28.783],[83.932,28.781],[83.926,28.779],[83.923,28.778],[83.919,28.778],[83.916,28.778],[83.912,28.777],[83.909,28.777],[83.908,28.776],[83.908,28.776],[83.906,28.773],[83.905,28.772],[83.905,28.772],[83.903,28.769],[83.903,28.768],[83.902,28.767],[83.902,28.767],[83.902,28.766],[83.901,28.763],[83.901,28.763],[83.9,28.761],[83.899,28.76],[83.898,28.757],[83.898,28.757],[83.898,28.756],[83.898,28.754],[83.897,28.752],[83.896,28.748],[83.894,28.746],[83.892,28.744],[83.89,28.742],[83.887,28.74],[83.884,28.738],[83.881,28.737],[83.879,28.733],[83.876,28.731],[83.874,28.729],[83.871,28.726],[83.868,28.724],[83.865,28.724],[83.86,28.725],[83.857,28.726],[83.854,28.727],[83.851,28.727],[83.845,28.727],[83.841,28.726],[83.838,28.724],[83.834,28.721],[83.832,28.719],[83.828,28.718],[83.825,28.717],[83.822,28.716],[83.818,28.714],[83.814,28.711],[83.812,28.709],[83.807,28.706],[83.804,28.704],[83.801,28.701],[83.798,28.698],[83.795,28.696],[83.794,28.694],[83.793,28.692],[83.792,28.691],[83.789,28.691],[83.788,28.691],[83.785,28.691],[83.782,28.69],[83.779,28.689],[83.775,28.688],[83.773,28.688],[83.769,28.687],[83.766,28.687],[83.762,28.687],[83.754,28.688],[83.751,28.688],[83.749,28.688],[83.746,28.687],[83.744,28.686],[83.743,28.684],[83.742,28.681],[83.742,28.679],[83.742,28.676],[83.741,28.674],[83.738,28.672],[83.736,28.671],[83.734,28.669],[83.733,28.666],[83.732,28.663],[83.733,28.66],[83.734,28.658],[83.733,28.656],[83.732,28.654],[83.731,28.653],[83.729,28.652],[83.726,28.651],[83.724,28.65],[83.721,28.649],[83.719,28.647],[83.717,28.645],[83.715,28.642],[83.714,28.64],[83.712,28.638],[83.711,28.637],[83.709,28.634],[83.708,28.63],[83.707,28.628],[83.705,28.625],[83.704,28.623],[83.703,28.62],[83.701,28.618],[83.7,28.616],[83.698,28.615],[83.697,28.613],[83.694,28.612],[83.691,28.611],[83.689,28.61],[83.688,28.608],[83.687,28.605],[83.687,28.602],[83.685,28.598],[83.684,28.596],[83.683,28.592],[83.683,28.59],[83.682,28.587],[83.681,28.584],[83.679,28.581],[83.678,28.579],[83.674,28.576],[83.671,28.576],[83.667,28.575],[83.664,28.574],[83.66,28.573],[83.656,28.573],[83.652,28.573],[83.65,28.576],[83.65,28.578],[83.649,28.579],[83.648,28.58],[83.645,28.579],[83.643,28.579],[83.64,28.578],[83.636,28.578],[83.633,28.578],[83.629,28.578],[83.625,28.58],[83.621,28.581],[83.619,28.583],[83.613,28.584],[83.61,28.586],[83.602,28.588],[83.6,28.588],[83.596,28.588],[83.593,28.587],[83.591,28.585],[83.59,28.584],[83.586,28.583],[83.583,28.584],[83.581,28.587],[83.578,28.589],[83.577,28.591],[83.575,28.594],[83.574,28.597],[83.572,28.601],[83.571,28.606],[83.57,28.606],[83.569,28.609],[83.568,28.612],[83.568,28.614],[83.568,28.618],[83.568,28.62],[83.568,28.623],[83.568,28.626],[83.568,28.629],[83.567,28.632],[83.567,28.635],[83.566,28.638],[83.564,28.643],[83.563,28.645],[83.561,28.646],[83.559,28.648],[83.557,28.649],[83.554,28.65],[83.551,28.651],[83.55,28.652],[83.547,28.656],[83.546,28.658],[83.545,28.662],[83.544,28.665],[83.543,28.668],[83.542,28.672],[83.541,28.675],[83.54,28.678],[83.538,28.681],[83.537,28.684],[83.536,28.685],[83.535,28.687],[83.535,28.69],[83.536,28.693],[83.536,28.695],[83.538,28.698],[83.539,28.7],[83.54,28.704],[83.541,28.706],[83.542,28.71],[83.543,28.711],[83.544,28.714],[83.545,28.716],[83.547,28.719],[83.548,28.721],[83.55,28.724],[83.552,28.726],[83.553,28.729],[83.554,28.731],[83.556,28.734],[83.558,28.737],[83.56,28.739],[83.562,28.742],[83.563,28.744],[83.564,28.747],[83.563,28.75],[83.561,28.753],[83.56,28.755],[83.56,28.756],[83.56,28.757],[83.561,28.76],[83.561,28.763],[83.561,28.766],[83.56,28.768],[83.558,28.772],[83.556,28.774],[83.553,28.775],[83.55,28.776],[83.545,28.777],[83.541,28.778],[83.535,28.78],[83.533,28.781],[83.53,28.782],[83.529,28.782],[83.526,28.783],[83.522,28.785],[83.519,28.786],[83.516,28.788],[83.514,28.789],[83.509,28.791],[83.507,28.792],[83.503,28.791],[83.497,28.79],[83.49,28.79],[83.491,28.793],[83.491,28.794],[83.491,28.796],[83.491,28.799],[83.491,28.802],[83.49,28.804],[83.489,28.806],[83.489,28.809],[83.486,28.813],[83.485,28.815],[83.485,28.818],[83.484,28.821],[83.485,28.825],[83.485,28.827],[83.486,28.83],[83.486,28.833],[83.486,28.836],[83.486,28.839],[83.486,28.843],[83.487,28.845],[83.49,28.846],[83.492,28.846],[83.495,28.845],[83.498,28.844],[83.501,28.844],[83.504,28.848],[83.505,28.852],[83.506,28.855],[83.507,28.858],[83.507,28.861],[83.506,28.864],[83.505,28.867],[83.504,28.869],[83.503,28.872],[83.503,28.874],[83.504,28.878],[83.505,28.88],[83.507,28.883],[83.509,28.885],[83.513,28.888],[83.516,28.89],[83.518,28.893],[83.521,28.895],[83.523,28.897],[83.526,28.901],[83.528,28.902],[83.529,28.905],[83.532,28.907],[83.534,28.909],[83.535,28.91],[83.537,28.912],[83.539,28.914],[83.541,28.916],[83.543,28.918],[83.545,28.92],[83.547,28.922],[83.548,28.924],[83.551,28.926],[83.553,28.928],[83.555,28.93],[83.557,28.933],[83.558,28.935],[83.559,28.937],[83.56,28.939],[83.561,28.942],[83.562,28.943],[83.563,28.945],[83.565,28.946],[83.567,28.947],[83.569,28.948],[83.572,28.95],[83.574,28.951],[83.579,28.955],[83.58,28.956],[83.582,28.959],[83.584,28.962],[83.585,28.963],[83.587,28.966],[83.588,28.967],[83.589,28.971],[83.591,28.974],[83.592,28.977],[83.593,28.979],[83.595,28.981],[83.597,28.984],[83.6,28.985],[83.602,28.985],[83.604,28.985],[83.606,28.983],[83.608,28.981],[83.612,28.981],[83.615,28.983],[83.616,28.985],[83.617,28.987],[83.617,28.989],[83.618,28.993],[83.619,28.997],[83.619,28.999],[83.619,29.003],[83.619,29.005],[83.62,29.007],[83.621,29.01],[83.62,29.012],[83.619,29.014],[83.618,29.015],[83.618,29.017],[83.62,29.02],[83.621,29.022],[83.62,29.024],[83.619,29.025],[83.617,29.026],[83.617,29.028],[83.618,29.03],[83.618,29.033],[83.618,29.035],[83.617,29.037],[83.618,29.039],[83.62,29.041],[83.62,29.042],[83.622,29.044],[83.623,29.047],[83.623,29.05],[83.623,29.054],[83.623,29.056],[83.624,29.058],[83.625,29.06],[83.627,29.062],[83.629,29.063],[83.632,29.064],[83.633,29.065],[83.635,29.067],[83.635,29.069],[83.635,29.071],[83.634,29.073],[83.633,29.076],[83.632,29.078],[83.632,29.08],[83.631,29.082],[83.631,29.085],[83.63,29.087],[83.628,29.09],[83.627,29.091],[83.625,29.092],[83.623,29.093],[83.622,29.094],[83.621,29.096],[83.621,29.099],[83.622,29.1],[83.624,29.101],[83.626,29.102],[83.628,29.103],[83.63,29.104],[83.633,29.104],[83.635,29.105],[83.638,29.106],[83.64,29.108],[83.641,29.109],[83.642,29.112],[83.643,29.114],[83.645,29.114],[83.646,29.112],[83.647,29.11],[83.648,29.108],[83.65,29.107],[83.652,29.107],[83.654,29.109],[83.655,29.111],[83.656,29.113],[83.656,29.115],[83.656,29.117],[83.656,29.12],[83.657,29.122],[83.659,29.123],[83.662,29.123],[83.665,29.123],[83.668,29.124],[83.669,29.124],[83.673,29.122],[83.675,29.122],[83.678,29.122],[83.68,29.124],[83.682,29.125],[83.682,29.127],[83.683,29.128],[83.683,29.13],[83.682,29.133],[83.681,29.135],[83.68,29.138],[83.68,29.141],[83.68,29.144],[83.68,29.145],[83.68,29.149],[83.679,29.152],[83.678,29.153],[83.676,29.154],[83.675,29.155],[83.673,29.156],[83.671,29.156],[83.668,29.158],[83.667,29.158],[83.666,29.161],[83.666,29.162],[83.666,29.164],[83.667,29.168],[83.667,29.17],[83.667,29.172],[83.667,29.174],[83.666,29.175],[83.664,29.176],[83.661,29.178]]]}},{"type":"Feature","properties":{"id":"Dang","name":"Dang","hq":"Tribhuwannagar","province_id":5,"province":"Lumbini","level":"district"},"geometry":{"type":"Polygon","coordinates":[[[82.016,28.16],[82.016,28.162],[82.015,28.163],[82.014,28.164],[82.014,28.165],[82.014,28.166],[82.014,28.168],[82.017,28.173],[82.02,28.178],[82.02,28.182],[82.022,28.186],[82.023,28.188],[82.023,28.19],[82.024,28.192],[82.024,28.193],[82.024,28.194],[82.024,28.196],[82.025,28.199],[82.026,28.203],[82.027,28.205],[82.028,28.209],[82.029,28.211],[82.031,28.213],[82.035,28.217],[82.039,28.219],[82.04,28.224],[82.044,28.231],[82.048,28.236],[82.05,28.241],[82.054,28.241],[82.06,28.242],[82.066,28.242],[82.073,28.243],[82.078,28.244],[82.083,28.248],[82.088,28.252],[82.093,28.255],[82.098,28.257],[82.102,28.257],[82.105,28.256],[82.11,28.254],[82.115,28.253],[82.12,28.254],[82.125,28.255],[82.129,28.254],[82.132,28.253],[82.135,28.251],[82.139,28.248],[82.145,28.243],[82.153,28.242],[82.159,28.245],[82.164,28.248],[82.168,28.252],[82.175,28.254],[82.185,28.252],[82.19,28.251],[82.192,28.25],[82.196,28.247],[82.2,28.245],[82.207,28.247],[82.213,28.25],[82.218,28.251],[82.221,28.251],[82.223,28.25],[82.227,28.248],[82.232,28.244],[82.237,28.242],[82.242,28.241],[82.247,28.241],[82.253,28.241],[82.257,28.242],[82.26,28.245],[82.264,28.246],[82.273,28.248],[82.278,28.249],[82.283,28.249],[82.287,28.248],[82.292,28.247],[82.297,28.248],[82.301,28.248],[82.305,28.249],[82.309,28.25],[82.312,28.249],[82.315,28.246],[82.315,28.242],[82.314,28.236],[82.315,28.229],[82.316,28.225],[82.318,28.223],[82.32,28.221],[82.326,28.218],[82.33,28.215],[82.336,28.213],[82.341,28.211],[82.349,28.21],[82.354,28.208],[82.36,28.203],[82.365,28.198],[82.37,28.193],[82.374,28.19],[82.379,28.188],[82.386,28.189],[82.389,28.189],[82.392,28.192],[82.392,28.193],[82.394,28.191],[82.395,28.189],[82.396,28.187],[82.396,28.185],[82.397,28.182],[82.397,28.181],[82.398,28.18],[82.399,28.178],[82.4,28.177],[82.404,28.169],[82.407,28.166],[82.411,28.164],[82.415,28.161],[82.42,28.16],[82.425,28.16],[82.429,28.158],[82.428,28.157],[82.426,28.155],[82.421,28.153],[82.421,28.149],[82.422,28.145],[82.428,28.141],[82.434,28.138],[82.438,28.135],[82.443,28.132],[82.448,28.129],[82.454,28.129],[82.456,28.131],[82.458,28.134],[82.458,28.138],[82.46,28.141],[82.462,28.144],[82.465,28.145],[82.467,28.145],[82.47,28.147],[82.475,28.147],[82.48,28.144],[82.483,28.142],[82.484,28.138],[82.484,28.135],[82.487,28.131],[82.49,28.135],[82.5,28.144],[82.503,28.148],[82.508,28.151],[82.511,28.156],[82.513,28.159],[82.515,28.162],[82.519,28.158],[82.521,28.154],[82.521,28.15],[82.519,28.146],[82.518,28.142],[82.522,28.14],[82.528,28.143],[82.534,28.145],[82.542,28.146],[82.548,28.148],[82.552,28.149],[82.557,28.147],[82.559,28.141],[82.56,28.138],[82.561,28.133],[82.562,28.128],[82.562,28.126],[82.563,28.123],[82.565,28.121],[82.57,28.118],[82.575,28.115],[82.58,28.113],[82.585,28.111],[82.589,28.108],[82.592,28.104],[82.595,28.1],[82.6,28.096],[82.605,28.095],[82.609,28.095],[82.612,28.093],[82.615,28.09],[82.618,28.087],[82.621,28.084],[82.625,28.078],[82.625,28.074],[82.625,28.073],[82.627,28.072],[82.633,28.07],[82.637,28.07],[82.641,28.069],[82.651,28.065],[82.652,28.065],[82.657,28.063],[82.66,28.062],[82.665,28.062],[82.668,28.06],[82.671,28.059],[82.676,28.057],[82.682,28.055],[82.685,28.054],[82.69,28.053],[82.694,28.054],[82.698,28.054],[82.703,28.054],[82.707,28.053],[82.712,28.052],[82.716,28.051],[82.718,28.05],[82.72,28.049],[82.72,28.048],[82.717,28.046],[82.715,28.045],[82.712,28.043],[82.708,28.039],[82.704,28.036],[82.701,28.034],[82.699,28.031],[82.696,28.02],[82.697,28.019],[82.699,28.015],[82.705,28.01],[82.711,28.006],[82.719,28.004],[82.724,28.004],[82.73,28.004],[82.734,28.003],[82.736,27.999],[82.74,27.994],[82.742,27.991],[82.746,27.985],[82.749,27.982],[82.754,27.98],[82.76,27.979],[82.766,27.98],[82.77,27.983],[82.775,27.983],[82.777,27.981],[82.777,27.977],[82.773,27.972],[82.769,27.966],[82.765,27.961],[82.761,27.957],[82.757,27.952],[82.757,27.948],[82.756,27.947],[82.76,27.946],[82.763,27.945],[82.765,27.943],[82.769,27.939],[82.772,27.936],[82.775,27.931],[82.778,27.927],[82.781,27.924],[82.783,27.921],[82.785,27.919],[82.788,27.915],[82.79,27.911],[82.791,27.907],[82.792,27.904],[82.793,27.899],[82.793,27.895],[82.793,27.892],[82.792,27.888],[82.792,27.886],[82.795,27.884],[82.799,27.883],[82.802,27.882],[82.805,27.881],[82.807,27.88],[82.806,27.877],[82.807,27.876],[82.809,27.874],[82.811,27.872],[82.81,27.871],[82.807,27.87],[82.803,27.87],[82.8,27.869],[82.796,27.868],[82.795,27.867],[82.795,27.866],[82.796,27.864],[82.799,27.862],[82.802,27.862],[82.806,27.861],[82.807,27.86],[82.806,27.859],[82.802,27.858],[82.798,27.857],[82.794,27.856],[82.791,27.853],[82.789,27.851],[82.787,27.85],[82.784,27.847],[82.78,27.844],[82.774,27.843],[82.769,27.842],[82.762,27.839],[82.758,27.837],[82.755,27.832],[82.752,27.829],[82.752,27.825],[82.754,27.821],[82.757,27.817],[82.759,27.815],[82.764,27.813],[82.769,27.812],[82.773,27.809],[82.777,27.806],[82.781,27.803],[82.785,27.8],[82.788,27.799],[82.789,27.802],[82.79,27.805],[82.794,27.806],[82.796,27.805],[82.796,27.803],[82.8,27.799],[82.806,27.797],[82.813,27.797],[82.817,27.796],[82.822,27.796],[82.828,27.795],[82.836,27.795],[82.845,27.794],[82.852,27.794],[82.859,27.795],[82.866,27.795],[82.872,27.796],[82.878,27.796],[82.88,27.794],[82.881,27.792],[82.88,27.789],[82.879,27.787],[82.877,27.786],[82.874,27.784],[82.873,27.783],[82.869,27.781],[82.866,27.779],[82.864,27.778],[82.858,27.777],[82.852,27.774],[82.851,27.774],[82.846,27.773],[82.844,27.772],[82.84,27.77],[82.839,27.769],[82.83,27.768],[82.823,27.768],[82.818,27.767],[82.813,27.765],[82.811,27.759],[82.81,27.757],[82.807,27.756],[82.802,27.759],[82.8,27.763],[82.798,27.766],[82.797,27.767],[82.792,27.769],[82.788,27.77],[82.785,27.774],[82.785,27.778],[82.779,27.778],[82.776,27.778],[82.774,27.778],[82.771,27.778],[82.769,27.778],[82.766,27.778],[82.765,27.778],[82.757,27.778],[82.753,27.778],[82.749,27.778],[82.744,27.779],[82.741,27.778],[82.738,27.777],[82.735,27.772],[82.732,27.767],[82.729,27.764],[82.724,27.762],[82.717,27.761],[82.711,27.762],[82.708,27.761],[82.706,27.761],[82.704,27.76],[82.702,27.759],[82.701,27.755],[82.701,27.755],[82.701,27.755],[82.702,27.751],[82.703,27.747],[82.705,27.744],[82.706,27.738],[82.707,27.735],[82.709,27.728],[82.71,27.722],[82.711,27.721],[82.71,27.72],[82.708,27.718],[82.706,27.717],[82.704,27.721],[82.699,27.719],[82.692,27.716],[82.681,27.716],[82.675,27.715],[82.671,27.716],[82.669,27.72],[82.667,27.723],[82.666,27.721],[82.658,27.715],[82.649,27.712],[82.641,27.709],[82.631,27.711],[82.626,27.706],[82.619,27.704],[82.609,27.706],[82.6,27.701],[82.593,27.7],[82.584,27.698],[82.573,27.695],[82.561,27.692],[82.551,27.689],[82.541,27.687],[82.536,27.688],[82.53,27.688],[82.524,27.691],[82.519,27.692],[82.51,27.69],[82.503,27.688],[82.495,27.686],[82.488,27.683],[82.482,27.683],[82.477,27.679],[82.469,27.678],[82.459,27.679],[82.45,27.682],[82.434,27.689],[82.425,27.693],[82.416,27.698],[82.406,27.704],[82.397,27.709],[82.389,27.715],[82.386,27.719],[82.38,27.725],[82.374,27.733],[82.37,27.742],[82.362,27.748],[82.352,27.753],[82.343,27.757],[82.332,27.762],[82.314,27.772],[82.297,27.782],[82.289,27.787],[82.283,27.791],[82.277,27.795],[82.272,27.8],[82.265,27.805],[82.258,27.81],[82.251,27.815],[82.243,27.818],[82.233,27.823],[82.226,27.828],[82.218,27.835],[82.21,27.843],[82.204,27.847],[82.196,27.851],[82.192,27.852],[82.19,27.852],[82.181,27.856],[82.17,27.861],[82.162,27.864],[82.154,27.867],[82.151,27.867],[82.146,27.862],[82.136,27.864],[82.126,27.866],[82.121,27.869],[82.116,27.874],[82.111,27.88],[82.104,27.886],[82.098,27.89],[82.086,27.901],[82.081,27.908],[82.076,27.914],[82.071,27.92],[82.069,27.923],[82.071,27.923],[82.073,27.934],[82.074,27.945],[82.076,27.948],[82.083,27.951],[82.086,27.951],[82.092,27.951],[82.094,27.952],[82.095,27.952],[82.096,27.952],[82.097,27.952],[82.098,27.952],[82.1,27.951],[82.101,27.951],[82.104,27.95],[82.109,27.951],[82.111,27.952],[82.112,27.952],[82.115,27.953],[82.119,27.952],[82.128,27.953],[82.132,27.956],[82.136,27.96],[82.139,27.962],[82.144,27.961],[82.149,27.963],[82.154,27.964],[82.159,27.963],[82.164,27.961],[82.167,27.96],[82.172,27.958],[82.177,27.955],[82.183,27.955],[82.187,27.956],[82.192,27.957],[82.196,27.958],[82.197,27.961],[82.196,27.966],[82.196,27.969],[82.196,27.973],[82.196,27.977],[82.196,27.98],[82.194,27.985],[82.193,27.99],[82.19,27.996],[82.19,28.002],[82.192,28.006],[82.191,28.014],[82.192,28.02],[82.195,28.027],[82.194,28.036],[82.19,28.038],[82.186,28.039],[82.18,28.045],[82.177,28.047],[82.174,28.049],[82.17,28.049],[82.163,28.05],[82.157,28.052],[82.152,28.054],[82.146,28.056],[82.142,28.059],[82.142,28.062],[82.147,28.067],[82.151,28.073],[82.151,28.076],[82.152,28.077],[82.151,28.078],[82.149,28.079],[82.148,28.079],[82.145,28.082],[82.143,28.083],[82.14,28.082],[82.137,28.083],[82.134,28.085],[82.127,28.087],[82.125,28.087],[82.121,28.087],[82.12,28.089],[82.119,28.091],[82.114,28.09],[82.111,28.089],[82.108,28.09],[82.104,28.095],[82.097,28.099],[82.093,28.099],[82.088,28.097],[82.086,28.099],[82.085,28.1],[82.083,28.1],[82.078,28.101],[82.074,28.103],[82.063,28.105],[82.054,28.112],[82.05,28.116],[82.047,28.12],[82.044,28.124],[82.043,28.125],[82.043,28.133],[82.042,28.134],[82.04,28.137],[82.037,28.14],[82.036,28.145],[82.036,28.148],[82.037,28.151],[82.023,28.149],[82.018,28.154],[82.018,28.158],[82.017,28.16],[82.016,28.16]]]}},{"type":"Feature","properties":{"id":"Pyuthan","name":"Pyuthan","hq":"Pyuthan","province_id":5,"province":"Lumbini","level":"district"},"geometry":{"type":"Polygon","coordinates":[[[82.959,28.362],[82.96,28.36],[82.962,28.359],[82.965,28.358],[82.969,28.359],[82.971,28.359],[82.973,28.359],[82.979,28.36],[82.981,28.359],[82.983,28.359],[82.985,28.358],[82.987,28.356],[82.989,28.355],[82.992,28.353],[82.993,28.352],[82.995,28.351],[82.998,28.347],[83.0,28.345],[83.001,28.341],[83.003,28.339],[83.004,28.336],[83.006,28.336],[83.006,28.336],[83.007,28.335],[83.007,28.335],[83.009,28.334],[83.009,28.333],[83.009,28.334],[83.012,28.333],[83.013,28.333],[83.014,28.334],[83.016,28.335],[83.017,28.334],[83.02,28.329],[83.022,28.327],[83.024,28.326],[83.026,28.325],[83.03,28.324],[83.032,28.324],[83.034,28.323],[83.038,28.324],[83.04,28.325],[83.043,28.326],[83.044,28.327],[83.047,28.326],[83.048,28.326],[83.052,28.322],[83.053,28.321],[83.056,28.32],[83.059,28.319],[83.06,28.318],[83.063,28.318],[83.065,28.317],[83.068,28.316],[83.07,28.314],[83.071,28.313],[83.072,28.312],[83.073,28.308],[83.073,28.305],[83.074,28.304],[83.075,28.302],[83.078,28.3],[83.079,28.3],[83.081,28.299],[83.086,28.295],[83.088,28.292],[83.09,28.29],[83.091,28.288],[83.094,28.285],[83.094,28.284],[83.095,28.282],[83.095,28.281],[83.095,28.28],[83.095,28.279],[83.096,28.278],[83.097,28.276],[83.099,28.275],[83.101,28.274],[83.101,28.273],[83.101,28.273],[83.101,28.269],[83.1,28.267],[83.099,28.264],[83.098,28.262],[83.098,28.259],[83.099,28.258],[83.097,28.254],[83.095,28.252],[83.092,28.249],[83.088,28.243],[83.085,28.237],[83.084,28.235],[83.079,28.233],[83.073,28.233],[83.068,28.234],[83.061,28.234],[83.056,28.232],[83.051,28.23],[83.047,28.227],[83.042,28.227],[83.038,28.229],[83.035,28.232],[83.033,28.234],[83.03,28.235],[83.026,28.233],[83.023,28.229],[83.02,28.225],[83.016,28.222],[83.014,28.219],[83.02,28.215],[83.025,28.213],[83.03,28.211],[83.036,28.208],[83.04,28.205],[83.044,28.199],[83.044,28.194],[83.04,28.188],[83.038,28.182],[83.038,28.176],[83.038,28.171],[83.036,28.166],[83.035,28.163],[83.035,28.159],[83.038,28.155],[83.041,28.151],[83.045,28.148],[83.05,28.144],[83.053,28.141],[83.057,28.137],[83.061,28.132],[83.062,28.13],[83.059,28.125],[83.058,28.122],[83.06,28.121],[83.057,28.116],[83.054,28.114],[83.053,28.11],[83.052,28.108],[83.05,28.104],[83.046,28.104],[83.041,28.105],[83.036,28.106],[83.032,28.107],[83.027,28.111],[83.023,28.112],[83.018,28.11],[83.007,28.102],[83.003,28.097],[83.001,28.097],[82.996,28.093],[82.993,28.088],[82.991,28.084],[82.988,28.079],[82.983,28.074],[82.979,28.071],[82.976,28.066],[82.974,28.055],[82.971,28.038],[82.975,28.029],[82.977,28.025],[82.977,28.023],[82.975,28.018],[82.974,28.014],[82.974,28.009],[82.973,28.008],[82.971,28.008],[82.967,28.006],[82.961,28.003],[82.957,28.002],[82.955,27.999],[82.954,27.998],[82.955,27.996],[82.956,27.995],[82.958,27.995],[82.961,27.995],[82.964,27.992],[82.965,27.993],[82.969,27.994],[82.974,27.994],[82.976,27.992],[82.977,27.988],[82.979,27.985],[82.983,27.985],[82.987,27.983],[82.99,27.98],[82.993,27.978],[82.996,27.979],[83.0,27.978],[83.002,27.975],[83.006,27.971],[83.009,27.967],[83.013,27.961],[83.016,27.956],[83.018,27.951],[83.019,27.947],[83.018,27.942],[83.017,27.937],[83.016,27.932],[83.016,27.926],[83.014,27.922],[83.013,27.922],[83.01,27.924],[83.009,27.928],[83.005,27.931],[83.002,27.933],[83.0,27.932],[82.996,27.931],[82.991,27.929],[82.987,27.931],[82.98,27.93],[82.973,27.93],[82.967,27.931],[82.963,27.931],[82.957,27.932],[82.953,27.932],[82.949,27.933],[82.945,27.933],[82.944,27.932],[82.943,27.931],[82.94,27.929],[82.937,27.928],[82.932,27.926],[82.93,27.923],[82.929,27.921],[82.929,27.921],[82.927,27.916],[82.926,27.915],[82.926,27.914],[82.923,27.911],[82.921,27.908],[82.919,27.907],[82.913,27.907],[82.909,27.909],[82.905,27.91],[82.9,27.912],[82.896,27.913],[82.893,27.912],[82.89,27.91],[82.886,27.908],[82.882,27.906],[82.878,27.906],[82.874,27.908],[82.869,27.909],[82.864,27.908],[82.862,27.907],[82.854,27.905],[82.843,27.906],[82.838,27.908],[82.833,27.909],[82.83,27.909],[82.827,27.906],[82.824,27.901],[82.821,27.896],[82.818,27.894],[82.815,27.891],[82.813,27.888],[82.81,27.883],[82.807,27.88],[82.805,27.881],[82.802,27.882],[82.799,27.883],[82.795,27.884],[82.792,27.886],[82.792,27.888],[82.793,27.892],[82.793,27.895],[82.793,27.899],[82.792,27.904],[82.791,27.907],[82.79,27.911],[82.788,27.915],[82.785,27.919],[82.783,27.921],[82.781,27.924],[82.778,27.927],[82.775,27.931],[82.772,27.936],[82.769,27.939],[82.765,27.943],[82.763,27.945],[82.76,27.946],[82.756,27.947],[82.757,27.948],[82.757,27.952],[82.761,27.957],[82.765,27.961],[82.769,27.966],[82.773,27.972],[82.777,27.977],[82.777,27.981],[82.775,27.983],[82.77,27.983],[82.766,27.98],[82.76,27.979],[82.754,27.98],[82.749,27.982],[82.746,27.985],[82.742,27.991],[82.74,27.994],[82.736,27.999],[82.734,28.003],[82.73,28.004],[82.724,28.004],[82.719,28.004],[82.711,28.006],[82.705,28.01],[82.699,28.015],[82.697,28.019],[82.696,28.02],[82.699,28.031],[82.701,28.034],[82.704,28.036],[82.708,28.039],[82.712,28.043],[82.715,28.045],[82.717,28.046],[82.72,28.048],[82.72,28.049],[82.718,28.05],[82.716,28.051],[82.712,28.052],[82.707,28.053],[82.703,28.054],[82.698,28.054],[82.694,28.054],[82.69,28.053],[82.685,28.054],[82.682,28.055],[82.676,28.057],[82.671,28.059],[82.668,28.06],[82.665,28.062],[82.66,28.062],[82.657,28.063],[82.652,28.065],[82.651,28.065],[82.641,28.069],[82.637,28.07],[82.633,28.07],[82.627,28.072],[82.625,28.073],[82.625,28.074],[82.625,28.078],[82.621,28.084],[82.618,28.087],[82.615,28.09],[82.612,28.093],[82.609,28.095],[82.605,28.095],[82.6,28.096],[82.602,28.097],[82.606,28.102],[82.607,28.105],[82.607,28.111],[82.608,28.116],[82.608,28.12],[82.608,28.122],[82.609,28.124],[82.615,28.131],[82.618,28.134],[82.617,28.136],[82.614,28.138],[82.609,28.138],[82.605,28.141],[82.604,28.145],[82.611,28.147],[82.616,28.151],[82.616,28.153],[82.615,28.155],[82.617,28.171],[82.619,28.174],[82.623,28.176],[82.629,28.179],[82.634,28.182],[82.641,28.184],[82.647,28.186],[82.651,28.189],[82.656,28.191],[82.661,28.191],[82.665,28.192],[82.67,28.193],[82.672,28.193],[82.673,28.193],[82.681,28.193],[82.682,28.191],[82.683,28.187],[82.687,28.186],[82.689,28.189],[82.689,28.193],[82.694,28.201],[82.696,28.205],[82.696,28.207],[82.697,28.211],[82.697,28.213],[82.707,28.21],[82.711,28.21],[82.716,28.21],[82.719,28.209],[82.724,28.21],[82.726,28.208],[82.739,28.201],[82.743,28.199],[82.745,28.196],[82.747,28.192],[82.75,28.19],[82.754,28.187],[82.759,28.183],[82.764,28.181],[82.771,28.182],[82.777,28.18],[82.785,28.178],[82.789,28.18],[82.797,28.188],[82.805,28.187],[82.813,28.188],[82.821,28.193],[82.825,28.197],[82.826,28.203],[82.825,28.209],[82.826,28.214],[82.829,28.218],[82.832,28.222],[82.836,28.226],[82.839,28.229],[82.845,28.231],[82.852,28.235],[82.854,28.24],[82.852,28.247],[82.851,28.252],[82.851,28.255],[82.855,28.258],[82.861,28.258],[82.867,28.261],[82.873,28.264],[82.879,28.267],[82.884,28.271],[82.888,28.274],[82.891,28.28],[82.891,28.285],[82.891,28.291],[82.896,28.296],[82.901,28.3],[82.904,28.305],[82.907,28.311],[82.913,28.315],[82.92,28.32],[82.924,28.324],[82.927,28.331],[82.928,28.338],[82.929,28.345],[82.932,28.351],[82.937,28.357],[82.941,28.361],[82.944,28.363],[82.95,28.364],[82.953,28.362],[82.959,28.362]]]}},{"type":"Feature","properties":{"id":"Rolpa","name":"Rolpa","hq":"Liwang","province_id":5,"province":"Lumbini","level":"district"},"geometry":{"type":"Polygon","coordinates":[[[82.417,28.529],[82.423,28.526],[82.429,28.524],[82.434,28.523],[82.44,28.523],[82.445,28.522],[82.451,28.521],[82.457,28.52],[82.463,28.521],[82.468,28.524],[82.472,28.528],[82.48,28.53],[82.485,28.533],[82.491,28.538],[82.493,28.543],[82.494,28.549],[82.497,28.553],[82.503,28.552],[82.509,28.551],[82.516,28.553],[82.521,28.555],[82.527,28.557],[82.532,28.556],[82.534,28.555],[82.535,28.554],[82.536,28.551],[82.536,28.55],[82.536,28.547],[82.536,28.544],[82.537,28.541],[82.54,28.538],[82.542,28.535],[82.545,28.531],[82.547,28.527],[82.549,28.524],[82.554,28.522],[82.559,28.522],[82.564,28.52],[82.569,28.517],[82.578,28.513],[82.584,28.513],[82.59,28.514],[82.593,28.511],[82.597,28.507],[82.604,28.506],[82.609,28.508],[82.617,28.51],[82.622,28.506],[82.627,28.502],[82.631,28.499],[82.638,28.499],[82.644,28.499],[82.652,28.498],[82.658,28.498],[82.665,28.499],[82.67,28.502],[82.675,28.505],[82.682,28.507],[82.686,28.509],[82.693,28.51],[82.698,28.508],[82.702,28.508],[82.706,28.508],[82.71,28.511],[82.716,28.514],[82.722,28.515],[82.729,28.515],[82.734,28.515],[82.736,28.515],[82.737,28.514],[82.738,28.513],[82.741,28.509],[82.746,28.507],[82.752,28.504],[82.758,28.503],[82.764,28.5],[82.776,28.499],[82.781,28.497],[82.791,28.497],[82.798,28.496],[82.802,28.495],[82.808,28.493],[82.813,28.49],[82.819,28.486],[82.826,28.483],[82.831,28.48],[82.832,28.48],[82.833,28.478],[82.838,28.477],[82.843,28.478],[82.846,28.477],[82.847,28.477],[82.855,28.477],[82.859,28.477],[82.863,28.478],[82.868,28.478],[82.874,28.478],[82.884,28.476],[82.884,28.475],[82.885,28.473],[82.886,28.47],[82.886,28.467],[82.886,28.464],[82.887,28.462],[82.888,28.46],[82.889,28.459],[82.889,28.457],[82.89,28.454],[82.891,28.452],[82.893,28.451],[82.902,28.448],[82.905,28.447],[82.907,28.446],[82.909,28.444],[82.912,28.441],[82.913,28.439],[82.915,28.438],[82.916,28.435],[82.916,28.432],[82.916,28.429],[82.916,28.426],[82.917,28.424],[82.919,28.421],[82.92,28.42],[82.922,28.417],[82.922,28.412],[82.921,28.41],[82.921,28.407],[82.921,28.404],[82.922,28.401],[82.924,28.401],[82.926,28.4],[82.929,28.401],[82.932,28.401],[82.935,28.401],[82.939,28.401],[82.94,28.401],[82.943,28.4],[82.946,28.395],[82.947,28.393],[82.948,28.389],[82.949,28.387],[82.951,28.383],[82.952,28.381],[82.952,28.38],[82.953,28.377],[82.954,28.376],[82.956,28.371],[82.957,28.369],[82.957,28.365],[82.959,28.362],[82.953,28.362],[82.95,28.364],[82.944,28.363],[82.941,28.361],[82.937,28.357],[82.932,28.351],[82.929,28.345],[82.928,28.338],[82.927,28.331],[82.924,28.324],[82.92,28.32],[82.913,28.315],[82.907,28.311],[82.904,28.305],[82.901,28.3],[82.896,28.296],[82.891,28.291],[82.891,28.285],[82.891,28.28],[82.888,28.274],[82.884,28.271],[82.879,28.267],[82.873,28.264],[82.867,28.261],[82.861,28.258],[82.855,28.258],[82.851,28.255],[82.851,28.252],[82.852,28.247],[82.854,28.24],[82.852,28.235],[82.845,28.231],[82.839,28.229],[82.836,28.226],[82.832,28.222],[82.829,28.218],[82.826,28.214],[82.825,28.209],[82.826,28.203],[82.825,28.197],[82.821,28.193],[82.813,28.188],[82.805,28.187],[82.797,28.188],[82.789,28.18],[82.785,28.178],[82.777,28.18],[82.771,28.182],[82.764,28.181],[82.759,28.183],[82.754,28.187],[82.75,28.19],[82.747,28.192],[82.745,28.196],[82.743,28.199],[82.739,28.201],[82.726,28.208],[82.724,28.21],[82.719,28.209],[82.716,28.21],[82.711,28.21],[82.707,28.21],[82.697,28.213],[82.697,28.211],[82.696,28.207],[82.696,28.205],[82.694,28.201],[82.689,28.193],[82.689,28.189],[82.687,28.186],[82.683,28.187],[82.682,28.191],[82.681,28.193],[82.673,28.193],[82.672,28.193],[82.67,28.193],[82.665,28.192],[82.661,28.191],[82.656,28.191],[82.651,28.189],[82.647,28.186],[82.641,28.184],[82.634,28.182],[82.629,28.179],[82.623,28.176],[82.619,28.174],[82.617,28.171],[82.615,28.155],[82.616,28.153],[82.616,28.151],[82.611,28.147],[82.604,28.145],[82.605,28.141],[82.609,28.138],[82.614,28.138],[82.617,28.136],[82.618,28.134],[82.615,28.131],[82.609,28.124],[82.608,28.122],[82.608,28.12],[82.608,28.116],[82.607,28.111],[82.607,28.105],[82.606,28.102],[82.602,28.097],[82.6,28.096],[82.595,28.1],[82.592,28.104],[82.589,28.108],[82.585,28.111],[82.58,28.113],[82.575,28.115],[82.57,28.118],[82.565,28.121],[82.563,28.123],[82.562,28.126],[82.562,28.128],[82.561,28.133],[82.56,28.138],[82.559,28.141],[82.557,28.147],[82.552,28.149],[82.548,28.148],[82.542,28.146],[82.534,28.145],[82.528,28.143],[82.522,28.14],[82.518,28.142],[82.519,28.146],[82.521,28.15],[82.521,28.154],[82.519,28.158],[82.515,28.162],[82.513,28.159],[82.511,28.156],[82.508,28.151],[82.503,28.148],[82.5,28.144],[82.49,28.135],[82.487,28.131],[82.484,28.135],[82.484,28.138],[82.483,28.142],[82.48,28.144],[82.475,28.147],[82.47,28.147],[82.467,28.145],[82.465,28.145],[82.462,28.144],[82.46,28.141],[82.458,28.138],[82.458,28.134],[82.456,28.131],[82.454,28.129],[82.448,28.129],[82.443,28.132],[82.438,28.135],[82.434,28.138],[82.428,28.141],[82.422,28.145],[82.421,28.149],[82.421,28.153],[82.426,28.155],[82.428,28.157],[82.429,28.158],[82.425,28.16],[82.42,28.16],[82.415,28.161],[82.411,28.164],[82.407,28.166],[82.404,28.169],[82.4,28.177],[82.399,28.178],[82.398,28.18],[82.397,28.181],[82.397,28.182],[82.396,28.185],[82.396,28.187],[82.395,28.189],[82.394,28.191],[82.392,28.193],[82.393,28.194],[82.39,28.195],[82.391,28.197],[82.392,28.199],[82.393,28.201],[82.395,28.203],[82.396,28.206],[82.397,28.209],[82.397,28.212],[82.397,28.214],[82.398,28.216],[82.399,28.218],[82.41,28.224],[82.415,28.228],[82.418,28.232],[82.421,28.238],[82.421,28.242],[82.419,28.246],[82.415,28.251],[82.413,28.257],[82.41,28.26],[82.407,28.262],[82.406,28.264],[82.403,28.269],[82.4,28.272],[82.399,28.276],[82.397,28.282],[82.393,28.286],[82.39,28.29],[82.386,28.295],[82.381,28.301],[82.377,28.307],[82.378,28.313],[82.377,28.318],[82.374,28.323],[82.374,28.327],[82.371,28.332],[82.367,28.333],[82.365,28.336],[82.366,28.342],[82.369,28.347],[82.374,28.349],[82.379,28.351],[82.38,28.355],[82.379,28.36],[82.382,28.368],[82.384,28.374],[82.381,28.377],[82.375,28.38],[82.372,28.386],[82.372,28.392],[82.371,28.398],[82.368,28.402],[82.364,28.406],[82.359,28.408],[82.355,28.412],[82.352,28.419],[82.351,28.423],[82.355,28.424],[82.36,28.425],[82.367,28.426],[82.373,28.427],[82.378,28.432],[82.378,28.438],[82.377,28.443],[82.376,28.449],[82.374,28.454],[82.373,28.459],[82.378,28.461],[82.383,28.463],[82.39,28.464],[82.392,28.467],[82.393,28.468],[82.393,28.471],[82.393,28.475],[82.393,28.478],[82.393,28.482],[82.396,28.491],[82.396,28.492],[82.409,28.496],[82.412,28.498],[82.41,28.501],[82.409,28.506],[82.412,28.51],[82.416,28.514],[82.417,28.52],[82.418,28.524],[82.417,28.529]]]}},{"type":"Feature","properties":{"id":"Eastern Rukum","name":"Eastern Rukum","hq":"Rukumkot","province_id":5,"province":"Lumbini","level":"district"},"geometry":{"type":"Polygon","coordinates":[[[82.534,28.555],[82.533,28.556],[82.529,28.559],[82.53,28.562],[82.531,28.565],[82.533,28.567],[82.534,28.568],[82.536,28.571],[82.538,28.571],[82.544,28.573],[82.546,28.575],[82.554,28.582],[82.557,28.58],[82.562,28.581],[82.563,28.58],[82.565,28.579],[82.567,28.578],[82.57,28.578],[82.576,28.58],[82.578,28.585],[82.582,28.586],[82.579,28.59],[82.581,28.595],[82.581,28.601],[82.58,28.603],[82.58,28.608],[82.58,28.611],[82.578,28.614],[82.571,28.611],[82.568,28.611],[82.562,28.61],[82.559,28.612],[82.554,28.616],[82.552,28.616],[82.546,28.619],[82.547,28.623],[82.552,28.626],[82.55,28.626],[82.547,28.628],[82.543,28.626],[82.544,28.623],[82.541,28.622],[82.53,28.625],[82.518,28.626],[82.512,28.628],[82.509,28.628],[82.508,28.63],[82.508,28.631],[82.494,28.637],[82.485,28.641],[82.479,28.645],[82.47,28.644],[82.466,28.646],[82.461,28.646],[82.458,28.651],[82.454,28.649],[82.451,28.655],[82.44,28.658],[82.444,28.663],[82.448,28.668],[82.45,28.671],[82.453,28.671],[82.461,28.67],[82.462,28.673],[82.465,28.67],[82.471,28.671],[82.474,28.67],[82.479,28.674],[82.485,28.673],[82.491,28.672],[82.494,28.67],[82.5,28.669],[82.503,28.663],[82.508,28.661],[82.514,28.66],[82.518,28.661],[82.521,28.66],[82.525,28.655],[82.529,28.654],[82.534,28.65],[82.538,28.65],[82.538,28.647],[82.543,28.646],[82.548,28.647],[82.555,28.644],[82.56,28.646],[82.564,28.651],[82.573,28.658],[82.578,28.664],[82.583,28.665],[82.587,28.664],[82.59,28.667],[82.598,28.669],[82.6,28.671],[82.601,28.677],[82.601,28.684],[82.604,28.687],[82.612,28.688],[82.616,28.69],[82.616,28.692],[82.614,28.695],[82.614,28.698],[82.615,28.703],[82.617,28.709],[82.613,28.712],[82.605,28.716],[82.605,28.718],[82.606,28.723],[82.603,28.728],[82.603,28.731],[82.602,28.733],[82.602,28.735],[82.602,28.738],[82.602,28.743],[82.599,28.743],[82.595,28.743],[82.592,28.74],[82.586,28.74],[82.58,28.741],[82.573,28.741],[82.571,28.743],[82.569,28.744],[82.568,28.745],[82.566,28.744],[82.566,28.748],[82.567,28.752],[82.567,28.758],[82.564,28.76],[82.564,28.762],[82.565,28.765],[82.563,28.767],[82.562,28.768],[82.563,28.769],[82.567,28.768],[82.567,28.77],[82.567,28.771],[82.569,28.771],[82.571,28.773],[82.573,28.775],[82.576,28.776],[82.579,28.778],[82.581,28.78],[82.584,28.781],[82.586,28.782],[82.588,28.784],[82.59,28.786],[82.589,28.789],[82.591,28.791],[82.595,28.791],[82.598,28.793],[82.6,28.796],[82.601,28.797],[82.604,28.798],[82.604,28.8],[82.607,28.802],[82.609,28.804],[82.613,28.806],[82.613,28.807],[82.615,28.808],[82.62,28.809],[82.62,28.814],[82.617,28.819],[82.615,28.826],[82.619,28.829],[82.624,28.836],[82.626,28.841],[82.625,28.844],[82.626,28.848],[82.63,28.854],[82.637,28.855],[82.639,28.86],[82.643,28.867],[82.65,28.87],[82.656,28.866],[82.658,28.861],[82.663,28.856],[82.667,28.853],[82.673,28.852],[82.679,28.856],[82.685,28.861],[82.691,28.863],[82.698,28.865],[82.7,28.863],[82.702,28.859],[82.706,28.856],[82.711,28.855],[82.715,28.852],[82.72,28.85],[82.724,28.848],[82.728,28.849],[82.734,28.85],[82.738,28.85],[82.741,28.848],[82.744,28.845],[82.746,28.841],[82.749,28.836],[82.751,28.833],[82.751,28.832],[82.755,28.824],[82.758,28.819],[82.762,28.815],[82.766,28.814],[82.771,28.814],[82.775,28.816],[82.779,28.82],[82.784,28.822],[82.787,28.822],[82.795,28.822],[82.8,28.822],[82.805,28.825],[82.811,28.829],[82.815,28.831],[82.819,28.832],[82.823,28.831],[82.825,28.832],[82.828,28.832],[82.831,28.831],[82.835,28.831],[82.837,28.831],[82.84,28.832],[82.843,28.831],[82.843,28.83],[82.842,28.828],[82.84,28.825],[82.841,28.822],[82.846,28.823],[82.851,28.824],[82.854,28.824],[82.859,28.821],[82.863,28.819],[82.868,28.818],[82.872,28.819],[82.876,28.821],[82.878,28.825],[82.877,28.827],[82.876,28.829],[82.875,28.831],[82.877,28.833],[82.88,28.832],[82.883,28.83],[82.889,28.829],[82.895,28.829],[82.901,28.831],[82.905,28.834],[82.912,28.832],[82.921,28.832],[82.927,28.831],[82.93,28.829],[82.94,28.83],[82.948,28.831],[82.953,28.828],[82.956,28.824],[82.962,28.824],[82.967,28.819],[82.971,28.815],[82.978,28.808],[82.982,28.804],[82.987,28.805],[82.994,28.805],[83.0,28.806],[83.009,28.801],[83.015,28.8],[83.018,28.796],[83.022,28.794],[83.029,28.794],[83.034,28.796],[83.039,28.795],[83.044,28.793],[83.052,28.788],[83.058,28.786],[83.062,28.785],[83.068,28.783],[83.071,28.783],[83.075,28.785],[83.078,28.787],[83.083,28.787],[83.086,28.78],[83.09,28.777],[83.096,28.771],[83.099,28.769],[83.103,28.762],[83.105,28.757],[83.106,28.751],[83.11,28.744],[83.114,28.741],[83.117,28.741],[83.124,28.742],[83.135,28.743],[83.14,28.743],[83.143,28.74],[83.143,28.74],[83.143,28.738],[83.143,28.73],[83.145,28.722],[83.147,28.715],[83.15,28.709],[83.151,28.704],[83.152,28.699],[83.151,28.695],[83.15,28.694],[83.144,28.692],[83.143,28.687],[83.143,28.682],[83.143,28.678],[83.14,28.674],[83.133,28.672],[83.129,28.673],[83.125,28.674],[83.122,28.67],[83.123,28.666],[83.123,28.662],[83.123,28.657],[83.124,28.654],[83.122,28.65],[83.12,28.647],[83.116,28.639],[83.116,28.633],[83.115,28.629],[83.113,28.629],[83.112,28.63],[83.11,28.631],[83.108,28.633],[83.105,28.633],[83.102,28.633],[83.099,28.633],[83.097,28.633],[83.094,28.631],[83.091,28.631],[83.088,28.629],[83.086,28.628],[83.083,28.625],[83.08,28.623],[83.077,28.621],[83.075,28.621],[83.072,28.62],[83.07,28.62],[83.067,28.619],[83.065,28.618],[83.063,28.618],[83.062,28.618],[83.061,28.619],[83.059,28.62],[83.056,28.621],[83.054,28.623],[83.052,28.624],[83.05,28.625],[83.049,28.627],[83.047,28.627],[83.045,28.627],[83.042,28.626],[83.04,28.625],[83.038,28.623],[83.036,28.623],[83.034,28.624],[83.031,28.624],[83.029,28.623],[83.027,28.622],[83.025,28.621],[83.024,28.62],[83.023,28.62],[83.023,28.619],[83.019,28.62],[83.015,28.621],[83.013,28.621],[83.01,28.621],[83.009,28.621],[83.008,28.621],[83.005,28.62],[83.001,28.621],[83.001,28.622],[82.998,28.623],[82.997,28.623],[82.995,28.624],[82.993,28.625],[82.992,28.625],[82.989,28.625],[82.985,28.625],[82.983,28.623],[82.981,28.623],[82.977,28.623],[82.974,28.622],[82.972,28.622],[82.969,28.62],[82.965,28.617],[82.964,28.616],[82.961,28.613],[82.96,28.61],[82.958,28.607],[82.958,28.603],[82.958,28.599],[82.958,28.596],[82.959,28.593],[82.96,28.591],[82.961,28.588],[82.963,28.586],[82.965,28.584],[82.967,28.582],[82.969,28.58],[82.972,28.579],[82.975,28.578],[82.977,28.576],[82.98,28.576],[82.984,28.573],[82.985,28.572],[82.987,28.57],[82.988,28.568],[82.989,28.566],[82.988,28.563],[82.988,28.561],[82.986,28.559],[82.985,28.557],[82.984,28.556],[82.983,28.553],[82.982,28.551],[82.981,28.548],[82.98,28.546],[82.979,28.544],[82.976,28.541],[82.975,28.54],[82.973,28.541],[82.97,28.543],[82.969,28.546],[82.968,28.549],[82.967,28.551],[82.965,28.552],[82.962,28.552],[82.96,28.553],[82.957,28.552],[82.957,28.552],[82.951,28.554],[82.948,28.556],[82.941,28.559],[82.935,28.562],[82.932,28.564],[82.927,28.565],[82.923,28.565],[82.918,28.562],[82.918,28.56],[82.918,28.56],[82.918,28.558],[82.918,28.556],[82.918,28.556],[82.918,28.554],[82.918,28.553],[82.918,28.551],[82.917,28.549],[82.917,28.548],[82.917,28.547],[82.917,28.546],[82.917,28.543],[82.917,28.542],[82.917,28.539],[82.917,28.537],[82.917,28.535],[82.917,28.534],[82.917,28.532],[82.917,28.531],[82.917,28.529],[82.916,28.526],[82.914,28.526],[82.913,28.525],[82.913,28.524],[82.912,28.522],[82.911,28.521],[82.908,28.519],[82.904,28.517],[82.903,28.516],[82.903,28.516],[82.9,28.516],[82.898,28.516],[82.896,28.516],[82.894,28.516],[82.89,28.515],[82.888,28.515],[82.885,28.515],[82.883,28.516],[82.882,28.516],[82.88,28.516],[82.881,28.513],[82.883,28.511],[82.886,28.509],[82.888,28.507],[82.89,28.506],[82.891,28.504],[82.893,28.502],[82.895,28.499],[82.896,28.498],[82.898,28.495],[82.9,28.493],[82.903,28.491],[82.904,28.49],[82.907,28.488],[82.909,28.487],[82.91,28.485],[82.912,28.484],[82.914,28.483],[82.916,28.479],[82.915,28.478],[82.914,28.476],[82.911,28.475],[82.909,28.475],[82.905,28.476],[82.902,28.477],[82.899,28.478],[82.896,28.479],[82.894,28.479],[82.891,28.479],[82.889,28.479],[82.887,28.479],[82.885,28.477],[82.884,28.476],[82.874,28.478],[82.868,28.478],[82.863,28.478],[82.859,28.477],[82.855,28.477],[82.847,28.477],[82.846,28.477],[82.843,28.478],[82.838,28.477],[82.833,28.478],[82.832,28.48],[82.831,28.48],[82.826,28.483],[82.819,28.486],[82.813,28.49],[82.808,28.493],[82.802,28.495],[82.798,28.496],[82.791,28.497],[82.781,28.497],[82.776,28.499],[82.764,28.5],[82.758,28.503],[82.752,28.504],[82.746,28.507],[82.741,28.509],[82.738,28.513],[82.737,28.514],[82.736,28.515],[82.734,28.515],[82.729,28.515],[82.722,28.515],[82.716,28.514],[82.71,28.511],[82.706,28.508],[82.702,28.508],[82.698,28.508],[82.693,28.51],[82.686,28.509],[82.682,28.507],[82.675,28.505],[82.67,28.502],[82.665,28.499],[82.658,28.498],[82.652,28.498],[82.644,28.499],[82.638,28.499],[82.631,28.499],[82.627,28.502],[82.622,28.506],[82.617,28.51],[82.609,28.508],[82.604,28.506],[82.597,28.507],[82.593,28.511],[82.59,28.514],[82.584,28.513],[82.578,28.513],[82.569,28.517],[82.564,28.52],[82.559,28.522],[82.554,28.522],[82.549,28.524],[82.547,28.527],[82.545,28.531],[82.542,28.535],[82.54,28.538],[82.537,28.541],[82.536,28.544],[82.536,28.547],[82.536,28.55],[82.536,28.551],[82.535,28.554],[82.534,28.555]]]}},{"type":"Feature","properties":{"id":"Western Rukum","name":"Western Rukum","hq":"Musikot","province_id":6,"province":"Karnali","level":"district"},"geometry":{"type":"Polygon","coordinates":[[[82.576,28.987],[82.581,28.985],[82.585,28.984],[82.59,28.981],[82.595,28.979],[82.599,28.979],[82.602,28.979],[82.609,28.977],[82.612,28.977],[82.617,28.976],[82.622,28.975],[82.628,28.975],[82.633,28.976],[82.639,28.977],[82.642,28.978],[82.646,28.98],[82.651,28.981],[82.654,28.979],[82.657,28.976],[82.66,28.974],[82.665,28.969],[82.667,28.963],[82.667,28.957],[82.668,28.95],[82.672,28.943],[82.674,28.939],[82.678,28.933],[82.681,28.93],[82.683,28.925],[82.686,28.92],[82.687,28.917],[82.689,28.915],[82.693,28.915],[82.698,28.912],[82.701,28.906],[82.708,28.898],[82.709,28.893],[82.707,28.889],[82.707,28.885],[82.706,28.88],[82.705,28.877],[82.702,28.874],[82.698,28.871],[82.698,28.866],[82.698,28.865],[82.691,28.863],[82.685,28.861],[82.679,28.856],[82.673,28.852],[82.667,28.853],[82.663,28.856],[82.658,28.861],[82.656,28.866],[82.65,28.87],[82.643,28.867],[82.639,28.86],[82.637,28.855],[82.63,28.854],[82.626,28.848],[82.625,28.844],[82.626,28.841],[82.624,28.836],[82.619,28.829],[82.615,28.826],[82.617,28.819],[82.62,28.814],[82.62,28.809],[82.615,28.808],[82.613,28.807],[82.613,28.806],[82.609,28.804],[82.607,28.802],[82.604,28.8],[82.604,28.798],[82.601,28.797],[82.6,28.796],[82.598,28.793],[82.595,28.791],[82.591,28.791],[82.589,28.789],[82.59,28.786],[82.588,28.784],[82.586,28.782],[82.584,28.781],[82.581,28.78],[82.579,28.778],[82.576,28.776],[82.573,28.775],[82.571,28.773],[82.569,28.771],[82.567,28.771],[82.567,28.77],[82.567,28.768],[82.563,28.769],[82.562,28.768],[82.563,28.767],[82.565,28.765],[82.564,28.762],[82.564,28.76],[82.567,28.758],[82.567,28.752],[82.566,28.748],[82.566,28.744],[82.568,28.745],[82.569,28.744],[82.571,28.743],[82.573,28.741],[82.58,28.741],[82.586,28.74],[82.592,28.74],[82.595,28.743],[82.599,28.743],[82.602,28.743],[82.602,28.738],[82.602,28.735],[82.602,28.733],[82.603,28.731],[82.603,28.728],[82.606,28.723],[82.605,28.718],[82.605,28.716],[82.613,28.712],[82.617,28.709],[82.615,28.703],[82.614,28.698],[82.614,28.695],[82.616,28.692],[82.616,28.69],[82.612,28.688],[82.604,28.687],[82.601,28.684],[82.601,28.677],[82.6,28.671],[82.598,28.669],[82.59,28.667],[82.587,28.664],[82.583,28.665],[82.578,28.664],[82.573,28.658],[82.564,28.651],[82.56,28.646],[82.555,28.644],[82.548,28.647],[82.543,28.646],[82.538,28.647],[82.538,28.65],[82.534,28.65],[82.529,28.654],[82.525,28.655],[82.521,28.66],[82.518,28.661],[82.514,28.66],[82.508,28.661],[82.503,28.663],[82.5,28.669],[82.494,28.67],[82.491,28.672],[82.485,28.673],[82.479,28.674],[82.474,28.67],[82.471,28.671],[82.465,28.67],[82.462,28.673],[82.461,28.67],[82.453,28.671],[82.45,28.671],[82.448,28.668],[82.444,28.663],[82.44,28.658],[82.451,28.655],[82.454,28.649],[82.458,28.651],[82.461,28.646],[82.466,28.646],[82.47,28.644],[82.479,28.645],[82.485,28.641],[82.494,28.637],[82.508,28.631],[82.508,28.63],[82.509,28.628],[82.512,28.628],[82.518,28.626],[82.53,28.625],[82.541,28.622],[82.544,28.623],[82.543,28.626],[82.547,28.628],[82.55,28.626],[82.552,28.626],[82.547,28.623],[82.546,28.619],[82.552,28.616],[82.554,28.616],[82.559,28.612],[82.562,28.61],[82.568,28.611],[82.571,28.611],[82.578,28.614],[82.58,28.611],[82.58,28.608],[82.58,28.603],[82.581,28.601],[82.581,28.595],[82.579,28.59],[82.582,28.586],[82.578,28.585],[82.576,28.58],[82.57,28.578],[82.567,28.578],[82.565,28.579],[82.563,28.58],[82.562,28.581],[82.557,28.58],[82.554,28.582],[82.546,28.575],[82.544,28.573],[82.538,28.571],[82.536,28.571],[82.534,28.568],[82.533,28.567],[82.531,28.565],[82.53,28.562],[82.529,28.559],[82.533,28.556],[82.532,28.556],[82.527,28.557],[82.521,28.555],[82.516,28.553],[82.509,28.551],[82.503,28.552],[82.497,28.553],[82.494,28.549],[82.493,28.543],[82.491,28.538],[82.485,28.533],[82.48,28.53],[82.472,28.528],[82.468,28.524],[82.463,28.521],[82.457,28.52],[82.451,28.521],[82.445,28.522],[82.44,28.523],[82.434,28.523],[82.429,28.524],[82.423,28.526],[82.417,28.529],[82.416,28.53],[82.409,28.532],[82.407,28.532],[82.405,28.533],[82.403,28.533],[82.401,28.531],[82.398,28.53],[82.396,28.527],[82.392,28.526],[82.387,28.528],[82.382,28.531],[82.38,28.534],[82.38,28.538],[82.381,28.541],[82.382,28.545],[82.381,28.547],[82.379,28.549],[82.377,28.55],[82.376,28.555],[82.376,28.562],[82.373,28.567],[82.368,28.57],[82.363,28.573],[82.358,28.574],[82.352,28.577],[82.347,28.582],[82.341,28.585],[82.338,28.587],[82.32,28.591],[82.315,28.592],[82.312,28.593],[82.308,28.593],[82.304,28.595],[82.299,28.596],[82.295,28.595],[82.29,28.594],[82.286,28.594],[82.283,28.595],[82.276,28.596],[82.268,28.597],[82.261,28.598],[82.254,28.598],[82.247,28.599],[82.24,28.601],[82.234,28.603],[82.226,28.607],[82.219,28.61],[82.215,28.612],[82.212,28.614],[82.207,28.618],[82.2,28.62],[82.195,28.621],[82.187,28.622],[82.188,28.624],[82.19,28.627],[82.19,28.629],[82.19,28.632],[82.19,28.635],[82.19,28.637],[82.191,28.638],[82.193,28.639],[82.194,28.639],[82.195,28.641],[82.195,28.643],[82.195,28.646],[82.195,28.649],[82.195,28.651],[82.196,28.653],[82.196,28.655],[82.197,28.658],[82.198,28.659],[82.199,28.662],[82.199,28.664],[82.199,28.666],[82.198,28.669],[82.198,28.67],[82.198,28.672],[82.198,28.674],[82.199,28.675],[82.199,28.676],[82.2,28.678],[82.202,28.68],[82.204,28.681],[82.205,28.681],[82.206,28.68],[82.207,28.679],[82.21,28.678],[82.211,28.677],[82.213,28.679],[82.214,28.68],[82.216,28.682],[82.218,28.684],[82.22,28.685],[82.223,28.686],[82.225,28.687],[82.227,28.687],[82.228,28.687],[82.23,28.687],[82.232,28.689],[82.234,28.69],[82.235,28.692],[82.235,28.695],[82.236,28.697],[82.237,28.7],[82.237,28.703],[82.238,28.705],[82.239,28.706],[82.241,28.707],[82.242,28.708],[82.244,28.709],[82.246,28.709],[82.248,28.71],[82.25,28.71],[82.254,28.711],[82.255,28.71],[82.257,28.709],[82.259,28.708],[82.261,28.707],[82.263,28.704],[82.265,28.702],[82.266,28.7],[82.269,28.697],[82.271,28.695],[82.273,28.694],[82.276,28.693],[82.28,28.692],[82.281,28.692],[82.282,28.693],[82.28,28.693],[82.279,28.695],[82.278,28.699],[82.276,28.701],[82.275,28.704],[82.277,28.707],[82.281,28.712],[82.285,28.717],[82.287,28.722],[82.287,28.726],[82.286,28.728],[82.284,28.729],[82.284,28.731],[82.287,28.734],[82.288,28.739],[82.286,28.741],[82.284,28.745],[82.284,28.749],[82.287,28.754],[82.286,28.758],[82.284,28.761],[82.286,28.766],[82.289,28.77],[82.291,28.775],[82.292,28.78],[82.294,28.783],[82.298,28.785],[82.302,28.786],[82.307,28.786],[82.313,28.785],[82.318,28.784],[82.323,28.783],[82.329,28.782],[82.335,28.783],[82.34,28.783],[82.343,28.785],[82.345,28.787],[82.348,28.789],[82.352,28.79],[82.357,28.791],[82.361,28.793],[82.363,28.797],[82.367,28.803],[82.37,28.807],[82.372,28.812],[82.375,28.818],[82.379,28.822],[82.383,28.826],[82.387,28.83],[82.391,28.832],[82.395,28.835],[82.403,28.84],[82.407,28.842],[82.411,28.843],[82.414,28.845],[82.418,28.846],[82.423,28.847],[82.427,28.848],[82.429,28.85],[82.432,28.853],[82.437,28.857],[82.442,28.862],[82.447,28.865],[82.452,28.868],[82.456,28.87],[82.462,28.871],[82.463,28.869],[82.465,28.866],[82.467,28.865],[82.469,28.865],[82.471,28.866],[82.478,28.868],[82.488,28.872],[82.49,28.873],[82.497,28.883],[82.499,28.886],[82.502,28.889],[82.505,28.892],[82.505,28.893],[82.506,28.897],[82.506,28.9],[82.506,28.906],[82.505,28.911],[82.504,28.919],[82.505,28.921],[82.508,28.923],[82.511,28.925],[82.513,28.927],[82.514,28.93],[82.514,28.935],[82.514,28.937],[82.514,28.938],[82.513,28.94],[82.513,28.944],[82.514,28.948],[82.515,28.951],[82.517,28.956],[82.524,28.962],[82.53,28.967],[82.533,28.97],[82.534,28.97],[82.535,28.972],[82.538,28.975],[82.542,28.978],[82.546,28.982],[82.552,28.984],[82.557,28.986],[82.561,28.986],[82.565,28.986],[82.57,28.987],[82.576,28.987]]]}},{"type":"Feature","properties":{"id":"Salyan","name":"Salyan","hq":"Salyan","province_id":6,"province":"Karnali","level":"district"},"geometry":{"type":"Polygon","coordinates":[[[82.187,28.622],[82.195,28.621],[82.2,28.62],[82.207,28.618],[82.212,28.614],[82.215,28.612],[82.219,28.61],[82.226,28.607],[82.234,28.603],[82.24,28.601],[82.247,28.599],[82.254,28.598],[82.261,28.598],[82.268,28.597],[82.276,28.596],[82.283,28.595],[82.286,28.594],[82.29,28.594],[82.295,28.595],[82.299,28.596],[82.304,28.595],[82.308,28.593],[82.312,28.593],[82.315,28.592],[82.32,28.591],[82.338,28.587],[82.341,28.585],[82.347,28.582],[82.352,28.577],[82.358,28.574],[82.363,28.573],[82.368,28.57],[82.373,28.567],[82.376,28.562],[82.376,28.555],[82.377,28.55],[82.379,28.549],[82.381,28.547],[82.382,28.545],[82.381,28.541],[82.38,28.538],[82.38,28.534],[82.382,28.531],[82.387,28.528],[82.392,28.526],[82.396,28.527],[82.398,28.53],[82.401,28.531],[82.403,28.533],[82.405,28.533],[82.407,28.532],[82.409,28.532],[82.416,28.53],[82.417,28.529],[82.418,28.524],[82.417,28.52],[82.416,28.514],[82.412,28.51],[82.409,28.506],[82.41,28.501],[82.412,28.498],[82.409,28.496],[82.396,28.492],[82.396,28.491],[82.393,28.482],[82.393,28.478],[82.393,28.475],[82.393,28.471],[82.393,28.468],[82.392,28.467],[82.39,28.464],[82.383,28.463],[82.378,28.461],[82.373,28.459],[82.374,28.454],[82.376,28.449],[82.377,28.443],[82.378,28.438],[82.378,28.432],[82.373,28.427],[82.367,28.426],[82.36,28.425],[82.355,28.424],[82.351,28.423],[82.352,28.419],[82.355,28.412],[82.359,28.408],[82.364,28.406],[82.368,28.402],[82.371,28.398],[82.372,28.392],[82.372,28.386],[82.375,28.38],[82.381,28.377],[82.384,28.374],[82.382,28.368],[82.379,28.36],[82.38,28.355],[82.379,28.351],[82.374,28.349],[82.369,28.347],[82.366,28.342],[82.365,28.336],[82.367,28.333],[82.371,28.332],[82.374,28.327],[82.374,28.323],[82.377,28.318],[82.378,28.313],[82.377,28.307],[82.381,28.301],[82.386,28.295],[82.39,28.29],[82.393,28.286],[82.397,28.282],[82.399,28.276],[82.4,28.272],[82.403,28.269],[82.406,28.264],[82.407,28.262],[82.41,28.26],[82.413,28.257],[82.415,28.251],[82.419,28.246],[82.421,28.242],[82.421,28.238],[82.418,28.232],[82.415,28.228],[82.41,28.224],[82.399,28.218],[82.398,28.216],[82.397,28.214],[82.397,28.212],[82.397,28.209],[82.396,28.206],[82.395,28.203],[82.393,28.201],[82.392,28.199],[82.391,28.197],[82.39,28.195],[82.393,28.194],[82.392,28.193],[82.392,28.192],[82.389,28.189],[82.386,28.189],[82.379,28.188],[82.374,28.19],[82.37,28.193],[82.365,28.198],[82.36,28.203],[82.354,28.208],[82.349,28.21],[82.341,28.211],[82.336,28.213],[82.33,28.215],[82.326,28.218],[82.32,28.221],[82.318,28.223],[82.316,28.225],[82.315,28.229],[82.314,28.236],[82.315,28.242],[82.315,28.246],[82.312,28.249],[82.309,28.25],[82.305,28.249],[82.301,28.248],[82.297,28.248],[82.292,28.247],[82.287,28.248],[82.283,28.249],[82.278,28.249],[82.273,28.248],[82.264,28.246],[82.26,28.245],[82.257,28.242],[82.253,28.241],[82.247,28.241],[82.242,28.241],[82.237,28.242],[82.232,28.244],[82.227,28.248],[82.223,28.25],[82.221,28.251],[82.218,28.251],[82.213,28.25],[82.207,28.247],[82.2,28.245],[82.196,28.247],[82.192,28.25],[82.19,28.251],[82.185,28.252],[82.175,28.254],[82.168,28.252],[82.164,28.248],[82.159,28.245],[82.153,28.242],[82.145,28.243],[82.139,28.248],[82.135,28.251],[82.132,28.253],[82.129,28.254],[82.125,28.255],[82.12,28.254],[82.115,28.253],[82.11,28.254],[82.105,28.256],[82.102,28.257],[82.098,28.257],[82.093,28.255],[82.088,28.252],[82.083,28.248],[82.078,28.244],[82.073,28.243],[82.066,28.242],[82.06,28.242],[82.054,28.241],[82.05,28.241],[82.048,28.236],[82.044,28.231],[82.04,28.224],[82.039,28.219],[82.035,28.217],[82.031,28.213],[82.029,28.211],[82.028,28.209],[82.027,28.205],[82.026,28.203],[82.025,28.199],[82.024,28.196],[82.024,28.194],[82.024,28.193],[82.024,28.192],[82.023,28.19],[82.023,28.188],[82.022,28.186],[82.02,28.182],[82.02,28.178],[82.017,28.173],[82.014,28.168],[82.014,28.166],[82.014,28.165],[82.014,28.164],[82.015,28.163],[82.016,28.162],[82.016,28.16],[82.012,28.159],[82.006,28.159],[82.002,28.16],[81.998,28.163],[81.996,28.166],[81.992,28.169],[81.988,28.174],[81.984,28.177],[81.98,28.179],[81.977,28.182],[81.976,28.183],[81.97,28.184],[81.966,28.188],[81.964,28.192],[81.957,28.195],[81.95,28.197],[81.943,28.201],[81.937,28.205],[81.933,28.209],[81.926,28.213],[81.922,28.22],[81.918,28.228],[81.91,28.233],[81.902,28.235],[81.894,28.238],[81.884,28.242],[81.88,28.243],[81.877,28.242],[81.873,28.24],[81.869,28.242],[81.864,28.241],[81.864,28.247],[81.863,28.255],[81.855,28.261],[81.848,28.268],[81.839,28.275],[81.831,28.278],[81.82,28.281],[81.812,28.284],[81.805,28.285],[81.801,28.283],[81.798,28.28],[81.794,28.281],[81.791,28.288],[81.786,28.295],[81.775,28.302],[81.767,28.306],[81.764,28.31],[81.76,28.31],[81.754,28.311],[81.747,28.316],[81.747,28.32],[81.748,28.322],[81.748,28.324],[81.749,28.327],[81.75,28.33],[81.751,28.333],[81.753,28.336],[81.754,28.339],[81.755,28.342],[81.756,28.346],[81.757,28.354],[81.767,28.37],[81.768,28.372],[81.769,28.373],[81.769,28.375],[81.77,28.377],[81.771,28.379],[81.771,28.382],[81.775,28.385],[81.778,28.386],[81.781,28.386],[81.788,28.385],[81.792,28.386],[81.795,28.387],[81.799,28.389],[81.803,28.39],[81.806,28.389],[81.81,28.389],[81.813,28.388],[81.817,28.384],[81.82,28.382],[81.822,28.381],[81.827,28.38],[81.832,28.38],[81.837,28.381],[81.84,28.38],[81.843,28.378],[81.844,28.377],[81.846,28.374],[81.85,28.372],[81.855,28.372],[81.855,28.372],[81.859,28.37],[81.862,28.369],[81.865,28.367],[81.87,28.366],[81.87,28.366],[81.871,28.366],[81.873,28.364],[81.876,28.363],[81.881,28.363],[81.884,28.362],[81.887,28.36],[81.887,28.357],[81.886,28.351],[81.885,28.348],[81.886,28.345],[81.885,28.337],[81.886,28.334],[81.888,28.332],[81.891,28.331],[81.894,28.331],[81.899,28.333],[81.902,28.333],[81.905,28.332],[81.909,28.329],[81.913,28.325],[81.916,28.324],[81.919,28.325],[81.924,28.327],[81.928,28.329],[81.932,28.333],[81.935,28.335],[81.939,28.337],[81.942,28.338],[81.945,28.34],[81.948,28.342],[81.952,28.344],[81.956,28.347],[81.959,28.348],[81.963,28.349],[81.965,28.35],[81.97,28.351],[81.972,28.352],[81.975,28.354],[81.976,28.357],[81.979,28.36],[81.981,28.361],[81.983,28.362],[81.981,28.365],[81.981,28.366],[81.98,28.368],[81.979,28.373],[81.979,28.376],[81.978,28.379],[81.978,28.382],[81.978,28.386],[81.98,28.388],[81.981,28.389],[81.984,28.391],[81.986,28.392],[81.988,28.394],[81.989,28.396],[81.988,28.397],[81.986,28.398],[81.982,28.399],[81.982,28.4],[81.981,28.401],[81.98,28.402],[81.979,28.403],[81.977,28.405],[81.976,28.407],[81.974,28.409],[81.972,28.412],[81.971,28.415],[81.969,28.418],[81.967,28.421],[81.965,28.423],[81.964,28.426],[81.963,28.428],[81.964,28.43],[81.964,28.432],[81.965,28.433],[81.966,28.436],[81.967,28.437],[81.968,28.44],[81.968,28.442],[81.967,28.443],[81.965,28.444],[81.965,28.445],[81.964,28.446],[81.964,28.447],[81.966,28.449],[81.967,28.449],[81.969,28.448],[81.971,28.447],[81.972,28.447],[81.974,28.446],[81.976,28.445],[81.979,28.444],[81.981,28.444],[81.983,28.444],[81.985,28.445],[81.987,28.447],[81.987,28.449],[81.988,28.453],[81.989,28.455],[81.99,28.457],[81.992,28.458],[81.995,28.46],[81.997,28.46],[82.0,28.462],[82.003,28.464],[82.007,28.465],[82.009,28.466],[82.011,28.468],[82.012,28.469],[82.013,28.472],[82.012,28.475],[82.012,28.478],[82.016,28.483],[82.018,28.484],[82.019,28.486],[82.023,28.49],[82.024,28.492],[82.026,28.495],[82.026,28.497],[82.025,28.501],[82.024,28.502],[82.023,28.504],[82.022,28.505],[82.022,28.508],[82.022,28.509],[82.022,28.512],[82.023,28.514],[82.025,28.515],[82.027,28.518],[82.027,28.52],[82.025,28.522],[82.024,28.523],[82.021,28.525],[82.02,28.526],[82.02,28.527],[82.019,28.53],[82.019,28.532],[82.019,28.534],[82.019,28.536],[82.018,28.539],[82.017,28.541],[82.016,28.543],[82.015,28.544],[82.013,28.547],[82.012,28.548],[82.01,28.55],[82.009,28.552],[82.007,28.554],[82.006,28.556],[82.004,28.558],[82.002,28.56],[82.001,28.561],[82.0,28.564],[81.998,28.567],[81.998,28.569],[81.998,28.573],[81.999,28.575],[82.001,28.577],[82.002,28.579],[82.002,28.582],[82.001,28.585],[82.002,28.586],[82.002,28.587],[82.004,28.589],[82.005,28.589],[82.007,28.591],[82.009,28.593],[82.011,28.596],[82.01,28.598],[82.009,28.6],[82.007,28.604],[82.006,28.606],[82.005,28.608],[82.005,28.611],[82.007,28.612],[82.009,28.613],[82.011,28.612],[82.015,28.613],[82.017,28.612],[82.021,28.612],[82.024,28.612],[82.025,28.613],[82.025,28.616],[82.025,28.617],[82.024,28.619],[82.022,28.622],[82.022,28.624],[82.023,28.626],[82.024,28.628],[82.026,28.63],[82.027,28.632],[82.028,28.634],[82.029,28.635],[82.03,28.637],[82.032,28.637],[82.034,28.637],[82.037,28.636],[82.039,28.635],[82.041,28.634],[82.044,28.635],[82.046,28.636],[82.047,28.639],[82.048,28.641],[82.049,28.641],[82.051,28.642],[82.053,28.642],[82.056,28.642],[82.058,28.641],[82.058,28.639],[82.057,28.637],[82.056,28.634],[82.056,28.634],[82.058,28.633],[82.063,28.631],[82.064,28.63],[82.066,28.63],[82.067,28.629],[82.069,28.629],[82.071,28.628],[82.072,28.627],[82.075,28.626],[82.076,28.624],[82.08,28.621],[82.082,28.619],[82.083,28.617],[82.085,28.616],[82.087,28.617],[82.091,28.619],[82.093,28.619],[82.096,28.619],[82.098,28.618],[82.101,28.619],[82.104,28.618],[82.106,28.618],[82.109,28.618],[82.111,28.618],[82.114,28.619],[82.116,28.62],[82.119,28.62],[82.122,28.622],[82.125,28.622],[82.127,28.621],[82.13,28.622],[82.131,28.622],[82.132,28.622],[82.135,28.624],[82.137,28.625],[82.139,28.625],[82.141,28.624],[82.143,28.623],[82.145,28.619],[82.145,28.617],[82.146,28.615],[82.148,28.614],[82.152,28.613],[82.156,28.612],[82.159,28.612],[82.162,28.612],[82.166,28.612],[82.169,28.613],[82.172,28.614],[82.175,28.615],[82.178,28.617],[82.18,28.618],[82.183,28.62],[82.185,28.621],[82.187,28.622]]]}},{"type":"Feature","properties":{"id":"Dolpa","name":"Dolpa","hq":"Dunai","province_id":6,"province":"Karnali","level":"district"},"geometry":{"type":"Polygon","coordinates":[[[82.828,29.688],[82.835,29.69],[82.845,29.69],[82.848,29.689],[82.851,29.687],[82.856,29.685],[82.858,29.684],[82.862,29.684],[82.865,29.684],[82.869,29.686],[82.873,29.689],[82.877,29.691],[82.882,29.691],[82.885,29.691],[82.888,29.692],[82.89,29.693],[82.89,29.696],[82.891,29.699],[82.894,29.701],[82.899,29.7],[82.901,29.7],[82.908,29.699],[82.912,29.7],[82.913,29.702],[82.916,29.704],[82.92,29.703],[82.923,29.7],[82.926,29.698],[82.93,29.699],[82.932,29.701],[82.935,29.704],[82.936,29.7],[82.938,29.697],[82.94,29.694],[82.943,29.692],[82.946,29.691],[82.946,29.689],[82.945,29.686],[82.943,29.684],[82.944,29.68],[82.944,29.678],[82.942,29.676],[82.941,29.673],[82.943,29.672],[82.945,29.671],[82.946,29.669],[82.947,29.668],[82.951,29.665],[82.954,29.662],[82.956,29.661],[82.961,29.66],[82.964,29.66],[82.968,29.662],[82.972,29.664],[82.975,29.667],[82.978,29.667],[82.982,29.667],[82.986,29.667],[82.988,29.664],[82.99,29.661],[82.994,29.661],[82.997,29.662],[83.0,29.664],[83.004,29.666],[83.007,29.668],[83.009,29.668],[83.011,29.665],[83.012,29.662],[83.015,29.659],[83.017,29.658],[83.019,29.656],[83.019,29.653],[83.02,29.65],[83.021,29.648],[83.023,29.648],[83.026,29.649],[83.029,29.651],[83.033,29.651],[83.036,29.65],[83.038,29.647],[83.039,29.643],[83.04,29.639],[83.041,29.635],[83.041,29.633],[83.043,29.631],[83.044,29.63],[83.048,29.629],[83.051,29.628],[83.053,29.627],[83.056,29.625],[83.06,29.625],[83.063,29.625],[83.065,29.624],[83.066,29.621],[83.066,29.619],[83.067,29.617],[83.068,29.614],[83.069,29.612],[83.072,29.608],[83.076,29.606],[83.08,29.603],[83.083,29.602],[83.086,29.602],[83.089,29.603],[83.091,29.604],[83.091,29.605],[83.091,29.608],[83.09,29.611],[83.092,29.611],[83.095,29.61],[83.099,29.61],[83.101,29.612],[83.103,29.614],[83.106,29.616],[83.109,29.616],[83.113,29.615],[83.115,29.616],[83.117,29.618],[83.118,29.62],[83.118,29.623],[83.118,29.626],[83.121,29.626],[83.124,29.624],[83.128,29.621],[83.131,29.619],[83.134,29.619],[83.136,29.62],[83.138,29.622],[83.141,29.623],[83.145,29.621],[83.148,29.621],[83.152,29.621],[83.155,29.621],[83.157,29.619],[83.159,29.618],[83.161,29.617],[83.163,29.614],[83.163,29.611],[83.162,29.608],[83.161,29.604],[83.159,29.602],[83.159,29.6],[83.158,29.597],[83.16,29.595],[83.163,29.594],[83.167,29.594],[83.17,29.594],[83.172,29.592],[83.175,29.591],[83.182,29.593],[83.185,29.594],[83.186,29.597],[83.187,29.598],[83.186,29.601],[83.186,29.604],[83.187,29.606],[83.19,29.607],[83.192,29.607],[83.195,29.608],[83.196,29.609],[83.197,29.609],[83.199,29.607],[83.205,29.606],[83.209,29.606],[83.214,29.605],[83.218,29.605],[83.219,29.604],[83.218,29.6],[83.217,29.596],[83.216,29.593],[83.216,29.591],[83.217,29.588],[83.22,29.586],[83.222,29.584],[83.225,29.583],[83.226,29.582],[83.228,29.581],[83.23,29.58],[83.238,29.576],[83.242,29.576],[83.246,29.576],[83.252,29.576],[83.255,29.576],[83.259,29.575],[83.261,29.573],[83.263,29.572],[83.265,29.57],[83.266,29.569],[83.269,29.567],[83.272,29.567],[83.276,29.568],[83.278,29.567],[83.28,29.565],[83.281,29.561],[83.281,29.558],[83.279,29.556],[83.277,29.556],[83.274,29.555],[83.27,29.555],[83.267,29.555],[83.262,29.557],[83.26,29.557],[83.257,29.556],[83.256,29.553],[83.257,29.551],[83.256,29.548],[83.255,29.545],[83.254,29.542],[83.256,29.539],[83.257,29.538],[83.261,29.534],[83.263,29.532],[83.263,29.53],[83.265,29.527],[83.266,29.525],[83.268,29.522],[83.268,29.517],[83.267,29.514],[83.267,29.51],[83.269,29.507],[83.273,29.505],[83.275,29.504],[83.277,29.502],[83.279,29.5],[83.281,29.499],[83.285,29.499],[83.288,29.5],[83.29,29.501],[83.295,29.502],[83.298,29.5],[83.3,29.5],[83.304,29.501],[83.307,29.502],[83.31,29.502],[83.313,29.504],[83.316,29.506],[83.318,29.507],[83.321,29.506],[83.324,29.504],[83.327,29.504],[83.329,29.503],[83.332,29.501],[83.334,29.499],[83.339,29.497],[83.342,29.495],[83.347,29.493],[83.347,29.49],[83.347,29.487],[83.348,29.482],[83.348,29.48],[83.347,29.477],[83.345,29.474],[83.345,29.471],[83.344,29.467],[83.345,29.465],[83.347,29.463],[83.349,29.46],[83.351,29.459],[83.353,29.456],[83.355,29.452],[83.356,29.451],[83.36,29.45],[83.363,29.45],[83.366,29.449],[83.366,29.446],[83.365,29.444],[83.365,29.443],[83.366,29.44],[83.367,29.437],[83.368,29.436],[83.369,29.433],[83.37,29.431],[83.37,29.429],[83.373,29.427],[83.376,29.427],[83.379,29.426],[83.38,29.425],[83.382,29.423],[83.385,29.423],[83.387,29.423],[83.39,29.423],[83.394,29.422],[83.396,29.422],[83.4,29.421],[83.403,29.421],[83.408,29.422],[83.41,29.422],[83.412,29.422],[83.414,29.422],[83.415,29.417],[83.416,29.415],[83.417,29.412],[83.418,29.409],[83.419,29.406],[83.421,29.405],[83.424,29.404],[83.426,29.402],[83.424,29.4],[83.422,29.398],[83.421,29.395],[83.422,29.39],[83.422,29.387],[83.422,29.385],[83.419,29.383],[83.413,29.381],[83.412,29.378],[83.414,29.377],[83.415,29.374],[83.416,29.371],[83.416,29.368],[83.416,29.365],[83.417,29.363],[83.417,29.359],[83.418,29.357],[83.42,29.356],[83.422,29.356],[83.425,29.356],[83.427,29.352],[83.429,29.351],[83.43,29.35],[83.433,29.35],[83.435,29.349],[83.438,29.349],[83.441,29.347],[83.442,29.345],[83.443,29.344],[83.444,29.343],[83.445,29.34],[83.444,29.338],[83.444,29.335],[83.446,29.331],[83.446,29.328],[83.445,29.326],[83.444,29.323],[83.444,29.319],[83.442,29.318],[83.44,29.317],[83.44,29.314],[83.44,29.311],[83.441,29.308],[83.441,29.307],[83.443,29.307],[83.444,29.307],[83.446,29.306],[83.446,29.306],[83.445,29.303],[83.445,29.3],[83.448,29.299],[83.45,29.299],[83.452,29.298],[83.452,29.294],[83.454,29.292],[83.456,29.292],[83.456,29.288],[83.457,29.286],[83.459,29.285],[83.462,29.283],[83.464,29.282],[83.464,29.279],[83.465,29.276],[83.466,29.274],[83.468,29.274],[83.472,29.274],[83.474,29.276],[83.476,29.278],[83.478,29.279],[83.48,29.28],[83.482,29.28],[83.485,29.28],[83.486,29.28],[83.488,29.277],[83.489,29.275],[83.492,29.273],[83.491,29.269],[83.491,29.267],[83.492,29.265],[83.494,29.264],[83.497,29.263],[83.5,29.262],[83.503,29.26],[83.505,29.257],[83.507,29.256],[83.509,29.255],[83.512,29.256],[83.514,29.256],[83.514,29.252],[83.515,29.249],[83.517,29.248],[83.518,29.246],[83.518,29.243],[83.517,29.24],[83.519,29.239],[83.522,29.238],[83.522,29.235],[83.52,29.233],[83.518,29.232],[83.516,29.229],[83.517,29.228],[83.517,29.223],[83.518,29.22],[83.519,29.218],[83.522,29.216],[83.524,29.215],[83.529,29.212],[83.531,29.211],[83.531,29.209],[83.532,29.208],[83.533,29.206],[83.535,29.205],[83.537,29.205],[83.541,29.204],[83.544,29.204],[83.548,29.203],[83.551,29.202],[83.554,29.201],[83.556,29.203],[83.561,29.205],[83.564,29.204],[83.568,29.203],[83.571,29.2],[83.57,29.196],[83.57,29.194],[83.57,29.192],[83.572,29.191],[83.576,29.189],[83.578,29.187],[83.578,29.183],[83.579,29.18],[83.581,29.178],[83.582,29.177],[83.585,29.176],[83.588,29.174],[83.592,29.173],[83.595,29.174],[83.6,29.176],[83.603,29.177],[83.606,29.179],[83.609,29.18],[83.612,29.178],[83.615,29.174],[83.618,29.171],[83.621,29.168],[83.623,29.165],[83.627,29.162],[83.629,29.16],[83.632,29.158],[83.637,29.158],[83.64,29.159],[83.644,29.161],[83.648,29.163],[83.65,29.165],[83.651,29.167],[83.654,29.169],[83.656,29.172],[83.657,29.173],[83.658,29.175],[83.661,29.178],[83.664,29.176],[83.666,29.175],[83.667,29.174],[83.667,29.172],[83.667,29.17],[83.667,29.168],[83.666,29.164],[83.666,29.162],[83.666,29.161],[83.667,29.158],[83.668,29.158],[83.671,29.156],[83.673,29.156],[83.675,29.155],[83.676,29.154],[83.678,29.153],[83.679,29.152],[83.68,29.149],[83.68,29.145],[83.68,29.144],[83.68,29.141],[83.68,29.138],[83.681,29.135],[83.682,29.133],[83.683,29.13],[83.683,29.128],[83.682,29.127],[83.682,29.125],[83.68,29.124],[83.678,29.122],[83.675,29.122],[83.673,29.122],[83.669,29.124],[83.668,29.124],[83.665,29.123],[83.662,29.123],[83.659,29.123],[83.657,29.122],[83.656,29.12],[83.656,29.117],[83.656,29.115],[83.656,29.113],[83.655,29.111],[83.654,29.109],[83.652,29.107],[83.65,29.107],[83.648,29.108],[83.647,29.11],[83.646,29.112],[83.645,29.114],[83.643,29.114],[83.642,29.112],[83.641,29.109],[83.64,29.108],[83.638,29.106],[83.635,29.105],[83.633,29.104],[83.63,29.104],[83.628,29.103],[83.626,29.102],[83.624,29.101],[83.622,29.1],[83.621,29.099],[83.621,29.096],[83.622,29.094],[83.623,29.093],[83.625,29.092],[83.627,29.091],[83.628,29.09],[83.63,29.087],[83.631,29.085],[83.631,29.082],[83.632,29.08],[83.632,29.078],[83.633,29.076],[83.634,29.073],[83.635,29.071],[83.635,29.069],[83.635,29.067],[83.633,29.065],[83.632,29.064],[83.629,29.063],[83.627,29.062],[83.625,29.06],[83.624,29.058],[83.623,29.056],[83.623,29.054],[83.623,29.05],[83.623,29.047],[83.622,29.044],[83.62,29.042],[83.62,29.041],[83.618,29.039],[83.617,29.037],[83.618,29.035],[83.618,29.033],[83.618,29.03],[83.617,29.028],[83.617,29.026],[83.619,29.025],[83.62,29.024],[83.621,29.022],[83.62,29.02],[83.618,29.017],[83.618,29.015],[83.619,29.014],[83.62,29.012],[83.621,29.01],[83.62,29.007],[83.619,29.005],[83.619,29.003],[83.619,28.999],[83.619,28.997],[83.618,28.993],[83.617,28.989],[83.617,28.987],[83.616,28.985],[83.615,28.983],[83.612,28.981],[83.608,28.981],[83.606,28.983],[83.604,28.985],[83.602,28.985],[83.6,28.985],[83.597,28.984],[83.595,28.981],[83.593,28.979],[83.592,28.977],[83.591,28.974],[83.589,28.971],[83.588,28.967],[83.587,28.966],[83.585,28.963],[83.584,28.962],[83.582,28.959],[83.58,28.956],[83.579,28.955],[83.574,28.951],[83.572,28.95],[83.569,28.948],[83.567,28.947],[83.565,28.946],[83.563,28.945],[83.562,28.943],[83.561,28.942],[83.56,28.939],[83.559,28.937],[83.558,28.935],[83.557,28.933],[83.555,28.93],[83.553,28.928],[83.551,28.926],[83.548,28.924],[83.547,28.922],[83.545,28.92],[83.543,28.918],[83.541,28.916],[83.539,28.914],[83.537,28.912],[83.535,28.91],[83.534,28.909],[83.532,28.907],[83.529,28.905],[83.528,28.902],[83.526,28.901],[83.523,28.897],[83.521,28.895],[83.518,28.893],[83.516,28.89],[83.513,28.888],[83.509,28.885],[83.507,28.883],[83.505,28.88],[83.504,28.878],[83.503,28.874],[83.503,28.872],[83.504,28.869],[83.505,28.867],[83.506,28.864],[83.507,28.861],[83.507,28.858],[83.506,28.855],[83.505,28.852],[83.504,28.848],[83.501,28.844],[83.498,28.844],[83.495,28.845],[83.492,28.846],[83.49,28.846],[83.487,28.845],[83.486,28.843],[83.486,28.839],[83.486,28.836],[83.486,28.833],[83.486,28.83],[83.485,28.827],[83.485,28.825],[83.484,28.821],[83.485,28.818],[83.485,28.815],[83.486,28.813],[83.489,28.809],[83.489,28.806],[83.49,28.804],[83.491,28.802],[83.491,28.799],[83.491,28.796],[83.491,28.794],[83.491,28.793],[83.49,28.79],[83.488,28.787],[83.482,28.785],[83.478,28.785],[83.475,28.784],[83.473,28.784],[83.47,28.782],[83.467,28.782],[83.464,28.78],[83.461,28.777],[83.458,28.774],[83.455,28.773],[83.451,28.771],[83.447,28.771],[83.444,28.77],[83.44,28.77],[83.436,28.769],[83.433,28.769],[83.426,28.767],[83.422,28.766],[83.418,28.765],[83.414,28.763],[83.41,28.762],[83.406,28.761],[83.404,28.761],[83.402,28.761],[83.399,28.762],[83.394,28.762],[83.391,28.761],[83.388,28.759],[83.384,28.757],[83.382,28.755],[83.379,28.751],[83.377,28.748],[83.374,28.744],[83.372,28.741],[83.369,28.737],[83.367,28.735],[83.365,28.734],[83.363,28.733],[83.36,28.733],[83.358,28.733],[83.356,28.733],[83.353,28.734],[83.351,28.734],[83.348,28.735],[83.347,28.735],[83.342,28.736],[83.34,28.737],[83.336,28.737],[83.333,28.736],[83.33,28.735],[83.326,28.735],[83.324,28.734],[83.32,28.734],[83.316,28.734],[83.314,28.734],[83.311,28.733],[83.306,28.732],[83.302,28.73],[83.299,28.73],[83.294,28.728],[83.289,28.726],[83.286,28.725],[83.283,28.723],[83.28,28.722],[83.278,28.721],[83.275,28.721],[83.272,28.722],[83.269,28.722],[83.267,28.723],[83.264,28.723],[83.261,28.724],[83.259,28.724],[83.257,28.724],[83.254,28.726],[83.253,28.727],[83.251,28.728],[83.249,28.73],[83.248,28.732],[83.247,28.733],[83.245,28.734],[83.244,28.735],[83.242,28.737],[83.24,28.74],[83.238,28.741],[83.236,28.743],[83.233,28.743],[83.231,28.742],[83.228,28.741],[83.225,28.739],[83.223,28.736],[83.222,28.735],[83.22,28.734],[83.218,28.733],[83.215,28.732],[83.213,28.731],[83.212,28.732],[83.21,28.732],[83.209,28.733],[83.207,28.733],[83.204,28.735],[83.202,28.736],[83.201,28.737],[83.199,28.739],[83.197,28.739],[83.194,28.74],[83.192,28.741],[83.19,28.741],[83.188,28.742],[83.185,28.743],[83.182,28.744],[83.179,28.745],[83.176,28.746],[83.174,28.746],[83.17,28.745],[83.168,28.746],[83.165,28.746],[83.162,28.746],[83.159,28.747],[83.156,28.747],[83.154,28.747],[83.151,28.746],[83.149,28.746],[83.147,28.746],[83.143,28.74],[83.143,28.74],[83.14,28.743],[83.135,28.743],[83.124,28.742],[83.117,28.741],[83.114,28.741],[83.11,28.744],[83.106,28.751],[83.105,28.757],[83.103,28.762],[83.099,28.769],[83.096,28.771],[83.09,28.777],[83.086,28.78],[83.083,28.787],[83.078,28.787],[83.075,28.785],[83.071,28.783],[83.068,28.783],[83.062,28.785],[83.058,28.786],[83.052,28.788],[83.044,28.793],[83.039,28.795],[83.034,28.796],[83.029,28.794],[83.022,28.794],[83.018,28.796],[83.015,28.8],[83.009,28.801],[83.0,28.806],[82.994,28.805],[82.987,28.805],[82.982,28.804],[82.978,28.808],[82.971,28.815],[82.967,28.819],[82.962,28.824],[82.956,28.824],[82.953,28.828],[82.948,28.831],[82.94,28.83],[82.93,28.829],[82.927,28.831],[82.921,28.832],[82.912,28.832],[82.905,28.834],[82.901,28.831],[82.895,28.829],[82.889,28.829],[82.883,28.83],[82.88,28.832],[82.877,28.833],[82.875,28.831],[82.876,28.829],[82.877,28.827],[82.878,28.825],[82.876,28.821],[82.872,28.819],[82.868,28.818],[82.863,28.819],[82.859,28.821],[82.854,28.824],[82.851,28.824],[82.846,28.823],[82.841,28.822],[82.84,28.825],[82.842,28.828],[82.843,28.83],[82.843,28.831],[82.84,28.832],[82.837,28.831],[82.835,28.831],[82.831,28.831],[82.828,28.832],[82.825,28.832],[82.823,28.831],[82.819,28.832],[82.815,28.831],[82.811,28.829],[82.805,28.825],[82.8,28.822],[82.795,28.822],[82.787,28.822],[82.784,28.822],[82.779,28.82],[82.775,28.816],[82.771,28.814],[82.766,28.814],[82.762,28.815],[82.758,28.819],[82.755,28.824],[82.751,28.832],[82.751,28.833],[82.749,28.836],[82.746,28.841],[82.744,28.845],[82.741,28.848],[82.738,28.85],[82.734,28.85],[82.728,28.849],[82.724,28.848],[82.72,28.85],[82.715,28.852],[82.711,28.855],[82.706,28.856],[82.702,28.859],[82.7,28.863],[82.698,28.866],[82.698,28.871],[82.702,28.874],[82.705,28.877],[82.706,28.88],[82.707,28.885],[82.707,28.889],[82.709,28.893],[82.708,28.898],[82.701,28.906],[82.698,28.912],[82.693,28.915],[82.689,28.915],[82.687,28.917],[82.686,28.92],[82.683,28.925],[82.681,28.93],[82.678,28.933],[82.674,28.939],[82.672,28.943],[82.668,28.95],[82.667,28.957],[82.667,28.963],[82.665,28.969],[82.66,28.974],[82.657,28.976],[82.654,28.979],[82.651,28.981],[82.646,28.98],[82.642,28.978],[82.639,28.977],[82.633,28.976],[82.628,28.975],[82.622,28.975],[82.617,28.976],[82.612,28.977],[82.609,28.977],[82.602,28.979],[82.599,28.979],[82.595,28.979],[82.59,28.981],[82.585,28.984],[82.581,28.985],[82.576,28.987],[82.576,28.987],[82.577,28.989],[82.577,28.991],[82.576,28.993],[82.575,28.995],[82.573,28.997],[82.572,28.999],[82.57,29.0],[82.567,29.001],[82.563,29.003],[82.56,29.004],[82.554,29.005],[82.55,29.006],[82.545,29.008],[82.541,29.01],[82.538,29.011],[82.533,29.012],[82.531,29.013],[82.529,29.013],[82.525,29.014],[82.521,29.014],[82.519,29.014],[82.512,29.016],[82.51,29.016],[82.506,29.016],[82.503,29.016],[82.501,29.016],[82.497,29.016],[82.494,29.016],[82.491,29.015],[82.488,29.014],[82.484,29.011],[82.481,29.008],[82.477,29.005],[82.474,29.003],[82.47,29.0],[82.467,28.997],[82.465,28.995],[82.461,28.992],[82.46,28.991],[82.455,28.991],[82.453,28.992],[82.446,28.993],[82.442,28.993],[82.434,28.995],[82.431,28.997],[82.428,28.999],[82.425,29.0],[82.424,29.001],[82.42,29.002],[82.416,29.003],[82.413,29.004],[82.409,29.004],[82.407,29.003],[82.403,29.003],[82.4,29.006],[82.399,29.009],[82.397,29.013],[82.397,29.014],[82.396,29.017],[82.396,29.021],[82.397,29.023],[82.398,29.025],[82.4,29.029],[82.401,29.032],[82.402,29.036],[82.403,29.038],[82.405,29.042],[82.406,29.044],[82.407,29.047],[82.407,29.049],[82.407,29.053],[82.407,29.056],[82.407,29.061],[82.406,29.063],[82.406,29.065],[82.406,29.067],[82.406,29.07],[82.407,29.073],[82.408,29.075],[82.409,29.078],[82.41,29.081],[82.411,29.084],[82.411,29.086],[82.411,29.088],[82.413,29.091],[82.413,29.095],[82.413,29.096],[82.413,29.099],[82.414,29.1],[82.415,29.101],[82.417,29.105],[82.418,29.107],[82.419,29.11],[82.419,29.113],[82.419,29.115],[82.419,29.118],[82.419,29.12],[82.418,29.126],[82.417,29.129],[82.417,29.132],[82.418,29.133],[82.419,29.135],[82.421,29.136],[82.423,29.137],[82.43,29.138],[82.433,29.139],[82.435,29.141],[82.437,29.142],[82.438,29.145],[82.439,29.148],[82.441,29.151],[82.444,29.153],[82.448,29.155],[82.453,29.156],[82.458,29.156],[82.463,29.157],[82.467,29.159],[82.471,29.16],[82.475,29.161],[82.479,29.162],[82.484,29.162],[82.488,29.162],[82.491,29.161],[82.495,29.16],[82.5,29.159],[82.503,29.159],[82.505,29.159],[82.507,29.159],[82.509,29.158],[82.511,29.157],[82.513,29.157],[82.515,29.157],[82.518,29.158],[82.52,29.159],[82.523,29.161],[82.527,29.162],[82.532,29.163],[82.538,29.163],[82.542,29.162],[82.545,29.162],[82.55,29.163],[82.554,29.164],[82.558,29.166],[82.562,29.168],[82.566,29.169],[82.572,29.171],[82.574,29.173],[82.578,29.176],[82.58,29.179],[82.582,29.183],[82.584,29.187],[82.584,29.189],[82.58,29.194],[82.578,29.195],[82.575,29.195],[82.573,29.196],[82.571,29.198],[82.569,29.199],[82.566,29.2],[82.563,29.201],[82.561,29.202],[82.559,29.204],[82.556,29.205],[82.553,29.206],[82.551,29.208],[82.548,29.21],[82.546,29.213],[82.546,29.217],[82.546,29.22],[82.545,29.223],[82.544,29.225],[82.543,29.227],[82.541,29.23],[82.539,29.233],[82.538,29.236],[82.539,29.239],[82.539,29.241],[82.539,29.243],[82.537,29.246],[82.537,29.249],[82.537,29.252],[82.539,29.254],[82.541,29.257],[82.545,29.259],[82.548,29.262],[82.55,29.264],[82.551,29.265],[82.552,29.268],[82.553,29.271],[82.553,29.272],[82.554,29.276],[82.554,29.278],[82.555,29.279],[82.556,29.283],[82.558,29.285],[82.559,29.286],[82.561,29.287],[82.562,29.288],[82.565,29.289],[82.567,29.289],[82.57,29.291],[82.573,29.292],[82.576,29.294],[82.579,29.295],[82.582,29.297],[82.585,29.299],[82.587,29.301],[82.589,29.303],[82.59,29.305],[82.59,29.306],[82.591,29.309],[82.591,29.311],[82.591,29.313],[82.591,29.317],[82.59,29.322],[82.589,29.326],[82.587,29.329],[82.585,29.331],[82.582,29.334],[82.58,29.336],[82.578,29.338],[82.575,29.342],[82.573,29.348],[82.573,29.349],[82.573,29.35],[82.573,29.353],[82.572,29.355],[82.572,29.358],[82.57,29.361],[82.568,29.364],[82.567,29.366],[82.565,29.368],[82.564,29.369],[82.559,29.372],[82.557,29.373],[82.555,29.374],[82.553,29.375],[82.551,29.377],[82.55,29.38],[82.55,29.382],[82.551,29.384],[82.552,29.386],[82.555,29.391],[82.556,29.394],[82.558,29.398],[82.561,29.406],[82.56,29.411],[82.562,29.412],[82.564,29.412],[82.566,29.413],[82.567,29.413],[82.569,29.413],[82.571,29.413],[82.574,29.414],[82.578,29.414],[82.581,29.415],[82.584,29.417],[82.587,29.419],[82.59,29.42],[82.593,29.42],[82.597,29.421],[82.601,29.421],[82.605,29.422],[82.609,29.422],[82.616,29.422],[82.62,29.422],[82.626,29.422],[82.629,29.421],[82.631,29.418],[82.631,29.414],[82.63,29.411],[82.63,29.407],[82.629,29.403],[82.629,29.4],[82.629,29.398],[82.63,29.396],[82.632,29.395],[82.635,29.394],[82.638,29.393],[82.641,29.392],[82.643,29.39],[82.647,29.389],[82.65,29.388],[82.654,29.389],[82.66,29.395],[82.662,29.397],[82.667,29.4],[82.672,29.401],[82.676,29.402],[82.682,29.405],[82.686,29.409],[82.688,29.413],[82.69,29.416],[82.692,29.42],[82.693,29.42],[82.695,29.421],[82.697,29.422],[82.699,29.423],[82.703,29.423],[82.709,29.424],[82.714,29.425],[82.716,29.427],[82.718,29.43],[82.72,29.435],[82.721,29.441],[82.723,29.443],[82.726,29.448],[82.729,29.453],[82.733,29.46],[82.737,29.465],[82.737,29.467],[82.732,29.475],[82.73,29.477],[82.73,29.479],[82.73,29.484],[82.731,29.489],[82.731,29.494],[82.731,29.499],[82.731,29.499],[82.732,29.501],[82.733,29.504],[82.735,29.506],[82.737,29.507],[82.74,29.506],[82.744,29.506],[82.749,29.507],[82.752,29.508],[82.755,29.509],[82.759,29.51],[82.762,29.511],[82.765,29.511],[82.768,29.512],[82.772,29.515],[82.775,29.516],[82.778,29.516],[82.78,29.517],[82.783,29.516],[82.786,29.517],[82.789,29.52],[82.79,29.524],[82.79,29.528],[82.792,29.53],[82.795,29.534],[82.797,29.537],[82.799,29.54],[82.801,29.543],[82.803,29.546],[82.806,29.55],[82.809,29.552],[82.813,29.554],[82.816,29.556],[82.818,29.558],[82.819,29.56],[82.82,29.562],[82.819,29.565],[82.819,29.569],[82.818,29.572],[82.817,29.575],[82.816,29.578],[82.815,29.581],[82.814,29.584],[82.813,29.588],[82.812,29.591],[82.808,29.599],[82.807,29.6],[82.807,29.602],[82.805,29.604],[82.804,29.607],[82.803,29.609],[82.802,29.613],[82.801,29.616],[82.8,29.619],[82.799,29.623],[82.799,29.627],[82.8,29.631],[82.801,29.635],[82.803,29.637],[82.806,29.638],[82.809,29.639],[82.81,29.64],[82.814,29.643],[82.817,29.644],[82.822,29.646],[82.825,29.646],[82.828,29.647],[82.829,29.649],[82.83,29.652],[82.829,29.656],[82.829,29.657],[82.829,29.66],[82.829,29.664],[82.829,29.668],[82.828,29.672],[82.828,29.675],[82.828,29.682],[82.828,29.688]]]}},{"type":"Feature","properties":{"id":"Humla","name":"Humla","hq":"Simikot","province_id":6,"province":"Karnali","level":"district"},"geometry":{"type":"Polygon","coordinates":[[[81.402,30.359],[81.401,30.361],[81.4,30.363],[81.398,30.364],[81.396,30.367],[81.398,30.369],[81.401,30.369],[81.406,30.369],[81.41,30.369],[81.413,30.369],[81.417,30.369],[81.421,30.37],[81.424,30.372],[81.425,30.374],[81.425,30.377],[81.425,30.378],[81.427,30.379],[81.429,30.382],[81.428,30.383],[81.425,30.383],[81.422,30.385],[81.419,30.387],[81.416,30.39],[81.412,30.391],[81.409,30.393],[81.404,30.394],[81.401,30.395],[81.402,30.399],[81.404,30.401],[81.406,30.405],[81.406,30.409],[81.407,30.411],[81.408,30.415],[81.41,30.418],[81.411,30.419],[81.415,30.419],[81.421,30.419],[81.427,30.419],[81.43,30.418],[81.432,30.416],[81.433,30.413],[81.434,30.411],[81.436,30.412],[81.438,30.415],[81.443,30.416],[81.446,30.415],[81.449,30.413],[81.452,30.411],[81.454,30.408],[81.458,30.406],[81.463,30.403],[81.468,30.401],[81.471,30.399],[81.474,30.394],[81.476,30.391],[81.478,30.388],[81.481,30.385],[81.485,30.382],[81.49,30.38],[81.494,30.38],[81.498,30.381],[81.502,30.381],[81.505,30.381],[81.511,30.381],[81.516,30.38],[81.523,30.377],[81.527,30.374],[81.531,30.372],[81.536,30.371],[81.541,30.371],[81.544,30.371],[81.549,30.371],[81.554,30.371],[81.558,30.374],[81.557,30.376],[81.554,30.379],[81.551,30.384],[81.551,30.387],[81.552,30.39],[81.552,30.397],[81.553,30.399],[81.553,30.402],[81.554,30.405],[81.557,30.407],[81.56,30.408],[81.562,30.41],[81.562,30.412],[81.561,30.419],[81.56,30.422],[81.562,30.426],[81.565,30.428],[81.568,30.428],[81.571,30.427],[81.575,30.426],[81.577,30.425],[81.582,30.423],[81.584,30.422],[81.588,30.42],[81.591,30.417],[81.596,30.415],[81.599,30.414],[81.603,30.413],[81.607,30.414],[81.611,30.415],[81.613,30.416],[81.615,30.417],[81.617,30.421],[81.618,30.422],[81.621,30.424],[81.623,30.427],[81.623,30.429],[81.622,30.432],[81.62,30.437],[81.619,30.44],[81.619,30.443],[81.621,30.446],[81.624,30.446],[81.629,30.445],[81.633,30.444],[81.637,30.442],[81.641,30.44],[81.645,30.439],[81.649,30.438],[81.652,30.437],[81.656,30.435],[81.66,30.433],[81.664,30.431],[81.669,30.429],[81.673,30.428],[81.678,30.427],[81.682,30.426],[81.687,30.425],[81.691,30.424],[81.696,30.422],[81.702,30.419],[81.706,30.418],[81.71,30.415],[81.714,30.413],[81.718,30.411],[81.723,30.41],[81.727,30.41],[81.73,30.408],[81.731,30.406],[81.732,30.403],[81.733,30.4],[81.734,30.397],[81.737,30.395],[81.74,30.394],[81.742,30.393],[81.746,30.392],[81.749,30.39],[81.751,30.388],[81.754,30.388],[81.762,30.386],[81.767,30.385],[81.772,30.384],[81.775,30.384],[81.779,30.385],[81.784,30.385],[81.788,30.386],[81.791,30.386],[81.797,30.386],[81.803,30.386],[81.809,30.386],[81.813,30.384],[81.818,30.38],[81.821,30.377],[81.825,30.376],[81.83,30.375],[81.837,30.375],[81.843,30.375],[81.85,30.376],[81.853,30.378],[81.856,30.38],[81.861,30.38],[81.866,30.378],[81.872,30.375],[81.875,30.372],[81.879,30.368],[81.881,30.365],[81.885,30.362],[81.889,30.359],[81.895,30.356],[81.901,30.354],[81.906,30.352],[81.911,30.351],[81.917,30.35],[81.92,30.349],[81.926,30.348],[81.937,30.347],[81.939,30.348],[81.941,30.349],[81.944,30.352],[81.947,30.358],[81.95,30.358],[81.953,30.356],[81.956,30.353],[81.959,30.352],[81.961,30.35],[81.959,30.346],[81.958,30.343],[81.961,30.34],[81.964,30.34],[81.968,30.339],[81.973,30.337],[81.977,30.334],[81.981,30.331],[81.984,30.328],[81.987,30.324],[81.99,30.321],[81.994,30.32],[81.998,30.321],[82.001,30.323],[82.004,30.325],[82.005,30.328],[82.006,30.331],[82.007,30.334],[82.01,30.339],[82.014,30.342],[82.017,30.344],[82.021,30.344],[82.025,30.343],[82.029,30.339],[82.031,30.338],[82.036,30.339],[82.04,30.34],[82.044,30.339],[82.048,30.338],[82.052,30.336],[82.056,30.334],[82.057,30.335],[82.058,30.337],[82.059,30.34],[82.06,30.342],[82.061,30.344],[82.065,30.347],[82.068,30.349],[82.067,30.352],[82.068,30.354],[82.071,30.355],[82.075,30.357],[82.08,30.359],[82.082,30.359],[82.086,30.359],[82.088,30.356],[82.09,30.353],[82.092,30.35],[82.096,30.349],[82.099,30.348],[82.104,30.348],[82.109,30.345],[82.111,30.342],[82.111,30.339],[82.112,30.334],[82.114,30.331],[82.117,30.327],[82.12,30.325],[82.122,30.322],[82.12,30.32],[82.119,30.317],[82.121,30.314],[82.124,30.311],[82.127,30.306],[82.127,30.303],[82.124,30.3],[82.119,30.293],[82.118,30.291],[82.118,30.289],[82.117,30.287],[82.115,30.285],[82.113,30.282],[82.111,30.278],[82.112,30.277],[82.116,30.274],[82.118,30.269],[82.118,30.267],[82.119,30.264],[82.119,30.261],[82.116,30.258],[82.112,30.256],[82.108,30.254],[82.106,30.252],[82.105,30.248],[82.106,30.244],[82.103,30.241],[82.101,30.239],[82.102,30.236],[82.104,30.234],[82.107,30.231],[82.109,30.228],[82.112,30.226],[82.116,30.225],[82.121,30.226],[82.127,30.227],[82.13,30.226],[82.132,30.222],[82.133,30.219],[82.132,30.215],[82.133,30.211],[82.135,30.207],[82.137,30.204],[82.14,30.202],[82.143,30.2],[82.148,30.196],[82.151,30.195],[82.154,30.192],[82.158,30.19],[82.163,30.189],[82.167,30.19],[82.173,30.191],[82.179,30.192],[82.184,30.192],[82.187,30.189],[82.186,30.186],[82.187,30.182],[82.187,30.178],[82.188,30.174],[82.185,30.17],[82.183,30.166],[82.184,30.163],[82.186,30.162],[82.192,30.161],[82.196,30.159],[82.2,30.158],[82.204,30.156],[82.206,30.153],[82.205,30.151],[82.202,30.146],[82.199,30.143],[82.198,30.139],[82.195,30.137],[82.191,30.135],[82.187,30.133],[82.183,30.131],[82.179,30.128],[82.175,30.125],[82.172,30.125],[82.17,30.122],[82.171,30.12],[82.175,30.119],[82.178,30.119],[82.18,30.119],[82.184,30.116],[82.186,30.114],[82.187,30.112],[82.185,30.11],[82.182,30.108],[82.18,30.105],[82.18,30.101],[82.181,30.099],[82.182,30.095],[82.182,30.093],[82.179,30.089],[82.176,30.088],[82.172,30.088],[82.169,30.085],[82.167,30.082],[82.168,30.079],[82.169,30.075],[82.171,30.071],[82.173,30.068],[82.176,30.065],[82.179,30.066],[82.181,30.066],[82.185,30.067],[82.189,30.069],[82.194,30.07],[82.197,30.069],[82.203,30.067],[82.206,30.067],[82.21,30.066],[82.214,30.066],[82.217,30.068],[82.22,30.068],[82.224,30.068],[82.23,30.067],[82.231,30.067],[82.234,30.068],[82.237,30.069],[82.239,30.071],[82.242,30.073],[82.245,30.075],[82.248,30.076],[82.25,30.076],[82.253,30.074],[82.256,30.071],[82.259,30.068],[82.261,30.065],[82.265,30.064],[82.268,30.063],[82.273,30.064],[82.279,30.064],[82.281,30.064],[82.283,30.062],[82.285,30.06],[82.286,30.058],[82.286,30.056],[82.287,30.052],[82.288,30.048],[82.291,30.046],[82.294,30.043],[82.298,30.04],[82.301,30.039],[82.305,30.038],[82.31,30.039],[82.314,30.04],[82.321,30.048],[82.324,30.049],[82.326,30.049],[82.33,30.048],[82.334,30.047],[82.337,30.044],[82.339,30.041],[82.343,30.037],[82.346,30.034],[82.346,30.031],[82.35,30.029],[82.354,30.027],[82.357,30.026],[82.36,30.022],[82.362,30.019],[82.363,30.015],[82.363,30.013],[82.365,30.012],[82.367,30.013],[82.368,30.013],[82.374,30.014],[82.375,30.014],[82.379,30.014],[82.379,30.015],[82.379,30.017],[82.378,30.019],[82.378,30.022],[82.379,30.024],[82.38,30.027],[82.382,30.028],[82.383,30.028],[82.384,30.026],[82.387,30.023],[82.391,30.024],[82.393,30.025],[82.396,30.025],[82.398,30.023],[82.401,30.02],[82.404,30.017],[82.406,30.014],[82.409,30.012],[82.412,30.01],[82.415,30.008],[82.418,30.006],[82.421,30.003],[82.423,30.0],[82.427,29.996],[82.429,29.994],[82.431,29.992],[82.434,29.99],[82.437,29.989],[82.44,29.987],[82.443,29.986],[82.446,29.985],[82.45,29.983],[82.453,29.981],[82.456,29.98],[82.459,29.979],[82.461,29.981],[82.464,29.983],[82.467,29.981],[82.47,29.979],[82.472,29.977],[82.474,29.975],[82.476,29.973],[82.477,29.97],[82.477,29.967],[82.478,29.964],[82.48,29.962],[82.483,29.961],[82.486,29.96],[82.487,29.959],[82.488,29.956],[82.49,29.955],[82.493,29.954],[82.495,29.953],[82.498,29.952],[82.499,29.951],[82.501,29.951],[82.499,29.943],[82.499,29.942],[82.498,29.939],[82.497,29.937],[82.495,29.935],[82.493,29.934],[82.492,29.933],[82.49,29.931],[82.489,29.929],[82.486,29.927],[82.485,29.925],[82.481,29.923],[82.478,29.923],[82.474,29.922],[82.473,29.92],[82.474,29.918],[82.474,29.914],[82.475,29.913],[82.475,29.909],[82.476,29.906],[82.474,29.904],[82.473,29.902],[82.471,29.9],[82.469,29.899],[82.466,29.898],[82.463,29.897],[82.46,29.895],[82.459,29.893],[82.459,29.891],[82.46,29.888],[82.46,29.885],[82.46,29.884],[82.46,29.881],[82.46,29.876],[82.46,29.873],[82.461,29.871],[82.461,29.869],[82.462,29.866],[82.462,29.863],[82.461,29.861],[82.459,29.858],[82.457,29.856],[82.455,29.854],[82.452,29.85],[82.449,29.848],[82.448,29.846],[82.447,29.844],[82.446,29.842],[82.447,29.839],[82.448,29.838],[82.45,29.836],[82.451,29.833],[82.452,29.831],[82.451,29.827],[82.449,29.824],[82.447,29.823],[82.446,29.82],[82.445,29.818],[82.444,29.817],[82.442,29.813],[82.438,29.811],[82.435,29.81],[82.431,29.81],[82.428,29.809],[82.426,29.808],[82.424,29.807],[82.419,29.807],[82.416,29.807],[82.411,29.807],[82.408,29.806],[82.406,29.804],[82.404,29.802],[82.403,29.8],[82.403,29.797],[82.405,29.795],[82.406,29.793],[82.406,29.79],[82.406,29.787],[82.406,29.785],[82.407,29.783],[82.408,29.782],[82.41,29.78],[82.412,29.778],[82.413,29.775],[82.413,29.772],[82.412,29.771],[82.411,29.77],[82.408,29.765],[82.406,29.763],[82.404,29.76],[82.402,29.757],[82.401,29.753],[82.402,29.75],[82.402,29.747],[82.404,29.743],[82.406,29.741],[82.408,29.739],[82.409,29.737],[82.412,29.735],[82.414,29.731],[82.415,29.728],[82.415,29.727],[82.413,29.724],[82.413,29.721],[82.412,29.718],[82.411,29.715],[82.409,29.713],[82.408,29.711],[82.407,29.709],[82.405,29.707],[82.403,29.704],[82.401,29.702],[82.398,29.7],[82.396,29.699],[82.391,29.697],[82.387,29.697],[82.384,29.697],[82.381,29.698],[82.379,29.699],[82.376,29.702],[82.374,29.703],[82.372,29.704],[82.37,29.704],[82.367,29.704],[82.364,29.704],[82.361,29.705],[82.359,29.705],[82.357,29.705],[82.356,29.706],[82.354,29.708],[82.353,29.71],[82.351,29.712],[82.349,29.715],[82.346,29.715],[82.343,29.716],[82.34,29.715],[82.338,29.714],[82.335,29.713],[82.333,29.713],[82.33,29.712],[82.327,29.712],[82.324,29.712],[82.321,29.711],[82.318,29.711],[82.315,29.709],[82.312,29.708],[82.31,29.707],[82.309,29.706],[82.307,29.705],[82.306,29.703],[82.303,29.7],[82.3,29.699],[82.298,29.698],[82.295,29.697],[82.291,29.696],[82.288,29.695],[82.286,29.695],[82.282,29.694],[82.28,29.694],[82.276,29.694],[82.273,29.695],[82.27,29.696],[82.267,29.698],[82.264,29.699],[82.261,29.7],[82.257,29.7],[82.255,29.7],[82.252,29.698],[82.249,29.697],[82.247,29.696],[82.244,29.696],[82.241,29.697],[82.239,29.698],[82.236,29.699],[82.234,29.697],[82.234,29.695],[82.233,29.692],[82.235,29.686],[82.236,29.682],[82.237,29.68],[82.237,29.677],[82.237,29.674],[82.237,29.671],[82.238,29.668],[82.237,29.665],[82.236,29.663],[82.232,29.663],[82.228,29.664],[82.225,29.663],[82.223,29.662],[82.222,29.66],[82.22,29.657],[82.216,29.657],[82.213,29.658],[82.21,29.658],[82.207,29.659],[82.204,29.658],[82.201,29.656],[82.2,29.655],[82.198,29.654],[82.194,29.655],[82.191,29.656],[82.189,29.657],[82.185,29.658],[82.182,29.657],[82.181,29.657],[82.179,29.656],[82.175,29.654],[82.172,29.654],[82.168,29.654],[82.165,29.655],[82.162,29.656],[82.158,29.656],[82.156,29.656],[82.153,29.655],[82.15,29.653],[82.149,29.652],[82.147,29.65],[82.143,29.648],[82.14,29.647],[82.137,29.645],[82.134,29.644],[82.131,29.642],[82.128,29.642],[82.125,29.641],[82.123,29.64],[82.121,29.639],[82.119,29.639],[82.117,29.64],[82.117,29.642],[82.117,29.644],[82.116,29.646],[82.114,29.649],[82.112,29.651],[82.111,29.654],[82.109,29.655],[82.107,29.657],[82.106,29.658],[82.105,29.66],[82.104,29.664],[82.104,29.668],[82.104,29.669],[82.104,29.67],[82.104,29.672],[82.103,29.674],[82.102,29.675],[82.102,29.677],[82.102,29.68],[82.102,29.681],[82.103,29.683],[82.103,29.684],[82.099,29.687],[82.097,29.69],[82.096,29.691],[82.096,29.693],[82.095,29.695],[82.094,29.697],[82.093,29.699],[82.091,29.7],[82.088,29.702],[82.086,29.703],[82.084,29.706],[82.083,29.708],[82.081,29.71],[82.078,29.711],[82.076,29.712],[82.075,29.714],[82.074,29.715],[82.073,29.717],[82.073,29.718],[82.071,29.721],[82.07,29.723],[82.068,29.725],[82.066,29.727],[82.064,29.728],[82.062,29.73],[82.062,29.734],[82.062,29.736],[82.063,29.738],[82.063,29.74],[82.063,29.742],[82.064,29.745],[82.064,29.747],[82.06,29.747],[82.055,29.748],[82.052,29.748],[82.049,29.749],[82.047,29.75],[82.045,29.75],[82.042,29.75],[82.039,29.749],[82.038,29.749],[82.036,29.748],[82.034,29.745],[82.032,29.74],[82.03,29.738],[82.027,29.736],[82.023,29.735],[82.018,29.733],[82.016,29.732],[82.014,29.731],[82.013,29.728],[82.012,29.726],[82.011,29.724],[82.01,29.722],[82.009,29.72],[82.008,29.719],[82.007,29.718],[82.007,29.716],[82.005,29.712],[82.001,29.708],[81.999,29.706],[81.997,29.704],[81.994,29.702],[81.992,29.701],[81.99,29.699],[81.987,29.698],[81.986,29.697],[81.985,29.697],[81.984,29.696],[81.979,29.694],[81.976,29.691],[81.972,29.689],[81.969,29.688],[81.967,29.687],[81.964,29.685],[81.963,29.684],[81.961,29.683],[81.961,29.682],[81.96,29.681],[81.958,29.68],[81.955,29.677],[81.951,29.675],[81.949,29.674],[81.946,29.674],[81.946,29.674],[81.94,29.675],[81.935,29.677],[81.932,29.677],[81.929,29.675],[81.928,29.673],[81.926,29.671],[81.925,29.669],[81.924,29.667],[81.923,29.666],[81.923,29.665],[81.922,29.664],[81.921,29.663],[81.92,29.662],[81.916,29.663],[81.911,29.665],[81.909,29.666],[81.907,29.667],[81.904,29.668],[81.902,29.669],[81.9,29.669],[81.899,29.669],[81.898,29.669],[81.894,29.667],[81.891,29.664],[81.89,29.662],[81.888,29.66],[81.887,29.658],[81.887,29.657],[81.885,29.654],[81.884,29.654],[81.883,29.652],[81.88,29.648],[81.879,29.645],[81.878,29.642],[81.877,29.64],[81.876,29.638],[81.875,29.636],[81.874,29.634],[81.872,29.632],[81.87,29.632],[81.867,29.629],[81.865,29.627],[81.864,29.625],[81.863,29.623],[81.862,29.621],[81.86,29.62],[81.859,29.619],[81.859,29.619],[81.857,29.617],[81.853,29.618],[81.851,29.619],[81.848,29.619],[81.846,29.619],[81.842,29.618],[81.84,29.617],[81.838,29.617],[81.836,29.618],[81.833,29.619],[81.83,29.62],[81.828,29.62],[81.825,29.621],[81.822,29.621],[81.82,29.62],[81.819,29.62],[81.817,29.62],[81.81,29.62],[81.806,29.622],[81.803,29.623],[81.8,29.624],[81.797,29.626],[81.795,29.626],[81.793,29.626],[81.791,29.625],[81.791,29.624],[81.79,29.624],[81.789,29.622],[81.787,29.62],[81.782,29.617],[81.78,29.615],[81.78,29.613],[81.779,29.611],[81.779,29.61],[81.778,29.609],[81.777,29.607],[81.777,29.606],[81.777,29.603],[81.776,29.604],[81.775,29.604],[81.774,29.605],[81.772,29.605],[81.77,29.605],[81.769,29.605],[81.766,29.605],[81.763,29.605],[81.761,29.605],[81.759,29.605],[81.758,29.605],[81.755,29.605],[81.753,29.605],[81.751,29.605],[81.75,29.605],[81.749,29.606],[81.747,29.606],[81.746,29.606],[81.745,29.606],[81.744,29.606],[81.743,29.606],[81.741,29.607],[81.739,29.609],[81.738,29.61],[81.737,29.611],[81.735,29.613],[81.732,29.615],[81.73,29.617],[81.729,29.617],[81.727,29.617],[81.726,29.618],[81.725,29.619],[81.724,29.619],[81.723,29.621],[81.721,29.623],[81.719,29.625],[81.717,29.626],[81.716,29.627],[81.715,29.628],[81.715,29.629],[81.714,29.63],[81.714,29.631],[81.713,29.632],[81.711,29.635],[81.711,29.636],[81.71,29.637],[81.709,29.638],[81.708,29.639],[81.707,29.64],[81.707,29.641],[81.706,29.642],[81.706,29.643],[81.705,29.645],[81.705,29.645],[81.705,29.646],[81.705,29.648],[81.705,29.653],[81.704,29.657],[81.703,29.665],[81.702,29.67],[81.702,29.671],[81.702,29.676],[81.703,29.682],[81.705,29.686],[81.708,29.69],[81.709,29.694],[81.711,29.696],[81.712,29.704],[81.713,29.707],[81.714,29.711],[81.715,29.715],[81.716,29.719],[81.718,29.722],[81.72,29.724],[81.725,29.727],[81.729,29.73],[81.731,29.731],[81.731,29.736],[81.73,29.741],[81.73,29.744],[81.73,29.747],[81.731,29.75],[81.731,29.75],[81.731,29.75],[81.731,29.753],[81.731,29.754],[81.732,29.756],[81.732,29.758],[81.733,29.76],[81.733,29.762],[81.733,29.764],[81.733,29.767],[81.733,29.769],[81.733,29.771],[81.733,29.771],[81.736,29.774],[81.739,29.777],[81.742,29.783],[81.743,29.786],[81.743,29.788],[81.742,29.793],[81.741,29.796],[81.74,29.797],[81.739,29.799],[81.74,29.802],[81.742,29.805],[81.743,29.806],[81.744,29.809],[81.745,29.811],[81.746,29.813],[81.747,29.815],[81.748,29.815],[81.749,29.816],[81.75,29.817],[81.751,29.817],[81.752,29.817],[81.754,29.819],[81.755,29.82],[81.756,29.822],[81.757,29.824],[81.757,29.825],[81.757,29.827],[81.757,29.829],[81.757,29.83],[81.756,29.832],[81.756,29.834],[81.756,29.834],[81.756,29.835],[81.756,29.836],[81.756,29.837],[81.756,29.839],[81.755,29.841],[81.754,29.843],[81.755,29.844],[81.756,29.844],[81.758,29.845],[81.76,29.845],[81.761,29.844],[81.763,29.844],[81.764,29.843],[81.765,29.842],[81.766,29.841],[81.767,29.841],[81.769,29.84],[81.771,29.84],[81.772,29.839],[81.774,29.839],[81.776,29.839],[81.778,29.84],[81.781,29.84],[81.783,29.841],[81.785,29.841],[81.786,29.842],[81.791,29.844],[81.793,29.846],[81.795,29.849],[81.795,29.851],[81.795,29.853],[81.795,29.854],[81.795,29.856],[81.795,29.859],[81.796,29.863],[81.798,29.867],[81.798,29.871],[81.799,29.876],[81.8,29.879],[81.8,29.882],[81.799,29.885],[81.799,29.887],[81.798,29.891],[81.797,29.894],[81.797,29.896],[81.797,29.898],[81.798,29.898],[81.8,29.9],[81.8,29.903],[81.8,29.904],[81.799,29.906],[81.797,29.907],[81.796,29.908],[81.795,29.909],[81.793,29.91],[81.791,29.91],[81.788,29.911],[81.786,29.912],[81.784,29.912],[81.783,29.912],[81.779,29.912],[81.774,29.911],[81.771,29.911],[81.768,29.911],[81.764,29.911],[81.762,29.91],[81.761,29.91],[81.759,29.909],[81.758,29.908],[81.756,29.908],[81.755,29.907],[81.753,29.907],[81.752,29.908],[81.751,29.909],[81.748,29.909],[81.747,29.909],[81.746,29.909],[81.745,29.909],[81.743,29.909],[81.743,29.91],[81.742,29.91],[81.741,29.91],[81.739,29.911],[81.737,29.911],[81.735,29.912],[81.732,29.913],[81.73,29.913],[81.727,29.913],[81.725,29.913],[81.724,29.913],[81.722,29.912],[81.721,29.912],[81.719,29.913],[81.718,29.913],[81.717,29.914],[81.716,29.915],[81.714,29.919],[81.713,29.921],[81.712,29.925],[81.711,29.927],[81.708,29.928],[81.707,29.929],[81.704,29.931],[81.701,29.933],[81.699,29.935],[81.699,29.938],[81.699,29.939],[81.699,29.941],[81.698,29.943],[81.697,29.945],[81.696,29.946],[81.694,29.948],[81.691,29.949],[81.688,29.95],[81.687,29.949],[81.684,29.947],[81.682,29.946],[81.68,29.945],[81.677,29.943],[81.676,29.942],[81.674,29.941],[81.672,29.941],[81.67,29.941],[81.666,29.942],[81.665,29.942],[81.663,29.943],[81.66,29.943],[81.659,29.943],[81.658,29.943],[81.656,29.944],[81.655,29.944],[81.654,29.944],[81.652,29.945],[81.651,29.945],[81.651,29.945],[81.649,29.947],[81.649,29.947],[81.648,29.947],[81.647,29.948],[81.647,29.948],[81.645,29.948],[81.645,29.948],[81.644,29.948],[81.644,29.947],[81.643,29.947],[81.642,29.946],[81.642,29.946],[81.641,29.945],[81.64,29.945],[81.639,29.944],[81.638,29.943],[81.636,29.942],[81.635,29.942],[81.634,29.941],[81.633,29.941],[81.632,29.94],[81.63,29.94],[81.629,29.94],[81.627,29.94],[81.624,29.94],[81.621,29.94],[81.619,29.941],[81.619,29.941],[81.618,29.941],[81.616,29.942],[81.616,29.942],[81.614,29.941],[81.612,29.941],[81.611,29.94],[81.61,29.939],[81.608,29.937],[81.607,29.937],[81.606,29.936],[81.605,29.935],[81.605,29.935],[81.604,29.934],[81.602,29.933],[81.598,29.932],[81.594,29.932],[81.592,29.933],[81.591,29.934],[81.59,29.935],[81.589,29.936],[81.588,29.938],[81.587,29.939],[81.585,29.939],[81.584,29.938],[81.583,29.938],[81.582,29.937],[81.58,29.937],[81.577,29.936],[81.573,29.935],[81.572,29.934],[81.57,29.933],[81.567,29.931],[81.565,29.93],[81.562,29.928],[81.562,29.928],[81.561,29.927],[81.56,29.927],[81.559,29.926],[81.556,29.926],[81.555,29.925],[81.554,29.925],[81.551,29.925],[81.549,29.925],[81.548,29.925],[81.547,29.926],[81.545,29.926],[81.543,29.927],[81.541,29.926],[81.541,29.926],[81.536,29.926],[81.535,29.926],[81.534,29.926],[81.533,29.926],[81.529,29.925],[81.528,29.925],[81.525,29.925],[81.521,29.924],[81.519,29.924],[81.517,29.922],[81.516,29.92],[81.516,29.919],[81.516,29.919],[81.515,29.918],[81.515,29.917],[81.514,29.916],[81.514,29.915],[81.514,29.913],[81.515,29.912],[81.515,29.91],[81.516,29.909],[81.517,29.907],[81.517,29.907],[81.518,29.906],[81.518,29.905],[81.518,29.904],[81.518,29.903],[81.518,29.902],[81.516,29.901],[81.515,29.9],[81.514,29.899],[81.512,29.898],[81.509,29.896],[81.504,29.893],[81.502,29.891],[81.5,29.89],[81.498,29.889],[81.495,29.889],[81.493,29.889],[81.491,29.889],[81.488,29.889],[81.486,29.89],[81.485,29.89],[81.484,29.89],[81.483,29.89],[81.481,29.89],[81.48,29.89],[81.479,29.89],[81.479,29.89],[81.478,29.89],[81.476,29.89],[81.475,29.89],[81.472,29.891],[81.471,29.891],[81.47,29.891],[81.469,29.891],[81.469,29.891],[81.468,29.891],[81.467,29.891],[81.466,29.892],[81.465,29.893],[81.464,29.894],[81.463,29.894],[81.463,29.895],[81.462,29.896],[81.46,29.898],[81.459,29.898],[81.458,29.899],[81.458,29.899],[81.457,29.9],[81.457,29.9],[81.457,29.9],[81.456,29.9],[81.456,29.9],[81.456,29.901],[81.457,29.902],[81.458,29.902],[81.458,29.903],[81.459,29.904],[81.46,29.905],[81.46,29.906],[81.461,29.907],[81.462,29.908],[81.462,29.909],[81.462,29.911],[81.462,29.911],[81.462,29.912],[81.462,29.913],[81.463,29.917],[81.463,29.918],[81.464,29.918],[81.465,29.92],[81.465,29.921],[81.465,29.922],[81.465,29.923],[81.464,29.924],[81.464,29.925],[81.464,29.926],[81.463,29.926],[81.463,29.928],[81.462,29.929],[81.462,29.93],[81.461,29.931],[81.461,29.932],[81.46,29.933],[81.46,29.933],[81.459,29.934],[81.459,29.936],[81.46,29.938],[81.46,29.94],[81.46,29.941],[81.46,29.943],[81.459,29.944],[81.458,29.946],[81.456,29.947],[81.456,29.951],[81.456,29.952],[81.456,29.953],[81.458,29.954],[81.46,29.954],[81.462,29.955],[81.466,29.956],[81.469,29.958],[81.47,29.961],[81.471,29.964],[81.471,29.966],[81.472,29.968],[81.473,29.971],[81.474,29.973],[81.473,29.975],[81.473,29.977],[81.472,29.978],[81.47,29.98],[81.469,29.981],[81.468,29.983],[81.466,29.986],[81.465,29.988],[81.466,29.991],[81.466,29.993],[81.466,29.995],[81.466,29.996],[81.465,29.998],[81.463,29.999],[81.462,30.001],[81.461,30.002],[81.459,30.003],[81.458,30.003],[81.456,30.004],[81.454,30.004],[81.453,30.004],[81.451,30.005],[81.449,30.006],[81.448,30.007],[81.446,30.008],[81.446,30.009],[81.444,30.01],[81.441,30.01],[81.44,30.01],[81.438,30.01],[81.436,30.01],[81.435,30.01],[81.432,30.01],[81.43,30.012],[81.427,30.014],[81.424,30.014],[81.422,30.016],[81.42,30.017],[81.418,30.018],[81.415,30.019],[81.413,30.02],[81.41,30.022],[81.407,30.022],[81.405,30.022],[81.403,30.022],[81.401,30.022],[81.4,30.021],[81.399,30.02],[81.397,30.019],[81.395,30.018],[81.392,30.017],[81.391,30.016],[81.39,30.015],[81.388,30.013],[81.388,30.012],[81.387,30.011],[81.386,30.01],[81.384,30.009],[81.382,30.009],[81.38,30.008],[81.379,30.008],[81.378,30.009],[81.377,30.009],[81.376,30.01],[81.375,30.01],[81.373,30.011],[81.372,30.011],[81.37,30.011],[81.368,30.011],[81.366,30.01],[81.364,30.01],[81.363,30.009],[81.362,30.009],[81.359,30.009],[81.358,30.01],[81.357,30.011],[81.356,30.012],[81.355,30.013],[81.354,30.015],[81.353,30.017],[81.352,30.018],[81.35,30.019],[81.349,30.02],[81.346,30.02],[81.344,30.021],[81.343,30.021],[81.342,30.022],[81.34,30.023],[81.339,30.024],[81.337,30.025],[81.335,30.025],[81.333,30.026],[81.332,30.027],[81.331,30.027],[81.329,30.027],[81.328,30.027],[81.325,30.027],[81.324,30.026],[81.322,30.027],[81.32,30.027],[81.319,30.029],[81.319,30.029],[81.318,30.031],[81.318,30.031],[81.317,30.032],[81.316,30.032],[81.315,30.032],[81.314,30.032],[81.313,30.032],[81.313,30.032],[81.312,30.032],[81.312,30.032],[81.311,30.032],[81.31,30.032],[81.309,30.032],[81.308,30.031],[81.308,30.031],[81.307,30.031],[81.306,30.031],[81.305,30.031],[81.304,30.031],[81.304,30.032],[81.302,30.032],[81.301,30.033],[81.298,30.034],[81.298,30.034],[81.297,30.034],[81.297,30.035],[81.294,30.037],[81.293,30.037],[81.292,30.038],[81.291,30.038],[81.29,30.039],[81.288,30.039],[81.286,30.04],[81.285,30.04],[81.283,30.04],[81.283,30.041],[81.282,30.042],[81.281,30.043],[81.28,30.044],[81.278,30.044],[81.276,30.045],[81.274,30.045],[81.274,30.046],[81.273,30.047],[81.274,30.05],[81.274,30.052],[81.275,30.053],[81.277,30.057],[81.278,30.06],[81.279,30.062],[81.282,30.065],[81.286,30.067],[81.288,30.069],[81.289,30.072],[81.289,30.075],[81.289,30.079],[81.29,30.083],[81.291,30.087],[81.291,30.089],[81.291,30.094],[81.29,30.1],[81.29,30.107],[81.291,30.109],[81.29,30.113],[81.287,30.115],[81.285,30.117],[81.282,30.121],[81.28,30.125],[81.278,30.126],[81.275,30.128],[81.272,30.132],[81.269,30.135],[81.265,30.138],[81.261,30.141],[81.258,30.145],[81.257,30.148],[81.259,30.15],[81.262,30.152],[81.266,30.153],[81.27,30.153],[81.276,30.154],[81.28,30.154],[81.283,30.154],[81.288,30.155],[81.291,30.155],[81.294,30.156],[81.297,30.157],[81.299,30.157],[81.302,30.158],[81.302,30.158],[81.303,30.158],[81.304,30.159],[81.304,30.161],[81.305,30.161],[81.305,30.162],[81.306,30.165],[81.307,30.165],[81.309,30.165],[81.311,30.163],[81.312,30.161],[81.312,30.159],[81.313,30.157],[81.313,30.155],[81.315,30.153],[81.316,30.151],[81.319,30.151],[81.321,30.151],[81.323,30.151],[81.325,30.151],[81.328,30.151],[81.33,30.151],[81.331,30.152],[81.333,30.152],[81.335,30.154],[81.335,30.155],[81.335,30.156],[81.335,30.16],[81.337,30.162],[81.34,30.164],[81.344,30.168],[81.346,30.171],[81.349,30.174],[81.353,30.178],[81.358,30.181],[81.363,30.183],[81.368,30.185],[81.37,30.186],[81.373,30.188],[81.374,30.19],[81.376,30.193],[81.378,30.196],[81.381,30.199],[81.384,30.201],[81.388,30.202],[81.391,30.204],[81.395,30.206],[81.397,30.209],[81.398,30.213],[81.398,30.217],[81.397,30.22],[81.395,30.224],[81.392,30.227],[81.39,30.23],[81.391,30.233],[81.392,30.237],[81.393,30.238],[81.395,30.239],[81.397,30.242],[81.396,30.246],[81.394,30.249],[81.394,30.252],[81.396,30.254],[81.4,30.256],[81.404,30.258],[81.408,30.261],[81.41,30.263],[81.412,30.267],[81.414,30.271],[81.415,30.274],[81.416,30.275],[81.416,30.278],[81.416,30.282],[81.412,30.283],[81.409,30.282],[81.405,30.28],[81.402,30.281],[81.402,30.283],[81.404,30.286],[81.403,30.289],[81.402,30.293],[81.405,30.295],[81.408,30.295],[81.41,30.296],[81.415,30.299],[81.418,30.3],[81.422,30.304],[81.422,30.308],[81.421,30.311],[81.418,30.313],[81.413,30.315],[81.407,30.316],[81.402,30.318],[81.399,30.32],[81.397,30.324],[81.398,30.326],[81.401,30.329],[81.404,30.332],[81.406,30.336],[81.406,30.34],[81.404,30.347],[81.402,30.359]]]}},{"type":"Feature","properties":{"id":"Jumla","name":"Jumla","hq":"Chandannath","province_id":6,"province":"Karnali","level":"district"},"geometry":{"type":"Polygon","coordinates":[[[82.56,29.411],[82.561,29.406],[82.558,29.398],[82.556,29.394],[82.555,29.391],[82.552,29.386],[82.551,29.384],[82.55,29.382],[82.55,29.38],[82.551,29.377],[82.553,29.375],[82.555,29.374],[82.557,29.373],[82.559,29.372],[82.564,29.369],[82.565,29.368],[82.567,29.366],[82.568,29.364],[82.57,29.361],[82.572,29.358],[82.572,29.355],[82.573,29.353],[82.573,29.35],[82.573,29.349],[82.573,29.348],[82.575,29.342],[82.578,29.338],[82.58,29.336],[82.582,29.334],[82.585,29.331],[82.587,29.329],[82.589,29.326],[82.59,29.322],[82.591,29.317],[82.591,29.313],[82.591,29.311],[82.591,29.309],[82.59,29.306],[82.59,29.305],[82.589,29.303],[82.587,29.301],[82.585,29.299],[82.582,29.297],[82.579,29.295],[82.576,29.294],[82.573,29.292],[82.57,29.291],[82.567,29.289],[82.565,29.289],[82.562,29.288],[82.561,29.287],[82.559,29.286],[82.558,29.285],[82.556,29.283],[82.555,29.279],[82.554,29.278],[82.554,29.276],[82.553,29.272],[82.553,29.271],[82.552,29.268],[82.551,29.265],[82.55,29.264],[82.548,29.262],[82.545,29.259],[82.541,29.257],[82.539,29.254],[82.537,29.252],[82.537,29.249],[82.537,29.246],[82.539,29.243],[82.539,29.241],[82.539,29.239],[82.538,29.236],[82.539,29.233],[82.541,29.23],[82.543,29.227],[82.544,29.225],[82.545,29.223],[82.546,29.22],[82.546,29.217],[82.546,29.213],[82.548,29.21],[82.551,29.208],[82.553,29.206],[82.556,29.205],[82.559,29.204],[82.561,29.202],[82.563,29.201],[82.566,29.2],[82.569,29.199],[82.571,29.198],[82.573,29.196],[82.575,29.195],[82.578,29.195],[82.58,29.194],[82.584,29.189],[82.584,29.187],[82.582,29.183],[82.58,29.179],[82.578,29.176],[82.574,29.173],[82.572,29.171],[82.566,29.169],[82.562,29.168],[82.558,29.166],[82.554,29.164],[82.55,29.163],[82.545,29.162],[82.542,29.162],[82.538,29.163],[82.532,29.163],[82.527,29.162],[82.523,29.161],[82.52,29.159],[82.518,29.158],[82.515,29.157],[82.513,29.157],[82.511,29.157],[82.509,29.158],[82.507,29.159],[82.505,29.159],[82.503,29.159],[82.5,29.159],[82.495,29.16],[82.491,29.161],[82.488,29.162],[82.484,29.162],[82.479,29.162],[82.475,29.161],[82.471,29.16],[82.467,29.159],[82.463,29.157],[82.458,29.156],[82.453,29.156],[82.448,29.155],[82.444,29.153],[82.441,29.151],[82.439,29.148],[82.438,29.145],[82.437,29.142],[82.435,29.141],[82.433,29.139],[82.43,29.138],[82.423,29.137],[82.421,29.136],[82.419,29.135],[82.418,29.133],[82.417,29.132],[82.417,29.129],[82.418,29.126],[82.419,29.12],[82.419,29.118],[82.419,29.115],[82.419,29.113],[82.419,29.11],[82.418,29.107],[82.417,29.105],[82.415,29.101],[82.414,29.1],[82.413,29.099],[82.413,29.096],[82.411,29.096],[82.409,29.097],[82.404,29.099],[82.399,29.1],[82.395,29.102],[82.391,29.103],[82.388,29.104],[82.384,29.106],[82.38,29.107],[82.376,29.108],[82.371,29.11],[82.365,29.112],[82.363,29.114],[82.36,29.115],[82.355,29.115],[82.352,29.116],[82.346,29.116],[82.343,29.116],[82.338,29.115],[82.334,29.114],[82.33,29.112],[82.327,29.111],[82.323,29.109],[82.32,29.109],[82.318,29.11],[82.316,29.111],[82.314,29.113],[82.312,29.115],[82.31,29.117],[82.307,29.117],[82.304,29.118],[82.3,29.118],[82.294,29.116],[82.291,29.117],[82.289,29.117],[82.286,29.119],[82.284,29.121],[82.282,29.123],[82.281,29.124],[82.278,29.124],[82.275,29.123],[82.273,29.122],[82.271,29.121],[82.268,29.119],[82.268,29.116],[82.268,29.114],[82.268,29.111],[82.268,29.109],[82.266,29.107],[82.266,29.104],[82.265,29.102],[82.263,29.101],[82.26,29.102],[82.258,29.103],[82.256,29.105],[82.255,29.106],[82.253,29.107],[82.251,29.106],[82.248,29.104],[82.244,29.103],[82.24,29.103],[82.238,29.102],[82.234,29.101],[82.231,29.1],[82.23,29.098],[82.227,29.095],[82.224,29.093],[82.219,29.09],[82.216,29.09],[82.213,29.09],[82.21,29.091],[82.208,29.092],[82.207,29.092],[82.205,29.09],[82.204,29.088],[82.204,29.086],[82.205,29.084],[82.205,29.082],[82.204,29.078],[82.202,29.076],[82.199,29.074],[82.195,29.072],[82.193,29.071],[82.19,29.069],[82.187,29.067],[82.184,29.065],[82.18,29.065],[82.178,29.066],[82.175,29.067],[82.172,29.067],[82.171,29.067],[82.168,29.065],[82.166,29.063],[82.165,29.062],[82.163,29.06],[82.161,29.057],[82.158,29.054],[82.155,29.051],[82.153,29.049],[82.151,29.046],[82.15,29.043],[82.15,29.04],[82.15,29.037],[82.149,29.033],[82.146,29.032],[82.139,29.029],[82.137,29.028],[82.135,29.027],[82.133,29.025],[82.131,29.023],[82.129,29.02],[82.126,29.018],[82.124,29.016],[82.122,29.014],[82.12,29.012],[82.12,29.009],[82.121,29.007],[82.122,29.003],[82.123,29.0],[82.124,28.997],[82.123,28.994],[82.122,28.993],[82.121,28.992],[82.119,28.991],[82.115,28.99],[82.112,28.988],[82.11,28.987],[82.102,28.981],[82.1,28.979],[82.098,28.978],[82.096,28.977],[82.094,28.975],[82.092,28.973],[82.09,28.973],[82.087,28.972],[82.083,28.972],[82.08,28.972],[82.077,28.972],[82.073,28.972],[82.07,28.973],[82.067,28.973],[82.064,28.974],[82.059,28.976],[82.057,28.977],[82.054,28.979],[82.052,28.981],[82.05,28.982],[82.048,28.984],[82.046,28.986],[82.044,28.987],[82.043,28.989],[82.043,28.992],[82.043,28.992],[82.043,28.994],[82.043,28.995],[82.044,28.998],[82.045,29.002],[82.045,29.004],[82.044,29.005],[82.043,29.008],[82.041,29.01],[82.04,29.011],[82.038,29.013],[82.036,29.015],[82.033,29.018],[82.031,29.02],[82.027,29.022],[82.024,29.024],[82.022,29.025],[82.019,29.026],[82.015,29.029],[82.014,29.03],[82.012,29.032],[82.009,29.032],[82.011,29.034],[82.012,29.036],[82.013,29.039],[82.014,29.041],[82.014,29.044],[82.015,29.046],[82.015,29.048],[82.016,29.051],[82.016,29.053],[82.018,29.058],[82.018,29.061],[82.017,29.065],[82.016,29.068],[82.016,29.071],[82.016,29.074],[82.018,29.077],[82.019,29.08],[82.019,29.083],[82.019,29.086],[82.017,29.088],[82.015,29.091],[82.013,29.094],[82.01,29.096],[82.006,29.097],[82.003,29.099],[82.001,29.101],[81.999,29.102],[81.995,29.105],[81.993,29.106],[81.99,29.107],[81.987,29.107],[81.983,29.108],[81.98,29.111],[81.978,29.112],[81.976,29.113],[81.974,29.115],[81.972,29.118],[81.969,29.12],[81.966,29.123],[81.963,29.124],[81.96,29.126],[81.957,29.127],[81.953,29.128],[81.952,29.13],[81.951,29.134],[81.95,29.138],[81.949,29.142],[81.947,29.145],[81.946,29.146],[81.943,29.149],[81.938,29.152],[81.936,29.153],[81.933,29.155],[81.929,29.156],[81.926,29.157],[81.922,29.158],[81.921,29.16],[81.92,29.162],[81.919,29.164],[81.917,29.167],[81.914,29.168],[81.911,29.169],[81.909,29.17],[81.908,29.172],[81.907,29.173],[81.907,29.175],[81.907,29.177],[81.907,29.178],[81.908,29.181],[81.908,29.183],[81.909,29.184],[81.909,29.185],[81.91,29.185],[81.912,29.187],[81.913,29.191],[81.913,29.193],[81.913,29.194],[81.912,29.195],[81.912,29.196],[81.913,29.198],[81.914,29.199],[81.913,29.2],[81.912,29.201],[81.912,29.201],[81.911,29.203],[81.91,29.206],[81.908,29.208],[81.907,29.209],[81.907,29.21],[81.905,29.212],[81.904,29.213],[81.902,29.214],[81.901,29.215],[81.899,29.216],[81.897,29.217],[81.896,29.219],[81.894,29.22],[81.892,29.221],[81.89,29.222],[81.887,29.223],[81.883,29.225],[81.88,29.228],[81.878,29.228],[81.876,29.227],[81.874,29.227],[81.872,29.228],[81.87,29.229],[81.868,29.23],[81.867,29.232],[81.866,29.234],[81.865,29.236],[81.864,29.238],[81.862,29.24],[81.86,29.242],[81.858,29.244],[81.854,29.245],[81.852,29.246],[81.849,29.248],[81.847,29.248],[81.845,29.249],[81.844,29.249],[81.842,29.249],[81.839,29.254],[81.838,29.255],[81.838,29.256],[81.838,29.257],[81.838,29.258],[81.84,29.26],[81.842,29.261],[81.847,29.263],[81.848,29.264],[81.851,29.265],[81.853,29.266],[81.855,29.268],[81.857,29.27],[81.858,29.272],[81.86,29.274],[81.865,29.273],[81.868,29.272],[81.872,29.27],[81.875,29.27],[81.878,29.271],[81.88,29.272],[81.88,29.274],[81.88,29.276],[81.882,29.282],[81.883,29.283],[81.885,29.284],[81.886,29.284],[81.888,29.285],[81.891,29.287],[81.894,29.289],[81.896,29.291],[81.897,29.295],[81.898,29.297],[81.9,29.306],[81.901,29.307],[81.903,29.309],[81.905,29.311],[81.906,29.313],[81.906,29.315],[81.908,29.317],[81.91,29.319],[81.912,29.321],[81.916,29.323],[81.919,29.324],[81.923,29.325],[81.927,29.327],[81.93,29.33],[81.931,29.333],[81.931,29.336],[81.93,29.347],[81.929,29.349],[81.928,29.352],[81.927,29.356],[81.927,29.359],[81.928,29.362],[81.929,29.365],[81.928,29.369],[81.927,29.374],[81.927,29.379],[81.928,29.383],[81.928,29.386],[81.93,29.389],[81.932,29.392],[81.931,29.395],[81.93,29.398],[81.929,29.402],[81.929,29.406],[81.929,29.409],[81.93,29.412],[81.931,29.415],[81.931,29.419],[81.931,29.423],[81.931,29.425],[81.931,29.429],[81.931,29.433],[81.931,29.438],[81.933,29.438],[81.935,29.439],[81.937,29.44],[81.939,29.441],[81.944,29.441],[81.947,29.442],[81.95,29.442],[81.952,29.443],[81.956,29.444],[81.96,29.445],[81.963,29.446],[81.967,29.447],[81.969,29.449],[81.97,29.451],[81.972,29.453],[81.974,29.455],[81.977,29.459],[81.978,29.46],[81.98,29.462],[81.983,29.468],[81.984,29.471],[81.987,29.471],[81.991,29.472],[81.993,29.472],[81.998,29.471],[82.001,29.471],[82.005,29.473],[82.008,29.473],[82.011,29.471],[82.014,29.468],[82.015,29.466],[82.017,29.465],[82.018,29.466],[82.02,29.468],[82.023,29.469],[82.026,29.468],[82.029,29.469],[82.031,29.47],[82.033,29.471],[82.037,29.478],[82.039,29.479],[82.041,29.481],[82.044,29.482],[82.049,29.482],[82.052,29.481],[82.056,29.481],[82.061,29.48],[82.066,29.481],[82.068,29.482],[82.071,29.482],[82.076,29.483],[82.08,29.482],[82.084,29.481],[82.086,29.479],[82.09,29.476],[82.093,29.472],[82.095,29.469],[82.097,29.465],[82.099,29.461],[82.104,29.459],[82.107,29.459],[82.109,29.46],[82.111,29.462],[82.115,29.465],[82.118,29.467],[82.121,29.468],[82.124,29.469],[82.127,29.468],[82.13,29.467],[82.133,29.466],[82.136,29.463],[82.138,29.461],[82.142,29.457],[82.143,29.453],[82.144,29.449],[82.145,29.445],[82.144,29.441],[82.143,29.437],[82.143,29.435],[82.145,29.431],[82.148,29.428],[82.152,29.426],[82.155,29.424],[82.158,29.422],[82.16,29.42],[82.164,29.417],[82.169,29.415],[82.17,29.414],[82.173,29.414],[82.177,29.413],[82.179,29.412],[82.183,29.41],[82.186,29.407],[82.189,29.406],[82.193,29.408],[82.195,29.41],[82.197,29.411],[82.201,29.41],[82.205,29.41],[82.208,29.41],[82.211,29.41],[82.214,29.409],[82.218,29.409],[82.22,29.41],[82.221,29.412],[82.222,29.415],[82.222,29.418],[82.224,29.421],[82.226,29.425],[82.228,29.428],[82.233,29.431],[82.235,29.432],[82.237,29.434],[82.24,29.435],[82.243,29.437],[82.247,29.437],[82.25,29.435],[82.252,29.434],[82.254,29.434],[82.259,29.436],[82.261,29.438],[82.265,29.44],[82.268,29.441],[82.273,29.442],[82.277,29.443],[82.281,29.443],[82.285,29.442],[82.29,29.441],[82.295,29.443],[82.296,29.443],[82.299,29.446],[82.3,29.448],[82.299,29.451],[82.298,29.454],[82.3,29.457],[82.302,29.46],[82.302,29.463],[82.302,29.466],[82.301,29.469],[82.303,29.472],[82.304,29.476],[82.304,29.478],[82.303,29.482],[82.304,29.487],[82.304,29.49],[82.306,29.493],[82.307,29.496],[82.309,29.499],[82.314,29.504],[82.317,29.505],[82.321,29.507],[82.324,29.509],[82.33,29.509],[82.333,29.508],[82.337,29.506],[82.341,29.504],[82.344,29.501],[82.346,29.497],[82.349,29.494],[82.352,29.492],[82.356,29.49],[82.358,29.49],[82.364,29.49],[82.367,29.49],[82.371,29.492],[82.374,29.493],[82.377,29.495],[82.38,29.498],[82.384,29.5],[82.387,29.5],[82.391,29.498],[82.394,29.494],[82.396,29.491],[82.398,29.487],[82.4,29.483],[82.401,29.479],[82.404,29.474],[82.406,29.47],[82.409,29.467],[82.411,29.463],[82.412,29.456],[82.413,29.451],[82.415,29.449],[82.417,29.448],[82.422,29.448],[82.425,29.447],[82.43,29.446],[82.436,29.444],[82.439,29.444],[82.442,29.445],[82.445,29.447],[82.447,29.449],[82.448,29.451],[82.45,29.454],[82.451,29.456],[82.453,29.46],[82.456,29.462],[82.459,29.465],[82.462,29.467],[82.466,29.469],[82.469,29.471],[82.472,29.473],[82.475,29.476],[82.477,29.478],[82.48,29.481],[82.482,29.484],[82.485,29.486],[82.487,29.488],[82.491,29.49],[82.496,29.493],[82.501,29.492],[82.504,29.493],[82.504,29.492],[82.505,29.49],[82.505,29.488],[82.505,29.486],[82.506,29.484],[82.506,29.482],[82.507,29.48],[82.507,29.477],[82.508,29.475],[82.509,29.473],[82.509,29.47],[82.509,29.468],[82.508,29.466],[82.508,29.465],[82.508,29.462],[82.508,29.459],[82.507,29.457],[82.507,29.455],[82.507,29.453],[82.507,29.451],[82.506,29.449],[82.507,29.446],[82.507,29.444],[82.508,29.442],[82.51,29.44],[82.511,29.438],[82.513,29.433],[82.513,29.43],[82.514,29.426],[82.515,29.423],[82.517,29.422],[82.519,29.421],[82.522,29.42],[82.526,29.42],[82.528,29.42],[82.533,29.42],[82.537,29.42],[82.54,29.419],[82.542,29.419],[82.545,29.419],[82.548,29.418],[82.55,29.418],[82.552,29.417],[82.554,29.415],[82.556,29.414],[82.557,29.413],[82.56,29.411]]]}},{"type":"Feature","properties":{"id":"Kalikot","name":"Kalikot","hq":"Manma","province_id":6,"province":"Karnali","level":"district"},"geometry":{"type":"Polygon","coordinates":[[[81.931,29.438],[81.931,29.433],[81.931,29.429],[81.931,29.425],[81.931,29.423],[81.931,29.419],[81.931,29.415],[81.93,29.412],[81.929,29.409],[81.929,29.406],[81.929,29.402],[81.93,29.398],[81.931,29.395],[81.932,29.392],[81.93,29.389],[81.928,29.386],[81.928,29.383],[81.927,29.379],[81.927,29.374],[81.928,29.369],[81.929,29.365],[81.928,29.362],[81.927,29.359],[81.927,29.356],[81.928,29.352],[81.929,29.349],[81.93,29.347],[81.931,29.336],[81.931,29.333],[81.93,29.33],[81.927,29.327],[81.923,29.325],[81.919,29.324],[81.916,29.323],[81.912,29.321],[81.91,29.319],[81.908,29.317],[81.906,29.315],[81.906,29.313],[81.905,29.311],[81.903,29.309],[81.901,29.307],[81.9,29.306],[81.898,29.297],[81.897,29.295],[81.896,29.291],[81.894,29.289],[81.891,29.287],[81.888,29.285],[81.886,29.284],[81.885,29.284],[81.883,29.283],[81.882,29.282],[81.88,29.276],[81.88,29.274],[81.88,29.272],[81.878,29.271],[81.875,29.27],[81.872,29.27],[81.868,29.272],[81.865,29.273],[81.86,29.274],[81.858,29.272],[81.857,29.27],[81.855,29.268],[81.853,29.266],[81.851,29.265],[81.848,29.264],[81.847,29.263],[81.842,29.261],[81.84,29.26],[81.838,29.258],[81.838,29.257],[81.838,29.256],[81.838,29.255],[81.839,29.254],[81.842,29.249],[81.844,29.249],[81.845,29.249],[81.847,29.248],[81.849,29.248],[81.852,29.246],[81.854,29.245],[81.858,29.244],[81.86,29.242],[81.862,29.24],[81.864,29.238],[81.865,29.236],[81.866,29.234],[81.867,29.232],[81.868,29.23],[81.87,29.229],[81.872,29.228],[81.874,29.227],[81.876,29.227],[81.878,29.228],[81.88,29.228],[81.883,29.225],[81.887,29.223],[81.89,29.222],[81.892,29.221],[81.894,29.22],[81.896,29.219],[81.897,29.217],[81.899,29.216],[81.901,29.215],[81.902,29.214],[81.904,29.213],[81.905,29.212],[81.907,29.21],[81.907,29.209],[81.908,29.208],[81.91,29.206],[81.911,29.203],[81.912,29.201],[81.912,29.201],[81.913,29.2],[81.914,29.199],[81.913,29.198],[81.912,29.196],[81.912,29.195],[81.913,29.194],[81.913,29.193],[81.913,29.191],[81.912,29.187],[81.91,29.185],[81.909,29.185],[81.909,29.184],[81.908,29.183],[81.908,29.181],[81.907,29.178],[81.907,29.177],[81.907,29.175],[81.907,29.173],[81.908,29.172],[81.909,29.17],[81.911,29.169],[81.914,29.168],[81.917,29.167],[81.919,29.164],[81.92,29.162],[81.921,29.16],[81.922,29.158],[81.926,29.157],[81.929,29.156],[81.933,29.155],[81.936,29.153],[81.938,29.152],[81.943,29.149],[81.946,29.146],[81.947,29.145],[81.949,29.142],[81.95,29.138],[81.951,29.134],[81.952,29.13],[81.953,29.128],[81.957,29.127],[81.96,29.126],[81.963,29.124],[81.966,29.123],[81.969,29.12],[81.972,29.118],[81.974,29.115],[81.976,29.113],[81.978,29.112],[81.98,29.111],[81.983,29.108],[81.987,29.107],[81.99,29.107],[81.993,29.106],[81.995,29.105],[81.999,29.102],[82.001,29.101],[82.003,29.099],[82.006,29.097],[82.01,29.096],[82.013,29.094],[82.015,29.091],[82.017,29.088],[82.019,29.086],[82.019,29.083],[82.019,29.08],[82.018,29.077],[82.016,29.074],[82.016,29.071],[82.016,29.068],[82.017,29.065],[82.018,29.061],[82.018,29.058],[82.016,29.053],[82.016,29.051],[82.015,29.048],[82.015,29.046],[82.014,29.044],[82.014,29.041],[82.013,29.039],[82.012,29.036],[82.011,29.034],[82.009,29.032],[82.007,29.031],[82.006,29.029],[82.005,29.025],[82.004,29.023],[82.003,29.02],[82.002,29.018],[81.999,29.015],[81.997,29.014],[81.993,29.013],[81.991,29.012],[81.988,29.011],[81.986,29.01],[81.985,29.008],[81.984,29.005],[81.983,29.003],[81.982,29.001],[81.977,28.998],[81.975,28.997],[81.973,28.996],[81.969,28.994],[81.966,28.992],[81.963,28.991],[81.96,28.988],[81.958,28.987],[81.955,28.986],[81.953,28.984],[81.949,28.983],[81.945,28.982],[81.941,28.982],[81.938,28.981],[81.933,28.98],[81.926,28.979],[81.922,28.977],[81.916,28.981],[81.913,28.983],[81.91,28.984],[81.904,28.983],[81.902,28.982],[81.9,28.981],[81.896,28.981],[81.891,28.982],[81.888,28.981],[81.886,28.98],[81.885,28.978],[81.882,28.976],[81.879,28.975],[81.876,28.974],[81.875,28.974],[81.874,28.971],[81.873,28.97],[81.87,28.969],[81.868,28.969],[81.861,28.969],[81.858,28.97],[81.854,28.97],[81.851,28.971],[81.848,28.972],[81.846,28.974],[81.843,28.977],[81.841,28.978],[81.837,28.98],[81.833,28.981],[81.829,28.982],[81.826,28.982],[81.822,28.983],[81.818,28.986],[81.816,28.988],[81.815,28.99],[81.812,28.993],[81.81,28.994],[81.807,28.997],[81.804,29.0],[81.801,29.002],[81.798,29.006],[81.797,29.008],[81.794,29.011],[81.792,29.014],[81.789,29.015],[81.785,29.017],[81.782,29.018],[81.777,29.018],[81.773,29.018],[81.77,29.018],[81.767,29.017],[81.764,29.016],[81.757,29.013],[81.751,29.011],[81.748,29.011],[81.743,29.013],[81.74,29.014],[81.738,29.017],[81.736,29.019],[81.731,29.021],[81.727,29.021],[81.723,29.019],[81.72,29.019],[81.718,29.02],[81.718,29.023],[81.716,29.026],[81.714,29.028],[81.709,29.029],[81.705,29.031],[81.704,29.034],[81.702,29.037],[81.699,29.04],[81.696,29.043],[81.694,29.046],[81.692,29.049],[81.688,29.048],[81.683,29.046],[81.678,29.045],[81.674,29.045],[81.671,29.044],[81.667,29.044],[81.664,29.042],[81.66,29.04],[81.658,29.04],[81.654,29.04],[81.648,29.04],[81.642,29.041],[81.639,29.042],[81.636,29.043],[81.633,29.044],[81.631,29.043],[81.628,29.041],[81.625,29.041],[81.622,29.04],[81.619,29.038],[81.617,29.036],[81.615,29.035],[81.613,29.035],[81.61,29.037],[81.606,29.04],[81.603,29.042],[81.6,29.044],[81.597,29.045],[81.593,29.046],[81.591,29.047],[81.587,29.048],[81.584,29.048],[81.58,29.048],[81.577,29.048],[81.575,29.049],[81.572,29.05],[81.569,29.051],[81.565,29.056],[81.565,29.058],[81.564,29.061],[81.564,29.064],[81.564,29.066],[81.565,29.069],[81.565,29.072],[81.566,29.075],[81.567,29.079],[81.567,29.083],[81.567,29.087],[81.568,29.091],[81.57,29.095],[81.573,29.098],[81.575,29.101],[81.578,29.105],[81.58,29.108],[81.581,29.111],[81.582,29.113],[81.583,29.117],[81.583,29.121],[81.583,29.124],[81.582,29.127],[81.582,29.128],[81.582,29.129],[81.579,29.133],[81.568,29.126],[81.566,29.127],[81.565,29.127],[81.563,29.127],[81.561,29.126],[81.559,29.127],[81.555,29.128],[81.552,29.128],[81.549,29.13],[81.545,29.131],[81.542,29.132],[81.539,29.134],[81.537,29.136],[81.536,29.139],[81.534,29.143],[81.533,29.145],[81.532,29.148],[81.529,29.15],[81.526,29.152],[81.522,29.152],[81.52,29.152],[81.516,29.151],[81.509,29.15],[81.506,29.15],[81.502,29.151],[81.499,29.153],[81.498,29.157],[81.497,29.161],[81.497,29.164],[81.495,29.167],[81.49,29.17],[81.489,29.172],[81.489,29.174],[81.49,29.178],[81.491,29.18],[81.491,29.184],[81.489,29.189],[81.486,29.192],[81.484,29.195],[81.483,29.199],[81.484,29.203],[81.485,29.206],[81.486,29.209],[81.487,29.214],[81.487,29.218],[81.487,29.22],[81.489,29.224],[81.492,29.228],[81.495,29.23],[81.498,29.233],[81.499,29.236],[81.499,29.241],[81.497,29.244],[81.495,29.247],[81.494,29.252],[81.495,29.255],[81.495,29.258],[81.494,29.261],[81.492,29.263],[81.488,29.263],[81.487,29.263],[81.482,29.263],[81.477,29.264],[81.473,29.265],[81.47,29.267],[81.47,29.269],[81.471,29.27],[81.472,29.27],[81.475,29.272],[81.479,29.275],[81.482,29.277],[81.485,29.278],[81.486,29.279],[81.489,29.281],[81.492,29.284],[81.494,29.286],[81.497,29.289],[81.5,29.292],[81.502,29.294],[81.504,29.297],[81.506,29.302],[81.507,29.306],[81.509,29.31],[81.512,29.311],[81.517,29.313],[81.522,29.314],[81.525,29.316],[81.527,29.319],[81.53,29.322],[81.533,29.326],[81.538,29.329],[81.541,29.331],[81.543,29.332],[81.546,29.334],[81.547,29.337],[81.549,29.341],[81.551,29.345],[81.553,29.351],[81.555,29.353],[81.558,29.355],[81.561,29.354],[81.563,29.351],[81.568,29.347],[81.57,29.349],[81.572,29.351],[81.574,29.356],[81.577,29.359],[81.581,29.362],[81.584,29.363],[81.587,29.364],[81.591,29.364],[81.596,29.364],[81.598,29.364],[81.603,29.366],[81.607,29.367],[81.611,29.368],[81.616,29.369],[81.62,29.369],[81.626,29.369],[81.629,29.369],[81.633,29.366],[81.637,29.363],[81.641,29.36],[81.644,29.357],[81.645,29.354],[81.646,29.349],[81.645,29.345],[81.645,29.34],[81.644,29.336],[81.644,29.332],[81.646,29.328],[81.65,29.325],[81.652,29.323],[81.655,29.32],[81.659,29.318],[81.661,29.318],[81.664,29.318],[81.683,29.32],[81.685,29.319],[81.686,29.319],[81.688,29.32],[81.692,29.322],[81.694,29.325],[81.698,29.327],[81.703,29.328],[81.707,29.329],[81.711,29.329],[81.715,29.329],[81.719,29.331],[81.723,29.332],[81.728,29.332],[81.732,29.332],[81.736,29.332],[81.738,29.332],[81.745,29.332],[81.748,29.335],[81.748,29.338],[81.746,29.339],[81.746,29.34],[81.745,29.342],[81.747,29.346],[81.75,29.348],[81.753,29.35],[81.755,29.351],[81.756,29.353],[81.757,29.355],[81.758,29.357],[81.759,29.358],[81.76,29.36],[81.761,29.362],[81.763,29.364],[81.765,29.366],[81.766,29.368],[81.768,29.37],[81.769,29.371],[81.771,29.373],[81.773,29.375],[81.774,29.376],[81.775,29.378],[81.775,29.379],[81.775,29.38],[81.775,29.381],[81.776,29.383],[81.779,29.387],[81.78,29.389],[81.782,29.39],[81.784,29.392],[81.787,29.395],[81.789,29.4],[81.791,29.402],[81.794,29.405],[81.795,29.407],[81.797,29.41],[81.799,29.414],[81.8,29.418],[81.803,29.422],[81.805,29.424],[81.806,29.426],[81.807,29.429],[81.808,29.433],[81.809,29.436],[81.808,29.44],[81.808,29.444],[81.807,29.448],[81.808,29.45],[81.808,29.452],[81.808,29.455],[81.807,29.457],[81.813,29.455],[81.814,29.455],[81.816,29.454],[81.82,29.454],[81.823,29.454],[81.825,29.454],[81.828,29.455],[81.83,29.456],[81.831,29.456],[81.835,29.456],[81.838,29.458],[81.842,29.459],[81.845,29.46],[81.848,29.461],[81.852,29.46],[81.859,29.459],[81.862,29.458],[81.864,29.458],[81.868,29.456],[81.871,29.455],[81.875,29.452],[81.879,29.449],[81.883,29.446],[81.886,29.445],[81.89,29.443],[81.893,29.444],[81.896,29.445],[81.901,29.446],[81.904,29.446],[81.907,29.445],[81.91,29.444],[81.914,29.444],[81.918,29.443],[81.921,29.443],[81.924,29.442],[81.929,29.439],[81.931,29.438]]]}},{"type":"Feature","properties":{"id":"Mugu","name":"Mugu","hq":"Gamghadi","province_id":6,"province":"Karnali","level":"district"},"geometry":{"type":"Polygon","coordinates":[[[82.501,29.951],[82.503,29.948],[82.505,29.949],[82.507,29.948],[82.509,29.948],[82.51,29.949],[82.511,29.949],[82.514,29.951],[82.515,29.952],[82.517,29.953],[82.52,29.955],[82.521,29.956],[82.523,29.958],[82.525,29.961],[82.526,29.963],[82.527,29.966],[82.528,29.967],[82.529,29.969],[82.53,29.969],[82.531,29.97],[82.533,29.969],[82.536,29.969],[82.539,29.967],[82.54,29.967],[82.542,29.966],[82.545,29.965],[82.547,29.963],[82.549,29.962],[82.55,29.96],[82.553,29.959],[82.555,29.958],[82.558,29.957],[82.56,29.956],[82.562,29.955],[82.563,29.954],[82.564,29.953],[82.564,29.951],[82.564,29.949],[82.564,29.947],[82.565,29.945],[82.565,29.942],[82.566,29.939],[82.567,29.936],[82.568,29.934],[82.57,29.932],[82.571,29.931],[82.572,29.928],[82.573,29.927],[82.577,29.923],[82.58,29.922],[82.582,29.921],[82.583,29.921],[82.587,29.92],[82.589,29.919],[82.59,29.917],[82.59,29.915],[82.59,29.913],[82.59,29.91],[82.591,29.908],[82.593,29.907],[82.595,29.906],[82.596,29.903],[82.598,29.9],[82.598,29.898],[82.6,29.895],[82.601,29.893],[82.602,29.891],[82.605,29.889],[82.606,29.888],[82.608,29.887],[82.61,29.885],[82.613,29.883],[82.616,29.881],[82.618,29.88],[82.622,29.879],[82.626,29.878],[82.63,29.877],[82.634,29.876],[82.637,29.875],[82.639,29.874],[82.641,29.873],[82.643,29.871],[82.644,29.869],[82.643,29.866],[82.642,29.864],[82.639,29.862],[82.638,29.862],[82.636,29.86],[82.634,29.858],[82.633,29.857],[82.632,29.854],[82.632,29.853],[82.63,29.851],[82.629,29.851],[82.625,29.848],[82.623,29.847],[82.622,29.845],[82.621,29.843],[82.621,29.84],[82.622,29.838],[82.624,29.837],[82.629,29.835],[82.632,29.834],[82.634,29.834],[82.638,29.834],[82.64,29.834],[82.642,29.835],[82.644,29.836],[82.646,29.837],[82.648,29.837],[82.65,29.837],[82.652,29.838],[82.655,29.839],[82.658,29.84],[82.66,29.841],[82.663,29.841],[82.666,29.842],[82.668,29.843],[82.67,29.843],[82.673,29.843],[82.676,29.843],[82.679,29.843],[82.681,29.845],[82.683,29.847],[82.685,29.848],[82.686,29.85],[82.688,29.851],[82.691,29.853],[82.692,29.853],[82.695,29.854],[82.696,29.854],[82.7,29.851],[82.702,29.849],[82.705,29.845],[82.707,29.843],[82.709,29.84],[82.71,29.839],[82.712,29.838],[82.715,29.837],[82.719,29.838],[82.722,29.838],[82.725,29.837],[82.726,29.836],[82.726,29.832],[82.727,29.83],[82.728,29.827],[82.729,29.825],[82.73,29.823],[82.731,29.821],[82.732,29.819],[82.733,29.817],[82.735,29.815],[82.734,29.813],[82.733,29.811],[82.732,29.809],[82.731,29.805],[82.728,29.803],[82.725,29.801],[82.722,29.8],[82.72,29.799],[82.717,29.797],[82.714,29.795],[82.711,29.793],[82.708,29.793],[82.705,29.793],[82.702,29.793],[82.699,29.793],[82.697,29.791],[82.697,29.788],[82.697,29.785],[82.697,29.783],[82.695,29.78],[82.692,29.778],[82.69,29.777],[82.689,29.775],[82.689,29.771],[82.689,29.77],[82.689,29.767],[82.688,29.765],[82.689,29.763],[82.691,29.762],[82.692,29.762],[82.693,29.761],[82.696,29.761],[82.698,29.761],[82.701,29.762],[82.704,29.762],[82.706,29.764],[82.708,29.766],[82.712,29.768],[82.715,29.765],[82.718,29.766],[82.72,29.767],[82.721,29.77],[82.725,29.77],[82.728,29.77],[82.731,29.769],[82.735,29.769],[82.739,29.769],[82.742,29.769],[82.745,29.767],[82.747,29.766],[82.749,29.766],[82.751,29.766],[82.754,29.765],[82.756,29.763],[82.757,29.761],[82.758,29.76],[82.758,29.759],[82.759,29.754],[82.76,29.752],[82.761,29.75],[82.762,29.747],[82.763,29.744],[82.765,29.741],[82.766,29.738],[82.765,29.735],[82.763,29.732],[82.763,29.73],[82.765,29.729],[82.768,29.729],[82.771,29.728],[82.773,29.726],[82.776,29.724],[82.778,29.724],[82.782,29.723],[82.784,29.723],[82.786,29.72],[82.788,29.719],[82.79,29.719],[82.791,29.719],[82.798,29.719],[82.801,29.719],[82.805,29.719],[82.809,29.72],[82.812,29.72],[82.817,29.72],[82.82,29.718],[82.821,29.714],[82.819,29.711],[82.817,29.708],[82.815,29.705],[82.815,29.701],[82.817,29.698],[82.819,29.695],[82.821,29.693],[82.823,29.691],[82.825,29.689],[82.826,29.688],[82.827,29.688],[82.828,29.688],[82.828,29.682],[82.828,29.675],[82.828,29.672],[82.829,29.668],[82.829,29.664],[82.829,29.66],[82.829,29.657],[82.829,29.656],[82.83,29.652],[82.829,29.649],[82.828,29.647],[82.825,29.646],[82.822,29.646],[82.817,29.644],[82.814,29.643],[82.81,29.64],[82.809,29.639],[82.806,29.638],[82.803,29.637],[82.801,29.635],[82.8,29.631],[82.799,29.627],[82.799,29.623],[82.8,29.619],[82.801,29.616],[82.802,29.613],[82.803,29.609],[82.804,29.607],[82.805,29.604],[82.807,29.602],[82.807,29.6],[82.808,29.599],[82.812,29.591],[82.813,29.588],[82.814,29.584],[82.815,29.581],[82.816,29.578],[82.817,29.575],[82.818,29.572],[82.819,29.569],[82.819,29.565],[82.82,29.562],[82.819,29.56],[82.818,29.558],[82.816,29.556],[82.813,29.554],[82.809,29.552],[82.806,29.55],[82.803,29.546],[82.801,29.543],[82.799,29.54],[82.797,29.537],[82.795,29.534],[82.792,29.53],[82.79,29.528],[82.79,29.524],[82.789,29.52],[82.786,29.517],[82.783,29.516],[82.78,29.517],[82.778,29.516],[82.775,29.516],[82.772,29.515],[82.768,29.512],[82.765,29.511],[82.762,29.511],[82.759,29.51],[82.755,29.509],[82.752,29.508],[82.749,29.507],[82.744,29.506],[82.74,29.506],[82.737,29.507],[82.735,29.506],[82.733,29.504],[82.732,29.501],[82.731,29.499],[82.731,29.499],[82.731,29.494],[82.731,29.489],[82.73,29.484],[82.73,29.479],[82.73,29.477],[82.732,29.475],[82.737,29.467],[82.737,29.465],[82.733,29.46],[82.729,29.453],[82.726,29.448],[82.723,29.443],[82.721,29.441],[82.72,29.435],[82.718,29.43],[82.716,29.427],[82.714,29.425],[82.709,29.424],[82.703,29.423],[82.699,29.423],[82.697,29.422],[82.695,29.421],[82.693,29.42],[82.692,29.42],[82.69,29.416],[82.688,29.413],[82.686,29.409],[82.682,29.405],[82.676,29.402],[82.672,29.401],[82.667,29.4],[82.662,29.397],[82.66,29.395],[82.654,29.389],[82.65,29.388],[82.647,29.389],[82.643,29.39],[82.641,29.392],[82.638,29.393],[82.635,29.394],[82.632,29.395],[82.63,29.396],[82.629,29.398],[82.629,29.4],[82.629,29.403],[82.63,29.407],[82.63,29.411],[82.631,29.414],[82.631,29.418],[82.629,29.421],[82.626,29.422],[82.62,29.422],[82.616,29.422],[82.609,29.422],[82.605,29.422],[82.601,29.421],[82.597,29.421],[82.593,29.42],[82.59,29.42],[82.587,29.419],[82.584,29.417],[82.581,29.415],[82.578,29.414],[82.574,29.414],[82.571,29.413],[82.569,29.413],[82.567,29.413],[82.566,29.413],[82.564,29.412],[82.562,29.412],[82.56,29.411],[82.557,29.413],[82.556,29.414],[82.554,29.415],[82.552,29.417],[82.55,29.418],[82.548,29.418],[82.545,29.419],[82.542,29.419],[82.54,29.419],[82.537,29.42],[82.533,29.42],[82.528,29.42],[82.526,29.42],[82.522,29.42],[82.519,29.421],[82.517,29.422],[82.515,29.423],[82.514,29.426],[82.513,29.43],[82.513,29.433],[82.511,29.438],[82.51,29.44],[82.508,29.442],[82.507,29.444],[82.507,29.446],[82.506,29.449],[82.507,29.451],[82.507,29.453],[82.507,29.455],[82.507,29.457],[82.508,29.459],[82.508,29.462],[82.508,29.465],[82.508,29.466],[82.509,29.468],[82.509,29.47],[82.509,29.473],[82.508,29.475],[82.507,29.477],[82.507,29.48],[82.506,29.482],[82.506,29.484],[82.505,29.486],[82.505,29.488],[82.505,29.49],[82.504,29.492],[82.504,29.493],[82.501,29.492],[82.496,29.493],[82.491,29.49],[82.487,29.488],[82.485,29.486],[82.482,29.484],[82.48,29.481],[82.477,29.478],[82.475,29.476],[82.472,29.473],[82.469,29.471],[82.466,29.469],[82.462,29.467],[82.459,29.465],[82.456,29.462],[82.453,29.46],[82.451,29.456],[82.45,29.454],[82.448,29.451],[82.447,29.449],[82.445,29.447],[82.442,29.445],[82.439,29.444],[82.436,29.444],[82.43,29.446],[82.425,29.447],[82.422,29.448],[82.417,29.448],[82.415,29.449],[82.413,29.451],[82.412,29.456],[82.411,29.463],[82.409,29.467],[82.406,29.47],[82.404,29.474],[82.401,29.479],[82.4,29.483],[82.398,29.487],[82.396,29.491],[82.394,29.494],[82.391,29.498],[82.387,29.5],[82.384,29.5],[82.38,29.498],[82.377,29.495],[82.374,29.493],[82.371,29.492],[82.367,29.49],[82.364,29.49],[82.358,29.49],[82.356,29.49],[82.352,29.492],[82.349,29.494],[82.346,29.497],[82.344,29.501],[82.341,29.504],[82.337,29.506],[82.333,29.508],[82.33,29.509],[82.324,29.509],[82.321,29.507],[82.317,29.505],[82.314,29.504],[82.309,29.499],[82.307,29.496],[82.306,29.493],[82.304,29.49],[82.304,29.487],[82.303,29.482],[82.304,29.478],[82.304,29.476],[82.303,29.472],[82.301,29.469],[82.302,29.466],[82.302,29.463],[82.302,29.46],[82.3,29.457],[82.298,29.454],[82.299,29.451],[82.3,29.448],[82.299,29.446],[82.296,29.443],[82.295,29.443],[82.29,29.441],[82.285,29.442],[82.281,29.443],[82.277,29.443],[82.273,29.442],[82.268,29.441],[82.265,29.44],[82.261,29.438],[82.259,29.436],[82.254,29.434],[82.252,29.434],[82.25,29.435],[82.247,29.437],[82.243,29.437],[82.24,29.435],[82.237,29.434],[82.235,29.432],[82.233,29.431],[82.228,29.428],[82.226,29.425],[82.224,29.421],[82.222,29.418],[82.222,29.415],[82.221,29.412],[82.22,29.41],[82.218,29.409],[82.214,29.409],[82.211,29.41],[82.208,29.41],[82.205,29.41],[82.201,29.41],[82.197,29.411],[82.195,29.41],[82.193,29.408],[82.189,29.406],[82.186,29.407],[82.183,29.41],[82.179,29.412],[82.177,29.413],[82.173,29.414],[82.17,29.414],[82.169,29.415],[82.164,29.417],[82.16,29.42],[82.158,29.422],[82.155,29.424],[82.152,29.426],[82.148,29.428],[82.145,29.431],[82.143,29.435],[82.143,29.437],[82.144,29.441],[82.145,29.445],[82.144,29.449],[82.143,29.453],[82.142,29.457],[82.138,29.461],[82.136,29.463],[82.133,29.466],[82.13,29.467],[82.127,29.468],[82.124,29.469],[82.121,29.468],[82.118,29.467],[82.115,29.465],[82.111,29.462],[82.109,29.46],[82.107,29.459],[82.104,29.459],[82.099,29.461],[82.097,29.465],[82.095,29.469],[82.093,29.472],[82.09,29.476],[82.086,29.479],[82.084,29.481],[82.08,29.482],[82.076,29.483],[82.071,29.482],[82.068,29.482],[82.066,29.481],[82.061,29.48],[82.056,29.481],[82.052,29.481],[82.049,29.482],[82.044,29.482],[82.041,29.481],[82.039,29.479],[82.037,29.478],[82.033,29.471],[82.031,29.47],[82.029,29.469],[82.026,29.468],[82.023,29.469],[82.02,29.468],[82.018,29.466],[82.017,29.465],[82.015,29.466],[82.014,29.468],[82.011,29.471],[82.008,29.473],[82.005,29.473],[82.001,29.471],[81.998,29.471],[81.993,29.472],[81.991,29.472],[81.987,29.471],[81.984,29.471],[81.983,29.468],[81.98,29.462],[81.978,29.46],[81.977,29.459],[81.974,29.455],[81.972,29.453],[81.97,29.451],[81.969,29.449],[81.967,29.447],[81.963,29.446],[81.96,29.445],[81.956,29.444],[81.952,29.443],[81.95,29.442],[81.947,29.442],[81.944,29.441],[81.939,29.441],[81.937,29.44],[81.935,29.439],[81.933,29.438],[81.931,29.438],[81.929,29.439],[81.924,29.442],[81.921,29.443],[81.918,29.443],[81.914,29.444],[81.91,29.444],[81.907,29.445],[81.904,29.446],[81.901,29.446],[81.896,29.445],[81.893,29.444],[81.89,29.443],[81.886,29.445],[81.883,29.446],[81.879,29.449],[81.875,29.452],[81.871,29.455],[81.868,29.456],[81.864,29.458],[81.862,29.458],[81.859,29.459],[81.852,29.46],[81.848,29.461],[81.845,29.46],[81.842,29.459],[81.838,29.458],[81.835,29.456],[81.831,29.456],[81.83,29.456],[81.828,29.455],[81.825,29.454],[81.823,29.454],[81.82,29.454],[81.816,29.454],[81.814,29.455],[81.813,29.455],[81.807,29.457],[81.807,29.46],[81.807,29.462],[81.806,29.467],[81.805,29.471],[81.802,29.476],[81.8,29.479],[81.797,29.486],[81.795,29.49],[81.791,29.495],[81.79,29.497],[81.788,29.499],[81.786,29.503],[81.784,29.506],[81.783,29.507],[81.782,29.507],[81.782,29.508],[81.783,29.514],[81.784,29.518],[81.785,29.521],[81.785,29.522],[81.788,29.524],[81.791,29.526],[81.792,29.529],[81.793,29.532],[81.793,29.536],[81.794,29.539],[81.798,29.55],[81.8,29.554],[81.8,29.567],[81.8,29.576],[81.797,29.582],[81.795,29.588],[81.791,29.594],[81.789,29.595],[81.784,29.597],[81.779,29.599],[81.779,29.602],[81.779,29.602],[81.779,29.602],[81.778,29.603],[81.777,29.603],[81.777,29.606],[81.777,29.607],[81.778,29.609],[81.779,29.61],[81.779,29.611],[81.78,29.613],[81.78,29.615],[81.782,29.617],[81.787,29.62],[81.789,29.622],[81.79,29.624],[81.791,29.624],[81.791,29.625],[81.793,29.626],[81.795,29.626],[81.797,29.626],[81.8,29.624],[81.803,29.623],[81.806,29.622],[81.81,29.62],[81.817,29.62],[81.819,29.62],[81.82,29.62],[81.822,29.621],[81.825,29.621],[81.828,29.62],[81.83,29.62],[81.833,29.619],[81.836,29.618],[81.838,29.617],[81.84,29.617],[81.842,29.618],[81.846,29.619],[81.848,29.619],[81.851,29.619],[81.853,29.618],[81.857,29.617],[81.859,29.619],[81.859,29.619],[81.86,29.62],[81.862,29.621],[81.863,29.623],[81.864,29.625],[81.865,29.627],[81.867,29.629],[81.87,29.632],[81.872,29.632],[81.874,29.634],[81.875,29.636],[81.876,29.638],[81.877,29.64],[81.878,29.642],[81.879,29.645],[81.88,29.648],[81.883,29.652],[81.884,29.654],[81.885,29.654],[81.887,29.657],[81.887,29.658],[81.888,29.66],[81.89,29.662],[81.891,29.664],[81.894,29.667],[81.898,29.669],[81.899,29.669],[81.9,29.669],[81.902,29.669],[81.904,29.668],[81.907,29.667],[81.909,29.666],[81.911,29.665],[81.916,29.663],[81.92,29.662],[81.921,29.663],[81.922,29.664],[81.923,29.665],[81.923,29.666],[81.924,29.667],[81.925,29.669],[81.926,29.671],[81.928,29.673],[81.929,29.675],[81.932,29.677],[81.935,29.677],[81.94,29.675],[81.946,29.674],[81.946,29.674],[81.949,29.674],[81.951,29.675],[81.955,29.677],[81.958,29.68],[81.96,29.681],[81.961,29.682],[81.961,29.683],[81.963,29.684],[81.964,29.685],[81.967,29.687],[81.969,29.688],[81.972,29.689],[81.976,29.691],[81.979,29.694],[81.984,29.696],[81.985,29.697],[81.986,29.697],[81.987,29.698],[81.99,29.699],[81.992,29.701],[81.994,29.702],[81.997,29.704],[81.999,29.706],[82.001,29.708],[82.005,29.712],[82.007,29.716],[82.007,29.718],[82.008,29.719],[82.009,29.72],[82.01,29.722],[82.011,29.724],[82.012,29.726],[82.013,29.728],[82.014,29.731],[82.016,29.732],[82.018,29.733],[82.023,29.735],[82.027,29.736],[82.03,29.738],[82.032,29.74],[82.034,29.745],[82.036,29.748],[82.038,29.749],[82.039,29.749],[82.042,29.75],[82.045,29.75],[82.047,29.75],[82.049,29.749],[82.052,29.748],[82.055,29.748],[82.06,29.747],[82.064,29.747],[82.064,29.745],[82.063,29.742],[82.063,29.74],[82.063,29.738],[82.062,29.736],[82.062,29.734],[82.062,29.73],[82.064,29.728],[82.066,29.727],[82.068,29.725],[82.07,29.723],[82.071,29.721],[82.073,29.718],[82.073,29.717],[82.074,29.715],[82.075,29.714],[82.076,29.712],[82.078,29.711],[82.081,29.71],[82.083,29.708],[82.084,29.706],[82.086,29.703],[82.088,29.702],[82.091,29.7],[82.093,29.699],[82.094,29.697],[82.095,29.695],[82.096,29.693],[82.096,29.691],[82.097,29.69],[82.099,29.687],[82.103,29.684],[82.103,29.683],[82.102,29.681],[82.102,29.68],[82.102,29.677],[82.102,29.675],[82.103,29.674],[82.104,29.672],[82.104,29.67],[82.104,29.669],[82.104,29.668],[82.104,29.664],[82.105,29.66],[82.106,29.658],[82.107,29.657],[82.109,29.655],[82.111,29.654],[82.112,29.651],[82.114,29.649],[82.116,29.646],[82.117,29.644],[82.117,29.642],[82.117,29.64],[82.119,29.639],[82.121,29.639],[82.123,29.64],[82.125,29.641],[82.128,29.642],[82.131,29.642],[82.134,29.644],[82.137,29.645],[82.14,29.647],[82.143,29.648],[82.147,29.65],[82.149,29.652],[82.15,29.653],[82.153,29.655],[82.156,29.656],[82.158,29.656],[82.162,29.656],[82.165,29.655],[82.168,29.654],[82.172,29.654],[82.175,29.654],[82.179,29.656],[82.181,29.657],[82.182,29.657],[82.185,29.658],[82.189,29.657],[82.191,29.656],[82.194,29.655],[82.198,29.654],[82.2,29.655],[82.201,29.656],[82.204,29.658],[82.207,29.659],[82.21,29.658],[82.213,29.658],[82.216,29.657],[82.22,29.657],[82.222,29.66],[82.223,29.662],[82.225,29.663],[82.228,29.664],[82.232,29.663],[82.236,29.663],[82.237,29.665],[82.238,29.668],[82.237,29.671],[82.237,29.674],[82.237,29.677],[82.237,29.68],[82.236,29.682],[82.235,29.686],[82.233,29.692],[82.234,29.695],[82.234,29.697],[82.236,29.699],[82.239,29.698],[82.241,29.697],[82.244,29.696],[82.247,29.696],[82.249,29.697],[82.252,29.698],[82.255,29.7],[82.257,29.7],[82.261,29.7],[82.264,29.699],[82.267,29.698],[82.27,29.696],[82.273,29.695],[82.276,29.694],[82.28,29.694],[82.282,29.694],[82.286,29.695],[82.288,29.695],[82.291,29.696],[82.295,29.697],[82.298,29.698],[82.3,29.699],[82.303,29.7],[82.306,29.703],[82.307,29.705],[82.309,29.706],[82.31,29.707],[82.312,29.708],[82.315,29.709],[82.318,29.711],[82.321,29.711],[82.324,29.712],[82.327,29.712],[82.33,29.712],[82.333,29.713],[82.335,29.713],[82.338,29.714],[82.34,29.715],[82.343,29.716],[82.346,29.715],[82.349,29.715],[82.351,29.712],[82.353,29.71],[82.354,29.708],[82.356,29.706],[82.357,29.705],[82.359,29.705],[82.361,29.705],[82.364,29.704],[82.367,29.704],[82.37,29.704],[82.372,29.704],[82.374,29.703],[82.376,29.702],[82.379,29.699],[82.381,29.698],[82.384,29.697],[82.387,29.697],[82.391,29.697],[82.396,29.699],[82.398,29.7],[82.401,29.702],[82.403,29.704],[82.405,29.707],[82.407,29.709],[82.408,29.711],[82.409,29.713],[82.411,29.715],[82.412,29.718],[82.413,29.721],[82.413,29.724],[82.415,29.727],[82.415,29.728],[82.414,29.731],[82.412,29.735],[82.409,29.737],[82.408,29.739],[82.406,29.741],[82.404,29.743],[82.402,29.747],[82.402,29.75],[82.401,29.753],[82.402,29.757],[82.404,29.76],[82.406,29.763],[82.408,29.765],[82.411,29.77],[82.412,29.771],[82.413,29.772],[82.413,29.775],[82.412,29.778],[82.41,29.78],[82.408,29.782],[82.407,29.783],[82.406,29.785],[82.406,29.787],[82.406,29.79],[82.406,29.793],[82.405,29.795],[82.403,29.797],[82.403,29.8],[82.404,29.802],[82.406,29.804],[82.408,29.806],[82.411,29.807],[82.416,29.807],[82.419,29.807],[82.424,29.807],[82.426,29.808],[82.428,29.809],[82.431,29.81],[82.435,29.81],[82.438,29.811],[82.442,29.813],[82.444,29.817],[82.445,29.818],[82.446,29.82],[82.447,29.823],[82.449,29.824],[82.451,29.827],[82.452,29.831],[82.451,29.833],[82.45,29.836],[82.448,29.838],[82.447,29.839],[82.446,29.842],[82.447,29.844],[82.448,29.846],[82.449,29.848],[82.452,29.85],[82.455,29.854],[82.457,29.856],[82.459,29.858],[82.461,29.861],[82.462,29.863],[82.462,29.866],[82.461,29.869],[82.461,29.871],[82.46,29.873],[82.46,29.876],[82.46,29.881],[82.46,29.884],[82.46,29.885],[82.46,29.888],[82.459,29.891],[82.459,29.893],[82.46,29.895],[82.463,29.897],[82.466,29.898],[82.469,29.899],[82.471,29.9],[82.473,29.902],[82.474,29.904],[82.476,29.906],[82.475,29.909],[82.475,29.913],[82.474,29.914],[82.474,29.918],[82.473,29.92],[82.474,29.922],[82.478,29.923],[82.481,29.923],[82.485,29.925],[82.486,29.927],[82.489,29.929],[82.49,29.931],[82.492,29.933],[82.493,29.934],[82.495,29.935],[82.497,29.937],[82.498,29.939],[82.499,29.942],[82.499,29.943],[82.501,29.951]]]}},{"type":"Feature","properties":{"id":"Banke","name":"Banke","hq":"Nepalganj","province_id":5,"province":"Lumbini","level":"district"},"geometry":{"type":"Polygon","coordinates":[[[82.016,28.16],[82.017,28.16],[82.018,28.158],[82.018,28.154],[82.023,28.149],[82.037,28.151],[82.036,28.148],[82.036,28.145],[82.037,28.14],[82.04,28.137],[82.042,28.134],[82.043,28.133],[82.043,28.125],[82.044,28.124],[82.047,28.12],[82.05,28.116],[82.054,28.112],[82.063,28.105],[82.074,28.103],[82.078,28.101],[82.083,28.1],[82.085,28.1],[82.086,28.099],[82.088,28.097],[82.093,28.099],[82.097,28.099],[82.104,28.095],[82.108,28.09],[82.111,28.089],[82.114,28.09],[82.119,28.091],[82.12,28.089],[82.121,28.087],[82.125,28.087],[82.127,28.087],[82.134,28.085],[82.137,28.083],[82.14,28.082],[82.143,28.083],[82.145,28.082],[82.148,28.079],[82.149,28.079],[82.151,28.078],[82.152,28.077],[82.151,28.076],[82.151,28.073],[82.147,28.067],[82.142,28.062],[82.142,28.059],[82.146,28.056],[82.152,28.054],[82.157,28.052],[82.163,28.05],[82.17,28.049],[82.174,28.049],[82.177,28.047],[82.18,28.045],[82.186,28.039],[82.19,28.038],[82.194,28.036],[82.195,28.027],[82.192,28.02],[82.191,28.014],[82.192,28.006],[82.19,28.002],[82.19,27.996],[82.193,27.99],[82.194,27.985],[82.196,27.98],[82.196,27.977],[82.196,27.973],[82.196,27.969],[82.196,27.966],[82.197,27.961],[82.196,27.958],[82.192,27.957],[82.187,27.956],[82.183,27.955],[82.177,27.955],[82.172,27.958],[82.167,27.96],[82.164,27.961],[82.159,27.963],[82.154,27.964],[82.149,27.963],[82.144,27.961],[82.139,27.962],[82.136,27.96],[82.132,27.956],[82.128,27.953],[82.119,27.952],[82.115,27.953],[82.112,27.952],[82.111,27.952],[82.109,27.951],[82.104,27.95],[82.101,27.951],[82.1,27.951],[82.098,27.952],[82.097,27.952],[82.096,27.952],[82.095,27.952],[82.094,27.952],[82.092,27.951],[82.086,27.951],[82.083,27.951],[82.076,27.948],[82.074,27.945],[82.073,27.934],[82.071,27.923],[82.069,27.923],[82.067,27.922],[82.065,27.922],[82.064,27.922],[82.061,27.922],[82.057,27.923],[82.053,27.923],[82.05,27.924],[82.045,27.924],[82.041,27.924],[82.032,27.923],[82.028,27.924],[82.023,27.924],[82.018,27.925],[82.012,27.925],[82.006,27.926],[82.004,27.926],[82.0,27.927],[81.997,27.928],[81.993,27.929],[81.99,27.929],[81.983,27.929],[81.981,27.929],[81.977,27.929],[81.972,27.928],[81.97,27.927],[81.969,27.926],[81.967,27.924],[81.964,27.921],[81.962,27.919],[81.959,27.915],[81.957,27.913],[81.955,27.91],[81.953,27.907],[81.95,27.905],[81.948,27.902],[81.947,27.9],[81.944,27.896],[81.942,27.893],[81.94,27.89],[81.938,27.887],[81.934,27.884],[81.932,27.882],[81.929,27.878],[81.929,27.875],[81.928,27.871],[81.928,27.867],[81.928,27.864],[81.928,27.862],[81.928,27.861],[81.925,27.86],[81.92,27.858],[81.916,27.857],[81.913,27.856],[81.908,27.855],[81.904,27.855],[81.899,27.855],[81.896,27.855],[81.891,27.855],[81.888,27.856],[81.885,27.857],[81.882,27.862],[81.88,27.865],[81.877,27.868],[81.872,27.871],[81.87,27.872],[81.867,27.874],[81.864,27.876],[81.862,27.877],[81.858,27.88],[81.855,27.882],[81.852,27.884],[81.848,27.887],[81.845,27.889],[81.842,27.893],[81.835,27.897],[81.833,27.898],[81.83,27.9],[81.827,27.901],[81.823,27.903],[81.819,27.904],[81.816,27.904],[81.812,27.903],[81.808,27.902],[81.804,27.904],[81.802,27.906],[81.798,27.909],[81.795,27.911],[81.792,27.913],[81.79,27.915],[81.787,27.917],[81.784,27.92],[81.781,27.922],[81.779,27.924],[81.775,27.926],[81.772,27.928],[81.768,27.931],[81.765,27.934],[81.762,27.937],[81.76,27.94],[81.758,27.942],[81.757,27.944],[81.754,27.946],[81.753,27.947],[81.751,27.949],[81.749,27.95],[81.747,27.952],[81.745,27.953],[81.743,27.955],[81.739,27.958],[81.736,27.961],[81.733,27.963],[81.73,27.964],[81.727,27.966],[81.725,27.968],[81.723,27.97],[81.72,27.972],[81.717,27.975],[81.714,27.977],[81.711,27.98],[81.706,27.983],[81.704,27.984],[81.702,27.985],[81.699,27.988],[81.697,27.988],[81.693,27.99],[81.689,27.99],[81.686,27.99],[81.683,27.99],[81.678,27.99],[81.674,27.99],[81.669,27.99],[81.667,27.99],[81.661,27.991],[81.659,27.991],[81.656,27.991],[81.653,27.991],[81.649,27.992],[81.644,27.993],[81.642,27.996],[81.64,27.998],[81.637,27.999],[81.635,28.0],[81.632,28.002],[81.629,28.003],[81.625,28.004],[81.623,28.006],[81.621,28.009],[81.617,28.011],[81.614,28.012],[81.612,28.014],[81.609,28.015],[81.606,28.016],[81.603,28.018],[81.599,28.019],[81.595,28.021],[81.593,28.022],[81.589,28.024],[81.585,28.027],[81.582,28.028],[81.579,28.029],[81.576,28.031],[81.572,28.033],[81.57,28.035],[81.568,28.037],[81.566,28.039],[81.563,28.04],[81.559,28.042],[81.556,28.044],[81.554,28.046],[81.551,28.048],[81.548,28.05],[81.545,28.052],[81.541,28.053],[81.539,28.055],[81.537,28.056],[81.528,28.059],[81.526,28.06],[81.524,28.061],[81.52,28.063],[81.517,28.064],[81.514,28.065],[81.51,28.066],[81.507,28.068],[81.506,28.069],[81.508,28.072],[81.509,28.072],[81.511,28.073],[81.514,28.074],[81.516,28.074],[81.52,28.076],[81.521,28.078],[81.523,28.08],[81.523,28.082],[81.523,28.083],[81.522,28.085],[81.521,28.085],[81.519,28.087],[81.517,28.088],[81.515,28.089],[81.514,28.091],[81.512,28.093],[81.511,28.094],[81.509,28.096],[81.508,28.099],[81.507,28.101],[81.507,28.102],[81.508,28.104],[81.51,28.106],[81.509,28.109],[81.508,28.109],[81.507,28.11],[81.505,28.112],[81.504,28.114],[81.505,28.119],[81.504,28.122],[81.504,28.123],[81.503,28.123],[81.502,28.124],[81.502,28.125],[81.503,28.126],[81.505,28.126],[81.506,28.128],[81.506,28.129],[81.505,28.13],[81.504,28.132],[81.502,28.135],[81.502,28.138],[81.501,28.14],[81.502,28.142],[81.503,28.144],[81.504,28.145],[81.506,28.146],[81.507,28.147],[81.509,28.148],[81.512,28.149],[81.513,28.149],[81.516,28.151],[81.518,28.152],[81.519,28.154],[81.52,28.155],[81.521,28.157],[81.522,28.16],[81.522,28.162],[81.522,28.164],[81.523,28.167],[81.523,28.169],[81.523,28.171],[81.524,28.172],[81.525,28.175],[81.528,28.18],[81.529,28.183],[81.529,28.185],[81.53,28.188],[81.532,28.191],[81.533,28.192],[81.534,28.194],[81.537,28.196],[81.539,28.197],[81.54,28.198],[81.542,28.199],[81.545,28.2],[81.547,28.2],[81.552,28.201],[81.559,28.205],[81.56,28.206],[81.561,28.209],[81.561,28.212],[81.562,28.214],[81.564,28.214],[81.566,28.213],[81.57,28.214],[81.571,28.214],[81.573,28.216],[81.574,28.217],[81.575,28.219],[81.576,28.22],[81.577,28.223],[81.578,28.224],[81.579,28.225],[81.58,28.226],[81.581,28.227],[81.583,28.228],[81.584,28.23],[81.586,28.233],[81.586,28.234],[81.589,28.235],[81.591,28.235],[81.593,28.235],[81.594,28.235],[81.596,28.234],[81.598,28.233],[81.6,28.232],[81.601,28.232],[81.603,28.233],[81.606,28.234],[81.608,28.236],[81.609,28.238],[81.609,28.241],[81.611,28.243],[81.612,28.245],[81.615,28.247],[81.619,28.249],[81.626,28.257],[81.628,28.257],[81.629,28.258],[81.631,28.259],[81.633,28.26],[81.634,28.26],[81.635,28.261],[81.636,28.261],[81.638,28.262],[81.64,28.263],[81.644,28.265],[81.646,28.265],[81.648,28.266],[81.649,28.266],[81.65,28.266],[81.653,28.267],[81.655,28.267],[81.657,28.268],[81.659,28.269],[81.661,28.271],[81.662,28.272],[81.664,28.273],[81.669,28.276],[81.67,28.278],[81.672,28.279],[81.673,28.281],[81.674,28.282],[81.675,28.283],[81.675,28.285],[81.675,28.289],[81.675,28.292],[81.675,28.297],[81.676,28.301],[81.677,28.304],[81.68,28.307],[81.683,28.309],[81.686,28.312],[81.688,28.315],[81.69,28.317],[81.693,28.32],[81.694,28.322],[81.696,28.325],[81.698,28.327],[81.701,28.329],[81.702,28.33],[81.704,28.331],[81.707,28.331],[81.709,28.331],[81.711,28.33],[81.712,28.329],[81.713,28.328],[81.715,28.326],[81.719,28.324],[81.722,28.322],[81.725,28.32],[81.729,28.319],[81.733,28.318],[81.735,28.316],[81.738,28.315],[81.741,28.314],[81.745,28.315],[81.747,28.316],[81.754,28.311],[81.76,28.31],[81.764,28.31],[81.767,28.306],[81.775,28.302],[81.786,28.295],[81.791,28.288],[81.794,28.281],[81.798,28.28],[81.801,28.283],[81.805,28.285],[81.812,28.284],[81.82,28.281],[81.831,28.278],[81.839,28.275],[81.848,28.268],[81.855,28.261],[81.863,28.255],[81.864,28.247],[81.864,28.241],[81.869,28.242],[81.873,28.24],[81.877,28.242],[81.88,28.243],[81.884,28.242],[81.894,28.238],[81.902,28.235],[81.91,28.233],[81.918,28.228],[81.922,28.22],[81.926,28.213],[81.933,28.209],[81.937,28.205],[81.943,28.201],[81.95,28.197],[81.957,28.195],[81.964,28.192],[81.966,28.188],[81.97,28.184],[81.976,28.183],[81.977,28.182],[81.98,28.179],[81.984,28.177],[81.988,28.174],[81.992,28.169],[81.996,28.166],[81.998,28.163],[82.002,28.16],[82.006,28.159],[82.012,28.159],[82.016,28.16]]]}},{"type":"Feature","properties":{"id":"Bardiya","name":"Bardiya","hq":"Gulariya","province_id":5,"province":"Lumbini","level":"district"},"geometry":{"type":"Polygon","coordinates":[[[81.289,28.67],[81.295,28.666],[81.296,28.665],[81.297,28.664],[81.298,28.662],[81.301,28.661],[81.302,28.659],[81.304,28.658],[81.306,28.656],[81.308,28.654],[81.309,28.652],[81.312,28.65],[81.313,28.648],[81.314,28.647],[81.315,28.645],[81.316,28.643],[81.316,28.642],[81.317,28.64],[81.319,28.638],[81.321,28.637],[81.324,28.636],[81.325,28.634],[81.329,28.633],[81.33,28.633],[81.335,28.631],[81.337,28.63],[81.339,28.629],[81.343,28.627],[81.344,28.627],[81.347,28.626],[81.349,28.625],[81.353,28.624],[81.355,28.624],[81.358,28.623],[81.361,28.623],[81.364,28.622],[81.366,28.621],[81.368,28.62],[81.371,28.619],[81.373,28.617],[81.375,28.616],[81.378,28.614],[81.38,28.612],[81.383,28.611],[81.389,28.609],[81.392,28.608],[81.395,28.607],[81.397,28.606],[81.4,28.605],[81.403,28.603],[81.405,28.601],[81.408,28.599],[81.41,28.598],[81.412,28.597],[81.415,28.596],[81.418,28.595],[81.419,28.594],[81.421,28.592],[81.424,28.59],[81.425,28.588],[81.426,28.585],[81.426,28.583],[81.427,28.58],[81.428,28.578],[81.431,28.576],[81.432,28.575],[81.434,28.57],[81.435,28.568],[81.437,28.566],[81.439,28.562],[81.44,28.56],[81.443,28.558],[81.445,28.556],[81.448,28.555],[81.451,28.554],[81.454,28.553],[81.458,28.553],[81.461,28.553],[81.463,28.553],[81.467,28.553],[81.469,28.551],[81.47,28.55],[81.472,28.546],[81.474,28.543],[81.477,28.541],[81.48,28.54],[81.482,28.539],[81.484,28.538],[81.486,28.538],[81.488,28.537],[81.49,28.536],[81.491,28.535],[81.494,28.534],[81.496,28.533],[81.498,28.532],[81.5,28.531],[81.502,28.53],[81.507,28.527],[81.509,28.525],[81.511,28.523],[81.513,28.52],[81.515,28.517],[81.517,28.515],[81.519,28.513],[81.523,28.512],[81.526,28.51],[81.529,28.509],[81.532,28.507],[81.535,28.505],[81.537,28.503],[81.537,28.502],[81.54,28.496],[81.542,28.495],[81.545,28.494],[81.547,28.494],[81.551,28.494],[81.554,28.494],[81.557,28.493],[81.56,28.49],[81.562,28.489],[81.565,28.487],[81.567,28.485],[81.569,28.483],[81.571,28.482],[81.574,28.479],[81.576,28.477],[81.579,28.475],[81.58,28.474],[81.587,28.469],[81.591,28.467],[81.595,28.465],[81.597,28.463],[81.6,28.462],[81.603,28.46],[81.605,28.458],[81.608,28.455],[81.611,28.454],[81.614,28.453],[81.618,28.451],[81.62,28.449],[81.623,28.447],[81.625,28.445],[81.63,28.44],[81.632,28.438],[81.634,28.436],[81.636,28.434],[81.638,28.432],[81.64,28.431],[81.642,28.429],[81.645,28.427],[81.648,28.425],[81.651,28.424],[81.654,28.422],[81.656,28.421],[81.659,28.419],[81.66,28.418],[81.667,28.415],[81.668,28.415],[81.672,28.415],[81.675,28.415],[81.678,28.416],[81.681,28.415],[81.683,28.414],[81.685,28.412],[81.688,28.41],[81.69,28.408],[81.692,28.406],[81.693,28.404],[81.694,28.403],[81.699,28.399],[81.701,28.397],[81.703,28.395],[81.705,28.393],[81.709,28.391],[81.711,28.389],[81.715,28.387],[81.719,28.385],[81.722,28.383],[81.724,28.382],[81.727,28.381],[81.731,28.38],[81.733,28.379],[81.736,28.378],[81.737,28.378],[81.739,28.377],[81.745,28.376],[81.748,28.374],[81.751,28.373],[81.754,28.373],[81.758,28.372],[81.76,28.371],[81.762,28.371],[81.763,28.371],[81.767,28.37],[81.757,28.354],[81.756,28.346],[81.755,28.342],[81.754,28.339],[81.753,28.336],[81.751,28.333],[81.75,28.33],[81.749,28.327],[81.748,28.324],[81.748,28.322],[81.747,28.32],[81.747,28.316],[81.745,28.315],[81.741,28.314],[81.738,28.315],[81.735,28.316],[81.733,28.318],[81.729,28.319],[81.725,28.32],[81.722,28.322],[81.719,28.324],[81.715,28.326],[81.713,28.328],[81.712,28.329],[81.711,28.33],[81.709,28.331],[81.707,28.331],[81.704,28.331],[81.702,28.33],[81.701,28.329],[81.698,28.327],[81.696,28.325],[81.694,28.322],[81.693,28.32],[81.69,28.317],[81.688,28.315],[81.686,28.312],[81.683,28.309],[81.68,28.307],[81.677,28.304],[81.676,28.301],[81.675,28.297],[81.675,28.292],[81.675,28.289],[81.675,28.285],[81.675,28.283],[81.674,28.282],[81.673,28.281],[81.672,28.279],[81.67,28.278],[81.669,28.276],[81.664,28.273],[81.662,28.272],[81.661,28.271],[81.659,28.269],[81.657,28.268],[81.655,28.267],[81.653,28.267],[81.65,28.266],[81.649,28.266],[81.648,28.266],[81.646,28.265],[81.644,28.265],[81.64,28.263],[81.638,28.262],[81.636,28.261],[81.635,28.261],[81.634,28.26],[81.633,28.26],[81.631,28.259],[81.629,28.258],[81.628,28.257],[81.626,28.257],[81.619,28.249],[81.615,28.247],[81.612,28.245],[81.611,28.243],[81.609,28.241],[81.609,28.238],[81.608,28.236],[81.606,28.234],[81.603,28.233],[81.601,28.232],[81.6,28.232],[81.598,28.233],[81.596,28.234],[81.594,28.235],[81.593,28.235],[81.591,28.235],[81.589,28.235],[81.586,28.234],[81.586,28.233],[81.584,28.23],[81.583,28.228],[81.581,28.227],[81.58,28.226],[81.579,28.225],[81.578,28.224],[81.577,28.223],[81.576,28.22],[81.575,28.219],[81.574,28.217],[81.573,28.216],[81.571,28.214],[81.57,28.214],[81.566,28.213],[81.564,28.214],[81.562,28.214],[81.561,28.212],[81.561,28.209],[81.56,28.206],[81.559,28.205],[81.552,28.201],[81.547,28.2],[81.545,28.2],[81.542,28.199],[81.54,28.198],[81.539,28.197],[81.537,28.196],[81.534,28.194],[81.533,28.192],[81.532,28.191],[81.53,28.188],[81.529,28.185],[81.529,28.183],[81.528,28.18],[81.525,28.175],[81.524,28.172],[81.523,28.171],[81.523,28.169],[81.523,28.167],[81.522,28.164],[81.522,28.162],[81.522,28.16],[81.521,28.157],[81.52,28.155],[81.519,28.154],[81.518,28.152],[81.516,28.151],[81.513,28.149],[81.512,28.149],[81.509,28.148],[81.507,28.147],[81.506,28.146],[81.504,28.145],[81.503,28.144],[81.502,28.142],[81.501,28.14],[81.502,28.138],[81.502,28.135],[81.504,28.132],[81.505,28.13],[81.506,28.129],[81.506,28.128],[81.505,28.126],[81.503,28.126],[81.502,28.125],[81.502,28.124],[81.503,28.123],[81.504,28.123],[81.504,28.122],[81.505,28.119],[81.504,28.114],[81.505,28.112],[81.507,28.11],[81.508,28.109],[81.509,28.109],[81.51,28.106],[81.508,28.104],[81.507,28.102],[81.507,28.101],[81.508,28.099],[81.509,28.096],[81.511,28.094],[81.512,28.093],[81.514,28.091],[81.515,28.089],[81.517,28.088],[81.519,28.087],[81.521,28.085],[81.522,28.085],[81.523,28.083],[81.523,28.082],[81.523,28.08],[81.521,28.078],[81.52,28.076],[81.516,28.074],[81.514,28.074],[81.511,28.073],[81.509,28.072],[81.508,28.072],[81.506,28.069],[81.503,28.07],[81.501,28.072],[81.498,28.074],[81.495,28.075],[81.488,28.079],[81.486,28.081],[81.484,28.083],[81.482,28.084],[81.481,28.087],[81.481,28.09],[81.481,28.093],[81.482,28.095],[81.482,28.098],[81.483,28.101],[81.483,28.104],[81.484,28.106],[81.485,28.109],[81.486,28.112],[81.486,28.115],[81.485,28.118],[81.483,28.12],[81.48,28.122],[81.477,28.123],[81.472,28.126],[81.47,28.126],[81.468,28.127],[81.466,28.129],[81.464,28.13],[81.461,28.131],[81.458,28.133],[81.456,28.134],[81.454,28.136],[81.453,28.139],[81.453,28.143],[81.453,28.145],[81.453,28.148],[81.451,28.152],[81.451,28.153],[81.45,28.155],[81.449,28.157],[81.449,28.158],[81.448,28.161],[81.445,28.163],[81.442,28.165],[81.44,28.166],[81.436,28.169],[81.433,28.17],[81.429,28.171],[81.427,28.172],[81.421,28.173],[81.419,28.174],[81.417,28.174],[81.414,28.174],[81.412,28.175],[81.409,28.174],[81.405,28.174],[81.401,28.174],[81.398,28.173],[81.395,28.173],[81.392,28.174],[81.388,28.174],[81.384,28.174],[81.378,28.175],[81.377,28.173],[81.377,28.172],[81.375,28.169],[81.373,28.167],[81.371,28.164],[81.371,28.161],[81.373,28.16],[81.376,28.159],[81.379,28.157],[81.379,28.155],[81.378,28.154],[81.378,28.153],[81.376,28.15],[81.375,28.148],[81.374,28.146],[81.372,28.144],[81.37,28.143],[81.368,28.142],[81.366,28.141],[81.363,28.141],[81.36,28.14],[81.358,28.14],[81.354,28.14],[81.353,28.14],[81.35,28.14],[81.346,28.14],[81.343,28.14],[81.341,28.14],[81.34,28.139],[81.338,28.139],[81.334,28.138],[81.328,28.135],[81.327,28.134],[81.325,28.133],[81.322,28.133],[81.32,28.134],[81.319,28.136],[81.319,28.139],[81.319,28.141],[81.321,28.143],[81.323,28.145],[81.326,28.146],[81.329,28.147],[81.33,28.148],[81.329,28.15],[81.327,28.151],[81.325,28.154],[81.324,28.156],[81.323,28.157],[81.321,28.159],[81.319,28.158],[81.318,28.156],[81.317,28.155],[81.315,28.155],[81.314,28.157],[81.312,28.159],[81.31,28.16],[81.307,28.16],[81.306,28.162],[81.304,28.164],[81.304,28.167],[81.306,28.167],[81.309,28.168],[81.312,28.168],[81.314,28.167],[81.318,28.167],[81.32,28.167],[81.322,28.168],[81.324,28.169],[81.325,28.17],[81.325,28.173],[81.324,28.175],[81.323,28.177],[81.322,28.178],[81.321,28.181],[81.321,28.184],[81.321,28.187],[81.322,28.19],[81.322,28.192],[81.321,28.195],[81.32,28.198],[81.318,28.201],[81.317,28.203],[81.314,28.206],[81.312,28.208],[81.31,28.211],[81.307,28.213],[81.306,28.215],[81.303,28.217],[81.3,28.218],[81.295,28.223],[81.293,28.224],[81.291,28.226],[81.289,28.227],[81.287,28.229],[81.286,28.23],[81.283,28.232],[81.281,28.234],[81.279,28.236],[81.277,28.239],[81.275,28.24],[81.273,28.242],[81.271,28.244],[81.269,28.246],[81.268,28.248],[81.266,28.249],[81.264,28.251],[81.262,28.253],[81.26,28.255],[81.257,28.259],[81.255,28.261],[81.254,28.263],[81.252,28.265],[81.251,28.266],[81.25,28.268],[81.248,28.27],[81.247,28.272],[81.246,28.274],[81.245,28.276],[81.244,28.277],[81.242,28.279],[81.24,28.282],[81.238,28.284],[81.237,28.286],[81.236,28.289],[81.236,28.291],[81.236,28.293],[81.236,28.296],[81.236,28.298],[81.236,28.302],[81.236,28.304],[81.236,28.308],[81.236,28.31],[81.237,28.312],[81.237,28.313],[81.237,28.315],[81.237,28.317],[81.238,28.318],[81.237,28.321],[81.236,28.323],[81.235,28.326],[81.234,28.328],[81.232,28.33],[81.23,28.333],[81.229,28.335],[81.227,28.338],[81.225,28.34],[81.224,28.342],[81.222,28.344],[81.221,28.347],[81.219,28.35],[81.218,28.352],[81.216,28.356],[81.215,28.357],[81.213,28.358],[81.211,28.359],[81.209,28.36],[81.206,28.36],[81.204,28.361],[81.2,28.362],[81.198,28.362],[81.197,28.362],[81.194,28.363],[81.191,28.363],[81.188,28.364],[81.185,28.364],[81.182,28.365],[81.18,28.365],[81.177,28.366],[81.174,28.366],[81.173,28.367],[81.165,28.368],[81.163,28.368],[81.161,28.369],[81.159,28.369],[81.156,28.369],[81.153,28.369],[81.151,28.37],[81.148,28.37],[81.146,28.371],[81.142,28.372],[81.139,28.373],[81.136,28.373],[81.134,28.374],[81.131,28.374],[81.128,28.375],[81.126,28.375],[81.122,28.376],[81.116,28.377],[81.115,28.378],[81.112,28.378],[81.109,28.378],[81.107,28.378],[81.104,28.379],[81.102,28.379],[81.099,28.38],[81.096,28.38],[81.092,28.381],[81.089,28.382],[81.086,28.383],[81.084,28.384],[81.081,28.385],[81.08,28.386],[81.078,28.387],[81.076,28.388],[81.074,28.39],[81.072,28.391],[81.071,28.393],[81.068,28.394],[81.067,28.395],[81.065,28.396],[81.064,28.398],[81.061,28.397],[81.064,28.407],[81.065,28.409],[81.068,28.414],[81.071,28.417],[81.073,28.421],[81.075,28.425],[81.076,28.428],[81.077,28.431],[81.079,28.435],[81.081,28.439],[81.081,28.442],[81.082,28.445],[81.083,28.448],[81.086,28.452],[81.088,28.453],[81.09,28.454],[81.094,28.455],[81.097,28.457],[81.1,28.461],[81.103,28.463],[81.105,28.465],[81.111,28.468],[81.114,28.47],[81.118,28.473],[81.121,28.476],[81.124,28.478],[81.126,28.48],[81.13,28.482],[81.132,28.485],[81.137,28.488],[81.14,28.491],[81.142,28.494],[81.144,28.498],[81.147,28.503],[81.148,28.506],[81.15,28.508],[81.153,28.51],[81.156,28.513],[81.159,28.514],[81.161,28.516],[81.164,28.518],[81.166,28.52],[81.168,28.521],[81.169,28.523],[81.171,28.526],[81.174,28.53],[81.176,28.533],[81.178,28.536],[81.179,28.539],[81.181,28.542],[81.183,28.544],[81.186,28.546],[81.188,28.55],[81.19,28.552],[81.192,28.554],[81.195,28.556],[81.197,28.558],[81.199,28.559],[81.201,28.561],[81.203,28.564],[81.208,28.571],[81.209,28.573],[81.211,28.576],[81.213,28.58],[81.214,28.583],[81.215,28.585],[81.216,28.587],[81.217,28.59],[81.218,28.592],[81.22,28.595],[81.221,28.597],[81.223,28.601],[81.225,28.603],[81.227,28.605],[81.229,28.607],[81.231,28.608],[81.235,28.61],[81.238,28.611],[81.242,28.612],[81.244,28.612],[81.247,28.614],[81.25,28.616],[81.252,28.618],[81.253,28.62],[81.255,28.622],[81.256,28.623],[81.258,28.625],[81.261,28.626],[81.263,28.627],[81.266,28.628],[81.268,28.629],[81.269,28.629],[81.272,28.63],[81.274,28.631],[81.276,28.633],[81.277,28.636],[81.279,28.638],[81.28,28.639],[81.282,28.64],[81.283,28.641],[81.285,28.642],[81.287,28.644],[81.288,28.646],[81.29,28.648],[81.29,28.649],[81.291,28.65],[81.291,28.652],[81.291,28.654],[81.291,28.657],[81.291,28.659],[81.291,28.662],[81.29,28.665],[81.29,28.667],[81.289,28.669],[81.289,28.67]]]}},{"type":"Feature","properties":{"id":"Surkhet","name":"Surkhet","hq":"Birendranagar","province_id":6,"province":"Karnali","level":"district"},"geometry":{"type":"Polygon","coordinates":[[[81.105,28.963],[81.106,28.963],[81.11,28.963],[81.112,28.964],[81.115,28.963],[81.118,28.962],[81.121,28.961],[81.122,28.96],[81.124,28.959],[81.126,28.957],[81.128,28.956],[81.13,28.953],[81.131,28.952],[81.133,28.95],[81.136,28.948],[81.138,28.946],[81.139,28.946],[81.142,28.944],[81.144,28.943],[81.145,28.942],[81.146,28.941],[81.147,28.939],[81.148,28.937],[81.149,28.935],[81.151,28.935],[81.153,28.933],[81.154,28.932],[81.157,28.93],[81.159,28.928],[81.161,28.927],[81.162,28.925],[81.164,28.923],[81.166,28.922],[81.169,28.92],[81.171,28.919],[81.174,28.917],[81.176,28.917],[81.178,28.916],[81.184,28.914],[81.192,28.913],[81.193,28.913],[81.196,28.912],[81.198,28.911],[81.199,28.911],[81.201,28.909],[81.203,28.908],[81.205,28.907],[81.206,28.907],[81.208,28.905],[81.211,28.904],[81.213,28.904],[81.217,28.904],[81.222,28.904],[81.226,28.904],[81.23,28.904],[81.233,28.904],[81.236,28.904],[81.238,28.904],[81.24,28.905],[81.243,28.907],[81.244,28.909],[81.246,28.911],[81.248,28.912],[81.25,28.912],[81.252,28.911],[81.253,28.91],[81.255,28.908],[81.257,28.906],[81.259,28.904],[81.262,28.902],[81.264,28.902],[81.267,28.902],[81.269,28.903],[81.271,28.905],[81.272,28.907],[81.273,28.909],[81.274,28.911],[81.276,28.913],[81.278,28.914],[81.279,28.915],[81.281,28.917],[81.283,28.918],[81.284,28.92],[81.287,28.921],[81.289,28.921],[81.292,28.922],[81.295,28.923],[81.297,28.923],[81.3,28.923],[81.303,28.924],[81.305,28.923],[81.307,28.923],[81.308,28.922],[81.31,28.921],[81.312,28.92],[81.314,28.919],[81.316,28.918],[81.319,28.918],[81.32,28.916],[81.321,28.915],[81.322,28.912],[81.324,28.909],[81.325,28.907],[81.327,28.906],[81.328,28.906],[81.331,28.906],[81.334,28.906],[81.335,28.904],[81.336,28.903],[81.337,28.901],[81.338,28.898],[81.34,28.895],[81.342,28.892],[81.343,28.891],[81.347,28.89],[81.35,28.889],[81.354,28.889],[81.358,28.888],[81.363,28.889],[81.367,28.889],[81.37,28.889],[81.373,28.891],[81.376,28.892],[81.378,28.893],[81.381,28.895],[81.383,28.896],[81.385,28.897],[81.387,28.899],[81.389,28.901],[81.39,28.902],[81.392,28.903],[81.393,28.904],[81.395,28.905],[81.397,28.906],[81.399,28.907],[81.402,28.907],[81.408,28.909],[81.409,28.909],[81.411,28.91],[81.414,28.911],[81.416,28.911],[81.417,28.911],[81.42,28.91],[81.422,28.909],[81.425,28.908],[81.427,28.908],[81.43,28.907],[81.432,28.907],[81.433,28.907],[81.435,28.905],[81.436,28.903],[81.438,28.901],[81.441,28.899],[81.444,28.897],[81.446,28.896],[81.45,28.896],[81.452,28.895],[81.454,28.894],[81.457,28.894],[81.461,28.893],[81.462,28.893],[81.464,28.892],[81.466,28.89],[81.467,28.888],[81.467,28.887],[81.466,28.884],[81.465,28.882],[81.464,28.88],[81.463,28.878],[81.463,28.876],[81.463,28.873],[81.463,28.871],[81.464,28.869],[81.465,28.867],[81.466,28.865],[81.468,28.861],[81.467,28.86],[81.467,28.859],[81.466,28.857],[81.465,28.856],[81.464,28.854],[81.464,28.852],[81.466,28.851],[81.467,28.85],[81.469,28.848],[81.472,28.848],[81.474,28.846],[81.476,28.845],[81.478,28.844],[81.481,28.843],[81.482,28.842],[81.484,28.842],[81.487,28.841],[81.489,28.84],[81.491,28.838],[81.492,28.836],[81.494,28.833],[81.495,28.829],[81.496,28.827],[81.497,28.826],[81.498,28.824],[81.5,28.822],[81.501,28.819],[81.503,28.817],[81.505,28.815],[81.506,28.813],[81.51,28.809],[81.512,28.808],[81.514,28.807],[81.517,28.806],[81.52,28.805],[81.523,28.803],[81.523,28.801],[81.523,28.799],[81.522,28.798],[81.521,28.796],[81.52,28.794],[81.519,28.792],[81.518,28.79],[81.517,28.784],[81.517,28.783],[81.517,28.781],[81.517,28.779],[81.519,28.777],[81.52,28.776],[81.523,28.775],[81.525,28.774],[81.528,28.773],[81.529,28.771],[81.531,28.769],[81.532,28.767],[81.533,28.764],[81.534,28.762],[81.534,28.76],[81.534,28.758],[81.534,28.756],[81.531,28.755],[81.53,28.754],[81.529,28.753],[81.526,28.752],[81.524,28.751],[81.523,28.75],[81.522,28.748],[81.523,28.748],[81.524,28.746],[81.527,28.746],[81.53,28.746],[81.533,28.745],[81.536,28.745],[81.539,28.746],[81.542,28.746],[81.545,28.746],[81.548,28.748],[81.551,28.748],[81.554,28.749],[81.555,28.749],[81.558,28.75],[81.56,28.75],[81.562,28.751],[81.565,28.752],[81.567,28.753],[81.569,28.753],[81.568,28.748],[81.568,28.745],[81.567,28.743],[81.567,28.741],[81.567,28.737],[81.567,28.734],[81.567,28.73],[81.566,28.728],[81.565,28.726],[81.562,28.722],[81.56,28.72],[81.557,28.718],[81.555,28.716],[81.553,28.713],[81.553,28.711],[81.553,28.707],[81.555,28.704],[81.555,28.704],[81.557,28.702],[81.558,28.7],[81.559,28.698],[81.561,28.695],[81.562,28.692],[81.564,28.69],[81.565,28.688],[81.568,28.686],[81.569,28.685],[81.572,28.683],[81.574,28.681],[81.575,28.68],[81.576,28.679],[81.577,28.678],[81.579,28.677],[81.582,28.676],[81.584,28.675],[81.585,28.675],[81.587,28.674],[81.596,28.665],[81.599,28.662],[81.602,28.661],[81.605,28.659],[81.607,28.658],[81.611,28.657],[81.614,28.657],[81.616,28.658],[81.619,28.659],[81.621,28.66],[81.622,28.661],[81.624,28.663],[81.626,28.664],[81.628,28.666],[81.629,28.667],[81.631,28.669],[81.633,28.67],[81.635,28.671],[81.637,28.673],[81.64,28.674],[81.643,28.676],[81.645,28.676],[81.649,28.677],[81.653,28.677],[81.658,28.678],[81.662,28.679],[81.668,28.679],[81.67,28.679],[81.673,28.679],[81.676,28.678],[81.679,28.678],[81.683,28.677],[81.686,28.676],[81.688,28.675],[81.692,28.673],[81.694,28.672],[81.697,28.67],[81.699,28.668],[81.703,28.664],[81.705,28.662],[81.707,28.661],[81.709,28.659],[81.713,28.657],[81.716,28.656],[81.721,28.656],[81.725,28.655],[81.727,28.654],[81.73,28.653],[81.732,28.651],[81.735,28.649],[81.739,28.646],[81.743,28.645],[81.745,28.645],[81.751,28.644],[81.753,28.643],[81.755,28.642],[81.758,28.641],[81.761,28.64],[81.763,28.639],[81.766,28.637],[81.768,28.636],[81.77,28.635],[81.774,28.634],[81.777,28.633],[81.779,28.633],[81.781,28.635],[81.782,28.637],[81.783,28.64],[81.782,28.643],[81.781,28.646],[81.782,28.649],[81.784,28.651],[81.787,28.652],[81.792,28.654],[81.794,28.654],[81.795,28.657],[81.796,28.66],[81.796,28.664],[81.799,28.667],[81.802,28.67],[81.808,28.672],[81.811,28.674],[81.812,28.676],[81.813,28.678],[81.812,28.682],[81.811,28.686],[81.81,28.69],[81.81,28.695],[81.812,28.698],[81.815,28.701],[81.815,28.704],[81.815,28.707],[81.816,28.711],[81.816,28.714],[81.816,28.716],[81.817,28.717],[81.82,28.721],[81.83,28.717],[81.834,28.715],[81.837,28.713],[81.84,28.712],[81.842,28.71],[81.845,28.707],[81.847,28.705],[81.849,28.703],[81.852,28.699],[81.854,28.697],[81.858,28.692],[81.86,28.689],[81.862,28.685],[81.864,28.681],[81.865,28.678],[81.867,28.674],[81.868,28.67],[81.868,28.666],[81.87,28.663],[81.871,28.661],[81.873,28.659],[81.876,28.653],[81.876,28.649],[81.878,28.646],[81.882,28.645],[81.887,28.644],[81.893,28.644],[81.897,28.644],[81.903,28.644],[81.906,28.644],[81.91,28.644],[81.915,28.643],[81.918,28.643],[81.926,28.642],[81.93,28.642],[81.935,28.641],[81.939,28.64],[81.945,28.637],[81.949,28.637],[81.954,28.638],[81.959,28.639],[81.963,28.64],[81.967,28.64],[81.977,28.64],[81.98,28.64],[81.983,28.641],[81.988,28.642],[81.992,28.643],[81.996,28.642],[82.002,28.642],[82.006,28.642],[82.011,28.642],[82.016,28.642],[82.02,28.642],[82.023,28.643],[82.031,28.643],[82.033,28.643],[82.034,28.643],[82.037,28.641],[82.037,28.636],[82.034,28.637],[82.032,28.637],[82.03,28.637],[82.029,28.635],[82.028,28.634],[82.027,28.632],[82.026,28.63],[82.024,28.628],[82.023,28.626],[82.022,28.624],[82.022,28.622],[82.024,28.619],[82.025,28.617],[82.025,28.616],[82.025,28.613],[82.024,28.612],[82.021,28.612],[82.017,28.612],[82.015,28.613],[82.011,28.612],[82.009,28.613],[82.007,28.612],[82.005,28.611],[82.005,28.608],[82.006,28.606],[82.007,28.604],[82.009,28.6],[82.01,28.598],[82.011,28.596],[82.009,28.593],[82.007,28.591],[82.005,28.589],[82.004,28.589],[82.002,28.587],[82.002,28.586],[82.001,28.585],[82.002,28.582],[82.002,28.579],[82.001,28.577],[81.999,28.575],[81.998,28.573],[81.998,28.569],[81.998,28.567],[82.0,28.564],[82.001,28.561],[82.002,28.56],[82.004,28.558],[82.006,28.556],[82.007,28.554],[82.009,28.552],[82.01,28.55],[82.012,28.548],[82.013,28.547],[82.015,28.544],[82.016,28.543],[82.017,28.541],[82.018,28.539],[82.019,28.536],[82.019,28.534],[82.019,28.532],[82.019,28.53],[82.02,28.527],[82.02,28.526],[82.021,28.525],[82.024,28.523],[82.025,28.522],[82.027,28.52],[82.027,28.518],[82.025,28.515],[82.023,28.514],[82.022,28.512],[82.022,28.509],[82.022,28.508],[82.022,28.505],[82.023,28.504],[82.024,28.502],[82.025,28.501],[82.026,28.497],[82.026,28.495],[82.024,28.492],[82.023,28.49],[82.019,28.486],[82.018,28.484],[82.016,28.483],[82.012,28.478],[82.012,28.475],[82.013,28.472],[82.012,28.469],[82.011,28.468],[82.009,28.466],[82.007,28.465],[82.003,28.464],[82.0,28.462],[81.997,28.46],[81.995,28.46],[81.992,28.458],[81.99,28.457],[81.989,28.455],[81.988,28.453],[81.987,28.449],[81.987,28.447],[81.985,28.445],[81.983,28.444],[81.981,28.444],[81.979,28.444],[81.976,28.445],[81.974,28.446],[81.972,28.447],[81.971,28.447],[81.969,28.448],[81.967,28.449],[81.966,28.449],[81.964,28.447],[81.964,28.446],[81.965,28.445],[81.965,28.444],[81.967,28.443],[81.968,28.442],[81.968,28.44],[81.967,28.437],[81.966,28.436],[81.965,28.433],[81.964,28.432],[81.964,28.43],[81.963,28.428],[81.964,28.426],[81.965,28.423],[81.967,28.421],[81.969,28.418],[81.971,28.415],[81.972,28.412],[81.974,28.409],[81.976,28.407],[81.977,28.405],[81.979,28.403],[81.98,28.402],[81.981,28.401],[81.982,28.4],[81.982,28.399],[81.986,28.398],[81.988,28.397],[81.989,28.396],[81.988,28.394],[81.986,28.392],[81.984,28.391],[81.981,28.389],[81.98,28.388],[81.978,28.386],[81.978,28.382],[81.978,28.379],[81.979,28.376],[81.979,28.373],[81.98,28.368],[81.981,28.366],[81.981,28.365],[81.983,28.362],[81.981,28.361],[81.979,28.36],[81.976,28.357],[81.975,28.354],[81.972,28.352],[81.97,28.351],[81.965,28.35],[81.963,28.349],[81.959,28.348],[81.956,28.347],[81.952,28.344],[81.948,28.342],[81.945,28.34],[81.942,28.338],[81.939,28.337],[81.935,28.335],[81.932,28.333],[81.928,28.329],[81.924,28.327],[81.919,28.325],[81.916,28.324],[81.913,28.325],[81.909,28.329],[81.905,28.332],[81.902,28.333],[81.899,28.333],[81.894,28.331],[81.891,28.331],[81.888,28.332],[81.886,28.334],[81.885,28.337],[81.886,28.345],[81.885,28.348],[81.886,28.351],[81.887,28.357],[81.887,28.36],[81.884,28.362],[81.881,28.363],[81.876,28.363],[81.873,28.364],[81.871,28.366],[81.87,28.366],[81.87,28.366],[81.865,28.367],[81.862,28.369],[81.859,28.37],[81.855,28.372],[81.855,28.372],[81.85,28.372],[81.846,28.374],[81.844,28.377],[81.843,28.378],[81.84,28.38],[81.837,28.381],[81.832,28.38],[81.827,28.38],[81.822,28.381],[81.82,28.382],[81.817,28.384],[81.813,28.388],[81.81,28.389],[81.806,28.389],[81.803,28.39],[81.799,28.389],[81.795,28.387],[81.792,28.386],[81.788,28.385],[81.781,28.386],[81.778,28.386],[81.775,28.385],[81.771,28.382],[81.771,28.379],[81.77,28.377],[81.769,28.375],[81.769,28.373],[81.768,28.372],[81.767,28.37],[81.763,28.371],[81.762,28.371],[81.76,28.371],[81.758,28.372],[81.754,28.373],[81.751,28.373],[81.748,28.374],[81.745,28.376],[81.739,28.377],[81.737,28.378],[81.736,28.378],[81.733,28.379],[81.731,28.38],[81.727,28.381],[81.724,28.382],[81.722,28.383],[81.719,28.385],[81.715,28.387],[81.711,28.389],[81.709,28.391],[81.705,28.393],[81.703,28.395],[81.701,28.397],[81.699,28.399],[81.694,28.403],[81.693,28.404],[81.692,28.406],[81.69,28.408],[81.688,28.41],[81.685,28.412],[81.683,28.414],[81.681,28.415],[81.678,28.416],[81.675,28.415],[81.672,28.415],[81.668,28.415],[81.667,28.415],[81.66,28.418],[81.659,28.419],[81.656,28.421],[81.654,28.422],[81.651,28.424],[81.648,28.425],[81.645,28.427],[81.642,28.429],[81.64,28.431],[81.638,28.432],[81.636,28.434],[81.634,28.436],[81.632,28.438],[81.63,28.44],[81.625,28.445],[81.623,28.447],[81.62,28.449],[81.618,28.451],[81.614,28.453],[81.611,28.454],[81.608,28.455],[81.605,28.458],[81.603,28.46],[81.6,28.462],[81.597,28.463],[81.595,28.465],[81.591,28.467],[81.587,28.469],[81.58,28.474],[81.579,28.475],[81.576,28.477],[81.574,28.479],[81.571,28.482],[81.569,28.483],[81.567,28.485],[81.565,28.487],[81.562,28.489],[81.56,28.49],[81.557,28.493],[81.554,28.494],[81.551,28.494],[81.547,28.494],[81.545,28.494],[81.542,28.495],[81.54,28.496],[81.537,28.502],[81.537,28.503],[81.535,28.505],[81.532,28.507],[81.529,28.509],[81.526,28.51],[81.523,28.512],[81.519,28.513],[81.517,28.515],[81.515,28.517],[81.513,28.52],[81.511,28.523],[81.509,28.525],[81.507,28.527],[81.502,28.53],[81.5,28.531],[81.498,28.532],[81.496,28.533],[81.494,28.534],[81.491,28.535],[81.49,28.536],[81.488,28.537],[81.486,28.538],[81.484,28.538],[81.482,28.539],[81.48,28.54],[81.477,28.541],[81.474,28.543],[81.472,28.546],[81.47,28.55],[81.469,28.551],[81.467,28.553],[81.463,28.553],[81.461,28.553],[81.458,28.553],[81.454,28.553],[81.451,28.554],[81.448,28.555],[81.445,28.556],[81.443,28.558],[81.44,28.56],[81.439,28.562],[81.437,28.566],[81.435,28.568],[81.434,28.57],[81.432,28.575],[81.431,28.576],[81.428,28.578],[81.427,28.58],[81.426,28.583],[81.426,28.585],[81.425,28.588],[81.424,28.59],[81.421,28.592],[81.419,28.594],[81.418,28.595],[81.415,28.596],[81.412,28.597],[81.41,28.598],[81.408,28.599],[81.405,28.601],[81.403,28.603],[81.4,28.605],[81.397,28.606],[81.395,28.607],[81.392,28.608],[81.389,28.609],[81.383,28.611],[81.38,28.612],[81.378,28.614],[81.375,28.616],[81.373,28.617],[81.371,28.619],[81.368,28.62],[81.366,28.621],[81.364,28.622],[81.361,28.623],[81.358,28.623],[81.355,28.624],[81.353,28.624],[81.349,28.625],[81.347,28.626],[81.344,28.627],[81.343,28.627],[81.339,28.629],[81.337,28.63],[81.335,28.631],[81.33,28.633],[81.329,28.633],[81.325,28.634],[81.324,28.636],[81.321,28.637],[81.319,28.638],[81.317,28.64],[81.316,28.642],[81.316,28.643],[81.315,28.645],[81.314,28.647],[81.313,28.648],[81.312,28.65],[81.309,28.652],[81.308,28.654],[81.306,28.656],[81.304,28.658],[81.302,28.659],[81.301,28.661],[81.298,28.662],[81.297,28.664],[81.296,28.665],[81.295,28.666],[81.289,28.67],[81.289,28.671],[81.286,28.677],[81.286,28.678],[81.285,28.68],[81.284,28.683],[81.283,28.686],[81.282,28.688],[81.281,28.691],[81.28,28.694],[81.279,28.695],[81.277,28.697],[81.274,28.699],[81.272,28.7],[81.271,28.701],[81.269,28.704],[81.268,28.705],[81.268,28.707],[81.268,28.709],[81.269,28.71],[81.271,28.712],[81.271,28.713],[81.272,28.716],[81.272,28.718],[81.272,28.721],[81.271,28.724],[81.269,28.725],[81.267,28.727],[81.26,28.729],[81.258,28.73],[81.257,28.732],[81.257,28.734],[81.258,28.735],[81.26,28.738],[81.261,28.74],[81.261,28.742],[81.26,28.745],[81.26,28.747],[81.258,28.75],[81.256,28.752],[81.255,28.753],[81.253,28.755],[81.252,28.758],[81.251,28.762],[81.251,28.764],[81.25,28.767],[81.25,28.77],[81.249,28.772],[81.249,28.776],[81.248,28.778],[81.245,28.782],[81.243,28.784],[81.241,28.785],[81.238,28.785],[81.235,28.787],[81.233,28.789],[81.232,28.792],[81.232,28.795],[81.234,28.798],[81.235,28.799],[81.238,28.801],[81.24,28.801],[81.241,28.803],[81.243,28.804],[81.243,28.806],[81.242,28.809],[81.241,28.81],[81.239,28.812],[81.236,28.814],[81.234,28.815],[81.234,28.818],[81.233,28.826],[81.233,28.828],[81.232,28.83],[81.231,28.831],[81.229,28.834],[81.228,28.835],[81.225,28.837],[81.223,28.838],[81.221,28.839],[81.218,28.841],[81.215,28.842],[81.213,28.843],[81.211,28.845],[81.21,28.848],[81.209,28.851],[81.209,28.854],[81.209,28.857],[81.208,28.859],[81.206,28.859],[81.204,28.86],[81.203,28.86],[81.202,28.858],[81.201,28.856],[81.2,28.853],[81.2,28.851],[81.2,28.848],[81.199,28.846],[81.199,28.843],[81.198,28.841],[81.198,28.837],[81.198,28.835],[81.199,28.831],[81.2,28.829],[81.202,28.828],[81.205,28.826],[81.206,28.824],[81.208,28.822],[81.209,28.82],[81.208,28.818],[81.206,28.817],[81.204,28.816],[81.202,28.817],[81.2,28.818],[81.199,28.819],[81.196,28.82],[81.193,28.821],[81.192,28.822],[81.189,28.823],[81.188,28.823],[81.185,28.824],[81.183,28.824],[81.181,28.826],[81.18,28.827],[81.177,28.831],[81.176,28.833],[81.175,28.834],[81.173,28.834],[81.17,28.834],[81.167,28.832],[81.165,28.83],[81.162,28.829],[81.158,28.828],[81.156,28.83],[81.156,28.832],[81.156,28.835],[81.157,28.838],[81.157,28.841],[81.156,28.843],[81.156,28.845],[81.154,28.847],[81.153,28.85],[81.151,28.852],[81.15,28.855],[81.149,28.857],[81.147,28.862],[81.147,28.863],[81.146,28.865],[81.145,28.869],[81.143,28.87],[81.142,28.87],[81.14,28.87],[81.138,28.869],[81.136,28.867],[81.133,28.865],[81.132,28.863],[81.13,28.861],[81.129,28.859],[81.128,28.856],[81.128,28.853],[81.128,28.851],[81.126,28.85],[81.125,28.849],[81.123,28.848],[81.12,28.848],[81.118,28.847],[81.115,28.847],[81.112,28.846],[81.109,28.845],[81.106,28.845],[81.104,28.845],[81.102,28.846],[81.1,28.847],[81.099,28.849],[81.096,28.853],[81.095,28.854],[81.093,28.855],[81.091,28.857],[81.088,28.859],[81.086,28.86],[81.084,28.86],[81.081,28.861],[81.079,28.862],[81.076,28.864],[81.075,28.866],[81.075,28.869],[81.074,28.871],[81.074,28.873],[81.072,28.874],[81.067,28.873],[81.066,28.873],[81.064,28.873],[81.062,28.873],[81.059,28.873],[81.056,28.873],[81.054,28.874],[81.053,28.875],[81.05,28.879],[81.049,28.881],[81.047,28.882],[81.046,28.884],[81.043,28.886],[81.042,28.888],[81.04,28.89],[81.039,28.892],[81.038,28.894],[81.034,28.9],[81.033,28.901],[81.032,28.903],[81.031,28.905],[81.03,28.906],[81.029,28.908],[81.027,28.91],[81.025,28.912],[81.024,28.914],[81.023,28.916],[81.021,28.918],[81.019,28.92],[81.016,28.921],[81.014,28.922],[81.012,28.923],[81.01,28.924],[81.007,28.925],[81.005,28.926],[81.002,28.928],[80.999,28.929],[80.997,28.929],[80.995,28.93],[80.992,28.931],[80.989,28.932],[80.987,28.934],[80.984,28.937],[80.984,28.938],[80.984,28.94],[80.986,28.941],[80.987,28.943],[80.989,28.944],[80.991,28.946],[80.994,28.948],[80.996,28.949],[80.998,28.951],[81.0,28.952],[81.002,28.953],[81.004,28.954],[81.007,28.955],[81.009,28.955],[81.011,28.954],[81.013,28.953],[81.017,28.953],[81.019,28.952],[81.022,28.952],[81.023,28.952],[81.026,28.955],[81.027,28.955],[81.028,28.957],[81.029,28.959],[81.031,28.961],[81.033,28.962],[81.035,28.963],[81.036,28.964],[81.038,28.965],[81.041,28.967],[81.044,28.969],[81.045,28.97],[81.046,28.972],[81.049,28.974],[81.05,28.974],[81.052,28.974],[81.054,28.973],[81.056,28.972],[81.058,28.971],[81.062,28.969],[81.065,28.968],[81.067,28.968],[81.07,28.966],[81.072,28.966],[81.076,28.965],[81.081,28.965],[81.087,28.964],[81.089,28.964],[81.091,28.964],[81.094,28.962],[81.097,28.962],[81.1,28.962],[81.103,28.963],[81.105,28.963]]]}},{"type":"Feature","properties":{"id":"Dailekh","name":"Dailekh","hq":"Narayan","province_id":6,"province":"Karnali","level":"district"},"geometry":{"type":"Polygon","coordinates":[[[81.922,28.977],[81.92,28.97],[81.919,28.964],[81.92,28.96],[81.92,28.955],[81.92,28.951],[81.921,28.946],[81.922,28.943],[81.924,28.94],[81.925,28.937],[81.926,28.933],[81.926,28.929],[81.925,28.925],[81.924,28.923],[81.921,28.921],[81.917,28.918],[81.913,28.915],[81.908,28.912],[81.905,28.909],[81.902,28.907],[81.9,28.903],[81.897,28.9],[81.894,28.895],[81.892,28.891],[81.891,28.886],[81.89,28.882],[81.889,28.879],[81.888,28.875],[81.886,28.872],[81.884,28.869],[81.881,28.864],[81.88,28.861],[81.88,28.858],[81.879,28.856],[81.879,28.849],[81.88,28.845],[81.881,28.838],[81.882,28.834],[81.885,28.829],[81.886,28.825],[81.887,28.821],[81.888,28.818],[81.889,28.814],[81.891,28.81],[81.893,28.804],[81.894,28.803],[81.897,28.799],[81.903,28.795],[81.906,28.793],[81.908,28.789],[81.909,28.787],[81.91,28.784],[81.909,28.78],[81.905,28.775],[81.901,28.773],[81.896,28.771],[81.892,28.769],[81.887,28.766],[81.884,28.763],[81.882,28.759],[81.881,28.755],[81.881,28.751],[81.881,28.748],[81.879,28.746],[81.876,28.745],[81.868,28.741],[81.866,28.74],[81.861,28.738],[81.857,28.737],[81.853,28.736],[81.848,28.736],[81.843,28.737],[81.839,28.737],[81.836,28.737],[81.832,28.735],[81.829,28.732],[81.827,28.729],[81.825,28.727],[81.824,28.726],[81.822,28.724],[81.82,28.721],[81.817,28.717],[81.816,28.716],[81.816,28.714],[81.816,28.711],[81.815,28.707],[81.815,28.704],[81.815,28.701],[81.812,28.698],[81.81,28.695],[81.81,28.69],[81.811,28.686],[81.812,28.682],[81.813,28.678],[81.812,28.676],[81.811,28.674],[81.808,28.672],[81.802,28.67],[81.799,28.667],[81.796,28.664],[81.796,28.66],[81.795,28.657],[81.794,28.654],[81.792,28.654],[81.787,28.652],[81.784,28.651],[81.782,28.649],[81.781,28.646],[81.782,28.643],[81.783,28.64],[81.782,28.637],[81.781,28.635],[81.779,28.633],[81.777,28.633],[81.774,28.634],[81.77,28.635],[81.768,28.636],[81.766,28.637],[81.763,28.639],[81.761,28.64],[81.758,28.641],[81.755,28.642],[81.753,28.643],[81.751,28.644],[81.745,28.645],[81.743,28.645],[81.739,28.646],[81.735,28.649],[81.732,28.651],[81.73,28.653],[81.727,28.654],[81.725,28.655],[81.721,28.656],[81.716,28.656],[81.713,28.657],[81.709,28.659],[81.707,28.661],[81.705,28.662],[81.703,28.664],[81.699,28.668],[81.697,28.67],[81.694,28.672],[81.692,28.673],[81.688,28.675],[81.686,28.676],[81.683,28.677],[81.679,28.678],[81.676,28.678],[81.673,28.679],[81.67,28.679],[81.668,28.679],[81.662,28.679],[81.658,28.678],[81.653,28.677],[81.649,28.677],[81.645,28.676],[81.643,28.676],[81.64,28.674],[81.637,28.673],[81.635,28.671],[81.633,28.67],[81.631,28.669],[81.629,28.667],[81.628,28.666],[81.626,28.664],[81.624,28.663],[81.622,28.661],[81.621,28.66],[81.619,28.659],[81.616,28.658],[81.614,28.657],[81.611,28.657],[81.607,28.658],[81.605,28.659],[81.602,28.661],[81.599,28.662],[81.596,28.665],[81.587,28.674],[81.585,28.675],[81.584,28.675],[81.582,28.676],[81.579,28.677],[81.577,28.678],[81.576,28.679],[81.575,28.68],[81.574,28.681],[81.572,28.683],[81.569,28.685],[81.568,28.686],[81.565,28.688],[81.564,28.69],[81.562,28.692],[81.561,28.695],[81.559,28.698],[81.558,28.7],[81.557,28.702],[81.555,28.704],[81.555,28.704],[81.553,28.707],[81.553,28.711],[81.553,28.713],[81.555,28.716],[81.557,28.718],[81.56,28.72],[81.562,28.722],[81.565,28.726],[81.566,28.728],[81.567,28.73],[81.567,28.734],[81.567,28.737],[81.567,28.741],[81.567,28.743],[81.568,28.745],[81.568,28.748],[81.569,28.753],[81.571,28.753],[81.573,28.753],[81.574,28.753],[81.576,28.753],[81.578,28.754],[81.58,28.754],[81.581,28.755],[81.582,28.757],[81.583,28.759],[81.584,28.761],[81.584,28.763],[81.584,28.766],[81.584,28.769],[81.584,28.772],[81.583,28.774],[81.582,28.775],[81.581,28.777],[81.58,28.779],[81.579,28.78],[81.577,28.782],[81.575,28.783],[81.573,28.785],[81.571,28.786],[81.569,28.788],[81.567,28.789],[81.566,28.79],[81.564,28.791],[81.56,28.795],[81.559,28.796],[81.558,28.798],[81.557,28.799],[81.557,28.802],[81.556,28.804],[81.555,28.807],[81.554,28.808],[81.554,28.81],[81.553,28.813],[81.552,28.815],[81.551,28.817],[81.55,28.819],[81.546,28.826],[81.545,28.828],[81.544,28.829],[81.543,28.831],[81.542,28.833],[81.54,28.835],[81.54,28.837],[81.539,28.839],[81.538,28.842],[81.538,28.845],[81.538,28.847],[81.536,28.85],[81.536,28.851],[81.534,28.853],[81.533,28.855],[81.532,28.857],[81.527,28.863],[81.527,28.864],[81.525,28.865],[81.523,28.867],[81.523,28.868],[81.521,28.87],[81.52,28.871],[81.518,28.872],[81.516,28.875],[81.516,28.876],[81.514,28.878],[81.513,28.879],[81.512,28.882],[81.511,28.883],[81.51,28.885],[81.509,28.886],[81.507,28.887],[81.505,28.887],[81.503,28.887],[81.501,28.888],[81.498,28.889],[81.494,28.89],[81.492,28.891],[81.49,28.893],[81.489,28.894],[81.487,28.896],[81.486,28.897],[81.485,28.898],[81.484,28.9],[81.482,28.902],[81.481,28.905],[81.481,28.906],[81.48,28.908],[81.479,28.91],[81.478,28.912],[81.477,28.912],[81.476,28.914],[81.475,28.915],[81.473,28.917],[81.472,28.919],[81.472,28.92],[81.471,28.921],[81.47,28.922],[81.469,28.923],[81.468,28.925],[81.467,28.925],[81.465,28.926],[81.464,28.927],[81.463,28.928],[81.461,28.929],[81.459,28.929],[81.458,28.93],[81.457,28.931],[81.456,28.933],[81.455,28.933],[81.452,28.936],[81.451,28.937],[81.45,28.938],[81.448,28.938],[81.447,28.94],[81.447,28.941],[81.446,28.943],[81.446,28.945],[81.445,28.946],[81.445,28.948],[81.445,28.95],[81.445,28.952],[81.445,28.953],[81.444,28.955],[81.443,28.956],[81.442,28.956],[81.44,28.956],[81.44,28.956],[81.438,28.955],[81.436,28.956],[81.435,28.956],[81.433,28.957],[81.432,28.959],[81.43,28.961],[81.428,28.962],[81.427,28.964],[81.426,28.965],[81.425,28.966],[81.425,28.968],[81.424,28.97],[81.425,28.971],[81.425,28.973],[81.425,28.975],[81.425,28.977],[81.425,28.979],[81.425,28.98],[81.424,28.982],[81.423,28.984],[81.422,28.985],[81.421,28.986],[81.42,28.987],[81.419,28.988],[81.418,28.99],[81.416,28.991],[81.414,28.994],[81.414,28.996],[81.414,28.996],[81.416,28.997],[81.416,28.998],[81.417,28.999],[81.418,29.0],[81.418,29.002],[81.418,29.003],[81.418,29.004],[81.418,29.005],[81.417,29.006],[81.417,29.008],[81.417,29.009],[81.416,29.01],[81.416,29.011],[81.416,29.014],[81.416,29.016],[81.417,29.017],[81.418,29.018],[81.419,29.019],[81.421,29.02],[81.423,29.021],[81.426,29.023],[81.427,29.023],[81.429,29.025],[81.43,29.026],[81.431,29.028],[81.433,29.03],[81.433,29.031],[81.435,29.034],[81.436,29.035],[81.438,29.038],[81.438,29.039],[81.439,29.041],[81.441,29.043],[81.442,29.044],[81.442,29.045],[81.444,29.046],[81.445,29.048],[81.446,29.049],[81.447,29.051],[81.448,29.052],[81.449,29.053],[81.452,29.057],[81.453,29.057],[81.454,29.058],[81.456,29.059],[81.457,29.06],[81.459,29.061],[81.46,29.062],[81.461,29.062],[81.463,29.063],[81.464,29.064],[81.465,29.065],[81.467,29.066],[81.468,29.067],[81.469,29.069],[81.469,29.07],[81.469,29.072],[81.47,29.074],[81.471,29.075],[81.473,29.076],[81.474,29.077],[81.475,29.078],[81.476,29.078],[81.478,29.079],[81.479,29.08],[81.481,29.08],[81.482,29.08],[81.484,29.081],[81.485,29.081],[81.487,29.082],[81.489,29.083],[81.491,29.084],[81.492,29.084],[81.494,29.085],[81.495,29.086],[81.496,29.087],[81.498,29.088],[81.499,29.088],[81.5,29.088],[81.502,29.088],[81.503,29.089],[81.505,29.088],[81.508,29.089],[81.509,29.089],[81.511,29.09],[81.512,29.09],[81.514,29.091],[81.515,29.092],[81.516,29.093],[81.517,29.094],[81.519,29.096],[81.521,29.098],[81.522,29.099],[81.523,29.1],[81.527,29.101],[81.528,29.102],[81.53,29.102],[81.532,29.103],[81.535,29.104],[81.539,29.106],[81.541,29.107],[81.543,29.109],[81.545,29.112],[81.548,29.114],[81.549,29.116],[81.552,29.118],[81.554,29.119],[81.555,29.12],[81.557,29.121],[81.559,29.121],[81.561,29.122],[81.564,29.123],[81.568,29.126],[81.579,29.133],[81.582,29.129],[81.582,29.128],[81.582,29.127],[81.583,29.124],[81.583,29.121],[81.583,29.117],[81.582,29.113],[81.581,29.111],[81.58,29.108],[81.578,29.105],[81.575,29.101],[81.573,29.098],[81.57,29.095],[81.568,29.091],[81.567,29.087],[81.567,29.083],[81.567,29.079],[81.566,29.075],[81.565,29.072],[81.565,29.069],[81.564,29.066],[81.564,29.064],[81.564,29.061],[81.565,29.058],[81.565,29.056],[81.569,29.051],[81.572,29.05],[81.575,29.049],[81.577,29.048],[81.58,29.048],[81.584,29.048],[81.587,29.048],[81.591,29.047],[81.593,29.046],[81.597,29.045],[81.6,29.044],[81.603,29.042],[81.606,29.04],[81.61,29.037],[81.613,29.035],[81.615,29.035],[81.617,29.036],[81.619,29.038],[81.622,29.04],[81.625,29.041],[81.628,29.041],[81.631,29.043],[81.633,29.044],[81.636,29.043],[81.639,29.042],[81.642,29.041],[81.648,29.04],[81.654,29.04],[81.658,29.04],[81.66,29.04],[81.664,29.042],[81.667,29.044],[81.671,29.044],[81.674,29.045],[81.678,29.045],[81.683,29.046],[81.688,29.048],[81.692,29.049],[81.694,29.046],[81.696,29.043],[81.699,29.04],[81.702,29.037],[81.704,29.034],[81.705,29.031],[81.709,29.029],[81.714,29.028],[81.716,29.026],[81.718,29.023],[81.718,29.02],[81.72,29.019],[81.723,29.019],[81.727,29.021],[81.731,29.021],[81.736,29.019],[81.738,29.017],[81.74,29.014],[81.743,29.013],[81.748,29.011],[81.751,29.011],[81.757,29.013],[81.764,29.016],[81.767,29.017],[81.77,29.018],[81.773,29.018],[81.777,29.018],[81.782,29.018],[81.785,29.017],[81.789,29.015],[81.792,29.014],[81.794,29.011],[81.797,29.008],[81.798,29.006],[81.801,29.002],[81.804,29.0],[81.807,28.997],[81.81,28.994],[81.812,28.993],[81.815,28.99],[81.816,28.988],[81.818,28.986],[81.822,28.983],[81.826,28.982],[81.829,28.982],[81.833,28.981],[81.837,28.98],[81.841,28.978],[81.843,28.977],[81.846,28.974],[81.848,28.972],[81.851,28.971],[81.854,28.97],[81.858,28.97],[81.861,28.969],[81.868,28.969],[81.87,28.969],[81.873,28.97],[81.874,28.971],[81.875,28.974],[81.876,28.974],[81.879,28.975],[81.882,28.976],[81.885,28.978],[81.886,28.98],[81.888,28.981],[81.891,28.982],[81.896,28.981],[81.9,28.981],[81.902,28.982],[81.904,28.983],[81.91,28.984],[81.913,28.983],[81.916,28.981],[81.922,28.977]]]}},{"type":"Feature","properties":{"id":"Jajarkot","name":"Jajarkot","hq":"Khalanga","province_id":6,"province":"Karnali","level":"district"},"geometry":{"type":"Polygon","coordinates":[[[82.413,29.096],[82.413,29.095],[82.413,29.091],[82.411,29.088],[82.411,29.086],[82.411,29.084],[82.41,29.081],[82.409,29.078],[82.408,29.075],[82.407,29.073],[82.406,29.07],[82.406,29.067],[82.406,29.065],[82.406,29.063],[82.407,29.061],[82.407,29.056],[82.407,29.053],[82.407,29.049],[82.407,29.047],[82.406,29.044],[82.405,29.042],[82.403,29.038],[82.402,29.036],[82.401,29.032],[82.4,29.029],[82.398,29.025],[82.397,29.023],[82.396,29.021],[82.396,29.017],[82.397,29.014],[82.397,29.013],[82.399,29.009],[82.4,29.006],[82.403,29.003],[82.407,29.003],[82.409,29.004],[82.413,29.004],[82.416,29.003],[82.42,29.002],[82.424,29.001],[82.425,29.0],[82.428,28.999],[82.431,28.997],[82.434,28.995],[82.442,28.993],[82.446,28.993],[82.453,28.992],[82.455,28.991],[82.46,28.991],[82.461,28.992],[82.465,28.995],[82.467,28.997],[82.47,29.0],[82.474,29.003],[82.477,29.005],[82.481,29.008],[82.484,29.011],[82.488,29.014],[82.491,29.015],[82.494,29.016],[82.497,29.016],[82.501,29.016],[82.503,29.016],[82.506,29.016],[82.51,29.016],[82.512,29.016],[82.519,29.014],[82.521,29.014],[82.525,29.014],[82.529,29.013],[82.531,29.013],[82.533,29.012],[82.538,29.011],[82.541,29.01],[82.545,29.008],[82.55,29.006],[82.554,29.005],[82.56,29.004],[82.563,29.003],[82.567,29.001],[82.57,29.0],[82.572,28.999],[82.573,28.997],[82.575,28.995],[82.576,28.993],[82.577,28.991],[82.577,28.989],[82.576,28.987],[82.576,28.987],[82.57,28.987],[82.565,28.986],[82.561,28.986],[82.557,28.986],[82.552,28.984],[82.546,28.982],[82.542,28.978],[82.538,28.975],[82.535,28.972],[82.534,28.97],[82.533,28.97],[82.53,28.967],[82.524,28.962],[82.517,28.956],[82.515,28.951],[82.514,28.948],[82.513,28.944],[82.513,28.94],[82.514,28.938],[82.514,28.937],[82.514,28.935],[82.514,28.93],[82.513,28.927],[82.511,28.925],[82.508,28.923],[82.505,28.921],[82.504,28.919],[82.505,28.911],[82.506,28.906],[82.506,28.9],[82.506,28.897],[82.505,28.893],[82.505,28.892],[82.502,28.889],[82.499,28.886],[82.497,28.883],[82.49,28.873],[82.488,28.872],[82.478,28.868],[82.471,28.866],[82.469,28.865],[82.467,28.865],[82.465,28.866],[82.463,28.869],[82.462,28.871],[82.456,28.87],[82.452,28.868],[82.447,28.865],[82.442,28.862],[82.437,28.857],[82.432,28.853],[82.429,28.85],[82.427,28.848],[82.423,28.847],[82.418,28.846],[82.414,28.845],[82.411,28.843],[82.407,28.842],[82.403,28.84],[82.395,28.835],[82.391,28.832],[82.387,28.83],[82.383,28.826],[82.379,28.822],[82.375,28.818],[82.372,28.812],[82.37,28.807],[82.367,28.803],[82.363,28.797],[82.361,28.793],[82.357,28.791],[82.352,28.79],[82.348,28.789],[82.345,28.787],[82.343,28.785],[82.34,28.783],[82.335,28.783],[82.329,28.782],[82.323,28.783],[82.318,28.784],[82.313,28.785],[82.307,28.786],[82.302,28.786],[82.298,28.785],[82.294,28.783],[82.292,28.78],[82.291,28.775],[82.289,28.77],[82.286,28.766],[82.284,28.761],[82.286,28.758],[82.287,28.754],[82.284,28.749],[82.284,28.745],[82.286,28.741],[82.288,28.739],[82.287,28.734],[82.284,28.731],[82.284,28.729],[82.286,28.728],[82.287,28.726],[82.287,28.722],[82.285,28.717],[82.281,28.712],[82.277,28.707],[82.275,28.704],[82.276,28.701],[82.278,28.699],[82.279,28.695],[82.28,28.693],[82.282,28.693],[82.281,28.692],[82.28,28.692],[82.276,28.693],[82.273,28.694],[82.271,28.695],[82.269,28.697],[82.266,28.7],[82.265,28.702],[82.263,28.704],[82.261,28.707],[82.259,28.708],[82.257,28.709],[82.255,28.71],[82.254,28.711],[82.25,28.71],[82.248,28.71],[82.246,28.709],[82.244,28.709],[82.242,28.708],[82.241,28.707],[82.239,28.706],[82.238,28.705],[82.237,28.703],[82.237,28.7],[82.236,28.697],[82.235,28.695],[82.235,28.692],[82.234,28.69],[82.232,28.689],[82.23,28.687],[82.228,28.687],[82.227,28.687],[82.225,28.687],[82.223,28.686],[82.22,28.685],[82.218,28.684],[82.216,28.682],[82.214,28.68],[82.213,28.679],[82.211,28.677],[82.21,28.678],[82.207,28.679],[82.206,28.68],[82.205,28.681],[82.204,28.681],[82.202,28.68],[82.2,28.678],[82.199,28.676],[82.199,28.675],[82.198,28.674],[82.198,28.672],[82.198,28.67],[82.198,28.669],[82.199,28.666],[82.199,28.664],[82.199,28.662],[82.198,28.659],[82.197,28.658],[82.196,28.655],[82.196,28.653],[82.195,28.651],[82.195,28.649],[82.195,28.646],[82.195,28.643],[82.195,28.641],[82.194,28.639],[82.193,28.639],[82.191,28.638],[82.19,28.637],[82.19,28.635],[82.19,28.632],[82.19,28.629],[82.19,28.627],[82.188,28.624],[82.187,28.622],[82.185,28.621],[82.183,28.62],[82.18,28.618],[82.178,28.617],[82.175,28.615],[82.172,28.614],[82.169,28.613],[82.166,28.612],[82.162,28.612],[82.159,28.612],[82.156,28.612],[82.152,28.613],[82.148,28.614],[82.146,28.615],[82.145,28.617],[82.145,28.619],[82.143,28.623],[82.141,28.624],[82.139,28.625],[82.137,28.625],[82.135,28.624],[82.132,28.622],[82.131,28.622],[82.13,28.622],[82.127,28.621],[82.125,28.622],[82.122,28.622],[82.119,28.62],[82.116,28.62],[82.114,28.619],[82.111,28.618],[82.109,28.618],[82.106,28.618],[82.104,28.618],[82.101,28.619],[82.098,28.618],[82.096,28.619],[82.093,28.619],[82.091,28.619],[82.087,28.617],[82.085,28.616],[82.083,28.617],[82.082,28.619],[82.08,28.621],[82.076,28.624],[82.075,28.626],[82.072,28.627],[82.071,28.628],[82.069,28.629],[82.067,28.629],[82.066,28.63],[82.064,28.63],[82.063,28.631],[82.058,28.633],[82.056,28.634],[82.056,28.634],[82.057,28.637],[82.058,28.639],[82.058,28.641],[82.056,28.642],[82.053,28.642],[82.051,28.642],[82.049,28.641],[82.048,28.641],[82.047,28.639],[82.046,28.636],[82.044,28.635],[82.041,28.634],[82.039,28.635],[82.037,28.636],[82.037,28.641],[82.034,28.643],[82.033,28.643],[82.031,28.643],[82.023,28.643],[82.02,28.642],[82.016,28.642],[82.011,28.642],[82.006,28.642],[82.002,28.642],[81.996,28.642],[81.992,28.643],[81.988,28.642],[81.983,28.641],[81.98,28.64],[81.977,28.64],[81.967,28.64],[81.963,28.64],[81.959,28.639],[81.954,28.638],[81.949,28.637],[81.945,28.637],[81.939,28.64],[81.935,28.641],[81.93,28.642],[81.926,28.642],[81.918,28.643],[81.915,28.643],[81.91,28.644],[81.906,28.644],[81.903,28.644],[81.897,28.644],[81.893,28.644],[81.887,28.644],[81.882,28.645],[81.878,28.646],[81.876,28.649],[81.876,28.653],[81.873,28.659],[81.871,28.661],[81.87,28.663],[81.868,28.666],[81.868,28.67],[81.867,28.674],[81.865,28.678],[81.864,28.681],[81.862,28.685],[81.86,28.689],[81.858,28.692],[81.854,28.697],[81.852,28.699],[81.849,28.703],[81.847,28.705],[81.845,28.707],[81.842,28.71],[81.84,28.712],[81.837,28.713],[81.834,28.715],[81.83,28.717],[81.82,28.721],[81.822,28.724],[81.824,28.726],[81.825,28.727],[81.827,28.729],[81.829,28.732],[81.832,28.735],[81.836,28.737],[81.839,28.737],[81.843,28.737],[81.848,28.736],[81.853,28.736],[81.857,28.737],[81.861,28.738],[81.866,28.74],[81.868,28.741],[81.876,28.745],[81.879,28.746],[81.881,28.748],[81.881,28.751],[81.881,28.755],[81.882,28.759],[81.884,28.763],[81.887,28.766],[81.892,28.769],[81.896,28.771],[81.901,28.773],[81.905,28.775],[81.909,28.78],[81.91,28.784],[81.909,28.787],[81.908,28.789],[81.906,28.793],[81.903,28.795],[81.897,28.799],[81.894,28.803],[81.893,28.804],[81.891,28.81],[81.889,28.814],[81.888,28.818],[81.887,28.821],[81.886,28.825],[81.885,28.829],[81.882,28.834],[81.881,28.838],[81.88,28.845],[81.879,28.849],[81.879,28.856],[81.88,28.858],[81.88,28.861],[81.881,28.864],[81.884,28.869],[81.886,28.872],[81.888,28.875],[81.889,28.879],[81.89,28.882],[81.891,28.886],[81.892,28.891],[81.894,28.895],[81.897,28.9],[81.9,28.903],[81.902,28.907],[81.905,28.909],[81.908,28.912],[81.913,28.915],[81.917,28.918],[81.921,28.921],[81.924,28.923],[81.925,28.925],[81.926,28.929],[81.926,28.933],[81.925,28.937],[81.924,28.94],[81.922,28.943],[81.921,28.946],[81.92,28.951],[81.92,28.955],[81.92,28.96],[81.919,28.964],[81.92,28.97],[81.922,28.977],[81.926,28.979],[81.933,28.98],[81.938,28.981],[81.941,28.982],[81.945,28.982],[81.949,28.983],[81.953,28.984],[81.955,28.986],[81.958,28.987],[81.96,28.988],[81.963,28.991],[81.966,28.992],[81.969,28.994],[81.973,28.996],[81.975,28.997],[81.977,28.998],[81.982,29.001],[81.983,29.003],[81.984,29.005],[81.985,29.008],[81.986,29.01],[81.988,29.011],[81.991,29.012],[81.993,29.013],[81.997,29.014],[81.999,29.015],[82.002,29.018],[82.003,29.02],[82.004,29.023],[82.005,29.025],[82.006,29.029],[82.007,29.031],[82.009,29.032],[82.012,29.032],[82.014,29.03],[82.015,29.029],[82.019,29.026],[82.022,29.025],[82.024,29.024],[82.027,29.022],[82.031,29.02],[82.033,29.018],[82.036,29.015],[82.038,29.013],[82.04,29.011],[82.041,29.01],[82.043,29.008],[82.044,29.005],[82.045,29.004],[82.045,29.002],[82.044,28.998],[82.043,28.995],[82.043,28.994],[82.043,28.992],[82.043,28.992],[82.043,28.989],[82.044,28.987],[82.046,28.986],[82.048,28.984],[82.05,28.982],[82.052,28.981],[82.054,28.979],[82.057,28.977],[82.059,28.976],[82.064,28.974],[82.067,28.973],[82.07,28.973],[82.073,28.972],[82.077,28.972],[82.08,28.972],[82.083,28.972],[82.087,28.972],[82.09,28.973],[82.092,28.973],[82.094,28.975],[82.096,28.977],[82.098,28.978],[82.1,28.979],[82.102,28.981],[82.11,28.987],[82.112,28.988],[82.115,28.99],[82.119,28.991],[82.121,28.992],[82.122,28.993],[82.123,28.994],[82.124,28.997],[82.123,29.0],[82.122,29.003],[82.121,29.007],[82.12,29.009],[82.12,29.012],[82.122,29.014],[82.124,29.016],[82.126,29.018],[82.129,29.02],[82.131,29.023],[82.133,29.025],[82.135,29.027],[82.137,29.028],[82.139,29.029],[82.146,29.032],[82.149,29.033],[82.15,29.037],[82.15,29.04],[82.15,29.043],[82.151,29.046],[82.153,29.049],[82.155,29.051],[82.158,29.054],[82.161,29.057],[82.163,29.06],[82.165,29.062],[82.166,29.063],[82.168,29.065],[82.171,29.067],[82.172,29.067],[82.175,29.067],[82.178,29.066],[82.18,29.065],[82.184,29.065],[82.187,29.067],[82.19,29.069],[82.193,29.071],[82.195,29.072],[82.199,29.074],[82.202,29.076],[82.204,29.078],[82.205,29.082],[82.205,29.084],[82.204,29.086],[82.204,29.088],[82.205,29.09],[82.207,29.092],[82.208,29.092],[82.21,29.091],[82.213,29.09],[82.216,29.09],[82.219,29.09],[82.224,29.093],[82.227,29.095],[82.23,29.098],[82.231,29.1],[82.234,29.101],[82.238,29.102],[82.24,29.103],[82.244,29.103],[82.248,29.104],[82.251,29.106],[82.253,29.107],[82.255,29.106],[82.256,29.105],[82.258,29.103],[82.26,29.102],[82.263,29.101],[82.265,29.102],[82.266,29.104],[82.266,29.107],[82.268,29.109],[82.268,29.111],[82.268,29.114],[82.268,29.116],[82.268,29.119],[82.271,29.121],[82.273,29.122],[82.275,29.123],[82.278,29.124],[82.281,29.124],[82.282,29.123],[82.284,29.121],[82.286,29.119],[82.289,29.117],[82.291,29.117],[82.294,29.116],[82.3,29.118],[82.304,29.118],[82.307,29.117],[82.31,29.117],[82.312,29.115],[82.314,29.113],[82.316,29.111],[82.318,29.11],[82.32,29.109],[82.323,29.109],[82.327,29.111],[82.33,29.112],[82.334,29.114],[82.338,29.115],[82.343,29.116],[82.346,29.116],[82.352,29.116],[82.355,29.115],[82.36,29.115],[82.363,29.114],[82.365,29.112],[82.371,29.11],[82.376,29.108],[82.38,29.107],[82.384,29.106],[82.388,29.104],[82.391,29.103],[82.395,29.102],[82.399,29.1],[82.404,29.099],[82.409,29.097],[82.411,29.096],[82.413,29.096]]]}},{"type":"Feature","properties":{"id":"Kailali","name":"Kailali","hq":"Dhangadhi","province_id":7,"province":"Sudurpashchim","level":"district"},"geometry":{"type":"Polygon","coordinates":[[[80.56,29.075],[80.561,29.076],[80.561,29.076],[80.562,29.077],[80.563,29.077],[80.563,29.078],[80.564,29.078],[80.565,29.079],[80.566,29.079],[80.567,29.079],[80.567,29.079],[80.568,29.079],[80.569,29.079],[80.57,29.079],[80.571,29.079],[80.572,29.079],[80.573,29.079],[80.574,29.078],[80.575,29.078],[80.575,29.078],[80.576,29.078],[80.577,29.078],[80.578,29.078],[80.579,29.078],[80.58,29.078],[80.581,29.078],[80.582,29.078],[80.583,29.078],[80.583,29.077],[80.584,29.077],[80.585,29.077],[80.586,29.077],[80.587,29.076],[80.588,29.076],[80.589,29.076],[80.589,29.076],[80.59,29.076],[80.591,29.075],[80.592,29.075],[80.593,29.075],[80.594,29.074],[80.595,29.074],[80.595,29.074],[80.597,29.074],[80.598,29.073],[80.599,29.073],[80.6,29.073],[80.6,29.072],[80.601,29.072],[80.601,29.071],[80.602,29.071],[80.603,29.07],[80.603,29.069],[80.603,29.069],[80.604,29.068],[80.604,29.067],[80.605,29.067],[80.605,29.066],[80.606,29.065],[80.607,29.065],[80.607,29.064],[80.608,29.064],[80.609,29.064],[80.61,29.063],[80.611,29.063],[80.612,29.063],[80.612,29.063],[80.613,29.063],[80.614,29.063],[80.615,29.063],[80.616,29.062],[80.617,29.062],[80.617,29.061],[80.618,29.061],[80.618,29.06],[80.619,29.059],[80.619,29.059],[80.62,29.058],[80.62,29.057],[80.621,29.057],[80.621,29.056],[80.622,29.056],[80.623,29.055],[80.623,29.055],[80.624,29.054],[80.625,29.053],[80.625,29.053],[80.626,29.052],[80.626,29.052],[80.627,29.051],[80.627,29.05],[80.628,29.05],[80.628,29.049],[80.629,29.048],[80.629,29.048],[80.63,29.047],[80.631,29.047],[80.631,29.046],[80.632,29.045],[80.632,29.045],[80.633,29.044],[80.633,29.043],[80.634,29.043],[80.634,29.042],[80.635,29.042],[80.636,29.041],[80.636,29.04],[80.636,29.039],[80.637,29.039],[80.637,29.038],[80.637,29.037],[80.638,29.036],[80.638,29.036],[80.639,29.035],[80.639,29.034],[80.64,29.034],[80.641,29.033],[80.641,29.033],[80.642,29.032],[80.643,29.032],[80.643,29.031],[80.644,29.031],[80.645,29.03],[80.645,29.03],[80.646,29.029],[80.647,29.029],[80.648,29.028],[80.648,29.028],[80.649,29.028],[80.65,29.027],[80.65,29.026],[80.651,29.026],[80.652,29.026],[80.653,29.025],[80.654,29.025],[80.656,29.024],[80.657,29.023],[80.659,29.023],[80.662,29.022],[80.664,29.021],[80.667,29.02],[80.669,29.02],[80.673,29.02],[80.675,29.02],[80.678,29.02],[80.679,29.02],[80.68,29.019],[80.681,29.018],[80.681,29.017],[80.682,29.017],[80.683,29.016],[80.684,29.015],[80.686,29.015],[80.687,29.015],[80.688,29.015],[80.69,29.015],[80.691,29.015],[80.692,29.015],[80.694,29.015],[80.695,29.015],[80.697,29.014],[80.698,29.014],[80.699,29.013],[80.7,29.012],[80.701,29.011],[80.702,29.01],[80.703,29.01],[80.704,29.01],[80.706,29.01],[80.707,29.01],[80.708,29.01],[80.71,29.01],[80.711,29.01],[80.712,29.01],[80.714,29.01],[80.715,29.01],[80.716,29.011],[80.718,29.01],[80.719,29.01],[80.72,29.01],[80.722,29.009],[80.723,29.009],[80.724,29.008],[80.725,29.007],[80.726,29.008],[80.727,29.008],[80.728,29.009],[80.729,29.01],[80.731,29.011],[80.732,29.011],[80.733,29.011],[80.735,29.011],[80.736,29.011],[80.737,29.011],[80.739,29.011],[80.741,29.011],[80.742,29.01],[80.743,29.01],[80.745,29.01],[80.746,29.009],[80.747,29.009],[80.748,29.008],[80.75,29.007],[80.751,29.007],[80.751,29.006],[80.752,29.005],[80.753,29.004],[80.754,29.003],[80.755,29.002],[80.757,29.001],[80.758,29.001],[80.759,29.001],[80.761,29.001],[80.762,29.0],[80.763,29.0],[80.764,28.999],[80.765,28.998],[80.764,28.997],[80.764,28.996],[80.764,28.995],[80.763,28.994],[80.762,28.993],[80.761,28.992],[80.761,28.99],[80.761,28.989],[80.761,28.988],[80.762,28.987],[80.763,28.987],[80.764,28.986],[80.766,28.986],[80.767,28.985],[80.768,28.985],[80.77,28.985],[80.771,28.984],[80.772,28.984],[80.774,28.984],[80.775,28.984],[80.776,28.983],[80.778,28.983],[80.779,28.983],[80.78,28.983],[80.782,28.983],[80.783,28.983],[80.785,28.983],[80.786,28.982],[80.787,28.982],[80.788,28.981],[80.789,28.98],[80.79,28.98],[80.792,28.979],[80.792,28.978],[80.794,28.977],[80.795,28.977],[80.796,28.976],[80.797,28.976],[80.798,28.975],[80.8,28.975],[80.801,28.974],[80.802,28.973],[80.803,28.972],[80.804,28.971],[80.804,28.97],[80.805,28.969],[80.806,28.968],[80.806,28.967],[80.807,28.966],[80.807,28.965],[80.807,28.964],[80.806,28.963],[80.806,28.961],[80.806,28.96],[80.806,28.959],[80.807,28.958],[80.808,28.957],[80.809,28.956],[80.809,28.955],[80.81,28.954],[80.81,28.953],[80.811,28.951],[80.811,28.95],[80.811,28.949],[80.81,28.948],[80.81,28.947],[80.81,28.946],[80.809,28.944],[80.81,28.943],[80.811,28.942],[80.811,28.941],[80.812,28.94],[80.813,28.94],[80.814,28.939],[80.815,28.938],[80.817,28.937],[80.818,28.937],[80.818,28.936],[80.819,28.935],[80.819,28.933],[80.82,28.932],[80.821,28.931],[80.822,28.931],[80.823,28.93],[80.827,28.929],[80.829,28.929],[80.83,28.93],[80.83,28.931],[80.831,28.932],[80.831,28.933],[80.832,28.934],[80.832,28.936],[80.832,28.937],[80.833,28.938],[80.834,28.939],[80.834,28.94],[80.835,28.941],[80.836,28.942],[80.837,28.943],[80.838,28.944],[80.838,28.945],[80.839,28.946],[80.84,28.947],[80.84,28.948],[80.84,28.949],[80.84,28.95],[80.84,28.951],[80.84,28.953],[80.84,28.954],[80.841,28.955],[80.841,28.956],[80.842,28.957],[80.843,28.958],[80.843,28.959],[80.844,28.96],[80.844,28.961],[80.845,28.963],[80.846,28.964],[80.846,28.965],[80.847,28.966],[80.847,28.967],[80.848,28.968],[80.849,28.969],[80.849,28.97],[80.85,28.971],[80.851,28.972],[80.851,28.974],[80.852,28.974],[80.853,28.975],[80.854,28.976],[80.855,28.977],[80.857,28.977],[80.858,28.977],[80.859,28.977],[80.861,28.976],[80.862,28.976],[80.863,28.975],[80.864,28.974],[80.864,28.973],[80.865,28.972],[80.866,28.971],[80.867,28.97],[80.868,28.97],[80.869,28.969],[80.871,28.969],[80.872,28.969],[80.873,28.969],[80.875,28.968],[80.876,28.968],[80.877,28.968],[80.879,28.968],[80.88,28.968],[80.881,28.967],[80.882,28.966],[80.884,28.966],[80.885,28.965],[80.885,28.964],[80.886,28.963],[80.887,28.962],[80.888,28.961],[80.888,28.96],[80.888,28.959],[80.888,28.958],[80.888,28.957],[80.887,28.955],[80.886,28.954],[80.886,28.953],[80.885,28.952],[80.885,28.951],[80.884,28.95],[80.884,28.949],[80.884,28.948],[80.884,28.946],[80.883,28.945],[80.883,28.944],[80.884,28.943],[80.884,28.942],[80.885,28.941],[80.886,28.941],[80.888,28.94],[80.889,28.94],[80.89,28.939],[80.891,28.939],[80.892,28.938],[80.893,28.937],[80.895,28.937],[80.896,28.936],[80.897,28.935],[80.898,28.935],[80.899,28.937],[80.899,28.938],[80.899,28.939],[80.898,28.94],[80.899,28.941],[80.9,28.941],[80.901,28.941],[80.902,28.94],[80.902,28.938],[80.904,28.938],[80.905,28.939],[80.906,28.939],[80.907,28.94],[80.909,28.94],[80.91,28.94],[80.911,28.939],[80.911,28.938],[80.912,28.936],[80.912,28.935],[80.913,28.934],[80.914,28.934],[80.915,28.933],[80.916,28.934],[80.917,28.935],[80.918,28.936],[80.919,28.937],[80.919,28.938],[80.92,28.939],[80.921,28.94],[80.922,28.941],[80.923,28.941],[80.925,28.942],[80.926,28.942],[80.927,28.942],[80.929,28.942],[80.93,28.943],[80.931,28.943],[80.933,28.943],[80.934,28.943],[80.936,28.943],[80.937,28.943],[80.938,28.942],[80.94,28.942],[80.941,28.941],[80.942,28.941],[80.943,28.94],[80.944,28.939],[80.945,28.939],[80.946,28.938],[80.947,28.938],[80.949,28.937],[80.95,28.937],[80.951,28.936],[80.952,28.936],[80.954,28.935],[80.955,28.935],[80.956,28.936],[80.958,28.936],[80.959,28.936],[80.96,28.937],[80.961,28.936],[80.962,28.937],[80.963,28.938],[80.964,28.939],[80.965,28.939],[80.966,28.94],[80.967,28.94],[80.968,28.941],[80.97,28.942],[80.971,28.942],[80.973,28.942],[80.977,28.94],[80.979,28.938],[80.981,28.938],[80.984,28.938],[80.984,28.937],[80.987,28.934],[80.989,28.932],[80.992,28.931],[80.995,28.93],[80.997,28.929],[80.999,28.929],[81.002,28.928],[81.005,28.926],[81.007,28.925],[81.01,28.924],[81.012,28.923],[81.014,28.922],[81.016,28.921],[81.019,28.92],[81.021,28.918],[81.023,28.916],[81.024,28.914],[81.025,28.912],[81.027,28.91],[81.029,28.908],[81.03,28.906],[81.031,28.905],[81.032,28.903],[81.033,28.901],[81.034,28.9],[81.038,28.894],[81.039,28.892],[81.04,28.89],[81.042,28.888],[81.043,28.886],[81.046,28.884],[81.047,28.882],[81.049,28.881],[81.05,28.879],[81.053,28.875],[81.054,28.874],[81.056,28.873],[81.059,28.873],[81.062,28.873],[81.064,28.873],[81.066,28.873],[81.067,28.873],[81.072,28.874],[81.074,28.873],[81.074,28.871],[81.075,28.869],[81.075,28.866],[81.076,28.864],[81.079,28.862],[81.081,28.861],[81.084,28.86],[81.086,28.86],[81.088,28.859],[81.091,28.857],[81.093,28.855],[81.095,28.854],[81.096,28.853],[81.099,28.849],[81.1,28.847],[81.102,28.846],[81.104,28.845],[81.106,28.845],[81.109,28.845],[81.112,28.846],[81.115,28.847],[81.118,28.847],[81.12,28.848],[81.123,28.848],[81.125,28.849],[81.126,28.85],[81.128,28.851],[81.128,28.853],[81.128,28.856],[81.129,28.859],[81.13,28.861],[81.132,28.863],[81.133,28.865],[81.136,28.867],[81.138,28.869],[81.14,28.87],[81.142,28.87],[81.143,28.87],[81.145,28.869],[81.146,28.865],[81.147,28.863],[81.147,28.862],[81.149,28.857],[81.15,28.855],[81.151,28.852],[81.153,28.85],[81.154,28.847],[81.156,28.845],[81.156,28.843],[81.157,28.841],[81.157,28.838],[81.156,28.835],[81.156,28.832],[81.156,28.83],[81.158,28.828],[81.162,28.829],[81.165,28.83],[81.167,28.832],[81.17,28.834],[81.173,28.834],[81.175,28.834],[81.176,28.833],[81.177,28.831],[81.18,28.827],[81.181,28.826],[81.183,28.824],[81.185,28.824],[81.188,28.823],[81.189,28.823],[81.192,28.822],[81.193,28.821],[81.196,28.82],[81.199,28.819],[81.2,28.818],[81.202,28.817],[81.204,28.816],[81.206,28.817],[81.208,28.818],[81.209,28.82],[81.208,28.822],[81.206,28.824],[81.205,28.826],[81.202,28.828],[81.2,28.829],[81.199,28.831],[81.198,28.835],[81.198,28.837],[81.198,28.841],[81.199,28.843],[81.199,28.846],[81.2,28.848],[81.2,28.851],[81.2,28.853],[81.201,28.856],[81.202,28.858],[81.203,28.86],[81.204,28.86],[81.206,28.859],[81.208,28.859],[81.209,28.857],[81.209,28.854],[81.209,28.851],[81.21,28.848],[81.211,28.845],[81.213,28.843],[81.215,28.842],[81.218,28.841],[81.221,28.839],[81.223,28.838],[81.225,28.837],[81.228,28.835],[81.229,28.834],[81.231,28.831],[81.232,28.83],[81.233,28.828],[81.233,28.826],[81.234,28.818],[81.234,28.815],[81.236,28.814],[81.239,28.812],[81.241,28.81],[81.242,28.809],[81.243,28.806],[81.243,28.804],[81.241,28.803],[81.24,28.801],[81.238,28.801],[81.235,28.799],[81.234,28.798],[81.232,28.795],[81.232,28.792],[81.233,28.789],[81.235,28.787],[81.238,28.785],[81.241,28.785],[81.243,28.784],[81.245,28.782],[81.248,28.778],[81.249,28.776],[81.249,28.772],[81.25,28.77],[81.25,28.767],[81.251,28.764],[81.251,28.762],[81.252,28.758],[81.253,28.755],[81.255,28.753],[81.256,28.752],[81.258,28.75],[81.26,28.747],[81.26,28.745],[81.261,28.742],[81.261,28.74],[81.26,28.738],[81.258,28.735],[81.257,28.734],[81.257,28.732],[81.258,28.73],[81.26,28.729],[81.267,28.727],[81.269,28.725],[81.271,28.724],[81.272,28.721],[81.272,28.718],[81.272,28.716],[81.271,28.713],[81.271,28.712],[81.269,28.71],[81.268,28.709],[81.268,28.707],[81.268,28.705],[81.269,28.704],[81.271,28.701],[81.272,28.7],[81.274,28.699],[81.277,28.697],[81.279,28.695],[81.28,28.694],[81.281,28.691],[81.282,28.688],[81.283,28.686],[81.284,28.683],[81.285,28.68],[81.286,28.678],[81.286,28.677],[81.289,28.671],[81.289,28.67],[81.289,28.669],[81.29,28.667],[81.29,28.665],[81.291,28.662],[81.291,28.659],[81.291,28.657],[81.291,28.654],[81.291,28.652],[81.291,28.65],[81.29,28.649],[81.29,28.648],[81.288,28.646],[81.287,28.644],[81.285,28.642],[81.283,28.641],[81.282,28.64],[81.28,28.639],[81.279,28.638],[81.277,28.636],[81.276,28.633],[81.274,28.631],[81.272,28.63],[81.269,28.629],[81.268,28.629],[81.266,28.628],[81.263,28.627],[81.261,28.626],[81.258,28.625],[81.256,28.623],[81.255,28.622],[81.253,28.62],[81.252,28.618],[81.25,28.616],[81.247,28.614],[81.244,28.612],[81.242,28.612],[81.238,28.611],[81.235,28.61],[81.231,28.608],[81.229,28.607],[81.227,28.605],[81.225,28.603],[81.223,28.601],[81.221,28.597],[81.22,28.595],[81.218,28.592],[81.217,28.59],[81.216,28.587],[81.215,28.585],[81.214,28.583],[81.213,28.58],[81.211,28.576],[81.209,28.573],[81.208,28.571],[81.203,28.564],[81.201,28.561],[81.199,28.559],[81.197,28.558],[81.195,28.556],[81.192,28.554],[81.19,28.552],[81.188,28.55],[81.186,28.546],[81.183,28.544],[81.181,28.542],[81.179,28.539],[81.178,28.536],[81.176,28.533],[81.174,28.53],[81.171,28.526],[81.169,28.523],[81.168,28.521],[81.166,28.52],[81.164,28.518],[81.161,28.516],[81.159,28.514],[81.156,28.513],[81.153,28.51],[81.15,28.508],[81.148,28.506],[81.147,28.503],[81.144,28.498],[81.142,28.494],[81.14,28.491],[81.137,28.488],[81.132,28.485],[81.13,28.482],[81.126,28.48],[81.124,28.478],[81.121,28.476],[81.118,28.473],[81.114,28.47],[81.111,28.468],[81.105,28.465],[81.103,28.463],[81.1,28.461],[81.097,28.457],[81.094,28.455],[81.09,28.454],[81.088,28.453],[81.086,28.452],[81.083,28.448],[81.082,28.445],[81.081,28.442],[81.081,28.439],[81.079,28.435],[81.077,28.431],[81.076,28.428],[81.075,28.425],[81.073,28.421],[81.071,28.417],[81.068,28.414],[81.065,28.409],[81.064,28.407],[81.061,28.397],[81.051,28.408],[81.048,28.409],[81.045,28.411],[81.042,28.412],[81.04,28.412],[81.038,28.412],[81.038,28.412],[81.037,28.409],[81.037,28.406],[81.037,28.4],[81.037,28.398],[81.037,28.397],[81.034,28.399],[81.03,28.403],[81.026,28.408],[81.023,28.411],[81.021,28.414],[81.018,28.417],[81.037,28.427],[81.031,28.437],[81.02,28.431],[81.018,28.431],[81.016,28.433],[81.015,28.437],[81.016,28.441],[81.018,28.446],[81.018,28.449],[81.017,28.451],[81.012,28.451],[81.008,28.451],[81.003,28.451],[81.0,28.449],[80.997,28.446],[80.994,28.443],[80.99,28.441],[80.986,28.44],[80.983,28.44],[80.981,28.439],[80.98,28.437],[80.977,28.435],[80.971,28.436],[80.966,28.436],[80.967,28.439],[80.969,28.444],[80.971,28.447],[80.975,28.45],[80.978,28.453],[80.98,28.455],[80.975,28.456],[80.971,28.455],[80.968,28.453],[80.964,28.449],[80.959,28.446],[80.955,28.446],[80.952,28.45],[80.949,28.455],[80.944,28.456],[80.938,28.456],[80.935,28.457],[80.935,28.459],[80.938,28.463],[80.941,28.464],[80.944,28.466],[80.945,28.467],[80.944,28.469],[80.939,28.468],[80.936,28.465],[80.932,28.462],[80.929,28.459],[80.922,28.459],[80.92,28.461],[80.918,28.463],[80.915,28.461],[80.912,28.46],[80.909,28.465],[80.905,28.472],[80.903,28.478],[80.902,28.483],[80.904,28.487],[80.907,28.492],[80.906,28.497],[80.902,28.5],[80.899,28.503],[80.895,28.509],[80.889,28.511],[80.884,28.512],[80.879,28.512],[80.872,28.512],[80.867,28.511],[80.864,28.51],[80.862,28.508],[80.861,28.506],[80.861,28.504],[80.862,28.501],[80.864,28.495],[80.866,28.49],[80.865,28.49],[80.86,28.492],[80.855,28.493],[80.849,28.494],[80.845,28.494],[80.842,28.496],[80.842,28.5],[80.84,28.505],[80.83,28.512],[80.824,28.516],[80.819,28.519],[80.811,28.524],[80.808,28.524],[80.799,28.524],[80.793,28.525],[80.789,28.527],[80.786,28.53],[80.785,28.535],[80.785,28.542],[80.783,28.547],[80.779,28.55],[80.773,28.551],[80.769,28.553],[80.767,28.557],[80.765,28.564],[80.762,28.568],[80.758,28.57],[80.753,28.572],[80.747,28.574],[80.747,28.574],[80.742,28.576],[80.74,28.575],[80.739,28.574],[80.739,28.571],[80.739,28.571],[80.736,28.57],[80.733,28.572],[80.729,28.575],[80.724,28.576],[80.718,28.574],[80.713,28.573],[80.708,28.576],[80.702,28.581],[80.696,28.585],[80.692,28.589],[80.693,28.592],[80.695,28.597],[80.695,28.603],[80.69,28.605],[80.683,28.605],[80.678,28.607],[80.678,28.613],[80.677,28.62],[80.676,28.624],[80.672,28.629],[80.67,28.632],[80.67,28.633],[80.669,28.639],[80.667,28.645],[80.667,28.645],[80.662,28.642],[80.656,28.638],[80.651,28.638],[80.644,28.643],[80.641,28.645],[80.635,28.641],[80.628,28.639],[80.621,28.64],[80.616,28.643],[80.611,28.648],[80.606,28.655],[80.599,28.651],[80.595,28.65],[80.595,28.653],[80.598,28.658],[80.594,28.66],[80.588,28.66],[80.584,28.663],[80.583,28.667],[80.586,28.673],[80.589,28.682],[80.585,28.684],[80.567,28.69],[80.56,28.691],[80.554,28.693],[80.55,28.692],[80.546,28.699],[80.542,28.709],[80.542,28.714],[80.545,28.718],[80.546,28.716],[80.548,28.714],[80.551,28.713],[80.554,28.713],[80.557,28.714],[80.558,28.716],[80.555,28.717],[80.554,28.719],[80.555,28.72],[80.558,28.721],[80.561,28.723],[80.558,28.725],[80.551,28.729],[80.545,28.732],[80.542,28.736],[80.543,28.738],[80.547,28.74],[80.551,28.742],[80.554,28.745],[80.553,28.751],[80.549,28.754],[80.543,28.758],[80.541,28.762],[80.54,28.765],[80.541,28.769],[80.542,28.771],[80.547,28.774],[80.55,28.777],[80.549,28.782],[80.545,28.787],[80.541,28.792],[80.535,28.796],[80.531,28.802],[80.527,28.807],[80.522,28.809],[80.518,28.811],[80.514,28.815],[80.514,28.818],[80.516,28.822],[80.518,28.828],[80.515,28.832],[80.515,28.832],[80.509,28.837],[80.506,28.846],[80.504,28.85],[80.503,28.854],[80.501,28.862],[80.499,28.869],[80.497,28.875],[80.496,28.884],[80.497,28.89],[80.497,28.896],[80.499,28.901],[80.501,28.906],[80.506,28.913],[80.511,28.918],[80.515,28.922],[80.519,28.929],[80.519,28.933],[80.517,28.938],[80.517,28.943],[80.519,28.948],[80.518,28.953],[80.517,28.957],[80.512,28.959],[80.508,28.965],[80.506,28.971],[80.503,28.98],[80.504,28.988],[80.504,28.995],[80.505,28.996],[80.506,28.996],[80.507,28.997],[80.508,28.997],[80.51,28.997],[80.512,28.997],[80.513,28.997],[80.514,28.997],[80.515,28.998],[80.517,28.999],[80.518,28.999],[80.519,29.0],[80.519,29.001],[80.52,29.002],[80.521,29.002],[80.521,29.003],[80.522,29.004],[80.522,29.005],[80.523,29.006],[80.528,29.008],[80.531,29.01],[80.532,29.011],[80.534,29.014],[80.535,29.015],[80.535,29.017],[80.535,29.02],[80.535,29.024],[80.535,29.027],[80.533,29.03],[80.532,29.032],[80.531,29.034],[80.529,29.036],[80.528,29.038],[80.526,29.04],[80.525,29.041],[80.525,29.043],[80.525,29.045],[80.525,29.046],[80.525,29.047],[80.525,29.049],[80.525,29.051],[80.525,29.053],[80.525,29.054],[80.524,29.055],[80.524,29.057],[80.524,29.058],[80.524,29.059],[80.523,29.06],[80.523,29.062],[80.526,29.065],[80.526,29.066],[80.527,29.067],[80.529,29.068],[80.531,29.069],[80.534,29.069],[80.536,29.069],[80.537,29.069],[80.538,29.069],[80.539,29.069],[80.541,29.07],[80.544,29.071],[80.547,29.072],[80.55,29.072],[80.552,29.072],[80.556,29.072],[80.559,29.073],[80.56,29.075],[80.56,29.075]]]}},{"type":"Feature","properties":{"id":"Achham","name":"Achham","hq":"Mangalsen","province_id":7,"province":"Sudurpashchim","level":"district"},"geometry":{"type":"Polygon","coordinates":[[[81.156,29.385],[81.157,29.385],[81.158,29.385],[81.16,29.385],[81.162,29.386],[81.164,29.386],[81.166,29.387],[81.168,29.388],[81.171,29.388],[81.173,29.388],[81.175,29.39],[81.176,29.39],[81.18,29.389],[81.182,29.388],[81.183,29.388],[81.184,29.387],[81.185,29.387],[81.186,29.386],[81.187,29.385],[81.187,29.384],[81.188,29.383],[81.188,29.382],[81.189,29.382],[81.19,29.381],[81.19,29.38],[81.191,29.379],[81.191,29.378],[81.192,29.377],[81.193,29.376],[81.193,29.375],[81.194,29.374],[81.195,29.373],[81.196,29.372],[81.196,29.372],[81.197,29.371],[81.198,29.37],[81.199,29.369],[81.2,29.369],[81.201,29.368],[81.202,29.367],[81.203,29.367],[81.204,29.366],[81.205,29.366],[81.206,29.366],[81.207,29.366],[81.209,29.365],[81.21,29.365],[81.211,29.364],[81.212,29.364],[81.213,29.364],[81.214,29.364],[81.216,29.363],[81.217,29.363],[81.218,29.363],[81.219,29.363],[81.221,29.363],[81.222,29.363],[81.223,29.363],[81.224,29.363],[81.225,29.363],[81.226,29.362],[81.227,29.362],[81.229,29.361],[81.23,29.361],[81.231,29.36],[81.232,29.36],[81.233,29.359],[81.234,29.358],[81.235,29.358],[81.236,29.358],[81.237,29.357],[81.238,29.357],[81.239,29.356],[81.24,29.355],[81.24,29.354],[81.241,29.354],[81.243,29.354],[81.244,29.354],[81.245,29.354],[81.246,29.354],[81.247,29.354],[81.248,29.353],[81.25,29.353],[81.251,29.352],[81.251,29.351],[81.251,29.35],[81.252,29.349],[81.252,29.348],[81.253,29.347],[81.254,29.346],[81.254,29.345],[81.255,29.344],[81.256,29.343],[81.256,29.342],[81.257,29.341],[81.257,29.341],[81.258,29.34],[81.259,29.339],[81.259,29.338],[81.26,29.337],[81.261,29.336],[81.261,29.335],[81.261,29.334],[81.261,29.333],[81.261,29.332],[81.26,29.331],[81.26,29.33],[81.259,29.329],[81.259,29.328],[81.258,29.327],[81.258,29.326],[81.258,29.325],[81.258,29.324],[81.259,29.323],[81.259,29.322],[81.26,29.321],[81.26,29.32],[81.261,29.319],[81.261,29.318],[81.261,29.317],[81.262,29.316],[81.263,29.315],[81.263,29.314],[81.264,29.313],[81.264,29.312],[81.265,29.311],[81.265,29.31],[81.266,29.309],[81.267,29.308],[81.267,29.307],[81.268,29.307],[81.269,29.306],[81.269,29.305],[81.27,29.304],[81.271,29.303],[81.271,29.302],[81.272,29.301],[81.273,29.3],[81.273,29.299],[81.274,29.3],[81.275,29.3],[81.277,29.301],[81.278,29.301],[81.278,29.302],[81.279,29.303],[81.28,29.303],[81.281,29.304],[81.282,29.305],[81.283,29.306],[81.284,29.306],[81.285,29.306],[81.286,29.306],[81.288,29.306],[81.289,29.307],[81.29,29.307],[81.291,29.307],[81.292,29.307],[81.294,29.307],[81.295,29.307],[81.296,29.308],[81.297,29.309],[81.297,29.31],[81.297,29.311],[81.297,29.312],[81.297,29.313],[81.297,29.313],[81.299,29.313],[81.3,29.313],[81.301,29.313],[81.302,29.314],[81.302,29.315],[81.303,29.316],[81.303,29.317],[81.303,29.318],[81.304,29.319],[81.305,29.32],[81.306,29.32],[81.308,29.32],[81.309,29.32],[81.31,29.321],[81.31,29.321],[81.311,29.322],[81.312,29.323],[81.314,29.323],[81.315,29.323],[81.316,29.322],[81.317,29.322],[81.318,29.321],[81.319,29.321],[81.32,29.32],[81.323,29.322],[81.325,29.323],[81.327,29.324],[81.331,29.326],[81.335,29.328],[81.338,29.329],[81.342,29.329],[81.346,29.328],[81.35,29.325],[81.354,29.322],[81.361,29.316],[81.365,29.313],[81.368,29.31],[81.373,29.306],[81.378,29.303],[81.382,29.301],[81.386,29.298],[81.389,29.297],[81.39,29.295],[81.392,29.292],[81.393,29.289],[81.395,29.284],[81.4,29.281],[81.404,29.281],[81.409,29.281],[81.411,29.28],[81.413,29.28],[81.415,29.279],[81.418,29.278],[81.42,29.277],[81.424,29.279],[81.427,29.281],[81.429,29.282],[81.432,29.283],[81.434,29.284],[81.437,29.284],[81.44,29.284],[81.443,29.284],[81.447,29.284],[81.45,29.283],[81.453,29.282],[81.457,29.279],[81.46,29.278],[81.462,29.276],[81.463,29.276],[81.465,29.275],[81.466,29.274],[81.467,29.273],[81.468,29.272],[81.469,29.271],[81.472,29.27],[81.471,29.27],[81.47,29.269],[81.47,29.267],[81.473,29.265],[81.477,29.264],[81.482,29.263],[81.487,29.263],[81.488,29.263],[81.492,29.263],[81.494,29.261],[81.495,29.258],[81.495,29.255],[81.494,29.252],[81.495,29.247],[81.497,29.244],[81.499,29.241],[81.499,29.236],[81.498,29.233],[81.495,29.23],[81.492,29.228],[81.489,29.224],[81.487,29.22],[81.487,29.218],[81.487,29.214],[81.486,29.209],[81.485,29.206],[81.484,29.203],[81.483,29.199],[81.484,29.195],[81.486,29.192],[81.489,29.189],[81.491,29.184],[81.491,29.18],[81.49,29.178],[81.489,29.174],[81.489,29.172],[81.49,29.17],[81.495,29.167],[81.497,29.164],[81.497,29.161],[81.498,29.157],[81.499,29.153],[81.502,29.151],[81.506,29.15],[81.509,29.15],[81.516,29.151],[81.52,29.152],[81.522,29.152],[81.526,29.152],[81.529,29.15],[81.532,29.148],[81.533,29.145],[81.534,29.143],[81.536,29.139],[81.537,29.136],[81.539,29.134],[81.542,29.132],[81.545,29.131],[81.549,29.13],[81.552,29.128],[81.555,29.128],[81.559,29.127],[81.561,29.126],[81.563,29.127],[81.565,29.127],[81.566,29.127],[81.568,29.126],[81.564,29.123],[81.561,29.122],[81.559,29.121],[81.557,29.121],[81.555,29.12],[81.554,29.119],[81.552,29.118],[81.549,29.116],[81.548,29.114],[81.545,29.112],[81.543,29.109],[81.541,29.107],[81.539,29.106],[81.535,29.104],[81.532,29.103],[81.53,29.102],[81.528,29.102],[81.527,29.101],[81.523,29.1],[81.522,29.099],[81.521,29.098],[81.519,29.096],[81.517,29.094],[81.516,29.093],[81.515,29.092],[81.514,29.091],[81.512,29.09],[81.511,29.09],[81.509,29.089],[81.508,29.089],[81.505,29.088],[81.503,29.089],[81.502,29.088],[81.5,29.088],[81.499,29.088],[81.498,29.088],[81.496,29.087],[81.495,29.086],[81.494,29.085],[81.492,29.084],[81.491,29.084],[81.489,29.083],[81.487,29.082],[81.485,29.081],[81.484,29.081],[81.482,29.08],[81.481,29.08],[81.479,29.08],[81.478,29.079],[81.476,29.078],[81.475,29.078],[81.474,29.077],[81.473,29.076],[81.471,29.075],[81.47,29.074],[81.469,29.072],[81.469,29.07],[81.469,29.069],[81.468,29.067],[81.467,29.066],[81.465,29.065],[81.464,29.064],[81.463,29.063],[81.461,29.062],[81.46,29.062],[81.459,29.061],[81.457,29.06],[81.456,29.059],[81.454,29.058],[81.453,29.057],[81.452,29.057],[81.449,29.053],[81.448,29.052],[81.447,29.051],[81.446,29.049],[81.445,29.048],[81.444,29.046],[81.442,29.045],[81.442,29.044],[81.441,29.043],[81.439,29.041],[81.438,29.039],[81.438,29.038],[81.436,29.035],[81.435,29.034],[81.433,29.031],[81.433,29.03],[81.431,29.028],[81.43,29.026],[81.429,29.025],[81.427,29.023],[81.426,29.023],[81.423,29.021],[81.421,29.02],[81.419,29.019],[81.418,29.018],[81.417,29.017],[81.416,29.016],[81.416,29.014],[81.416,29.011],[81.416,29.01],[81.417,29.009],[81.417,29.008],[81.417,29.006],[81.418,29.005],[81.418,29.004],[81.418,29.003],[81.418,29.002],[81.418,29.0],[81.417,28.999],[81.416,28.998],[81.416,28.997],[81.414,28.996],[81.414,28.996],[81.414,28.994],[81.416,28.991],[81.418,28.99],[81.419,28.988],[81.42,28.987],[81.421,28.986],[81.422,28.985],[81.423,28.984],[81.424,28.982],[81.425,28.98],[81.425,28.979],[81.425,28.977],[81.425,28.975],[81.425,28.973],[81.425,28.971],[81.424,28.97],[81.425,28.968],[81.425,28.966],[81.426,28.965],[81.427,28.964],[81.428,28.962],[81.43,28.961],[81.432,28.959],[81.433,28.957],[81.435,28.956],[81.436,28.956],[81.438,28.955],[81.44,28.956],[81.44,28.956],[81.442,28.956],[81.443,28.956],[81.444,28.955],[81.445,28.953],[81.445,28.952],[81.445,28.95],[81.445,28.948],[81.445,28.946],[81.446,28.945],[81.446,28.943],[81.447,28.941],[81.447,28.94],[81.448,28.938],[81.45,28.938],[81.451,28.937],[81.452,28.936],[81.455,28.933],[81.456,28.933],[81.457,28.931],[81.458,28.93],[81.459,28.929],[81.461,28.929],[81.463,28.928],[81.464,28.927],[81.465,28.926],[81.467,28.925],[81.468,28.925],[81.469,28.923],[81.47,28.922],[81.471,28.921],[81.472,28.92],[81.472,28.919],[81.473,28.917],[81.475,28.915],[81.476,28.914],[81.477,28.912],[81.478,28.912],[81.479,28.91],[81.48,28.908],[81.481,28.906],[81.481,28.905],[81.482,28.902],[81.484,28.9],[81.485,28.898],[81.486,28.897],[81.487,28.896],[81.489,28.894],[81.49,28.893],[81.492,28.891],[81.494,28.89],[81.498,28.889],[81.501,28.888],[81.503,28.887],[81.505,28.887],[81.507,28.887],[81.509,28.886],[81.51,28.885],[81.511,28.883],[81.512,28.882],[81.513,28.879],[81.514,28.878],[81.516,28.876],[81.516,28.875],[81.518,28.872],[81.52,28.871],[81.521,28.87],[81.523,28.868],[81.523,28.867],[81.525,28.865],[81.527,28.864],[81.527,28.863],[81.532,28.857],[81.533,28.855],[81.534,28.853],[81.536,28.851],[81.536,28.85],[81.538,28.847],[81.538,28.845],[81.538,28.842],[81.539,28.839],[81.54,28.837],[81.54,28.835],[81.542,28.833],[81.543,28.831],[81.544,28.829],[81.545,28.828],[81.546,28.826],[81.55,28.819],[81.551,28.817],[81.552,28.815],[81.553,28.813],[81.554,28.81],[81.554,28.808],[81.555,28.807],[81.556,28.804],[81.557,28.802],[81.557,28.799],[81.558,28.798],[81.559,28.796],[81.56,28.795],[81.564,28.791],[81.566,28.79],[81.567,28.789],[81.569,28.788],[81.571,28.786],[81.573,28.785],[81.575,28.783],[81.577,28.782],[81.579,28.78],[81.58,28.779],[81.581,28.777],[81.582,28.775],[81.583,28.774],[81.584,28.772],[81.584,28.769],[81.584,28.766],[81.584,28.763],[81.584,28.761],[81.583,28.759],[81.582,28.757],[81.581,28.755],[81.58,28.754],[81.578,28.754],[81.576,28.753],[81.574,28.753],[81.573,28.753],[81.571,28.753],[81.569,28.753],[81.567,28.753],[81.565,28.752],[81.562,28.751],[81.56,28.75],[81.558,28.75],[81.555,28.749],[81.554,28.749],[81.551,28.748],[81.548,28.748],[81.545,28.746],[81.542,28.746],[81.539,28.746],[81.536,28.745],[81.533,28.745],[81.53,28.746],[81.527,28.746],[81.524,28.746],[81.523,28.748],[81.522,28.748],[81.523,28.75],[81.524,28.751],[81.526,28.752],[81.529,28.753],[81.53,28.754],[81.531,28.755],[81.534,28.756],[81.534,28.758],[81.534,28.76],[81.534,28.762],[81.533,28.764],[81.532,28.767],[81.531,28.769],[81.529,28.771],[81.528,28.773],[81.525,28.774],[81.523,28.775],[81.52,28.776],[81.519,28.777],[81.517,28.779],[81.517,28.781],[81.517,28.783],[81.517,28.784],[81.518,28.79],[81.519,28.792],[81.52,28.794],[81.521,28.796],[81.522,28.798],[81.523,28.799],[81.523,28.801],[81.523,28.803],[81.52,28.805],[81.517,28.806],[81.514,28.807],[81.512,28.808],[81.51,28.809],[81.506,28.813],[81.505,28.815],[81.503,28.817],[81.501,28.819],[81.5,28.822],[81.498,28.824],[81.497,28.826],[81.496,28.827],[81.495,28.829],[81.494,28.833],[81.492,28.836],[81.491,28.838],[81.489,28.84],[81.487,28.841],[81.484,28.842],[81.482,28.842],[81.481,28.843],[81.478,28.844],[81.476,28.845],[81.474,28.846],[81.472,28.848],[81.469,28.848],[81.467,28.85],[81.466,28.851],[81.464,28.852],[81.464,28.854],[81.465,28.856],[81.466,28.857],[81.467,28.859],[81.467,28.86],[81.468,28.861],[81.466,28.865],[81.465,28.867],[81.464,28.869],[81.463,28.871],[81.463,28.873],[81.463,28.876],[81.463,28.878],[81.464,28.88],[81.465,28.882],[81.466,28.884],[81.467,28.887],[81.467,28.888],[81.466,28.89],[81.464,28.892],[81.462,28.893],[81.461,28.893],[81.457,28.894],[81.454,28.894],[81.452,28.895],[81.45,28.896],[81.446,28.896],[81.444,28.897],[81.441,28.899],[81.438,28.901],[81.436,28.903],[81.435,28.905],[81.433,28.907],[81.432,28.907],[81.43,28.907],[81.427,28.908],[81.425,28.908],[81.422,28.909],[81.42,28.91],[81.417,28.911],[81.416,28.911],[81.414,28.911],[81.411,28.91],[81.409,28.909],[81.408,28.909],[81.402,28.907],[81.399,28.907],[81.397,28.906],[81.395,28.905],[81.393,28.904],[81.392,28.903],[81.39,28.902],[81.389,28.901],[81.387,28.899],[81.385,28.897],[81.383,28.896],[81.381,28.895],[81.378,28.893],[81.376,28.892],[81.373,28.891],[81.37,28.889],[81.367,28.889],[81.363,28.889],[81.358,28.888],[81.354,28.889],[81.35,28.889],[81.347,28.89],[81.343,28.891],[81.342,28.892],[81.34,28.895],[81.338,28.898],[81.337,28.901],[81.336,28.903],[81.335,28.904],[81.334,28.906],[81.331,28.906],[81.328,28.906],[81.327,28.906],[81.325,28.907],[81.324,28.909],[81.322,28.912],[81.321,28.915],[81.32,28.916],[81.319,28.918],[81.316,28.918],[81.314,28.919],[81.312,28.92],[81.31,28.921],[81.308,28.922],[81.307,28.923],[81.305,28.923],[81.303,28.924],[81.3,28.923],[81.297,28.923],[81.295,28.923],[81.292,28.922],[81.289,28.921],[81.287,28.921],[81.284,28.92],[81.283,28.918],[81.281,28.917],[81.279,28.915],[81.278,28.914],[81.276,28.913],[81.274,28.911],[81.273,28.909],[81.272,28.907],[81.271,28.905],[81.269,28.903],[81.267,28.902],[81.264,28.902],[81.262,28.902],[81.259,28.904],[81.257,28.906],[81.255,28.908],[81.253,28.91],[81.252,28.911],[81.25,28.912],[81.248,28.912],[81.246,28.911],[81.244,28.909],[81.243,28.907],[81.24,28.905],[81.238,28.904],[81.236,28.904],[81.233,28.904],[81.23,28.904],[81.226,28.904],[81.222,28.904],[81.217,28.904],[81.213,28.904],[81.211,28.904],[81.208,28.905],[81.206,28.907],[81.205,28.907],[81.203,28.908],[81.201,28.909],[81.199,28.911],[81.198,28.911],[81.196,28.912],[81.193,28.913],[81.192,28.913],[81.184,28.914],[81.178,28.916],[81.176,28.917],[81.174,28.917],[81.171,28.919],[81.169,28.92],[81.166,28.922],[81.164,28.923],[81.162,28.925],[81.161,28.927],[81.159,28.928],[81.157,28.93],[81.154,28.932],[81.153,28.933],[81.151,28.935],[81.149,28.935],[81.148,28.937],[81.147,28.939],[81.146,28.941],[81.145,28.942],[81.144,28.943],[81.142,28.944],[81.139,28.946],[81.138,28.946],[81.136,28.948],[81.133,28.95],[81.131,28.952],[81.13,28.953],[81.128,28.956],[81.126,28.957],[81.124,28.959],[81.122,28.96],[81.121,28.961],[81.118,28.962],[81.115,28.963],[81.112,28.964],[81.11,28.963],[81.106,28.963],[81.105,28.963],[81.105,28.965],[81.106,28.966],[81.106,28.966],[81.106,28.967],[81.106,28.968],[81.106,28.969],[81.106,28.97],[81.107,28.97],[81.107,28.971],[81.108,28.972],[81.108,28.972],[81.109,28.973],[81.11,28.974],[81.111,28.974],[81.112,28.974],[81.112,28.974],[81.113,28.975],[81.114,28.975],[81.115,28.975],[81.116,28.975],[81.117,28.975],[81.118,28.974],[81.119,28.974],[81.12,28.974],[81.121,28.974],[81.122,28.974],[81.123,28.974],[81.124,28.974],[81.125,28.974],[81.126,28.975],[81.126,28.975],[81.127,28.976],[81.128,28.976],[81.129,28.977],[81.129,28.977],[81.13,28.978],[81.131,28.978],[81.132,28.979],[81.132,28.979],[81.133,28.98],[81.134,28.98],[81.134,28.981],[81.135,28.982],[81.136,28.982],[81.136,28.983],[81.137,28.984],[81.137,28.984],[81.138,28.985],[81.138,28.986],[81.139,28.986],[81.139,28.987],[81.14,28.988],[81.141,28.988],[81.142,28.988],[81.142,28.989],[81.143,28.99],[81.143,28.99],[81.144,28.991],[81.145,28.991],[81.146,28.992],[81.146,28.992],[81.147,28.993],[81.148,28.993],[81.149,28.994],[81.149,28.995],[81.15,28.995],[81.15,28.996],[81.15,28.997],[81.15,28.998],[81.151,28.998],[81.151,28.999],[81.151,29.0],[81.151,29.001],[81.151,29.002],[81.151,29.003],[81.151,29.003],[81.152,29.004],[81.152,29.005],[81.151,29.006],[81.151,29.007],[81.152,29.008],[81.151,29.008],[81.151,29.009],[81.151,29.01],[81.151,29.011],[81.15,29.012],[81.15,29.012],[81.15,29.013],[81.15,29.014],[81.149,29.015],[81.149,29.016],[81.149,29.016],[81.149,29.017],[81.149,29.018],[81.148,29.019],[81.148,29.02],[81.148,29.02],[81.147,29.021],[81.148,29.022],[81.147,29.023],[81.147,29.024],[81.147,29.025],[81.148,29.025],[81.148,29.026],[81.148,29.027],[81.148,29.028],[81.148,29.029],[81.148,29.029],[81.148,29.03],[81.148,29.031],[81.148,29.032],[81.148,29.033],[81.148,29.034],[81.148,29.035],[81.147,29.035],[81.147,29.036],[81.146,29.037],[81.146,29.037],[81.145,29.038],[81.144,29.038],[81.143,29.038],[81.142,29.039],[81.142,29.04],[81.142,29.04],[81.141,29.041],[81.141,29.042],[81.141,29.043],[81.141,29.044],[81.141,29.045],[81.14,29.045],[81.14,29.046],[81.14,29.047],[81.14,29.048],[81.139,29.048],[81.138,29.049],[81.138,29.05],[81.137,29.05],[81.136,29.051],[81.136,29.052],[81.136,29.053],[81.135,29.053],[81.135,29.054],[81.135,29.055],[81.134,29.056],[81.134,29.056],[81.134,29.057],[81.133,29.058],[81.133,29.059],[81.132,29.059],[81.131,29.06],[81.131,29.061],[81.13,29.061],[81.129,29.062],[81.129,29.062],[81.128,29.063],[81.127,29.064],[81.127,29.064],[81.126,29.065],[81.126,29.066],[81.125,29.066],[81.125,29.067],[81.125,29.068],[81.125,29.069],[81.125,29.07],[81.125,29.07],[81.125,29.071],[81.126,29.073],[81.127,29.074],[81.128,29.074],[81.129,29.075],[81.129,29.075],[81.13,29.076],[81.131,29.077],[81.131,29.077],[81.131,29.078],[81.131,29.079],[81.131,29.08],[81.13,29.08],[81.129,29.081],[81.128,29.081],[81.128,29.081],[81.127,29.082],[81.126,29.082],[81.125,29.082],[81.124,29.082],[81.123,29.082],[81.122,29.082],[81.121,29.082],[81.12,29.083],[81.119,29.083],[81.118,29.083],[81.117,29.083],[81.117,29.084],[81.116,29.084],[81.115,29.084],[81.114,29.085],[81.113,29.085],[81.113,29.086],[81.112,29.087],[81.112,29.087],[81.112,29.088],[81.112,29.089],[81.112,29.09],[81.112,29.091],[81.112,29.092],[81.112,29.092],[81.112,29.093],[81.112,29.094],[81.112,29.095],[81.111,29.096],[81.111,29.096],[81.11,29.097],[81.11,29.098],[81.109,29.098],[81.108,29.098],[81.107,29.098],[81.106,29.099],[81.105,29.099],[81.105,29.1],[81.104,29.101],[81.104,29.101],[81.103,29.102],[81.102,29.103],[81.102,29.104],[81.101,29.104],[81.101,29.105],[81.1,29.105],[81.099,29.106],[81.099,29.107],[81.098,29.107],[81.098,29.108],[81.097,29.109],[81.097,29.109],[81.096,29.11],[81.095,29.111],[81.095,29.111],[81.094,29.112],[81.093,29.112],[81.092,29.113],[81.092,29.113],[81.091,29.114],[81.09,29.114],[81.089,29.115],[81.089,29.115],[81.088,29.116],[81.087,29.116],[81.086,29.117],[81.086,29.117],[81.085,29.118],[81.084,29.119],[81.083,29.119],[81.083,29.12],[81.082,29.12],[81.081,29.121],[81.081,29.122],[81.081,29.122],[81.08,29.123],[81.08,29.124],[81.079,29.125],[81.079,29.125],[81.078,29.126],[81.078,29.127],[81.078,29.128],[81.077,29.128],[81.077,29.129],[81.076,29.13],[81.076,29.131],[81.076,29.132],[81.075,29.132],[81.074,29.133],[81.074,29.134],[81.073,29.134],[81.072,29.135],[81.072,29.136],[81.071,29.136],[81.071,29.137],[81.071,29.138],[81.07,29.139],[81.07,29.14],[81.07,29.14],[81.07,29.141],[81.069,29.142],[81.069,29.143],[81.069,29.143],[81.068,29.144],[81.068,29.145],[81.067,29.145],[81.066,29.146],[81.065,29.146],[81.064,29.146],[81.063,29.147],[81.063,29.147],[81.062,29.148],[81.062,29.149],[81.062,29.15],[81.062,29.15],[81.062,29.151],[81.061,29.152],[81.061,29.153],[81.061,29.154],[81.061,29.155],[81.061,29.155],[81.062,29.156],[81.062,29.157],[81.062,29.158],[81.062,29.159],[81.062,29.159],[81.061,29.16],[81.06,29.16],[81.059,29.16],[81.058,29.16],[81.057,29.161],[81.056,29.161],[81.055,29.162],[81.055,29.163],[81.054,29.163],[81.053,29.164],[81.052,29.165],[81.052,29.165],[81.052,29.166],[81.051,29.167],[81.051,29.168],[81.051,29.169],[81.051,29.17],[81.051,29.171],[81.05,29.172],[81.05,29.172],[81.049,29.173],[81.049,29.174],[81.048,29.174],[81.048,29.175],[81.047,29.176],[81.047,29.177],[81.047,29.178],[81.047,29.179],[81.047,29.18],[81.046,29.18],[81.046,29.181],[81.046,29.182],[81.046,29.183],[81.046,29.184],[81.046,29.185],[81.045,29.186],[81.044,29.186],[81.043,29.186],[81.042,29.186],[81.041,29.186],[81.04,29.186],[81.039,29.186],[81.038,29.185],[81.037,29.185],[81.036,29.185],[81.035,29.185],[81.035,29.186],[81.034,29.186],[81.033,29.186],[81.032,29.187],[81.031,29.187],[81.031,29.188],[81.031,29.189],[81.031,29.19],[81.032,29.191],[81.032,29.191],[81.032,29.192],[81.032,29.193],[81.032,29.194],[81.034,29.196],[81.035,29.196],[81.036,29.196],[81.037,29.197],[81.038,29.197],[81.039,29.197],[81.04,29.197],[81.041,29.197],[81.042,29.198],[81.043,29.197],[81.044,29.197],[81.045,29.197],[81.046,29.197],[81.047,29.197],[81.048,29.197],[81.049,29.197],[81.05,29.197],[81.051,29.197],[81.052,29.196],[81.053,29.196],[81.054,29.196],[81.055,29.196],[81.056,29.196],[81.057,29.196],[81.058,29.196],[81.059,29.196],[81.06,29.196],[81.061,29.196],[81.062,29.196],[81.063,29.196],[81.064,29.196],[81.065,29.196],[81.066,29.196],[81.067,29.197],[81.068,29.197],[81.068,29.198],[81.069,29.198],[81.07,29.199],[81.071,29.2],[81.072,29.2],[81.072,29.201],[81.073,29.201],[81.074,29.202],[81.075,29.202],[81.076,29.203],[81.076,29.203],[81.077,29.204],[81.078,29.204],[81.079,29.205],[81.08,29.205],[81.081,29.205],[81.082,29.205],[81.083,29.205],[81.084,29.206],[81.085,29.206],[81.086,29.206],[81.087,29.207],[81.088,29.207],[81.089,29.207],[81.09,29.208],[81.09,29.208],[81.091,29.209],[81.095,29.21],[81.097,29.21],[81.099,29.211],[81.101,29.212],[81.103,29.212],[81.108,29.212],[81.112,29.211],[81.115,29.211],[81.118,29.212],[81.119,29.215],[81.118,29.219],[81.116,29.223],[81.115,29.229],[81.114,29.234],[81.112,29.237],[81.108,29.24],[81.104,29.242],[81.1,29.245],[81.099,29.251],[81.099,29.259],[81.102,29.265],[81.106,29.271],[81.111,29.276],[81.115,29.282],[81.118,29.287],[81.12,29.292],[81.121,29.295],[81.123,29.297],[81.126,29.3],[81.129,29.302],[81.134,29.304],[81.137,29.306],[81.138,29.312],[81.138,29.32],[81.138,29.325],[81.139,29.329],[81.141,29.332],[81.142,29.335],[81.145,29.341],[81.147,29.351],[81.148,29.356],[81.149,29.359],[81.151,29.362],[81.152,29.363],[81.152,29.365],[81.153,29.369],[81.153,29.371],[81.154,29.375],[81.154,29.377],[81.154,29.38],[81.155,29.381],[81.155,29.383],[81.156,29.384],[81.156,29.385]]]}},{"type":"Feature","properties":{"id":"Doti","name":"Doti","hq":"Dipayal Silgadhi","province_id":7,"province":"Sudurpashchim","level":"district"},"geometry":{"type":"Polygon","coordinates":[[[80.91,29.442],[80.912,29.44],[80.912,29.439],[80.912,29.439],[80.914,29.439],[80.915,29.438],[80.917,29.436],[80.918,29.432],[80.92,29.431],[80.921,29.429],[80.922,29.428],[80.922,29.428],[80.925,29.426],[80.927,29.424],[80.929,29.423],[80.931,29.42],[80.932,29.418],[80.933,29.417],[80.933,29.414],[80.934,29.412],[80.934,29.41],[80.935,29.407],[80.936,29.403],[80.937,29.401],[80.939,29.398],[80.94,29.397],[80.944,29.396],[80.95,29.396],[80.955,29.397],[80.962,29.398],[80.968,29.399],[80.975,29.399],[80.981,29.4],[80.986,29.402],[80.992,29.405],[80.997,29.408],[81.0,29.41],[81.002,29.412],[81.005,29.414],[81.008,29.416],[81.01,29.418],[81.012,29.419],[81.017,29.42],[81.02,29.419],[81.024,29.418],[81.027,29.417],[81.032,29.415],[81.035,29.413],[81.038,29.412],[81.04,29.411],[81.044,29.41],[81.046,29.41],[81.05,29.409],[81.054,29.408],[81.061,29.406],[81.065,29.406],[81.068,29.406],[81.073,29.407],[81.077,29.407],[81.082,29.407],[81.086,29.407],[81.091,29.407],[81.096,29.407],[81.1,29.406],[81.104,29.406],[81.108,29.405],[81.11,29.403],[81.112,29.401],[81.114,29.399],[81.116,29.397],[81.118,29.397],[81.122,29.396],[81.124,29.396],[81.125,29.398],[81.126,29.4],[81.128,29.403],[81.132,29.402],[81.133,29.402],[81.134,29.4],[81.134,29.399],[81.134,29.396],[81.134,29.393],[81.133,29.391],[81.133,29.389],[81.133,29.387],[81.135,29.386],[81.138,29.386],[81.139,29.387],[81.141,29.388],[81.142,29.388],[81.145,29.389],[81.149,29.388],[81.15,29.387],[81.152,29.386],[81.156,29.385],[81.156,29.384],[81.155,29.383],[81.155,29.381],[81.154,29.38],[81.154,29.377],[81.154,29.375],[81.153,29.371],[81.153,29.369],[81.152,29.365],[81.152,29.363],[81.151,29.362],[81.149,29.359],[81.148,29.356],[81.147,29.351],[81.145,29.341],[81.142,29.335],[81.141,29.332],[81.139,29.329],[81.138,29.325],[81.138,29.32],[81.138,29.312],[81.137,29.306],[81.134,29.304],[81.129,29.302],[81.126,29.3],[81.123,29.297],[81.121,29.295],[81.12,29.292],[81.118,29.287],[81.115,29.282],[81.111,29.276],[81.106,29.271],[81.102,29.265],[81.099,29.259],[81.099,29.251],[81.1,29.245],[81.104,29.242],[81.108,29.24],[81.112,29.237],[81.114,29.234],[81.115,29.229],[81.116,29.223],[81.118,29.219],[81.119,29.215],[81.118,29.212],[81.115,29.211],[81.112,29.211],[81.108,29.212],[81.103,29.212],[81.101,29.212],[81.099,29.211],[81.097,29.21],[81.095,29.21],[81.091,29.209],[81.09,29.208],[81.09,29.208],[81.089,29.207],[81.088,29.207],[81.087,29.207],[81.086,29.206],[81.085,29.206],[81.084,29.206],[81.083,29.205],[81.082,29.205],[81.081,29.205],[81.08,29.205],[81.079,29.205],[81.078,29.204],[81.077,29.204],[81.076,29.203],[81.076,29.203],[81.075,29.202],[81.074,29.202],[81.073,29.201],[81.072,29.201],[81.072,29.2],[81.071,29.2],[81.07,29.199],[81.069,29.198],[81.068,29.198],[81.068,29.197],[81.067,29.197],[81.066,29.196],[81.065,29.196],[81.064,29.196],[81.063,29.196],[81.062,29.196],[81.061,29.196],[81.06,29.196],[81.059,29.196],[81.058,29.196],[81.057,29.196],[81.056,29.196],[81.055,29.196],[81.054,29.196],[81.053,29.196],[81.052,29.196],[81.051,29.197],[81.05,29.197],[81.049,29.197],[81.048,29.197],[81.047,29.197],[81.046,29.197],[81.045,29.197],[81.044,29.197],[81.043,29.197],[81.042,29.198],[81.041,29.197],[81.04,29.197],[81.039,29.197],[81.038,29.197],[81.037,29.197],[81.036,29.196],[81.035,29.196],[81.034,29.196],[81.032,29.194],[81.032,29.193],[81.032,29.192],[81.032,29.191],[81.032,29.191],[81.031,29.19],[81.031,29.189],[81.031,29.188],[81.031,29.187],[81.032,29.187],[81.033,29.186],[81.034,29.186],[81.035,29.186],[81.035,29.185],[81.036,29.185],[81.037,29.185],[81.038,29.185],[81.039,29.186],[81.04,29.186],[81.041,29.186],[81.042,29.186],[81.043,29.186],[81.044,29.186],[81.045,29.186],[81.046,29.185],[81.046,29.184],[81.046,29.183],[81.046,29.182],[81.046,29.181],[81.046,29.18],[81.047,29.18],[81.047,29.179],[81.047,29.178],[81.047,29.177],[81.047,29.176],[81.048,29.175],[81.048,29.174],[81.049,29.174],[81.049,29.173],[81.05,29.172],[81.05,29.172],[81.051,29.171],[81.051,29.17],[81.051,29.169],[81.051,29.168],[81.051,29.167],[81.052,29.166],[81.052,29.165],[81.052,29.165],[81.053,29.164],[81.054,29.163],[81.055,29.163],[81.055,29.162],[81.056,29.161],[81.057,29.161],[81.058,29.16],[81.059,29.16],[81.06,29.16],[81.061,29.16],[81.062,29.159],[81.062,29.159],[81.062,29.158],[81.062,29.157],[81.062,29.156],[81.061,29.155],[81.061,29.155],[81.061,29.154],[81.061,29.153],[81.061,29.152],[81.062,29.151],[81.062,29.15],[81.062,29.15],[81.062,29.149],[81.062,29.148],[81.063,29.147],[81.063,29.147],[81.064,29.146],[81.065,29.146],[81.066,29.146],[81.067,29.145],[81.068,29.145],[81.068,29.144],[81.069,29.143],[81.069,29.143],[81.069,29.142],[81.07,29.141],[81.07,29.14],[81.07,29.14],[81.07,29.139],[81.071,29.138],[81.071,29.137],[81.071,29.136],[81.072,29.136],[81.072,29.135],[81.073,29.134],[81.074,29.134],[81.074,29.133],[81.075,29.132],[81.076,29.132],[81.076,29.131],[81.076,29.13],[81.077,29.129],[81.077,29.128],[81.078,29.128],[81.078,29.127],[81.078,29.126],[81.079,29.125],[81.079,29.125],[81.08,29.124],[81.08,29.123],[81.081,29.122],[81.081,29.122],[81.081,29.121],[81.082,29.12],[81.083,29.12],[81.083,29.119],[81.084,29.119],[81.085,29.118],[81.086,29.117],[81.086,29.117],[81.087,29.116],[81.088,29.116],[81.089,29.115],[81.089,29.115],[81.09,29.114],[81.091,29.114],[81.092,29.113],[81.092,29.113],[81.093,29.112],[81.094,29.112],[81.095,29.111],[81.095,29.111],[81.096,29.11],[81.097,29.109],[81.097,29.109],[81.098,29.108],[81.098,29.107],[81.099,29.107],[81.099,29.106],[81.1,29.105],[81.101,29.105],[81.101,29.104],[81.102,29.104],[81.102,29.103],[81.103,29.102],[81.104,29.101],[81.104,29.101],[81.105,29.1],[81.105,29.099],[81.106,29.099],[81.107,29.098],[81.108,29.098],[81.109,29.098],[81.11,29.098],[81.11,29.097],[81.111,29.096],[81.111,29.096],[81.112,29.095],[81.112,29.094],[81.112,29.093],[81.112,29.092],[81.112,29.092],[81.112,29.091],[81.112,29.09],[81.112,29.089],[81.112,29.088],[81.112,29.087],[81.112,29.087],[81.113,29.086],[81.113,29.085],[81.114,29.085],[81.115,29.084],[81.116,29.084],[81.117,29.084],[81.117,29.083],[81.118,29.083],[81.119,29.083],[81.12,29.083],[81.121,29.082],[81.122,29.082],[81.123,29.082],[81.124,29.082],[81.125,29.082],[81.126,29.082],[81.127,29.082],[81.128,29.081],[81.128,29.081],[81.129,29.081],[81.13,29.08],[81.131,29.08],[81.131,29.079],[81.131,29.078],[81.131,29.077],[81.131,29.077],[81.13,29.076],[81.129,29.075],[81.129,29.075],[81.128,29.074],[81.127,29.074],[81.126,29.073],[81.125,29.071],[81.125,29.07],[81.125,29.07],[81.125,29.069],[81.125,29.068],[81.125,29.067],[81.125,29.066],[81.126,29.066],[81.126,29.065],[81.127,29.064],[81.127,29.064],[81.128,29.063],[81.129,29.062],[81.129,29.062],[81.13,29.061],[81.131,29.061],[81.131,29.06],[81.132,29.059],[81.133,29.059],[81.133,29.058],[81.134,29.057],[81.134,29.056],[81.134,29.056],[81.135,29.055],[81.135,29.054],[81.135,29.053],[81.136,29.053],[81.136,29.052],[81.136,29.051],[81.137,29.05],[81.138,29.05],[81.138,29.049],[81.139,29.048],[81.14,29.048],[81.14,29.047],[81.14,29.046],[81.14,29.045],[81.141,29.045],[81.141,29.044],[81.141,29.043],[81.141,29.042],[81.141,29.041],[81.142,29.04],[81.142,29.04],[81.142,29.039],[81.143,29.038],[81.144,29.038],[81.145,29.038],[81.146,29.037],[81.146,29.037],[81.147,29.036],[81.147,29.035],[81.148,29.035],[81.148,29.034],[81.148,29.033],[81.148,29.032],[81.148,29.031],[81.148,29.03],[81.148,29.029],[81.148,29.029],[81.148,29.028],[81.148,29.027],[81.148,29.026],[81.148,29.025],[81.147,29.025],[81.147,29.024],[81.147,29.023],[81.148,29.022],[81.147,29.021],[81.148,29.02],[81.148,29.02],[81.148,29.019],[81.149,29.018],[81.149,29.017],[81.149,29.016],[81.149,29.016],[81.149,29.015],[81.15,29.014],[81.15,29.013],[81.15,29.012],[81.15,29.012],[81.151,29.011],[81.151,29.01],[81.151,29.009],[81.151,29.008],[81.152,29.008],[81.151,29.007],[81.151,29.006],[81.152,29.005],[81.152,29.004],[81.151,29.003],[81.151,29.003],[81.151,29.002],[81.151,29.001],[81.151,29.0],[81.151,28.999],[81.151,28.998],[81.15,28.998],[81.15,28.997],[81.15,28.996],[81.15,28.995],[81.149,28.995],[81.149,28.994],[81.148,28.993],[81.147,28.993],[81.146,28.992],[81.146,28.992],[81.145,28.991],[81.144,28.991],[81.143,28.99],[81.143,28.99],[81.142,28.989],[81.142,28.988],[81.141,28.988],[81.14,28.988],[81.139,28.987],[81.139,28.986],[81.138,28.986],[81.138,28.985],[81.137,28.984],[81.137,28.984],[81.136,28.983],[81.136,28.982],[81.135,28.982],[81.134,28.981],[81.134,28.98],[81.133,28.98],[81.132,28.979],[81.132,28.979],[81.131,28.978],[81.13,28.978],[81.129,28.977],[81.129,28.977],[81.128,28.976],[81.127,28.976],[81.126,28.975],[81.126,28.975],[81.125,28.974],[81.124,28.974],[81.123,28.974],[81.122,28.974],[81.121,28.974],[81.12,28.974],[81.119,28.974],[81.118,28.974],[81.117,28.975],[81.116,28.975],[81.115,28.975],[81.114,28.975],[81.113,28.975],[81.112,28.974],[81.112,28.974],[81.111,28.974],[81.11,28.974],[81.109,28.973],[81.108,28.972],[81.108,28.972],[81.107,28.971],[81.107,28.97],[81.106,28.97],[81.106,28.969],[81.106,28.968],[81.106,28.967],[81.106,28.966],[81.106,28.966],[81.105,28.965],[81.105,28.963],[81.103,28.963],[81.1,28.962],[81.097,28.962],[81.094,28.962],[81.091,28.964],[81.089,28.964],[81.087,28.964],[81.081,28.965],[81.076,28.965],[81.072,28.966],[81.07,28.966],[81.067,28.968],[81.065,28.968],[81.062,28.969],[81.058,28.971],[81.056,28.972],[81.054,28.973],[81.052,28.974],[81.05,28.974],[81.049,28.974],[81.046,28.972],[81.045,28.97],[81.044,28.969],[81.041,28.967],[81.038,28.965],[81.036,28.964],[81.035,28.963],[81.033,28.962],[81.031,28.961],[81.029,28.959],[81.028,28.957],[81.027,28.955],[81.026,28.955],[81.023,28.952],[81.022,28.952],[81.019,28.952],[81.017,28.953],[81.013,28.953],[81.011,28.954],[81.009,28.955],[81.007,28.955],[81.004,28.954],[81.002,28.953],[81.0,28.952],[80.998,28.951],[80.996,28.949],[80.994,28.948],[80.991,28.946],[80.989,28.944],[80.987,28.943],[80.986,28.941],[80.984,28.94],[80.984,28.938],[80.981,28.938],[80.979,28.938],[80.977,28.94],[80.973,28.942],[80.971,28.942],[80.97,28.942],[80.968,28.941],[80.967,28.94],[80.966,28.94],[80.965,28.939],[80.964,28.939],[80.963,28.938],[80.962,28.937],[80.961,28.936],[80.96,28.937],[80.959,28.936],[80.958,28.936],[80.956,28.936],[80.955,28.935],[80.954,28.935],[80.952,28.936],[80.951,28.936],[80.95,28.937],[80.949,28.937],[80.947,28.938],[80.946,28.938],[80.945,28.939],[80.944,28.939],[80.943,28.94],[80.942,28.941],[80.941,28.941],[80.94,28.942],[80.938,28.942],[80.937,28.943],[80.936,28.943],[80.934,28.943],[80.933,28.943],[80.931,28.943],[80.93,28.943],[80.929,28.942],[80.927,28.942],[80.926,28.942],[80.925,28.942],[80.923,28.941],[80.922,28.941],[80.921,28.94],[80.92,28.939],[80.919,28.938],[80.919,28.937],[80.918,28.936],[80.917,28.935],[80.916,28.934],[80.915,28.933],[80.914,28.934],[80.913,28.934],[80.912,28.935],[80.912,28.936],[80.911,28.938],[80.911,28.939],[80.91,28.94],[80.909,28.94],[80.907,28.94],[80.906,28.939],[80.905,28.939],[80.904,28.938],[80.902,28.938],[80.902,28.94],[80.901,28.941],[80.9,28.941],[80.899,28.941],[80.898,28.94],[80.899,28.939],[80.899,28.938],[80.899,28.937],[80.898,28.935],[80.897,28.935],[80.896,28.936],[80.895,28.937],[80.893,28.937],[80.892,28.938],[80.891,28.939],[80.89,28.939],[80.889,28.94],[80.888,28.94],[80.886,28.941],[80.885,28.941],[80.884,28.942],[80.884,28.943],[80.883,28.944],[80.883,28.945],[80.884,28.946],[80.884,28.948],[80.884,28.949],[80.884,28.95],[80.885,28.951],[80.885,28.952],[80.886,28.953],[80.886,28.954],[80.887,28.955],[80.888,28.957],[80.888,28.958],[80.888,28.959],[80.888,28.96],[80.888,28.961],[80.887,28.962],[80.886,28.963],[80.885,28.964],[80.885,28.965],[80.884,28.966],[80.882,28.966],[80.881,28.967],[80.88,28.968],[80.879,28.968],[80.877,28.968],[80.876,28.968],[80.875,28.968],[80.873,28.969],[80.872,28.969],[80.871,28.969],[80.869,28.969],[80.868,28.97],[80.867,28.97],[80.866,28.971],[80.865,28.972],[80.864,28.973],[80.864,28.974],[80.863,28.975],[80.862,28.976],[80.861,28.976],[80.859,28.977],[80.858,28.977],[80.857,28.977],[80.855,28.977],[80.854,28.976],[80.853,28.975],[80.852,28.974],[80.851,28.974],[80.851,28.972],[80.85,28.971],[80.849,28.97],[80.849,28.969],[80.848,28.968],[80.847,28.967],[80.847,28.966],[80.846,28.965],[80.846,28.964],[80.845,28.963],[80.844,28.961],[80.844,28.96],[80.843,28.959],[80.843,28.958],[80.842,28.957],[80.841,28.956],[80.841,28.955],[80.84,28.954],[80.84,28.953],[80.84,28.951],[80.84,28.95],[80.84,28.949],[80.84,28.948],[80.84,28.947],[80.839,28.946],[80.838,28.945],[80.838,28.944],[80.837,28.943],[80.836,28.942],[80.835,28.941],[80.834,28.94],[80.834,28.939],[80.833,28.938],[80.832,28.937],[80.832,28.936],[80.832,28.934],[80.831,28.933],[80.831,28.932],[80.83,28.931],[80.83,28.93],[80.829,28.929],[80.827,28.929],[80.823,28.93],[80.822,28.931],[80.821,28.931],[80.82,28.932],[80.819,28.933],[80.819,28.935],[80.818,28.936],[80.818,28.937],[80.817,28.937],[80.815,28.938],[80.814,28.939],[80.813,28.94],[80.812,28.94],[80.811,28.941],[80.811,28.942],[80.81,28.943],[80.809,28.944],[80.81,28.946],[80.81,28.947],[80.81,28.948],[80.811,28.949],[80.811,28.95],[80.811,28.951],[80.81,28.953],[80.81,28.954],[80.809,28.955],[80.809,28.956],[80.808,28.957],[80.807,28.958],[80.806,28.959],[80.806,28.96],[80.806,28.961],[80.806,28.963],[80.807,28.964],[80.807,28.965],[80.807,28.966],[80.806,28.967],[80.806,28.968],[80.805,28.969],[80.804,28.97],[80.804,28.971],[80.803,28.972],[80.802,28.973],[80.801,28.974],[80.8,28.975],[80.798,28.975],[80.797,28.976],[80.796,28.976],[80.795,28.977],[80.794,28.977],[80.792,28.978],[80.792,28.979],[80.79,28.98],[80.789,28.98],[80.788,28.981],[80.787,28.982],[80.786,28.982],[80.785,28.983],[80.783,28.983],[80.782,28.983],[80.78,28.983],[80.779,28.983],[80.778,28.983],[80.776,28.983],[80.775,28.984],[80.774,28.984],[80.772,28.984],[80.771,28.984],[80.77,28.985],[80.768,28.985],[80.767,28.985],[80.766,28.986],[80.764,28.986],[80.763,28.987],[80.762,28.987],[80.761,28.988],[80.761,28.989],[80.761,28.99],[80.761,28.992],[80.762,28.993],[80.763,28.994],[80.764,28.995],[80.764,28.996],[80.764,28.997],[80.765,28.998],[80.764,28.999],[80.763,29.0],[80.762,29.0],[80.761,29.001],[80.759,29.001],[80.758,29.001],[80.757,29.001],[80.755,29.002],[80.754,29.003],[80.753,29.004],[80.752,29.005],[80.751,29.006],[80.751,29.007],[80.75,29.007],[80.748,29.008],[80.747,29.009],[80.746,29.009],[80.745,29.01],[80.743,29.01],[80.742,29.01],[80.741,29.011],[80.739,29.011],[80.737,29.011],[80.736,29.011],[80.735,29.011],[80.733,29.011],[80.732,29.011],[80.731,29.011],[80.729,29.01],[80.728,29.009],[80.727,29.008],[80.726,29.008],[80.725,29.007],[80.724,29.008],[80.723,29.009],[80.722,29.009],[80.72,29.01],[80.719,29.01],[80.718,29.01],[80.716,29.011],[80.715,29.01],[80.714,29.01],[80.712,29.01],[80.711,29.01],[80.71,29.01],[80.708,29.01],[80.707,29.01],[80.706,29.01],[80.704,29.01],[80.703,29.01],[80.702,29.01],[80.701,29.011],[80.7,29.012],[80.699,29.013],[80.698,29.014],[80.697,29.014],[80.695,29.015],[80.694,29.015],[80.692,29.015],[80.691,29.015],[80.69,29.015],[80.688,29.015],[80.687,29.015],[80.686,29.015],[80.684,29.015],[80.683,29.016],[80.682,29.017],[80.681,29.017],[80.681,29.018],[80.68,29.019],[80.679,29.02],[80.678,29.02],[80.675,29.02],[80.673,29.02],[80.669,29.02],[80.667,29.02],[80.664,29.021],[80.662,29.022],[80.659,29.023],[80.657,29.023],[80.656,29.024],[80.654,29.025],[80.653,29.025],[80.652,29.026],[80.651,29.026],[80.65,29.026],[80.65,29.027],[80.649,29.028],[80.648,29.028],[80.648,29.028],[80.647,29.029],[80.646,29.029],[80.645,29.03],[80.645,29.03],[80.644,29.031],[80.643,29.031],[80.643,29.032],[80.642,29.032],[80.641,29.033],[80.641,29.033],[80.64,29.034],[80.639,29.034],[80.639,29.035],[80.638,29.036],[80.638,29.036],[80.637,29.037],[80.637,29.038],[80.637,29.039],[80.636,29.039],[80.636,29.04],[80.636,29.041],[80.635,29.042],[80.634,29.042],[80.634,29.043],[80.633,29.043],[80.633,29.044],[80.632,29.045],[80.632,29.045],[80.631,29.046],[80.631,29.047],[80.63,29.047],[80.629,29.048],[80.629,29.048],[80.628,29.049],[80.628,29.05],[80.627,29.05],[80.627,29.051],[80.626,29.052],[80.626,29.052],[80.625,29.053],[80.625,29.053],[80.624,29.054],[80.623,29.055],[80.623,29.055],[80.622,29.056],[80.621,29.056],[80.621,29.057],[80.62,29.057],[80.62,29.058],[80.619,29.059],[80.619,29.059],[80.618,29.06],[80.618,29.061],[80.617,29.061],[80.617,29.062],[80.616,29.062],[80.615,29.063],[80.614,29.063],[80.613,29.063],[80.612,29.063],[80.612,29.063],[80.611,29.063],[80.61,29.063],[80.609,29.064],[80.608,29.064],[80.607,29.064],[80.607,29.065],[80.606,29.065],[80.605,29.066],[80.605,29.067],[80.604,29.067],[80.604,29.068],[80.603,29.069],[80.603,29.069],[80.603,29.07],[80.602,29.071],[80.601,29.071],[80.601,29.072],[80.6,29.072],[80.6,29.073],[80.599,29.073],[80.598,29.073],[80.597,29.074],[80.595,29.074],[80.595,29.074],[80.594,29.074],[80.593,29.075],[80.592,29.075],[80.591,29.075],[80.59,29.076],[80.589,29.076],[80.589,29.076],[80.588,29.076],[80.587,29.076],[80.586,29.077],[80.585,29.077],[80.584,29.077],[80.583,29.077],[80.583,29.078],[80.582,29.078],[80.581,29.078],[80.58,29.078],[80.579,29.078],[80.578,29.078],[80.577,29.078],[80.576,29.078],[80.575,29.078],[80.575,29.078],[80.574,29.078],[80.573,29.079],[80.572,29.079],[80.571,29.079],[80.57,29.079],[80.569,29.079],[80.568,29.079],[80.567,29.079],[80.567,29.079],[80.566,29.079],[80.565,29.079],[80.564,29.078],[80.563,29.078],[80.563,29.077],[80.562,29.077],[80.561,29.076],[80.561,29.076],[80.56,29.075],[80.559,29.076],[80.557,29.078],[80.555,29.079],[80.552,29.08],[80.551,29.081],[80.547,29.082],[80.544,29.083],[80.542,29.084],[80.538,29.086],[80.536,29.087],[80.535,29.088],[80.533,29.09],[80.532,29.092],[80.53,29.096],[80.529,29.098],[80.528,29.1],[80.527,29.103],[80.528,29.104],[80.529,29.105],[80.532,29.106],[80.533,29.107],[80.536,29.108],[80.539,29.109],[80.543,29.11],[80.547,29.111],[80.551,29.112],[80.555,29.114],[80.561,29.115],[80.565,29.117],[80.569,29.119],[80.572,29.127],[80.572,29.13],[80.569,29.133],[80.567,29.133],[80.563,29.134],[80.56,29.135],[80.556,29.136],[80.554,29.137],[80.554,29.138],[80.555,29.14],[80.556,29.141],[80.558,29.142],[80.56,29.142],[80.562,29.142],[80.566,29.143],[80.569,29.143],[80.571,29.144],[80.574,29.145],[80.576,29.146],[80.578,29.147],[80.581,29.148],[80.584,29.148],[80.585,29.15],[80.586,29.152],[80.587,29.154],[80.588,29.155],[80.59,29.157],[80.591,29.16],[80.591,29.162],[80.591,29.164],[80.594,29.167],[80.597,29.166],[80.598,29.165],[80.6,29.165],[80.601,29.165],[80.602,29.165],[80.603,29.166],[80.604,29.167],[80.606,29.169],[80.609,29.171],[80.611,29.174],[80.614,29.176],[80.617,29.177],[80.621,29.178],[80.623,29.177],[80.627,29.177],[80.631,29.177],[80.634,29.177],[80.635,29.177],[80.64,29.178],[80.646,29.179],[80.652,29.18],[80.656,29.182],[80.661,29.183],[80.666,29.184],[80.669,29.185],[80.671,29.186],[80.673,29.187],[80.674,29.189],[80.677,29.191],[80.679,29.191],[80.683,29.192],[80.688,29.192],[80.691,29.191],[80.695,29.19],[80.697,29.192],[80.701,29.194],[80.704,29.195],[80.706,29.195],[80.706,29.198],[80.706,29.202],[80.706,29.205],[80.707,29.207],[80.707,29.211],[80.707,29.214],[80.706,29.217],[80.705,29.219],[80.703,29.225],[80.703,29.226],[80.703,29.227],[80.705,29.229],[80.707,29.23],[80.709,29.231],[80.711,29.232],[80.712,29.233],[80.716,29.234],[80.72,29.234],[80.723,29.235],[80.73,29.237],[80.731,29.238],[80.732,29.238],[80.737,29.242],[80.742,29.246],[80.749,29.251],[80.752,29.254],[80.752,29.255],[80.755,29.26],[80.757,29.264],[80.758,29.265],[80.759,29.267],[80.759,29.267],[80.759,29.268],[80.758,29.269],[80.758,29.269],[80.757,29.27],[80.754,29.27],[80.752,29.27],[80.75,29.269],[80.748,29.269],[80.746,29.27],[80.745,29.273],[80.745,29.276],[80.745,29.277],[80.745,29.28],[80.744,29.284],[80.741,29.288],[80.739,29.29],[80.736,29.292],[80.736,29.293],[80.736,29.293],[80.734,29.295],[80.734,29.296],[80.736,29.3],[80.737,29.301],[80.742,29.302],[80.747,29.303],[80.751,29.305],[80.752,29.306],[80.755,29.306],[80.758,29.306],[80.76,29.305],[80.763,29.302],[80.765,29.3],[80.767,29.3],[80.77,29.301],[80.772,29.302],[80.772,29.302],[80.772,29.303],[80.772,29.304],[80.772,29.306],[80.772,29.308],[80.773,29.31],[80.774,29.312],[80.774,29.314],[80.772,29.317],[80.769,29.319],[80.766,29.321],[80.764,29.323],[80.761,29.324],[80.76,29.327],[80.759,29.328],[80.76,29.329],[80.76,29.33],[80.761,29.331],[80.762,29.333],[80.762,29.335],[80.761,29.336],[80.76,29.339],[80.759,29.341],[80.758,29.343],[80.758,29.346],[80.759,29.347],[80.759,29.347],[80.762,29.349],[80.762,29.349],[80.763,29.351],[80.763,29.353],[80.763,29.355],[80.763,29.357],[80.763,29.359],[80.763,29.36],[80.764,29.361],[80.766,29.361],[80.767,29.359],[80.768,29.357],[80.768,29.357],[80.771,29.356],[80.771,29.357],[80.772,29.358],[80.772,29.359],[80.773,29.36],[80.774,29.362],[80.775,29.362],[80.776,29.363],[80.777,29.364],[80.778,29.364],[80.78,29.364],[80.783,29.364],[80.784,29.364],[80.785,29.364],[80.787,29.364],[80.788,29.364],[80.79,29.364],[80.792,29.364],[80.795,29.364],[80.798,29.364],[80.801,29.364],[80.804,29.364],[80.806,29.364],[80.819,29.367],[80.82,29.367],[80.821,29.368],[80.823,29.369],[80.825,29.372],[80.829,29.375],[80.833,29.377],[80.834,29.377],[80.837,29.378],[80.839,29.377],[80.841,29.377],[80.844,29.376],[80.847,29.375],[80.849,29.375],[80.851,29.376],[80.852,29.377],[80.853,29.379],[80.855,29.381],[80.856,29.382],[80.857,29.384],[80.858,29.386],[80.859,29.389],[80.859,29.392],[80.86,29.395],[80.859,29.396],[80.859,29.397],[80.858,29.398],[80.857,29.399],[80.856,29.4],[80.855,29.401],[80.854,29.402],[80.853,29.404],[80.854,29.407],[80.855,29.407],[80.857,29.407],[80.858,29.407],[80.859,29.408],[80.86,29.408],[80.861,29.409],[80.862,29.409],[80.863,29.41],[80.864,29.411],[80.866,29.411],[80.868,29.411],[80.869,29.411],[80.871,29.41],[80.872,29.41],[80.873,29.41],[80.876,29.41],[80.878,29.412],[80.879,29.412],[80.881,29.414],[80.882,29.415],[80.884,29.416],[80.886,29.419],[80.888,29.42],[80.892,29.423],[80.894,29.425],[80.895,29.426],[80.896,29.428],[80.898,29.429],[80.899,29.431],[80.902,29.433],[80.903,29.434],[80.904,29.435],[80.906,29.436],[80.908,29.438],[80.908,29.44],[80.909,29.441],[80.91,29.442]]]}},{"type":"Feature","properties":{"id":"Bajhang","name":"Bajhang","hq":"Jayaprithvi","province_id":7,"province":"Sudurpashchim","level":"district"},"geometry":{"type":"Polygon","coordinates":[[[81.093,30.055],[81.093,30.054],[81.094,30.053],[81.095,30.052],[81.096,30.051],[81.099,30.049],[81.101,30.048],[81.103,30.047],[81.104,30.046],[81.104,30.045],[81.105,30.044],[81.106,30.043],[81.106,30.042],[81.107,30.041],[81.108,30.04],[81.109,30.038],[81.11,30.037],[81.112,30.037],[81.113,30.036],[81.115,30.036],[81.116,30.035],[81.118,30.035],[81.12,30.034],[81.121,30.033],[81.122,30.031],[81.123,30.03],[81.123,30.029],[81.124,30.027],[81.125,30.025],[81.125,30.024],[81.126,30.022],[81.127,30.021],[81.129,30.019],[81.131,30.018],[81.132,30.018],[81.134,30.018],[81.135,30.017],[81.137,30.017],[81.139,30.017],[81.141,30.017],[81.143,30.016],[81.145,30.016],[81.146,30.015],[81.148,30.014],[81.15,30.014],[81.152,30.013],[81.156,30.013],[81.159,30.013],[81.161,30.013],[81.163,30.013],[81.166,30.013],[81.17,30.013],[81.171,30.013],[81.173,30.013],[81.174,30.014],[81.175,30.014],[81.176,30.014],[81.178,30.015],[81.18,30.014],[81.183,30.014],[81.184,30.013],[81.186,30.012],[81.188,30.013],[81.189,30.015],[81.191,30.018],[81.193,30.019],[81.194,30.02],[81.195,30.02],[81.197,30.021],[81.2,30.021],[81.202,30.021],[81.204,30.021],[81.207,30.02],[81.208,30.019],[81.21,30.017],[81.211,30.016],[81.212,30.014],[81.213,30.011],[81.214,30.011],[81.215,30.01],[81.216,30.009],[81.217,30.008],[81.22,30.007],[81.222,30.007],[81.224,30.007],[81.226,30.008],[81.23,30.009],[81.234,30.01],[81.237,30.011],[81.239,30.011],[81.243,30.012],[81.245,30.013],[81.247,30.014],[81.248,30.015],[81.249,30.016],[81.251,30.017],[81.253,30.019],[81.253,30.02],[81.254,30.022],[81.253,30.023],[81.252,30.025],[81.25,30.026],[81.249,30.027],[81.248,30.028],[81.247,30.028],[81.245,30.029],[81.244,30.029],[81.243,30.029],[81.241,30.03],[81.24,30.031],[81.242,30.034],[81.244,30.034],[81.247,30.036],[81.251,30.038],[81.254,30.038],[81.257,30.039],[81.26,30.04],[81.263,30.041],[81.266,30.042],[81.269,30.044],[81.27,30.045],[81.271,30.045],[81.273,30.047],[81.274,30.046],[81.274,30.045],[81.276,30.045],[81.278,30.044],[81.28,30.044],[81.281,30.043],[81.282,30.042],[81.283,30.041],[81.283,30.04],[81.285,30.04],[81.286,30.04],[81.288,30.039],[81.29,30.039],[81.291,30.038],[81.292,30.038],[81.293,30.037],[81.294,30.037],[81.297,30.035],[81.297,30.034],[81.298,30.034],[81.298,30.034],[81.301,30.033],[81.302,30.032],[81.304,30.032],[81.304,30.031],[81.305,30.031],[81.306,30.031],[81.307,30.031],[81.308,30.031],[81.308,30.031],[81.309,30.032],[81.31,30.032],[81.311,30.032],[81.312,30.032],[81.312,30.032],[81.313,30.032],[81.313,30.032],[81.314,30.032],[81.315,30.032],[81.316,30.032],[81.317,30.032],[81.318,30.031],[81.318,30.031],[81.319,30.029],[81.319,30.029],[81.32,30.027],[81.322,30.027],[81.324,30.026],[81.325,30.027],[81.328,30.027],[81.329,30.027],[81.331,30.027],[81.332,30.027],[81.333,30.026],[81.335,30.025],[81.337,30.025],[81.339,30.024],[81.34,30.023],[81.342,30.022],[81.343,30.021],[81.344,30.021],[81.346,30.02],[81.349,30.02],[81.35,30.019],[81.352,30.018],[81.353,30.017],[81.354,30.015],[81.355,30.013],[81.356,30.012],[81.357,30.011],[81.358,30.01],[81.359,30.009],[81.362,30.009],[81.363,30.009],[81.364,30.01],[81.366,30.01],[81.368,30.011],[81.37,30.011],[81.372,30.011],[81.373,30.011],[81.375,30.01],[81.376,30.01],[81.377,30.009],[81.378,30.009],[81.379,30.008],[81.38,30.008],[81.382,30.009],[81.384,30.009],[81.386,30.01],[81.387,30.011],[81.388,30.012],[81.388,30.013],[81.39,30.015],[81.391,30.016],[81.392,30.017],[81.395,30.018],[81.397,30.019],[81.399,30.02],[81.4,30.021],[81.401,30.022],[81.403,30.022],[81.405,30.022],[81.407,30.022],[81.41,30.022],[81.413,30.02],[81.415,30.019],[81.418,30.018],[81.42,30.017],[81.422,30.016],[81.424,30.014],[81.427,30.014],[81.43,30.012],[81.432,30.01],[81.435,30.01],[81.436,30.01],[81.438,30.01],[81.44,30.01],[81.441,30.01],[81.444,30.01],[81.446,30.009],[81.446,30.008],[81.448,30.007],[81.449,30.006],[81.451,30.005],[81.453,30.004],[81.454,30.004],[81.456,30.004],[81.458,30.003],[81.459,30.003],[81.461,30.002],[81.462,30.001],[81.463,29.999],[81.465,29.998],[81.466,29.996],[81.466,29.995],[81.466,29.993],[81.466,29.991],[81.465,29.988],[81.466,29.986],[81.468,29.983],[81.469,29.981],[81.47,29.98],[81.472,29.978],[81.473,29.977],[81.473,29.975],[81.474,29.973],[81.473,29.971],[81.472,29.968],[81.471,29.966],[81.471,29.964],[81.47,29.961],[81.469,29.958],[81.466,29.956],[81.462,29.955],[81.46,29.954],[81.458,29.954],[81.456,29.953],[81.456,29.952],[81.456,29.951],[81.456,29.947],[81.458,29.946],[81.459,29.944],[81.46,29.943],[81.46,29.941],[81.46,29.94],[81.46,29.938],[81.459,29.936],[81.459,29.934],[81.46,29.933],[81.46,29.933],[81.461,29.932],[81.461,29.931],[81.462,29.93],[81.462,29.929],[81.463,29.928],[81.463,29.926],[81.464,29.926],[81.464,29.925],[81.464,29.924],[81.465,29.923],[81.465,29.922],[81.465,29.921],[81.465,29.92],[81.464,29.918],[81.463,29.918],[81.463,29.917],[81.462,29.913],[81.462,29.912],[81.462,29.911],[81.462,29.911],[81.462,29.909],[81.462,29.908],[81.461,29.907],[81.46,29.906],[81.46,29.905],[81.459,29.904],[81.458,29.903],[81.458,29.902],[81.457,29.902],[81.456,29.901],[81.456,29.9],[81.456,29.9],[81.457,29.9],[81.457,29.9],[81.457,29.9],[81.458,29.899],[81.458,29.899],[81.459,29.898],[81.46,29.898],[81.462,29.896],[81.463,29.895],[81.463,29.894],[81.464,29.894],[81.465,29.893],[81.466,29.892],[81.467,29.891],[81.468,29.891],[81.469,29.891],[81.469,29.891],[81.47,29.891],[81.471,29.891],[81.472,29.891],[81.475,29.89],[81.476,29.89],[81.478,29.89],[81.479,29.89],[81.479,29.89],[81.48,29.89],[81.481,29.89],[81.483,29.89],[81.484,29.89],[81.485,29.89],[81.486,29.89],[81.488,29.889],[81.491,29.889],[81.493,29.889],[81.495,29.889],[81.498,29.889],[81.5,29.89],[81.502,29.891],[81.504,29.893],[81.509,29.896],[81.508,29.895],[81.509,29.894],[81.509,29.893],[81.51,29.892],[81.513,29.889],[81.514,29.888],[81.516,29.887],[81.518,29.887],[81.52,29.886],[81.521,29.886],[81.523,29.886],[81.527,29.885],[81.53,29.885],[81.532,29.884],[81.535,29.883],[81.539,29.882],[81.542,29.88],[81.547,29.876],[81.551,29.872],[81.554,29.868],[81.557,29.865],[81.56,29.858],[81.563,29.854],[81.564,29.851],[81.565,29.848],[81.565,29.842],[81.563,29.836],[81.562,29.828],[81.561,29.821],[81.56,29.816],[81.559,29.812],[81.557,29.809],[81.554,29.806],[81.551,29.803],[81.55,29.8],[81.548,29.797],[81.548,29.793],[81.55,29.789],[81.551,29.787],[81.553,29.785],[81.555,29.781],[81.558,29.778],[81.561,29.772],[81.562,29.767],[81.558,29.761],[81.554,29.756],[81.549,29.751],[81.546,29.748],[81.543,29.747],[81.537,29.749],[81.534,29.751],[81.529,29.752],[81.523,29.753],[81.518,29.752],[81.515,29.751],[81.512,29.747],[81.511,29.744],[81.512,29.738],[81.513,29.734],[81.515,29.73],[81.519,29.723],[81.521,29.717],[81.523,29.711],[81.522,29.707],[81.52,29.704],[81.518,29.699],[81.517,29.696],[81.518,29.694],[81.52,29.692],[81.52,29.688],[81.519,29.686],[81.518,29.682],[81.517,29.681],[81.516,29.68],[81.513,29.677],[81.508,29.674],[81.503,29.671],[81.499,29.668],[81.494,29.665],[81.49,29.663],[81.484,29.661],[81.479,29.66],[81.473,29.657],[81.469,29.655],[81.461,29.652],[81.456,29.65],[81.453,29.646],[81.449,29.645],[81.445,29.646],[81.44,29.646],[81.436,29.646],[81.434,29.645],[81.432,29.644],[81.429,29.642],[81.428,29.641],[81.426,29.64],[81.424,29.637],[81.424,29.628],[81.423,29.62],[81.423,29.611],[81.422,29.606],[81.42,29.598],[81.418,29.594],[81.415,29.592],[81.411,29.589],[81.404,29.582],[81.403,29.578],[81.401,29.572],[81.401,29.568],[81.403,29.564],[81.402,29.56],[81.4,29.558],[81.397,29.557],[81.392,29.556],[81.384,29.552],[81.382,29.55],[81.38,29.55],[81.374,29.549],[81.37,29.547],[81.367,29.545],[81.364,29.542],[81.361,29.538],[81.357,29.534],[81.353,29.529],[81.35,29.525],[81.346,29.519],[81.342,29.514],[81.339,29.508],[81.337,29.504],[81.335,29.498],[81.331,29.495],[81.323,29.492],[81.318,29.488],[81.317,29.486],[81.317,29.482],[81.316,29.48],[81.312,29.479],[81.309,29.478],[81.305,29.478],[81.3,29.477],[81.296,29.474],[81.294,29.472],[81.295,29.47],[81.297,29.468],[81.301,29.466],[81.305,29.462],[81.307,29.459],[81.306,29.455],[81.303,29.453],[81.299,29.451],[81.295,29.447],[81.291,29.444],[81.287,29.442],[81.281,29.438],[81.277,29.436],[81.274,29.435],[81.268,29.434],[81.265,29.433],[81.263,29.43],[81.261,29.428],[81.261,29.427],[81.26,29.425],[81.259,29.423],[81.257,29.421],[81.256,29.417],[81.254,29.415],[81.251,29.413],[81.25,29.413],[81.247,29.413],[81.243,29.413],[81.239,29.413],[81.235,29.411],[81.233,29.41],[81.231,29.409],[81.229,29.408],[81.225,29.407],[81.22,29.405],[81.218,29.403],[81.215,29.402],[81.213,29.4],[81.208,29.398],[81.205,29.398],[81.201,29.398],[81.197,29.398],[81.192,29.398],[81.189,29.398],[81.186,29.397],[81.184,29.396],[81.183,29.396],[81.181,29.395],[81.18,29.394],[81.178,29.392],[81.177,29.391],[81.176,29.39],[81.175,29.39],[81.173,29.388],[81.171,29.388],[81.168,29.388],[81.166,29.387],[81.164,29.386],[81.162,29.386],[81.16,29.385],[81.158,29.385],[81.157,29.385],[81.156,29.385],[81.152,29.386],[81.15,29.387],[81.149,29.388],[81.145,29.389],[81.142,29.388],[81.141,29.388],[81.139,29.387],[81.138,29.386],[81.135,29.386],[81.133,29.387],[81.133,29.389],[81.133,29.391],[81.134,29.393],[81.134,29.396],[81.134,29.399],[81.134,29.4],[81.133,29.402],[81.132,29.402],[81.128,29.403],[81.126,29.4],[81.125,29.398],[81.124,29.396],[81.122,29.396],[81.118,29.397],[81.116,29.397],[81.114,29.399],[81.112,29.401],[81.11,29.403],[81.108,29.405],[81.104,29.406],[81.1,29.406],[81.096,29.407],[81.091,29.407],[81.086,29.407],[81.082,29.407],[81.077,29.407],[81.073,29.407],[81.068,29.406],[81.065,29.406],[81.061,29.406],[81.054,29.408],[81.05,29.409],[81.046,29.41],[81.044,29.41],[81.04,29.411],[81.038,29.412],[81.035,29.413],[81.032,29.415],[81.027,29.417],[81.024,29.418],[81.02,29.419],[81.017,29.42],[81.012,29.419],[81.01,29.418],[81.008,29.416],[81.005,29.414],[81.002,29.412],[81.0,29.41],[80.997,29.408],[80.992,29.405],[80.986,29.402],[80.981,29.4],[80.975,29.399],[80.968,29.399],[80.962,29.398],[80.955,29.397],[80.95,29.396],[80.944,29.396],[80.94,29.397],[80.939,29.398],[80.937,29.401],[80.936,29.403],[80.935,29.407],[80.934,29.41],[80.934,29.412],[80.933,29.414],[80.933,29.417],[80.932,29.418],[80.931,29.42],[80.929,29.423],[80.927,29.424],[80.925,29.426],[80.922,29.428],[80.922,29.428],[80.921,29.429],[80.92,29.431],[80.918,29.432],[80.917,29.436],[80.915,29.438],[80.914,29.439],[80.912,29.439],[80.912,29.439],[80.912,29.44],[80.91,29.442],[80.91,29.443],[80.909,29.443],[80.908,29.443],[80.906,29.443],[80.905,29.443],[80.904,29.443],[80.903,29.443],[80.902,29.443],[80.9,29.443],[80.899,29.443],[80.898,29.443],[80.896,29.442],[80.895,29.442],[80.892,29.442],[80.89,29.441],[80.889,29.441],[80.887,29.443],[80.884,29.446],[80.883,29.448],[80.883,29.45],[80.882,29.452],[80.881,29.454],[80.88,29.457],[80.879,29.46],[80.878,29.461],[80.875,29.463],[80.873,29.464],[80.871,29.465],[80.869,29.465],[80.867,29.466],[80.865,29.466],[80.863,29.467],[80.859,29.47],[80.857,29.472],[80.855,29.474],[80.853,29.478],[80.852,29.48],[80.851,29.482],[80.85,29.484],[80.85,29.485],[80.848,29.488],[80.845,29.489],[80.842,29.49],[80.838,29.492],[80.835,29.494],[80.832,29.496],[80.829,29.498],[80.824,29.5],[80.821,29.501],[80.818,29.5],[80.815,29.499],[80.814,29.499],[80.811,29.498],[80.808,29.498],[80.806,29.497],[80.803,29.497],[80.8,29.496],[80.798,29.496],[80.795,29.497],[80.794,29.497],[80.793,29.498],[80.792,29.501],[80.79,29.503],[80.789,29.505],[80.787,29.509],[80.786,29.511],[80.784,29.514],[80.784,29.516],[80.782,29.519],[80.781,29.52],[80.779,29.522],[80.778,29.524],[80.777,29.524],[80.774,29.526],[80.773,29.526],[80.771,29.526],[80.769,29.526],[80.767,29.527],[80.765,29.527],[80.764,29.527],[80.761,29.527],[80.757,29.529],[80.755,29.529],[80.753,29.53],[80.751,29.531],[80.749,29.532],[80.748,29.534],[80.745,29.536],[80.744,29.537],[80.744,29.54],[80.744,29.542],[80.744,29.543],[80.745,29.546],[80.747,29.548],[80.748,29.55],[80.751,29.553],[80.752,29.553],[80.754,29.554],[80.757,29.555],[80.759,29.555],[80.762,29.554],[80.764,29.553],[80.768,29.552],[80.771,29.552],[80.774,29.553],[80.774,29.553],[80.775,29.554],[80.776,29.556],[80.777,29.558],[80.777,29.56],[80.778,29.563],[80.779,29.565],[80.779,29.566],[80.779,29.569],[80.78,29.571],[80.779,29.574],[80.779,29.576],[80.779,29.58],[80.779,29.582],[80.78,29.584],[80.781,29.585],[80.782,29.589],[80.784,29.592],[80.786,29.596],[80.786,29.599],[80.787,29.601],[80.788,29.603],[80.788,29.605],[80.789,29.607],[80.789,29.611],[80.789,29.615],[80.787,29.618],[80.786,29.62],[80.785,29.623],[80.784,29.626],[80.783,29.629],[80.783,29.631],[80.782,29.633],[80.782,29.636],[80.781,29.638],[80.78,29.64],[80.779,29.641],[80.777,29.642],[80.774,29.643],[80.771,29.644],[80.768,29.646],[80.765,29.648],[80.764,29.65],[80.764,29.653],[80.764,29.654],[80.764,29.657],[80.765,29.659],[80.766,29.661],[80.767,29.662],[80.768,29.663],[80.769,29.664],[80.77,29.666],[80.772,29.668],[80.774,29.67],[80.775,29.672],[80.776,29.674],[80.776,29.675],[80.777,29.676],[80.778,29.677],[80.779,29.678],[80.781,29.679],[80.782,29.68],[80.783,29.68],[80.786,29.681],[80.788,29.681],[80.79,29.682],[80.792,29.683],[80.793,29.684],[80.794,29.685],[80.795,29.686],[80.799,29.687],[80.801,29.687],[80.802,29.687],[80.803,29.686],[80.805,29.685],[80.809,29.684],[80.814,29.684],[80.815,29.684],[80.816,29.684],[80.818,29.685],[80.821,29.686],[80.822,29.686],[80.825,29.685],[80.828,29.687],[80.829,29.688],[80.831,29.689],[80.833,29.69],[80.836,29.689],[80.838,29.688],[80.84,29.688],[80.842,29.687],[80.844,29.688],[80.846,29.689],[80.848,29.691],[80.849,29.692],[80.851,29.693],[80.853,29.694],[80.856,29.695],[80.858,29.695],[80.86,29.696],[80.861,29.697],[80.863,29.698],[80.864,29.7],[80.865,29.702],[80.866,29.704],[80.868,29.705],[80.869,29.706],[80.871,29.707],[80.874,29.709],[80.876,29.711],[80.879,29.711],[80.881,29.712],[80.882,29.712],[80.885,29.713],[80.888,29.713],[80.891,29.714],[80.892,29.715],[80.895,29.717],[80.899,29.719],[80.901,29.72],[80.904,29.721],[80.906,29.722],[80.908,29.723],[80.91,29.724],[80.911,29.724],[80.913,29.724],[80.914,29.724],[80.915,29.724],[80.917,29.724],[80.918,29.724],[80.92,29.724],[80.922,29.724],[80.925,29.725],[80.928,29.727],[80.93,29.728],[80.932,29.729],[80.934,29.731],[80.936,29.733],[80.938,29.734],[80.94,29.735],[80.941,29.735],[80.943,29.735],[80.946,29.735],[80.949,29.734],[80.951,29.733],[80.953,29.732],[80.955,29.729],[80.957,29.727],[80.958,29.726],[80.961,29.725],[80.963,29.724],[80.966,29.723],[80.969,29.723],[80.972,29.722],[80.973,29.722],[80.976,29.722],[80.977,29.722],[80.977,29.723],[80.978,29.724],[80.979,29.726],[80.982,29.729],[80.984,29.731],[80.986,29.733],[80.987,29.735],[80.988,29.738],[80.99,29.74],[80.991,29.74],[80.994,29.741],[80.998,29.742],[81.001,29.742],[81.004,29.742],[81.008,29.743],[81.01,29.743],[81.013,29.744],[81.015,29.744],[81.017,29.745],[81.02,29.746],[81.021,29.746],[81.024,29.746],[81.028,29.745],[81.03,29.744],[81.032,29.744],[81.034,29.744],[81.036,29.744],[81.036,29.745],[81.038,29.746],[81.04,29.748],[81.042,29.75],[81.045,29.751],[81.047,29.752],[81.049,29.753],[81.051,29.754],[81.053,29.755],[81.056,29.757],[81.058,29.758],[81.059,29.759],[81.062,29.762],[81.064,29.765],[81.064,29.768],[81.064,29.771],[81.064,29.772],[81.065,29.775],[81.065,29.778],[81.065,29.78],[81.065,29.784],[81.064,29.787],[81.064,29.79],[81.065,29.792],[81.066,29.793],[81.068,29.796],[81.069,29.797],[81.069,29.8],[81.069,29.803],[81.07,29.806],[81.072,29.811],[81.072,29.815],[81.072,29.817],[81.072,29.82],[81.072,29.822],[81.072,29.824],[81.071,29.825],[81.07,29.826],[81.068,29.827],[81.067,29.827],[81.065,29.828],[81.063,29.828],[81.061,29.829],[81.06,29.83],[81.057,29.831],[81.054,29.833],[81.051,29.836],[81.048,29.837],[81.045,29.839],[81.042,29.842],[81.041,29.845],[81.041,29.847],[81.041,29.849],[81.04,29.851],[81.04,29.854],[81.04,29.857],[81.04,29.859],[81.039,29.862],[81.038,29.864],[81.038,29.866],[81.039,29.868],[81.04,29.869],[81.04,29.87],[81.041,29.872],[81.04,29.879],[81.041,29.882],[81.042,29.883],[81.041,29.885],[81.038,29.887],[81.036,29.89],[81.034,29.893],[81.033,29.896],[81.032,29.899],[81.03,29.901],[81.03,29.904],[81.029,29.906],[81.028,29.909],[81.026,29.91],[81.02,29.913],[81.018,29.914],[81.017,29.916],[81.013,29.919],[81.01,29.922],[81.008,29.924],[81.007,29.925],[81.005,29.927],[81.003,29.931],[81.003,29.932],[81.004,29.933],[81.005,29.935],[81.006,29.936],[81.006,29.937],[81.007,29.938],[81.008,29.939],[81.01,29.941],[81.013,29.944],[81.015,29.947],[81.016,29.948],[81.018,29.95],[81.02,29.954],[81.021,29.958],[81.022,29.96],[81.021,29.963],[81.021,29.964],[81.02,29.965],[81.021,29.967],[81.021,29.969],[81.021,29.971],[81.021,29.974],[81.019,29.976],[81.018,29.978],[81.017,29.98],[81.019,29.982],[81.02,29.983],[81.022,29.983],[81.023,29.984],[81.025,29.985],[81.027,29.986],[81.028,29.987],[81.029,29.988],[81.03,29.99],[81.03,29.991],[81.032,29.994],[81.035,29.997],[81.036,30.0],[81.037,30.001],[81.037,30.003],[81.037,30.005],[81.037,30.007],[81.038,30.009],[81.038,30.011],[81.039,30.012],[81.039,30.014],[81.041,30.015],[81.043,30.017],[81.046,30.019],[81.048,30.021],[81.05,30.022],[81.051,30.023],[81.052,30.024],[81.054,30.025],[81.055,30.026],[81.055,30.027],[81.057,30.029],[81.059,30.031],[81.061,30.034],[81.063,30.035],[81.065,30.039],[81.068,30.041],[81.071,30.044],[81.073,30.045],[81.076,30.047],[81.08,30.048],[81.083,30.05],[81.086,30.053],[81.088,30.054],[81.089,30.055],[81.091,30.055],[81.093,30.055]]]}},{"type":"Feature","properties":{"id":"Bajura","name":"Bajura","hq":"Martadi","province_id":7,"province":"Sudurpashchim","level":"district"},"geometry":{"type":"Polygon","coordinates":[[[81.509,29.896],[81.512,29.898],[81.514,29.899],[81.515,29.9],[81.516,29.901],[81.518,29.902],[81.518,29.903],[81.518,29.904],[81.518,29.905],[81.518,29.906],[81.517,29.907],[81.517,29.907],[81.516,29.909],[81.515,29.91],[81.515,29.912],[81.514,29.913],[81.514,29.915],[81.514,29.916],[81.515,29.917],[81.515,29.918],[81.516,29.919],[81.516,29.919],[81.516,29.92],[81.517,29.922],[81.519,29.924],[81.521,29.924],[81.525,29.925],[81.528,29.925],[81.529,29.925],[81.533,29.926],[81.534,29.926],[81.535,29.926],[81.536,29.926],[81.541,29.926],[81.541,29.926],[81.543,29.927],[81.545,29.926],[81.547,29.926],[81.548,29.925],[81.549,29.925],[81.551,29.925],[81.554,29.925],[81.555,29.925],[81.556,29.926],[81.559,29.926],[81.56,29.927],[81.561,29.927],[81.562,29.928],[81.562,29.928],[81.565,29.93],[81.567,29.931],[81.57,29.933],[81.572,29.934],[81.573,29.935],[81.577,29.936],[81.58,29.937],[81.582,29.937],[81.583,29.938],[81.584,29.938],[81.585,29.939],[81.587,29.939],[81.588,29.938],[81.589,29.936],[81.59,29.935],[81.591,29.934],[81.592,29.933],[81.594,29.932],[81.598,29.932],[81.602,29.933],[81.604,29.934],[81.605,29.935],[81.605,29.935],[81.606,29.936],[81.607,29.937],[81.608,29.937],[81.61,29.939],[81.611,29.94],[81.612,29.941],[81.614,29.941],[81.616,29.942],[81.616,29.942],[81.618,29.941],[81.619,29.941],[81.619,29.941],[81.621,29.94],[81.624,29.94],[81.627,29.94],[81.629,29.94],[81.63,29.94],[81.632,29.94],[81.633,29.941],[81.634,29.941],[81.635,29.942],[81.636,29.942],[81.638,29.943],[81.639,29.944],[81.64,29.945],[81.641,29.945],[81.642,29.946],[81.642,29.946],[81.643,29.947],[81.644,29.947],[81.644,29.948],[81.645,29.948],[81.645,29.948],[81.647,29.948],[81.647,29.948],[81.648,29.947],[81.649,29.947],[81.649,29.947],[81.651,29.945],[81.651,29.945],[81.652,29.945],[81.654,29.944],[81.655,29.944],[81.656,29.944],[81.658,29.943],[81.659,29.943],[81.66,29.943],[81.663,29.943],[81.665,29.942],[81.666,29.942],[81.67,29.941],[81.672,29.941],[81.674,29.941],[81.676,29.942],[81.677,29.943],[81.68,29.945],[81.682,29.946],[81.684,29.947],[81.687,29.949],[81.688,29.95],[81.691,29.949],[81.694,29.948],[81.696,29.946],[81.697,29.945],[81.698,29.943],[81.699,29.941],[81.699,29.939],[81.699,29.938],[81.699,29.935],[81.701,29.933],[81.704,29.931],[81.707,29.929],[81.708,29.928],[81.711,29.927],[81.712,29.925],[81.713,29.921],[81.714,29.919],[81.716,29.915],[81.717,29.914],[81.718,29.913],[81.719,29.913],[81.721,29.912],[81.722,29.912],[81.724,29.913],[81.725,29.913],[81.727,29.913],[81.73,29.913],[81.732,29.913],[81.735,29.912],[81.737,29.911],[81.739,29.911],[81.741,29.91],[81.742,29.91],[81.743,29.91],[81.743,29.909],[81.745,29.909],[81.746,29.909],[81.747,29.909],[81.748,29.909],[81.751,29.909],[81.752,29.908],[81.753,29.907],[81.755,29.907],[81.756,29.908],[81.758,29.908],[81.759,29.909],[81.761,29.91],[81.762,29.91],[81.764,29.911],[81.768,29.911],[81.771,29.911],[81.774,29.911],[81.779,29.912],[81.783,29.912],[81.784,29.912],[81.786,29.912],[81.788,29.911],[81.791,29.91],[81.793,29.91],[81.795,29.909],[81.796,29.908],[81.797,29.907],[81.799,29.906],[81.8,29.904],[81.8,29.903],[81.8,29.9],[81.798,29.898],[81.797,29.898],[81.797,29.896],[81.797,29.894],[81.798,29.891],[81.799,29.887],[81.799,29.885],[81.8,29.882],[81.8,29.879],[81.799,29.876],[81.798,29.871],[81.798,29.867],[81.796,29.863],[81.795,29.859],[81.795,29.856],[81.795,29.854],[81.795,29.853],[81.795,29.851],[81.795,29.849],[81.793,29.846],[81.791,29.844],[81.786,29.842],[81.785,29.841],[81.783,29.841],[81.781,29.84],[81.778,29.84],[81.776,29.839],[81.774,29.839],[81.772,29.839],[81.771,29.84],[81.769,29.84],[81.767,29.841],[81.766,29.841],[81.765,29.842],[81.764,29.843],[81.763,29.844],[81.761,29.844],[81.76,29.845],[81.758,29.845],[81.756,29.844],[81.755,29.844],[81.754,29.843],[81.755,29.841],[81.756,29.839],[81.756,29.837],[81.756,29.836],[81.756,29.835],[81.756,29.834],[81.756,29.834],[81.756,29.832],[81.757,29.83],[81.757,29.829],[81.757,29.827],[81.757,29.825],[81.757,29.824],[81.756,29.822],[81.755,29.82],[81.754,29.819],[81.752,29.817],[81.751,29.817],[81.75,29.817],[81.749,29.816],[81.748,29.815],[81.747,29.815],[81.746,29.813],[81.745,29.811],[81.744,29.809],[81.743,29.806],[81.742,29.805],[81.74,29.802],[81.739,29.799],[81.74,29.797],[81.741,29.796],[81.742,29.793],[81.743,29.788],[81.743,29.786],[81.742,29.783],[81.739,29.777],[81.736,29.774],[81.733,29.771],[81.733,29.771],[81.733,29.769],[81.733,29.767],[81.733,29.764],[81.733,29.762],[81.733,29.76],[81.732,29.758],[81.732,29.756],[81.731,29.754],[81.731,29.753],[81.731,29.75],[81.731,29.75],[81.731,29.75],[81.73,29.747],[81.73,29.744],[81.73,29.741],[81.731,29.736],[81.731,29.731],[81.729,29.73],[81.725,29.727],[81.72,29.724],[81.718,29.722],[81.716,29.719],[81.715,29.715],[81.714,29.711],[81.713,29.707],[81.712,29.704],[81.711,29.696],[81.709,29.694],[81.708,29.69],[81.705,29.686],[81.703,29.682],[81.702,29.676],[81.702,29.671],[81.702,29.67],[81.703,29.665],[81.704,29.657],[81.705,29.653],[81.705,29.648],[81.705,29.646],[81.705,29.645],[81.705,29.645],[81.706,29.643],[81.706,29.642],[81.707,29.641],[81.707,29.64],[81.708,29.639],[81.709,29.638],[81.71,29.637],[81.711,29.636],[81.711,29.635],[81.713,29.632],[81.714,29.631],[81.714,29.63],[81.715,29.629],[81.715,29.628],[81.716,29.627],[81.717,29.626],[81.719,29.625],[81.721,29.623],[81.723,29.621],[81.724,29.619],[81.725,29.619],[81.726,29.618],[81.727,29.617],[81.729,29.617],[81.73,29.617],[81.732,29.615],[81.735,29.613],[81.737,29.611],[81.738,29.61],[81.739,29.609],[81.741,29.607],[81.743,29.606],[81.744,29.606],[81.745,29.606],[81.746,29.606],[81.747,29.606],[81.749,29.606],[81.75,29.605],[81.751,29.605],[81.753,29.605],[81.755,29.605],[81.758,29.605],[81.759,29.605],[81.761,29.605],[81.763,29.605],[81.766,29.605],[81.769,29.605],[81.77,29.605],[81.772,29.605],[81.774,29.605],[81.775,29.604],[81.776,29.604],[81.777,29.603],[81.778,29.603],[81.779,29.602],[81.779,29.602],[81.779,29.602],[81.779,29.599],[81.784,29.597],[81.789,29.595],[81.791,29.594],[81.795,29.588],[81.797,29.582],[81.8,29.576],[81.8,29.567],[81.8,29.554],[81.798,29.55],[81.794,29.539],[81.793,29.536],[81.793,29.532],[81.792,29.529],[81.791,29.526],[81.788,29.524],[81.785,29.522],[81.785,29.521],[81.784,29.518],[81.783,29.514],[81.782,29.508],[81.782,29.507],[81.783,29.507],[81.784,29.506],[81.786,29.503],[81.788,29.499],[81.79,29.497],[81.791,29.495],[81.795,29.49],[81.797,29.486],[81.8,29.479],[81.802,29.476],[81.805,29.471],[81.806,29.467],[81.807,29.462],[81.807,29.46],[81.807,29.457],[81.808,29.455],[81.808,29.452],[81.808,29.45],[81.807,29.448],[81.808,29.444],[81.808,29.44],[81.809,29.436],[81.808,29.433],[81.807,29.429],[81.806,29.426],[81.805,29.424],[81.803,29.422],[81.8,29.418],[81.799,29.414],[81.797,29.41],[81.795,29.407],[81.794,29.405],[81.791,29.402],[81.789,29.4],[81.787,29.395],[81.784,29.392],[81.782,29.39],[81.78,29.389],[81.779,29.387],[81.776,29.383],[81.775,29.381],[81.775,29.38],[81.775,29.379],[81.775,29.378],[81.774,29.376],[81.773,29.375],[81.771,29.373],[81.769,29.371],[81.768,29.37],[81.766,29.368],[81.765,29.366],[81.763,29.364],[81.761,29.362],[81.76,29.36],[81.759,29.358],[81.758,29.357],[81.757,29.355],[81.756,29.353],[81.755,29.351],[81.753,29.35],[81.75,29.348],[81.747,29.346],[81.745,29.342],[81.746,29.34],[81.746,29.339],[81.748,29.338],[81.748,29.335],[81.745,29.332],[81.738,29.332],[81.736,29.332],[81.732,29.332],[81.728,29.332],[81.723,29.332],[81.719,29.331],[81.715,29.329],[81.711,29.329],[81.707,29.329],[81.703,29.328],[81.698,29.327],[81.694,29.325],[81.692,29.322],[81.688,29.32],[81.686,29.319],[81.685,29.319],[81.683,29.32],[81.664,29.318],[81.661,29.318],[81.659,29.318],[81.655,29.32],[81.652,29.323],[81.65,29.325],[81.646,29.328],[81.644,29.332],[81.644,29.336],[81.645,29.34],[81.645,29.345],[81.646,29.349],[81.645,29.354],[81.644,29.357],[81.641,29.36],[81.637,29.363],[81.633,29.366],[81.629,29.369],[81.626,29.369],[81.62,29.369],[81.616,29.369],[81.611,29.368],[81.607,29.367],[81.603,29.366],[81.598,29.364],[81.596,29.364],[81.591,29.364],[81.587,29.364],[81.584,29.363],[81.581,29.362],[81.577,29.359],[81.574,29.356],[81.572,29.351],[81.57,29.349],[81.568,29.347],[81.563,29.351],[81.561,29.354],[81.558,29.355],[81.555,29.353],[81.553,29.351],[81.551,29.345],[81.549,29.341],[81.547,29.337],[81.546,29.334],[81.543,29.332],[81.541,29.331],[81.538,29.329],[81.533,29.326],[81.53,29.322],[81.527,29.319],[81.525,29.316],[81.522,29.314],[81.517,29.313],[81.512,29.311],[81.509,29.31],[81.507,29.306],[81.506,29.302],[81.504,29.297],[81.502,29.294],[81.5,29.292],[81.497,29.289],[81.494,29.286],[81.492,29.284],[81.489,29.281],[81.486,29.279],[81.485,29.278],[81.482,29.277],[81.479,29.275],[81.475,29.272],[81.472,29.27],[81.469,29.271],[81.468,29.272],[81.467,29.273],[81.466,29.274],[81.465,29.275],[81.463,29.276],[81.462,29.276],[81.46,29.278],[81.457,29.279],[81.453,29.282],[81.45,29.283],[81.447,29.284],[81.443,29.284],[81.44,29.284],[81.437,29.284],[81.434,29.284],[81.432,29.283],[81.429,29.282],[81.427,29.281],[81.424,29.279],[81.42,29.277],[81.418,29.278],[81.415,29.279],[81.413,29.28],[81.411,29.28],[81.409,29.281],[81.404,29.281],[81.4,29.281],[81.395,29.284],[81.393,29.289],[81.392,29.292],[81.39,29.295],[81.389,29.297],[81.386,29.298],[81.382,29.301],[81.378,29.303],[81.373,29.306],[81.368,29.31],[81.365,29.313],[81.361,29.316],[81.354,29.322],[81.35,29.325],[81.346,29.328],[81.342,29.329],[81.338,29.329],[81.335,29.328],[81.331,29.326],[81.327,29.324],[81.325,29.323],[81.323,29.322],[81.32,29.32],[81.319,29.321],[81.318,29.321],[81.317,29.322],[81.316,29.322],[81.315,29.323],[81.314,29.323],[81.312,29.323],[81.311,29.322],[81.31,29.321],[81.31,29.321],[81.309,29.32],[81.308,29.32],[81.306,29.32],[81.305,29.32],[81.304,29.319],[81.303,29.318],[81.303,29.317],[81.303,29.316],[81.302,29.315],[81.302,29.314],[81.301,29.313],[81.3,29.313],[81.299,29.313],[81.297,29.313],[81.297,29.313],[81.297,29.312],[81.297,29.311],[81.297,29.31],[81.297,29.309],[81.296,29.308],[81.295,29.307],[81.294,29.307],[81.292,29.307],[81.291,29.307],[81.29,29.307],[81.289,29.307],[81.288,29.306],[81.286,29.306],[81.285,29.306],[81.284,29.306],[81.283,29.306],[81.282,29.305],[81.281,29.304],[81.28,29.303],[81.279,29.303],[81.278,29.302],[81.278,29.301],[81.277,29.301],[81.275,29.3],[81.274,29.3],[81.273,29.299],[81.273,29.3],[81.272,29.301],[81.271,29.302],[81.271,29.303],[81.27,29.304],[81.269,29.305],[81.269,29.306],[81.268,29.307],[81.267,29.307],[81.267,29.308],[81.266,29.309],[81.265,29.31],[81.265,29.311],[81.264,29.312],[81.264,29.313],[81.263,29.314],[81.263,29.315],[81.262,29.316],[81.261,29.317],[81.261,29.318],[81.261,29.319],[81.26,29.32],[81.26,29.321],[81.259,29.322],[81.259,29.323],[81.258,29.324],[81.258,29.325],[81.258,29.326],[81.258,29.327],[81.259,29.328],[81.259,29.329],[81.26,29.33],[81.26,29.331],[81.261,29.332],[81.261,29.333],[81.261,29.334],[81.261,29.335],[81.261,29.336],[81.26,29.337],[81.259,29.338],[81.259,29.339],[81.258,29.34],[81.257,29.341],[81.257,29.341],[81.256,29.342],[81.256,29.343],[81.255,29.344],[81.254,29.345],[81.254,29.346],[81.253,29.347],[81.252,29.348],[81.252,29.349],[81.251,29.35],[81.251,29.351],[81.251,29.352],[81.25,29.353],[81.248,29.353],[81.247,29.354],[81.246,29.354],[81.245,29.354],[81.244,29.354],[81.243,29.354],[81.241,29.354],[81.24,29.354],[81.24,29.355],[81.239,29.356],[81.238,29.357],[81.237,29.357],[81.236,29.358],[81.235,29.358],[81.234,29.358],[81.233,29.359],[81.232,29.36],[81.231,29.36],[81.23,29.361],[81.229,29.361],[81.227,29.362],[81.226,29.362],[81.225,29.363],[81.224,29.363],[81.223,29.363],[81.222,29.363],[81.221,29.363],[81.219,29.363],[81.218,29.363],[81.217,29.363],[81.216,29.363],[81.214,29.364],[81.213,29.364],[81.212,29.364],[81.211,29.364],[81.21,29.365],[81.209,29.365],[81.207,29.366],[81.206,29.366],[81.205,29.366],[81.204,29.366],[81.203,29.367],[81.202,29.367],[81.201,29.368],[81.2,29.369],[81.199,29.369],[81.198,29.37],[81.197,29.371],[81.196,29.372],[81.196,29.372],[81.195,29.373],[81.194,29.374],[81.193,29.375],[81.193,29.376],[81.192,29.377],[81.191,29.378],[81.191,29.379],[81.19,29.38],[81.19,29.381],[81.189,29.382],[81.188,29.382],[81.188,29.383],[81.187,29.384],[81.187,29.385],[81.186,29.386],[81.185,29.387],[81.184,29.387],[81.183,29.388],[81.182,29.388],[81.18,29.389],[81.176,29.39],[81.177,29.391],[81.178,29.392],[81.18,29.394],[81.181,29.395],[81.183,29.396],[81.184,29.396],[81.186,29.397],[81.189,29.398],[81.192,29.398],[81.197,29.398],[81.201,29.398],[81.205,29.398],[81.208,29.398],[81.213,29.4],[81.215,29.402],[81.218,29.403],[81.22,29.405],[81.225,29.407],[81.229,29.408],[81.231,29.409],[81.233,29.41],[81.235,29.411],[81.239,29.413],[81.243,29.413],[81.247,29.413],[81.25,29.413],[81.251,29.413],[81.254,29.415],[81.256,29.417],[81.257,29.421],[81.259,29.423],[81.26,29.425],[81.261,29.427],[81.261,29.428],[81.263,29.43],[81.265,29.433],[81.268,29.434],[81.274,29.435],[81.277,29.436],[81.281,29.438],[81.287,29.442],[81.291,29.444],[81.295,29.447],[81.299,29.451],[81.303,29.453],[81.306,29.455],[81.307,29.459],[81.305,29.462],[81.301,29.466],[81.297,29.468],[81.295,29.47],[81.294,29.472],[81.296,29.474],[81.3,29.477],[81.305,29.478],[81.309,29.478],[81.312,29.479],[81.316,29.48],[81.317,29.482],[81.317,29.486],[81.318,29.488],[81.323,29.492],[81.331,29.495],[81.335,29.498],[81.337,29.504],[81.339,29.508],[81.342,29.514],[81.346,29.519],[81.35,29.525],[81.353,29.529],[81.357,29.534],[81.361,29.538],[81.364,29.542],[81.367,29.545],[81.37,29.547],[81.374,29.549],[81.38,29.55],[81.382,29.55],[81.384,29.552],[81.392,29.556],[81.397,29.557],[81.4,29.558],[81.402,29.56],[81.403,29.564],[81.401,29.568],[81.401,29.572],[81.403,29.578],[81.404,29.582],[81.411,29.589],[81.415,29.592],[81.418,29.594],[81.42,29.598],[81.422,29.606],[81.423,29.611],[81.423,29.62],[81.424,29.628],[81.424,29.637],[81.426,29.64],[81.428,29.641],[81.429,29.642],[81.432,29.644],[81.434,29.645],[81.436,29.646],[81.44,29.646],[81.445,29.646],[81.449,29.645],[81.453,29.646],[81.456,29.65],[81.461,29.652],[81.469,29.655],[81.473,29.657],[81.479,29.66],[81.484,29.661],[81.49,29.663],[81.494,29.665],[81.499,29.668],[81.503,29.671],[81.508,29.674],[81.513,29.677],[81.516,29.68],[81.517,29.681],[81.518,29.682],[81.519,29.686],[81.52,29.688],[81.52,29.692],[81.518,29.694],[81.517,29.696],[81.518,29.699],[81.52,29.704],[81.522,29.707],[81.523,29.711],[81.521,29.717],[81.519,29.723],[81.515,29.73],[81.513,29.734],[81.512,29.738],[81.511,29.744],[81.512,29.747],[81.515,29.751],[81.518,29.752],[81.523,29.753],[81.529,29.752],[81.534,29.751],[81.537,29.749],[81.543,29.747],[81.546,29.748],[81.549,29.751],[81.554,29.756],[81.558,29.761],[81.562,29.767],[81.561,29.772],[81.558,29.778],[81.555,29.781],[81.553,29.785],[81.551,29.787],[81.55,29.789],[81.548,29.793],[81.548,29.797],[81.55,29.8],[81.551,29.803],[81.554,29.806],[81.557,29.809],[81.559,29.812],[81.56,29.816],[81.561,29.821],[81.562,29.828],[81.563,29.836],[81.565,29.842],[81.565,29.848],[81.564,29.851],[81.563,29.854],[81.56,29.858],[81.557,29.865],[81.554,29.868],[81.551,29.872],[81.547,29.876],[81.542,29.88],[81.539,29.882],[81.535,29.883],[81.532,29.884],[81.53,29.885],[81.527,29.885],[81.523,29.886],[81.521,29.886],[81.52,29.886],[81.518,29.887],[81.516,29.887],[81.514,29.888],[81.513,29.889],[81.51,29.892],[81.509,29.893],[81.509,29.894],[81.508,29.895],[81.509,29.896]]]}},{"type":"Feature","properties":{"id":"Kanchanpur","name":"Kanchanpur","hq":"Bhimdatta","province_id":7,"province":"Sudurpashchim","level":"district"},"geometry":{"type":"Polygon","coordinates":[[[80.504,28.995],[80.504,28.988],[80.503,28.98],[80.506,28.971],[80.508,28.965],[80.512,28.959],[80.517,28.957],[80.518,28.953],[80.519,28.948],[80.517,28.943],[80.517,28.938],[80.519,28.933],[80.519,28.929],[80.515,28.922],[80.511,28.918],[80.506,28.913],[80.501,28.906],[80.499,28.901],[80.497,28.896],[80.497,28.89],[80.496,28.884],[80.497,28.875],[80.499,28.869],[80.501,28.862],[80.503,28.854],[80.504,28.85],[80.506,28.846],[80.509,28.837],[80.515,28.832],[80.515,28.832],[80.518,28.828],[80.516,28.822],[80.514,28.818],[80.514,28.815],[80.518,28.811],[80.522,28.809],[80.527,28.807],[80.531,28.802],[80.535,28.796],[80.541,28.792],[80.545,28.787],[80.549,28.782],[80.55,28.777],[80.547,28.774],[80.542,28.771],[80.541,28.769],[80.54,28.765],[80.541,28.762],[80.543,28.758],[80.549,28.754],[80.553,28.751],[80.554,28.745],[80.551,28.742],[80.547,28.74],[80.543,28.738],[80.542,28.736],[80.545,28.732],[80.551,28.729],[80.558,28.725],[80.561,28.723],[80.558,28.721],[80.555,28.72],[80.554,28.719],[80.555,28.717],[80.558,28.716],[80.557,28.714],[80.554,28.713],[80.551,28.713],[80.548,28.714],[80.546,28.716],[80.545,28.718],[80.542,28.714],[80.542,28.709],[80.546,28.699],[80.55,28.692],[80.55,28.691],[80.548,28.691],[80.547,28.691],[80.546,28.69],[80.545,28.69],[80.544,28.69],[80.542,28.69],[80.54,28.689],[80.539,28.689],[80.537,28.688],[80.535,28.687],[80.533,28.686],[80.532,28.685],[80.531,28.684],[80.529,28.684],[80.528,28.683],[80.526,28.682],[80.524,28.681],[80.523,28.679],[80.521,28.678],[80.519,28.678],[80.517,28.676],[80.514,28.675],[80.513,28.674],[80.511,28.672],[80.509,28.671],[80.508,28.67],[80.506,28.668],[80.505,28.666],[80.504,28.665],[80.503,28.664],[80.503,28.662],[80.503,28.661],[80.503,28.66],[80.503,28.659],[80.503,28.657],[80.504,28.655],[80.505,28.653],[80.506,28.651],[80.506,28.648],[80.507,28.647],[80.507,28.646],[80.507,28.644],[80.508,28.642],[80.508,28.64],[80.508,28.637],[80.509,28.636],[80.509,28.634],[80.509,28.634],[80.509,28.631],[80.51,28.629],[80.511,28.627],[80.511,28.624],[80.511,28.622],[80.512,28.62],[80.514,28.616],[80.514,28.614],[80.514,28.612],[80.514,28.611],[80.515,28.608],[80.515,28.608],[80.515,28.607],[80.515,28.605],[80.516,28.604],[80.516,28.603],[80.517,28.602],[80.517,28.6],[80.517,28.598],[80.517,28.595],[80.518,28.591],[80.518,28.589],[80.519,28.588],[80.518,28.587],[80.518,28.585],[80.519,28.582],[80.52,28.581],[80.522,28.578],[80.524,28.577],[80.525,28.576],[80.526,28.576],[80.527,28.575],[80.529,28.573],[80.53,28.572],[80.531,28.57],[80.531,28.568],[80.53,28.565],[80.529,28.564],[80.528,28.562],[80.527,28.558],[80.525,28.557],[80.525,28.556],[80.524,28.555],[80.522,28.554],[80.521,28.554],[80.519,28.553],[80.518,28.553],[80.517,28.553],[80.516,28.553],[80.515,28.553],[80.514,28.554],[80.513,28.556],[80.512,28.56],[80.512,28.561],[80.511,28.564],[80.51,28.565],[80.508,28.567],[80.506,28.568],[80.505,28.569],[80.503,28.569],[80.502,28.57],[80.5,28.57],[80.499,28.571],[80.499,28.572],[80.499,28.574],[80.499,28.575],[80.498,28.577],[80.497,28.579],[80.495,28.58],[80.491,28.581],[80.489,28.582],[80.488,28.582],[80.487,28.583],[80.486,28.584],[80.484,28.585],[80.481,28.585],[80.479,28.585],[80.477,28.584],[80.475,28.584],[80.474,28.585],[80.474,28.587],[80.475,28.589],[80.475,28.59],[80.476,28.591],[80.475,28.593],[80.474,28.594],[80.473,28.595],[80.472,28.596],[80.471,28.597],[80.47,28.597],[80.469,28.598],[80.468,28.599],[80.467,28.601],[80.466,28.603],[80.465,28.605],[80.464,28.609],[80.463,28.612],[80.462,28.616],[80.461,28.618],[80.459,28.62],[80.459,28.621],[80.458,28.622],[80.455,28.624],[80.454,28.625],[80.452,28.626],[80.451,28.628],[80.449,28.629],[80.446,28.63],[80.444,28.631],[80.442,28.632],[80.438,28.634],[80.435,28.635],[80.432,28.636],[80.429,28.636],[80.427,28.637],[80.425,28.637],[80.424,28.637],[80.422,28.636],[80.421,28.636],[80.419,28.635],[80.417,28.635],[80.416,28.634],[80.414,28.634],[80.412,28.634],[80.411,28.634],[80.409,28.634],[80.407,28.634],[80.404,28.634],[80.403,28.633],[80.401,28.633],[80.399,28.632],[80.395,28.632],[80.393,28.631],[80.391,28.63],[80.388,28.629],[80.385,28.629],[80.381,28.628],[80.378,28.628],[80.376,28.628],[80.375,28.628],[80.373,28.627],[80.371,28.627],[80.37,28.628],[80.368,28.628],[80.367,28.629],[80.365,28.63],[80.363,28.631],[80.361,28.633],[80.36,28.634],[80.358,28.636],[80.358,28.636],[80.358,28.637],[80.357,28.639],[80.357,28.64],[80.357,28.643],[80.356,28.645],[80.354,28.647],[80.352,28.649],[80.35,28.65],[80.349,28.651],[80.347,28.653],[80.345,28.655],[80.343,28.656],[80.34,28.657],[80.337,28.659],[80.334,28.66],[80.331,28.661],[80.329,28.662],[80.326,28.664],[80.324,28.665],[80.323,28.666],[80.322,28.668],[80.321,28.67],[80.321,28.673],[80.321,28.674],[80.321,28.675],[80.32,28.677],[80.32,28.68],[80.32,28.682],[80.32,28.684],[80.32,28.686],[80.32,28.689],[80.32,28.69],[80.319,28.693],[80.318,28.695],[80.316,28.696],[80.316,28.697],[80.315,28.698],[80.314,28.699],[80.312,28.7],[80.31,28.7],[80.308,28.701],[80.306,28.701],[80.304,28.702],[80.302,28.703],[80.301,28.704],[80.298,28.706],[80.296,28.708],[80.293,28.708],[80.29,28.71],[80.286,28.71],[80.283,28.71],[80.281,28.71],[80.28,28.71],[80.278,28.71],[80.276,28.711],[80.274,28.711],[80.273,28.712],[80.271,28.714],[80.27,28.715],[80.269,28.716],[80.265,28.72],[80.263,28.722],[80.261,28.723],[80.26,28.725],[80.258,28.728],[80.258,28.729],[80.259,28.73],[80.26,28.731],[80.26,28.732],[80.262,28.733],[80.263,28.734],[80.263,28.735],[80.264,28.736],[80.264,28.74],[80.263,28.742],[80.262,28.744],[80.261,28.746],[80.26,28.749],[80.259,28.75],[80.257,28.753],[80.255,28.754],[80.254,28.756],[80.252,28.756],[80.249,28.757],[80.247,28.757],[80.245,28.757],[80.243,28.757],[80.242,28.756],[80.241,28.757],[80.239,28.757],[80.237,28.758],[80.235,28.759],[80.233,28.759],[80.231,28.759],[80.23,28.758],[80.228,28.758],[80.226,28.757],[80.225,28.757],[80.223,28.756],[80.221,28.756],[80.218,28.756],[80.216,28.757],[80.214,28.757],[80.211,28.758],[80.21,28.759],[80.208,28.761],[80.206,28.762],[80.204,28.763],[80.202,28.765],[80.199,28.766],[80.197,28.767],[80.195,28.768],[80.193,28.77],[80.192,28.771],[80.191,28.771],[80.189,28.772],[80.187,28.773],[80.182,28.776],[80.18,28.778],[80.178,28.779],[80.176,28.78],[80.175,28.781],[80.174,28.782],[80.173,28.783],[80.172,28.784],[80.169,28.786],[80.166,28.789],[80.164,28.791],[80.162,28.792],[80.161,28.793],[80.159,28.795],[80.156,28.797],[80.154,28.799],[80.152,28.801],[80.151,28.802],[80.148,28.804],[80.147,28.806],[80.145,28.808],[80.143,28.81],[80.14,28.813],[80.138,28.816],[80.136,28.818],[80.133,28.819],[80.131,28.821],[80.128,28.823],[80.126,28.825],[80.124,28.826],[80.12,28.828],[80.119,28.829],[80.117,28.83],[80.114,28.831],[80.111,28.831],[80.109,28.831],[80.108,28.83],[80.105,28.83],[80.103,28.829],[80.102,28.829],[80.1,28.829],[80.098,28.829],[80.096,28.828],[80.095,28.828],[80.093,28.828],[80.092,28.827],[80.091,28.827],[80.089,28.827],[80.088,28.827],[80.084,28.826],[80.082,28.826],[80.079,28.826],[80.077,28.826],[80.075,28.826],[80.075,28.827],[80.074,28.828],[80.073,28.829],[80.071,28.831],[80.07,28.834],[80.069,28.836],[80.068,28.837],[80.067,28.839],[80.065,28.841],[80.064,28.842],[80.063,28.843],[80.061,28.845],[80.061,28.848],[80.06,28.851],[80.06,28.853],[80.061,28.855],[80.061,28.857],[80.064,28.858],[80.065,28.858],[80.066,28.859],[80.068,28.86],[80.069,28.861],[80.069,28.862],[80.07,28.863],[80.071,28.864],[80.071,28.865],[80.072,28.868],[80.072,28.871],[80.072,28.872],[80.071,28.875],[80.069,28.879],[80.068,28.881],[80.067,28.882],[80.065,28.883],[80.063,28.883],[80.06,28.882],[80.058,28.881],[80.057,28.881],[80.056,28.881],[80.055,28.88],[80.054,28.88],[80.052,28.882],[80.051,28.884],[80.051,28.886],[80.051,28.888],[80.052,28.889],[80.054,28.891],[80.054,28.892],[80.055,28.892],[80.055,28.894],[80.054,28.894],[80.053,28.897],[80.053,28.899],[80.054,28.9],[80.055,28.901],[80.057,28.902],[80.059,28.903],[80.06,28.904],[80.061,28.905],[80.061,28.907],[80.061,28.909],[80.061,28.911],[80.061,28.913],[80.061,28.915],[80.061,28.917],[80.062,28.919],[80.063,28.92],[80.064,28.921],[80.065,28.922],[80.066,28.923],[80.067,28.924],[80.067,28.925],[80.067,28.926],[80.068,28.927],[80.068,28.928],[80.068,28.929],[80.069,28.93],[80.069,28.931],[80.07,28.932],[80.07,28.933],[80.071,28.935],[80.071,28.936],[80.071,28.937],[80.072,28.939],[80.074,28.942],[80.075,28.943],[80.076,28.944],[80.077,28.946],[80.079,28.949],[80.081,28.951],[80.082,28.954],[80.084,28.957],[80.087,28.961],[80.09,28.965],[80.092,28.968],[80.094,28.971],[80.097,28.975],[80.098,28.976],[80.099,28.978],[80.101,28.982],[80.101,28.983],[80.102,28.984],[80.103,28.984],[80.105,28.985],[80.106,28.986],[80.107,28.988],[80.108,28.988],[80.108,28.99],[80.109,28.991],[80.109,28.992],[80.109,28.993],[80.11,28.994],[80.11,28.995],[80.111,28.996],[80.111,28.998],[80.112,29.0],[80.112,29.004],[80.113,29.009],[80.114,29.011],[80.115,29.015],[80.116,29.018],[80.116,29.02],[80.117,29.022],[80.118,29.025],[80.119,29.027],[80.12,29.03],[80.121,29.032],[80.121,29.036],[80.122,29.038],[80.122,29.042],[80.123,29.045],[80.125,29.05],[80.126,29.054],[80.127,29.058],[80.129,29.062],[80.13,29.065],[80.131,29.067],[80.132,29.07],[80.132,29.073],[80.133,29.075],[80.135,29.078],[80.135,29.08],[80.136,29.082],[80.137,29.083],[80.137,29.084],[80.139,29.086],[80.14,29.089],[80.14,29.09],[80.141,29.092],[80.142,29.094],[80.143,29.095],[80.144,29.097],[80.145,29.099],[80.146,29.101],[80.148,29.103],[80.149,29.104],[80.15,29.105],[80.153,29.107],[80.155,29.109],[80.156,29.108],[80.156,29.107],[80.157,29.107],[80.159,29.106],[80.159,29.105],[80.16,29.105],[80.161,29.105],[80.163,29.105],[80.166,29.105],[80.168,29.105],[80.17,29.104],[80.171,29.104],[80.173,29.103],[80.175,29.103],[80.176,29.102],[80.178,29.101],[80.18,29.1],[80.181,29.099],[80.182,29.098],[80.184,29.097],[80.185,29.095],[80.187,29.093],[80.187,29.092],[80.188,29.09],[80.189,29.089],[80.19,29.087],[80.191,29.086],[80.193,29.084],[80.194,29.082],[80.195,29.081],[80.196,29.079],[80.198,29.077],[80.2,29.076],[80.202,29.075],[80.203,29.073],[80.205,29.072],[80.206,29.07],[80.208,29.068],[80.211,29.066],[80.213,29.063],[80.215,29.062],[80.217,29.06],[80.219,29.058],[80.221,29.056],[80.223,29.052],[80.225,29.05],[80.226,29.048],[80.228,29.048],[80.229,29.047],[80.23,29.046],[80.233,29.047],[80.236,29.047],[80.237,29.048],[80.238,29.049],[80.241,29.05],[80.242,29.051],[80.244,29.051],[80.247,29.052],[80.25,29.053],[80.252,29.053],[80.255,29.053],[80.259,29.053],[80.261,29.053],[80.263,29.053],[80.265,29.052],[80.267,29.051],[80.27,29.05],[80.273,29.049],[80.275,29.049],[80.276,29.049],[80.277,29.05],[80.279,29.052],[80.281,29.053],[80.284,29.054],[80.287,29.055],[80.29,29.057],[80.291,29.057],[80.293,29.058],[80.296,29.058],[80.298,29.058],[80.3,29.058],[80.303,29.058],[80.307,29.058],[80.31,29.058],[80.312,29.058],[80.315,29.057],[80.318,29.056],[80.322,29.053],[80.325,29.052],[80.326,29.052],[80.328,29.052],[80.332,29.053],[80.335,29.054],[80.339,29.055],[80.342,29.056],[80.345,29.056],[80.348,29.055],[80.352,29.052],[80.353,29.051],[80.357,29.049],[80.362,29.048],[80.367,29.047],[80.369,29.046],[80.372,29.046],[80.374,29.046],[80.377,29.046],[80.379,29.046],[80.381,29.046],[80.383,29.047],[80.385,29.048],[80.387,29.048],[80.388,29.047],[80.39,29.046],[80.391,29.045],[80.392,29.044],[80.394,29.042],[80.395,29.042],[80.399,29.041],[80.4,29.04],[80.402,29.04],[80.404,29.039],[80.407,29.038],[80.408,29.037],[80.411,29.035],[80.414,29.033],[80.416,29.032],[80.419,29.03],[80.421,29.029],[80.424,29.028],[80.427,29.028],[80.429,29.028],[80.432,29.029],[80.435,29.03],[80.438,29.031],[80.441,29.032],[80.443,29.034],[80.444,29.034],[80.446,29.035],[80.448,29.036],[80.45,29.037],[80.452,29.037],[80.454,29.038],[80.455,29.038],[80.458,29.038],[80.459,29.038],[80.461,29.036],[80.462,29.034],[80.463,29.032],[80.466,29.031],[80.467,29.031],[80.469,29.03],[80.47,29.03],[80.471,29.029],[80.471,29.027],[80.472,29.026],[80.472,29.024],[80.472,29.023],[80.472,29.022],[80.473,29.021],[80.476,29.021],[80.478,29.02],[80.478,29.019],[80.479,29.017],[80.478,29.015],[80.477,29.014],[80.477,29.012],[80.477,29.011],[80.476,29.008],[80.476,29.007],[80.475,29.005],[80.475,29.004],[80.475,29.003],[80.475,29.002],[80.476,29.001],[80.477,28.999],[80.478,28.999],[80.479,28.998],[80.48,28.998],[80.482,28.997],[80.483,28.997],[80.485,28.996],[80.487,28.995],[80.489,28.995],[80.49,28.995],[80.492,28.995],[80.495,28.995],[80.496,28.995],[80.498,28.995],[80.5,28.995],[80.503,28.994],[80.504,28.995],[80.504,28.995]]]}},{"type":"Feature","properties":{"id":"Dadeldhura","name":"Dadeldhura","hq":"Amargadhi","province_id":7,"province":"Sudurpashchim","level":"district"},"geometry":{"type":"Polygon","coordinates":[[[80.785,29.364],[80.784,29.364],[80.783,29.364],[80.78,29.364],[80.778,29.364],[80.777,29.364],[80.776,29.363],[80.775,29.362],[80.774,29.362],[80.773,29.36],[80.772,29.359],[80.772,29.358],[80.771,29.357],[80.771,29.356],[80.768,29.357],[80.768,29.357],[80.767,29.359],[80.766,29.361],[80.764,29.361],[80.763,29.36],[80.763,29.359],[80.763,29.357],[80.763,29.355],[80.763,29.353],[80.763,29.351],[80.762,29.349],[80.762,29.349],[80.759,29.347],[80.759,29.347],[80.758,29.346],[80.758,29.343],[80.759,29.341],[80.76,29.339],[80.761,29.336],[80.762,29.335],[80.762,29.333],[80.761,29.331],[80.76,29.33],[80.76,29.329],[80.759,29.328],[80.76,29.327],[80.761,29.324],[80.764,29.323],[80.766,29.321],[80.769,29.319],[80.772,29.317],[80.774,29.314],[80.774,29.312],[80.773,29.31],[80.772,29.308],[80.772,29.306],[80.772,29.304],[80.772,29.303],[80.772,29.302],[80.772,29.302],[80.77,29.301],[80.767,29.3],[80.765,29.3],[80.763,29.302],[80.76,29.305],[80.758,29.306],[80.755,29.306],[80.752,29.306],[80.751,29.305],[80.747,29.303],[80.742,29.302],[80.737,29.301],[80.736,29.3],[80.734,29.296],[80.734,29.295],[80.736,29.293],[80.736,29.293],[80.736,29.292],[80.739,29.29],[80.741,29.288],[80.744,29.284],[80.745,29.28],[80.745,29.277],[80.745,29.276],[80.745,29.273],[80.746,29.27],[80.748,29.269],[80.75,29.269],[80.752,29.27],[80.754,29.27],[80.757,29.27],[80.758,29.269],[80.758,29.269],[80.759,29.268],[80.759,29.267],[80.759,29.267],[80.758,29.265],[80.757,29.264],[80.755,29.26],[80.752,29.255],[80.752,29.254],[80.749,29.251],[80.742,29.246],[80.737,29.242],[80.732,29.238],[80.731,29.238],[80.73,29.237],[80.723,29.235],[80.72,29.234],[80.716,29.234],[80.712,29.233],[80.711,29.232],[80.709,29.231],[80.707,29.23],[80.705,29.229],[80.703,29.227],[80.703,29.226],[80.703,29.225],[80.705,29.219],[80.706,29.217],[80.707,29.214],[80.707,29.211],[80.707,29.207],[80.706,29.205],[80.706,29.202],[80.706,29.198],[80.706,29.195],[80.704,29.195],[80.701,29.194],[80.697,29.192],[80.695,29.19],[80.691,29.191],[80.688,29.192],[80.683,29.192],[80.679,29.191],[80.677,29.191],[80.674,29.189],[80.673,29.187],[80.671,29.186],[80.669,29.185],[80.666,29.184],[80.661,29.183],[80.656,29.182],[80.652,29.18],[80.646,29.179],[80.64,29.178],[80.635,29.177],[80.634,29.177],[80.631,29.177],[80.627,29.177],[80.623,29.177],[80.621,29.178],[80.617,29.177],[80.614,29.176],[80.611,29.174],[80.609,29.171],[80.606,29.169],[80.604,29.167],[80.603,29.166],[80.602,29.165],[80.601,29.165],[80.6,29.165],[80.598,29.165],[80.597,29.166],[80.594,29.167],[80.591,29.164],[80.591,29.162],[80.591,29.16],[80.59,29.157],[80.588,29.155],[80.587,29.154],[80.586,29.152],[80.585,29.15],[80.584,29.148],[80.581,29.148],[80.578,29.147],[80.576,29.146],[80.574,29.145],[80.571,29.144],[80.569,29.143],[80.566,29.143],[80.562,29.142],[80.56,29.142],[80.558,29.142],[80.556,29.141],[80.555,29.14],[80.554,29.138],[80.554,29.137],[80.556,29.136],[80.56,29.135],[80.563,29.134],[80.567,29.133],[80.569,29.133],[80.572,29.13],[80.572,29.127],[80.569,29.119],[80.565,29.117],[80.561,29.115],[80.555,29.114],[80.551,29.112],[80.547,29.111],[80.543,29.11],[80.539,29.109],[80.536,29.108],[80.533,29.107],[80.532,29.106],[80.529,29.105],[80.528,29.104],[80.527,29.103],[80.528,29.1],[80.529,29.098],[80.53,29.096],[80.532,29.092],[80.533,29.09],[80.535,29.088],[80.536,29.087],[80.538,29.086],[80.542,29.084],[80.544,29.083],[80.547,29.082],[80.551,29.081],[80.552,29.08],[80.555,29.079],[80.557,29.078],[80.559,29.076],[80.56,29.075],[80.56,29.075],[80.559,29.073],[80.556,29.072],[80.552,29.072],[80.55,29.072],[80.547,29.072],[80.544,29.071],[80.541,29.07],[80.539,29.069],[80.538,29.069],[80.537,29.069],[80.536,29.069],[80.534,29.069],[80.531,29.069],[80.529,29.068],[80.527,29.067],[80.526,29.066],[80.526,29.065],[80.523,29.062],[80.523,29.06],[80.524,29.059],[80.524,29.058],[80.524,29.057],[80.524,29.055],[80.525,29.054],[80.525,29.053],[80.525,29.051],[80.525,29.049],[80.525,29.047],[80.525,29.046],[80.525,29.045],[80.525,29.043],[80.525,29.041],[80.526,29.04],[80.528,29.038],[80.529,29.036],[80.531,29.034],[80.532,29.032],[80.533,29.03],[80.535,29.027],[80.535,29.024],[80.535,29.02],[80.535,29.017],[80.535,29.015],[80.534,29.014],[80.532,29.011],[80.531,29.01],[80.528,29.008],[80.523,29.006],[80.522,29.005],[80.522,29.004],[80.521,29.003],[80.521,29.002],[80.52,29.002],[80.519,29.001],[80.519,29.0],[80.518,28.999],[80.517,28.999],[80.515,28.998],[80.514,28.997],[80.513,28.997],[80.512,28.997],[80.51,28.997],[80.508,28.997],[80.507,28.997],[80.506,28.996],[80.505,28.996],[80.504,28.995],[80.504,28.995],[80.503,28.994],[80.5,28.995],[80.498,28.995],[80.496,28.995],[80.495,28.995],[80.492,28.995],[80.49,28.995],[80.489,28.995],[80.487,28.995],[80.485,28.996],[80.483,28.997],[80.482,28.997],[80.48,28.998],[80.479,28.998],[80.478,28.999],[80.477,28.999],[80.476,29.001],[80.475,29.002],[80.475,29.003],[80.475,29.004],[80.475,29.005],[80.476,29.007],[80.476,29.008],[80.477,29.011],[80.477,29.012],[80.477,29.014],[80.478,29.015],[80.479,29.017],[80.478,29.019],[80.478,29.02],[80.476,29.021],[80.473,29.021],[80.472,29.022],[80.472,29.023],[80.472,29.024],[80.472,29.026],[80.471,29.027],[80.471,29.029],[80.47,29.03],[80.469,29.03],[80.467,29.031],[80.466,29.031],[80.463,29.032],[80.462,29.034],[80.461,29.036],[80.459,29.038],[80.458,29.038],[80.455,29.038],[80.454,29.038],[80.452,29.037],[80.45,29.037],[80.448,29.036],[80.446,29.035],[80.444,29.034],[80.443,29.034],[80.441,29.032],[80.438,29.031],[80.435,29.03],[80.432,29.029],[80.429,29.028],[80.427,29.028],[80.424,29.028],[80.421,29.029],[80.419,29.03],[80.416,29.032],[80.414,29.033],[80.411,29.035],[80.408,29.037],[80.407,29.038],[80.404,29.039],[80.402,29.04],[80.4,29.04],[80.399,29.041],[80.395,29.042],[80.394,29.042],[80.392,29.044],[80.391,29.045],[80.39,29.046],[80.388,29.047],[80.387,29.048],[80.385,29.048],[80.383,29.047],[80.381,29.046],[80.379,29.046],[80.377,29.046],[80.374,29.046],[80.372,29.046],[80.369,29.046],[80.367,29.047],[80.362,29.048],[80.357,29.049],[80.353,29.051],[80.352,29.052],[80.348,29.055],[80.345,29.056],[80.342,29.056],[80.339,29.055],[80.335,29.054],[80.332,29.053],[80.328,29.052],[80.326,29.052],[80.325,29.052],[80.322,29.053],[80.318,29.056],[80.315,29.057],[80.312,29.058],[80.31,29.058],[80.307,29.058],[80.303,29.058],[80.3,29.058],[80.298,29.058],[80.296,29.058],[80.293,29.058],[80.291,29.057],[80.29,29.057],[80.287,29.055],[80.284,29.054],[80.281,29.053],[80.279,29.052],[80.277,29.05],[80.276,29.049],[80.275,29.049],[80.273,29.049],[80.27,29.05],[80.267,29.051],[80.265,29.052],[80.263,29.053],[80.261,29.053],[80.259,29.053],[80.255,29.053],[80.252,29.053],[80.25,29.053],[80.247,29.052],[80.244,29.051],[80.242,29.051],[80.241,29.05],[80.238,29.049],[80.237,29.048],[80.236,29.047],[80.233,29.047],[80.23,29.046],[80.229,29.047],[80.228,29.048],[80.226,29.048],[80.225,29.05],[80.223,29.052],[80.221,29.056],[80.219,29.058],[80.217,29.06],[80.215,29.062],[80.213,29.063],[80.211,29.066],[80.208,29.068],[80.206,29.07],[80.205,29.072],[80.203,29.073],[80.202,29.075],[80.2,29.076],[80.198,29.077],[80.196,29.079],[80.195,29.081],[80.194,29.082],[80.193,29.084],[80.191,29.086],[80.19,29.087],[80.189,29.089],[80.188,29.09],[80.187,29.092],[80.187,29.093],[80.185,29.095],[80.184,29.097],[80.182,29.098],[80.181,29.099],[80.18,29.1],[80.178,29.101],[80.176,29.102],[80.175,29.103],[80.173,29.103],[80.171,29.104],[80.17,29.104],[80.168,29.105],[80.166,29.105],[80.163,29.105],[80.161,29.105],[80.16,29.105],[80.159,29.105],[80.159,29.106],[80.157,29.107],[80.156,29.107],[80.156,29.108],[80.155,29.109],[80.155,29.11],[80.156,29.111],[80.157,29.111],[80.158,29.112],[80.16,29.114],[80.161,29.115],[80.162,29.116],[80.164,29.118],[80.165,29.119],[80.166,29.121],[80.167,29.122],[80.168,29.123],[80.169,29.124],[80.17,29.125],[80.17,29.126],[80.171,29.126],[80.173,29.127],[80.174,29.127],[80.175,29.128],[80.176,29.128],[80.177,29.128],[80.178,29.129],[80.179,29.13],[80.18,29.13],[80.181,29.131],[80.182,29.132],[80.182,29.133],[80.183,29.133],[80.185,29.135],[80.186,29.135],[80.187,29.136],[80.189,29.136],[80.19,29.136],[80.191,29.135],[80.192,29.135],[80.193,29.135],[80.195,29.134],[80.196,29.134],[80.197,29.133],[80.198,29.133],[80.2,29.132],[80.202,29.131],[80.204,29.13],[80.206,29.129],[80.208,29.127],[80.21,29.125],[80.212,29.123],[80.214,29.123],[80.215,29.122],[80.217,29.122],[80.219,29.121],[80.221,29.121],[80.223,29.121],[80.225,29.121],[80.226,29.121],[80.228,29.122],[80.229,29.121],[80.231,29.121],[80.232,29.121],[80.234,29.12],[80.235,29.12],[80.237,29.119],[80.238,29.119],[80.241,29.119],[80.243,29.118],[80.243,29.119],[80.244,29.121],[80.245,29.121],[80.246,29.122],[80.246,29.123],[80.247,29.125],[80.247,29.125],[80.247,29.126],[80.248,29.128],[80.248,29.129],[80.249,29.129],[80.25,29.13],[80.25,29.131],[80.251,29.132],[80.252,29.132],[80.253,29.133],[80.253,29.134],[80.254,29.135],[80.255,29.135],[80.256,29.136],[80.258,29.137],[80.259,29.137],[80.26,29.137],[80.261,29.138],[80.262,29.138],[80.263,29.138],[80.265,29.139],[80.266,29.139],[80.268,29.139],[80.269,29.14],[80.271,29.141],[80.272,29.142],[80.273,29.142],[80.273,29.143],[80.273,29.144],[80.273,29.145],[80.273,29.146],[80.273,29.147],[80.272,29.148],[80.271,29.148],[80.27,29.15],[80.269,29.151],[80.268,29.152],[80.267,29.153],[80.266,29.155],[80.265,29.155],[80.264,29.157],[80.264,29.158],[80.263,29.159],[80.262,29.16],[80.262,29.161],[80.261,29.163],[80.261,29.164],[80.26,29.165],[80.26,29.166],[80.26,29.167],[80.26,29.168],[80.26,29.169],[80.26,29.17],[80.26,29.172],[80.261,29.173],[80.261,29.175],[80.261,29.176],[80.261,29.178],[80.26,29.179],[80.26,29.181],[80.259,29.183],[80.259,29.185],[80.258,29.187],[80.257,29.189],[80.256,29.19],[80.256,29.191],[80.255,29.191],[80.254,29.192],[80.253,29.193],[80.252,29.194],[80.25,29.196],[80.25,29.196],[80.249,29.197],[80.248,29.199],[80.247,29.2],[80.246,29.202],[80.246,29.202],[80.246,29.203],[80.246,29.205],[80.246,29.206],[80.246,29.207],[80.246,29.208],[80.246,29.209],[80.246,29.21],[80.247,29.212],[80.247,29.214],[80.248,29.215],[80.249,29.217],[80.249,29.218],[80.25,29.219],[80.251,29.219],[80.252,29.22],[80.253,29.219],[80.254,29.219],[80.255,29.218],[80.256,29.217],[80.257,29.215],[80.257,29.215],[80.258,29.213],[80.259,29.211],[80.26,29.209],[80.261,29.207],[80.262,29.207],[80.263,29.206],[80.265,29.206],[80.266,29.206],[80.271,29.206],[80.274,29.206],[80.276,29.205],[80.277,29.204],[80.279,29.203],[80.28,29.201],[80.281,29.2],[80.282,29.199],[80.284,29.197],[80.286,29.196],[80.288,29.195],[80.29,29.195],[80.292,29.195],[80.293,29.196],[80.295,29.197],[80.296,29.198],[80.296,29.199],[80.297,29.201],[80.297,29.204],[80.297,29.207],[80.298,29.209],[80.298,29.211],[80.297,29.212],[80.297,29.214],[80.296,29.214],[80.296,29.216],[80.296,29.217],[80.296,29.218],[80.296,29.22],[80.295,29.221],[80.295,29.223],[80.294,29.224],[80.293,29.226],[80.292,29.226],[80.291,29.228],[80.291,29.23],[80.292,29.232],[80.293,29.233],[80.294,29.234],[80.296,29.235],[80.298,29.237],[80.3,29.239],[80.3,29.241],[80.301,29.243],[80.3,29.245],[80.3,29.247],[80.3,29.249],[80.3,29.249],[80.299,29.252],[80.299,29.254],[80.299,29.256],[80.299,29.258],[80.299,29.259],[80.299,29.262],[80.299,29.263],[80.3,29.265],[80.301,29.266],[80.302,29.268],[80.302,29.269],[80.303,29.272],[80.304,29.274],[80.304,29.276],[80.304,29.278],[80.304,29.279],[80.304,29.28],[80.304,29.282],[80.304,29.283],[80.304,29.285],[80.304,29.287],[80.305,29.288],[80.305,29.288],[80.306,29.289],[80.308,29.29],[80.31,29.29],[80.311,29.292],[80.313,29.293],[80.313,29.294],[80.314,29.295],[80.315,29.296],[80.316,29.298],[80.316,29.299],[80.317,29.3],[80.318,29.302],[80.318,29.304],[80.318,29.305],[80.317,29.306],[80.317,29.307],[80.317,29.308],[80.317,29.31],[80.317,29.311],[80.317,29.312],[80.32,29.31],[80.322,29.31],[80.324,29.309],[80.326,29.308],[80.328,29.308],[80.329,29.309],[80.33,29.309],[80.331,29.31],[80.332,29.311],[80.333,29.311],[80.334,29.312],[80.335,29.313],[80.336,29.314],[80.336,29.315],[80.335,29.316],[80.335,29.317],[80.335,29.318],[80.336,29.319],[80.337,29.32],[80.338,29.321],[80.338,29.321],[80.339,29.322],[80.341,29.324],[80.342,29.325],[80.343,29.325],[80.344,29.325],[80.345,29.326],[80.347,29.326],[80.349,29.327],[80.35,29.329],[80.35,29.33],[80.351,29.331],[80.352,29.332],[80.352,29.333],[80.355,29.333],[80.356,29.332],[80.357,29.332],[80.358,29.331],[80.359,29.329],[80.36,29.328],[80.361,29.326],[80.361,29.325],[80.362,29.326],[80.363,29.327],[80.363,29.328],[80.363,29.329],[80.364,29.331],[80.365,29.331],[80.366,29.332],[80.366,29.332],[80.367,29.333],[80.368,29.334],[80.37,29.334],[80.371,29.336],[80.369,29.338],[80.368,29.339],[80.367,29.341],[80.367,29.342],[80.368,29.343],[80.367,29.346],[80.37,29.348],[80.371,29.347],[80.373,29.347],[80.374,29.348],[80.376,29.349],[80.378,29.348],[80.379,29.348],[80.38,29.348],[80.381,29.349],[80.382,29.35],[80.383,29.35],[80.384,29.349],[80.386,29.349],[80.386,29.35],[80.387,29.352],[80.387,29.353],[80.387,29.354],[80.388,29.355],[80.389,29.356],[80.39,29.356],[80.392,29.357],[80.393,29.357],[80.395,29.357],[80.399,29.358],[80.4,29.358],[80.401,29.359],[80.403,29.359],[80.404,29.357],[80.404,29.356],[80.406,29.355],[80.408,29.356],[80.408,29.357],[80.409,29.357],[80.41,29.359],[80.411,29.359],[80.413,29.359],[80.414,29.358],[80.416,29.357],[80.416,29.358],[80.418,29.359],[80.418,29.361],[80.419,29.362],[80.419,29.364],[80.419,29.365],[80.419,29.365],[80.42,29.366],[80.421,29.368],[80.421,29.37],[80.422,29.371],[80.422,29.372],[80.423,29.373],[80.425,29.373],[80.426,29.374],[80.428,29.375],[80.431,29.375],[80.432,29.375],[80.433,29.375],[80.434,29.375],[80.435,29.376],[80.436,29.376],[80.438,29.377],[80.439,29.377],[80.442,29.378],[80.444,29.379],[80.446,29.38],[80.448,29.38],[80.45,29.38],[80.452,29.381],[80.454,29.382],[80.455,29.382],[80.457,29.382],[80.459,29.382],[80.461,29.382],[80.463,29.383],[80.467,29.385],[80.469,29.388],[80.472,29.39],[80.473,29.392],[80.475,29.394],[80.476,29.396],[80.477,29.398],[80.477,29.399],[80.479,29.4],[80.481,29.401],[80.483,29.401],[80.485,29.402],[80.489,29.402],[80.49,29.402],[80.493,29.401],[80.497,29.4],[80.498,29.4],[80.5,29.399],[80.502,29.399],[80.503,29.398],[80.506,29.397],[80.509,29.395],[80.512,29.394],[80.515,29.393],[80.518,29.393],[80.519,29.392],[80.522,29.391],[80.524,29.391],[80.527,29.39],[80.529,29.39],[80.531,29.39],[80.536,29.392],[80.539,29.393],[80.541,29.394],[80.543,29.395],[80.543,29.395],[80.545,29.396],[80.545,29.396],[80.546,29.397],[80.551,29.4],[80.553,29.402],[80.556,29.406],[80.557,29.408],[80.557,29.408],[80.557,29.409],[80.557,29.41],[80.558,29.411],[80.56,29.413],[80.56,29.414],[80.561,29.414],[80.562,29.415],[80.564,29.415],[80.565,29.415],[80.565,29.415],[80.566,29.413],[80.566,29.413],[80.566,29.411],[80.568,29.41],[80.569,29.409],[80.571,29.409],[80.573,29.408],[80.576,29.408],[80.58,29.405],[80.582,29.402],[80.583,29.399],[80.583,29.399],[80.584,29.398],[80.586,29.397],[80.587,29.397],[80.588,29.397],[80.59,29.396],[80.593,29.396],[80.596,29.396],[80.599,29.396],[80.602,29.396],[80.606,29.396],[80.608,29.395],[80.61,29.395],[80.612,29.395],[80.615,29.394],[80.617,29.394],[80.618,29.394],[80.62,29.393],[80.622,29.392],[80.624,29.391],[80.626,29.39],[80.628,29.389],[80.63,29.388],[80.632,29.386],[80.633,29.386],[80.636,29.386],[80.639,29.386],[80.643,29.386],[80.646,29.385],[80.647,29.385],[80.648,29.384],[80.65,29.383],[80.652,29.384],[80.654,29.384],[80.655,29.385],[80.656,29.386],[80.656,29.387],[80.657,29.388],[80.659,29.39],[80.661,29.392],[80.663,29.394],[80.665,29.395],[80.667,29.396],[80.669,29.397],[80.67,29.398],[80.671,29.399],[80.672,29.4],[80.673,29.401],[80.675,29.403],[80.675,29.404],[80.676,29.406],[80.677,29.409],[80.677,29.411],[80.676,29.412],[80.675,29.413],[80.674,29.414],[80.673,29.415],[80.673,29.415],[80.673,29.417],[80.675,29.419],[80.676,29.42],[80.679,29.421],[80.682,29.422],[80.683,29.422],[80.686,29.423],[80.688,29.424],[80.69,29.424],[80.692,29.423],[80.694,29.422],[80.696,29.421],[80.698,29.421],[80.7,29.42],[80.704,29.419],[80.707,29.419],[80.709,29.418],[80.71,29.418],[80.712,29.417],[80.713,29.417],[80.715,29.417],[80.716,29.417],[80.719,29.417],[80.721,29.416],[80.722,29.415],[80.723,29.415],[80.724,29.413],[80.726,29.41],[80.728,29.408],[80.731,29.406],[80.733,29.405],[80.735,29.404],[80.737,29.404],[80.741,29.402],[80.743,29.402],[80.745,29.401],[80.748,29.4],[80.75,29.4],[80.753,29.399],[80.756,29.398],[80.757,29.397],[80.758,29.396],[80.76,29.396],[80.761,29.396],[80.765,29.391],[80.765,29.389],[80.765,29.389],[80.764,29.388],[80.764,29.387],[80.765,29.385],[80.765,29.384],[80.766,29.383],[80.767,29.382],[80.769,29.381],[80.771,29.381],[80.773,29.38],[80.775,29.38],[80.777,29.379],[80.779,29.378],[80.78,29.378],[80.782,29.377],[80.782,29.376],[80.784,29.375],[80.785,29.374],[80.786,29.372],[80.786,29.371],[80.786,29.369],[80.786,29.368],[80.785,29.366],[80.785,29.365],[80.785,29.364]]]}},{"type":"Feature","properties":{"id":"Baitadi","name":"Baitadi","hq":"Dasharathchand","province_id":7,"province":"Sudurpashchim","level":"district"},"geometry":{"type":"Polygon","coordinates":[[[80.411,29.603],[80.412,29.604],[80.414,29.604],[80.417,29.604],[80.419,29.605],[80.419,29.606],[80.42,29.609],[80.421,29.611],[80.422,29.613],[80.424,29.613],[80.426,29.613],[80.429,29.612],[80.431,29.613],[80.431,29.614],[80.431,29.616],[80.432,29.617],[80.432,29.617],[80.433,29.618],[80.435,29.618],[80.437,29.618],[80.439,29.618],[80.441,29.617],[80.442,29.617],[80.444,29.617],[80.445,29.617],[80.446,29.617],[80.447,29.618],[80.448,29.619],[80.449,29.62],[80.45,29.621],[80.452,29.622],[80.455,29.623],[80.458,29.623],[80.459,29.624],[80.462,29.623],[80.464,29.622],[80.465,29.622],[80.467,29.621],[80.469,29.62],[80.47,29.62],[80.472,29.619],[80.474,29.619],[80.476,29.62],[80.477,29.62],[80.478,29.621],[80.479,29.621],[80.481,29.622],[80.483,29.622],[80.486,29.623],[80.49,29.623],[80.491,29.623],[80.492,29.623],[80.495,29.623],[80.497,29.623],[80.498,29.624],[80.499,29.625],[80.5,29.626],[80.5,29.627],[80.501,29.628],[80.502,29.629],[80.502,29.63],[80.503,29.63],[80.504,29.631],[80.505,29.633],[80.507,29.635],[80.507,29.636],[80.507,29.637],[80.508,29.639],[80.508,29.641],[80.508,29.641],[80.509,29.643],[80.51,29.644],[80.513,29.646],[80.515,29.647],[80.516,29.648],[80.517,29.649],[80.52,29.651],[80.522,29.651],[80.524,29.652],[80.525,29.653],[80.528,29.653],[80.529,29.654],[80.53,29.655],[80.531,29.655],[80.532,29.657],[80.534,29.658],[80.535,29.659],[80.537,29.66],[80.538,29.661],[80.54,29.662],[80.543,29.663],[80.544,29.663],[80.546,29.664],[80.547,29.664],[80.548,29.665],[80.55,29.665],[80.554,29.666],[80.555,29.667],[80.556,29.667],[80.557,29.668],[80.559,29.668],[80.561,29.669],[80.562,29.67],[80.563,29.672],[80.564,29.672],[80.565,29.673],[80.568,29.674],[80.569,29.675],[80.57,29.677],[80.571,29.678],[80.572,29.679],[80.572,29.68],[80.573,29.682],[80.574,29.682],[80.575,29.683],[80.577,29.684],[80.58,29.685],[80.582,29.686],[80.588,29.686],[80.59,29.687],[80.592,29.687],[80.596,29.688],[80.597,29.688],[80.599,29.688],[80.601,29.688],[80.603,29.689],[80.604,29.689],[80.605,29.688],[80.607,29.687],[80.608,29.686],[80.611,29.685],[80.612,29.684],[80.613,29.684],[80.615,29.685],[80.617,29.685],[80.619,29.685],[80.62,29.685],[80.623,29.685],[80.625,29.685],[80.628,29.685],[80.633,29.685],[80.635,29.686],[80.637,29.686],[80.639,29.687],[80.641,29.686],[80.642,29.686],[80.643,29.685],[80.644,29.684],[80.645,29.683],[80.646,29.683],[80.647,29.682],[80.648,29.681],[80.649,29.681],[80.651,29.68],[80.652,29.68],[80.655,29.68],[80.659,29.68],[80.662,29.68],[80.664,29.68],[80.666,29.681],[80.668,29.682],[80.669,29.683],[80.671,29.683],[80.673,29.683],[80.675,29.684],[80.676,29.685],[80.677,29.685],[80.679,29.688],[80.68,29.689],[80.68,29.69],[80.681,29.691],[80.682,29.693],[80.684,29.695],[80.684,29.696],[80.683,29.697],[80.682,29.699],[80.682,29.7],[80.682,29.701],[80.682,29.702],[80.683,29.704],[80.689,29.705],[80.691,29.705],[80.694,29.705],[80.697,29.705],[80.701,29.705],[80.703,29.705],[80.706,29.704],[80.707,29.703],[80.71,29.702],[80.713,29.702],[80.715,29.702],[80.717,29.702],[80.721,29.702],[80.723,29.703],[80.725,29.704],[80.728,29.704],[80.73,29.705],[80.733,29.705],[80.736,29.706],[80.738,29.706],[80.742,29.706],[80.747,29.706],[80.75,29.706],[80.754,29.706],[80.756,29.705],[80.759,29.705],[80.761,29.704],[80.763,29.704],[80.765,29.703],[80.768,29.703],[80.773,29.702],[80.776,29.702],[80.778,29.701],[80.78,29.701],[80.782,29.7],[80.785,29.699],[80.787,29.698],[80.789,29.697],[80.79,29.695],[80.791,29.694],[80.792,29.693],[80.792,29.692],[80.793,29.69],[80.794,29.689],[80.794,29.687],[80.795,29.686],[80.794,29.685],[80.793,29.684],[80.792,29.683],[80.79,29.682],[80.788,29.681],[80.786,29.681],[80.783,29.68],[80.782,29.68],[80.781,29.679],[80.779,29.678],[80.778,29.677],[80.777,29.676],[80.776,29.675],[80.776,29.674],[80.775,29.672],[80.774,29.67],[80.772,29.668],[80.77,29.666],[80.769,29.664],[80.768,29.663],[80.767,29.662],[80.766,29.661],[80.765,29.659],[80.764,29.657],[80.764,29.654],[80.764,29.653],[80.764,29.65],[80.765,29.648],[80.768,29.646],[80.771,29.644],[80.774,29.643],[80.777,29.642],[80.779,29.641],[80.78,29.64],[80.781,29.638],[80.782,29.636],[80.782,29.633],[80.783,29.631],[80.783,29.629],[80.784,29.626],[80.785,29.623],[80.786,29.62],[80.787,29.618],[80.789,29.615],[80.789,29.611],[80.789,29.607],[80.788,29.605],[80.788,29.603],[80.787,29.601],[80.786,29.599],[80.786,29.596],[80.784,29.592],[80.782,29.589],[80.781,29.585],[80.78,29.584],[80.779,29.582],[80.779,29.58],[80.779,29.576],[80.779,29.574],[80.78,29.571],[80.779,29.569],[80.779,29.566],[80.779,29.565],[80.778,29.563],[80.777,29.56],[80.777,29.558],[80.776,29.556],[80.775,29.554],[80.774,29.553],[80.774,29.553],[80.771,29.552],[80.768,29.552],[80.764,29.553],[80.762,29.554],[80.759,29.555],[80.757,29.555],[80.754,29.554],[80.752,29.553],[80.751,29.553],[80.748,29.55],[80.747,29.548],[80.745,29.546],[80.744,29.543],[80.744,29.542],[80.744,29.54],[80.744,29.537],[80.745,29.536],[80.748,29.534],[80.749,29.532],[80.751,29.531],[80.753,29.53],[80.755,29.529],[80.757,29.529],[80.761,29.527],[80.764,29.527],[80.765,29.527],[80.767,29.527],[80.769,29.526],[80.771,29.526],[80.773,29.526],[80.774,29.526],[80.777,29.524],[80.778,29.524],[80.779,29.522],[80.781,29.52],[80.782,29.519],[80.784,29.516],[80.784,29.514],[80.786,29.511],[80.787,29.509],[80.789,29.505],[80.79,29.503],[80.792,29.501],[80.793,29.498],[80.794,29.497],[80.795,29.497],[80.798,29.496],[80.8,29.496],[80.803,29.497],[80.806,29.497],[80.808,29.498],[80.811,29.498],[80.814,29.499],[80.815,29.499],[80.818,29.5],[80.821,29.501],[80.824,29.5],[80.829,29.498],[80.832,29.496],[80.835,29.494],[80.838,29.492],[80.842,29.49],[80.845,29.489],[80.848,29.488],[80.85,29.485],[80.85,29.484],[80.851,29.482],[80.852,29.48],[80.853,29.478],[80.855,29.474],[80.857,29.472],[80.859,29.47],[80.863,29.467],[80.865,29.466],[80.867,29.466],[80.869,29.465],[80.871,29.465],[80.873,29.464],[80.875,29.463],[80.878,29.461],[80.879,29.46],[80.88,29.457],[80.881,29.454],[80.882,29.452],[80.883,29.45],[80.883,29.448],[80.884,29.446],[80.887,29.443],[80.889,29.441],[80.89,29.441],[80.892,29.442],[80.895,29.442],[80.896,29.442],[80.898,29.443],[80.899,29.443],[80.9,29.443],[80.902,29.443],[80.903,29.443],[80.904,29.443],[80.905,29.443],[80.906,29.443],[80.908,29.443],[80.909,29.443],[80.91,29.443],[80.91,29.442],[80.909,29.441],[80.908,29.44],[80.908,29.438],[80.906,29.436],[80.904,29.435],[80.903,29.434],[80.902,29.433],[80.899,29.431],[80.898,29.429],[80.896,29.428],[80.895,29.426],[80.894,29.425],[80.892,29.423],[80.888,29.42],[80.886,29.419],[80.884,29.416],[80.882,29.415],[80.881,29.414],[80.879,29.412],[80.878,29.412],[80.876,29.41],[80.873,29.41],[80.872,29.41],[80.871,29.41],[80.869,29.411],[80.868,29.411],[80.866,29.411],[80.864,29.411],[80.863,29.41],[80.862,29.409],[80.861,29.409],[80.86,29.408],[80.859,29.408],[80.858,29.407],[80.857,29.407],[80.855,29.407],[80.854,29.407],[80.853,29.404],[80.854,29.402],[80.855,29.401],[80.856,29.4],[80.857,29.399],[80.858,29.398],[80.859,29.397],[80.859,29.396],[80.86,29.395],[80.859,29.392],[80.859,29.389],[80.858,29.386],[80.857,29.384],[80.856,29.382],[80.855,29.381],[80.853,29.379],[80.852,29.377],[80.851,29.376],[80.849,29.375],[80.847,29.375],[80.844,29.376],[80.841,29.377],[80.839,29.377],[80.837,29.378],[80.834,29.377],[80.833,29.377],[80.829,29.375],[80.825,29.372],[80.823,29.369],[80.821,29.368],[80.82,29.367],[80.819,29.367],[80.806,29.364],[80.804,29.364],[80.801,29.364],[80.798,29.364],[80.795,29.364],[80.792,29.364],[80.79,29.364],[80.788,29.364],[80.787,29.364],[80.785,29.364],[80.785,29.365],[80.785,29.366],[80.786,29.368],[80.786,29.369],[80.786,29.371],[80.786,29.372],[80.785,29.374],[80.784,29.375],[80.782,29.376],[80.782,29.377],[80.78,29.378],[80.779,29.378],[80.777,29.379],[80.775,29.38],[80.773,29.38],[80.771,29.381],[80.769,29.381],[80.767,29.382],[80.766,29.383],[80.765,29.384],[80.765,29.385],[80.764,29.387],[80.764,29.388],[80.765,29.389],[80.765,29.389],[80.765,29.391],[80.761,29.396],[80.76,29.396],[80.758,29.396],[80.757,29.397],[80.756,29.398],[80.753,29.399],[80.75,29.4],[80.748,29.4],[80.745,29.401],[80.743,29.402],[80.741,29.402],[80.737,29.404],[80.735,29.404],[80.733,29.405],[80.731,29.406],[80.728,29.408],[80.726,29.41],[80.724,29.413],[80.723,29.415],[80.722,29.415],[80.721,29.416],[80.719,29.417],[80.716,29.417],[80.715,29.417],[80.713,29.417],[80.712,29.417],[80.71,29.418],[80.709,29.418],[80.707,29.419],[80.704,29.419],[80.7,29.42],[80.698,29.421],[80.696,29.421],[80.694,29.422],[80.692,29.423],[80.69,29.424],[80.688,29.424],[80.686,29.423],[80.683,29.422],[80.682,29.422],[80.679,29.421],[80.676,29.42],[80.675,29.419],[80.673,29.417],[80.673,29.415],[80.673,29.415],[80.674,29.414],[80.675,29.413],[80.676,29.412],[80.677,29.411],[80.677,29.409],[80.676,29.406],[80.675,29.404],[80.675,29.403],[80.673,29.401],[80.672,29.4],[80.671,29.399],[80.67,29.398],[80.669,29.397],[80.667,29.396],[80.665,29.395],[80.663,29.394],[80.661,29.392],[80.659,29.39],[80.657,29.388],[80.656,29.387],[80.656,29.386],[80.655,29.385],[80.654,29.384],[80.652,29.384],[80.65,29.383],[80.648,29.384],[80.647,29.385],[80.646,29.385],[80.643,29.386],[80.639,29.386],[80.636,29.386],[80.633,29.386],[80.632,29.386],[80.63,29.388],[80.628,29.389],[80.626,29.39],[80.624,29.391],[80.622,29.392],[80.62,29.393],[80.618,29.394],[80.617,29.394],[80.615,29.394],[80.612,29.395],[80.61,29.395],[80.608,29.395],[80.606,29.396],[80.602,29.396],[80.599,29.396],[80.596,29.396],[80.593,29.396],[80.59,29.396],[80.588,29.397],[80.587,29.397],[80.586,29.397],[80.584,29.398],[80.583,29.399],[80.583,29.399],[80.582,29.402],[80.58,29.405],[80.576,29.408],[80.573,29.408],[80.571,29.409],[80.569,29.409],[80.568,29.41],[80.566,29.411],[80.566,29.413],[80.566,29.413],[80.565,29.415],[80.565,29.415],[80.564,29.415],[80.562,29.415],[80.561,29.414],[80.56,29.414],[80.56,29.413],[80.558,29.411],[80.557,29.41],[80.557,29.409],[80.557,29.408],[80.557,29.408],[80.556,29.406],[80.553,29.402],[80.551,29.4],[80.546,29.397],[80.545,29.396],[80.545,29.396],[80.543,29.395],[80.543,29.395],[80.541,29.394],[80.539,29.393],[80.536,29.392],[80.531,29.39],[80.529,29.39],[80.527,29.39],[80.524,29.391],[80.522,29.391],[80.519,29.392],[80.518,29.393],[80.515,29.393],[80.512,29.394],[80.509,29.395],[80.506,29.397],[80.503,29.398],[80.502,29.399],[80.5,29.399],[80.498,29.4],[80.497,29.4],[80.493,29.401],[80.49,29.402],[80.489,29.402],[80.485,29.402],[80.483,29.401],[80.481,29.401],[80.479,29.4],[80.477,29.399],[80.477,29.398],[80.476,29.396],[80.475,29.394],[80.473,29.392],[80.472,29.39],[80.469,29.388],[80.467,29.385],[80.463,29.383],[80.461,29.382],[80.459,29.382],[80.457,29.382],[80.455,29.382],[80.454,29.382],[80.452,29.381],[80.45,29.38],[80.448,29.38],[80.446,29.38],[80.444,29.379],[80.442,29.378],[80.439,29.377],[80.438,29.377],[80.436,29.376],[80.435,29.376],[80.434,29.375],[80.433,29.375],[80.432,29.375],[80.431,29.375],[80.428,29.375],[80.426,29.374],[80.425,29.373],[80.423,29.373],[80.422,29.372],[80.422,29.371],[80.421,29.37],[80.421,29.368],[80.42,29.366],[80.419,29.365],[80.419,29.365],[80.419,29.364],[80.419,29.362],[80.418,29.361],[80.418,29.359],[80.416,29.358],[80.416,29.357],[80.414,29.358],[80.413,29.359],[80.411,29.359],[80.41,29.359],[80.409,29.357],[80.408,29.357],[80.408,29.356],[80.406,29.355],[80.404,29.356],[80.404,29.357],[80.403,29.359],[80.401,29.359],[80.4,29.358],[80.399,29.358],[80.395,29.357],[80.393,29.357],[80.392,29.357],[80.39,29.356],[80.389,29.356],[80.388,29.355],[80.387,29.354],[80.387,29.353],[80.387,29.352],[80.386,29.35],[80.386,29.349],[80.384,29.349],[80.383,29.35],[80.382,29.35],[80.381,29.349],[80.38,29.348],[80.379,29.348],[80.378,29.348],[80.376,29.349],[80.374,29.348],[80.373,29.347],[80.371,29.347],[80.37,29.348],[80.367,29.346],[80.368,29.343],[80.367,29.342],[80.367,29.341],[80.368,29.339],[80.369,29.338],[80.371,29.336],[80.37,29.334],[80.368,29.334],[80.367,29.333],[80.366,29.332],[80.366,29.332],[80.365,29.331],[80.364,29.331],[80.363,29.329],[80.363,29.328],[80.363,29.327],[80.362,29.326],[80.361,29.325],[80.361,29.326],[80.36,29.328],[80.359,29.329],[80.358,29.331],[80.357,29.332],[80.356,29.332],[80.355,29.333],[80.352,29.333],[80.352,29.332],[80.351,29.331],[80.35,29.33],[80.35,29.329],[80.349,29.327],[80.347,29.326],[80.345,29.326],[80.344,29.325],[80.343,29.325],[80.342,29.325],[80.341,29.324],[80.339,29.322],[80.338,29.321],[80.338,29.321],[80.337,29.32],[80.336,29.319],[80.335,29.318],[80.335,29.317],[80.335,29.316],[80.336,29.315],[80.336,29.314],[80.335,29.313],[80.334,29.312],[80.333,29.311],[80.332,29.311],[80.331,29.31],[80.33,29.309],[80.329,29.309],[80.328,29.308],[80.326,29.308],[80.324,29.309],[80.322,29.31],[80.32,29.31],[80.317,29.312],[80.317,29.313],[80.317,29.313],[80.315,29.315],[80.314,29.317],[80.312,29.318],[80.31,29.32],[80.307,29.321],[80.304,29.322],[80.302,29.323],[80.299,29.324],[80.297,29.325],[80.295,29.325],[80.293,29.327],[80.292,29.329],[80.292,29.33],[80.291,29.333],[80.289,29.336],[80.287,29.338],[80.285,29.341],[80.284,29.342],[80.283,29.343],[80.281,29.345],[80.28,29.345],[80.279,29.346],[80.279,29.348],[80.279,29.349],[80.279,29.35],[80.279,29.353],[80.278,29.355],[80.276,29.359],[80.274,29.361],[80.273,29.364],[80.271,29.366],[80.27,29.368],[80.27,29.369],[80.271,29.37],[80.271,29.371],[80.272,29.371],[80.273,29.374],[80.274,29.375],[80.275,29.376],[80.276,29.377],[80.276,29.377],[80.277,29.378],[80.277,29.38],[80.277,29.381],[80.277,29.382],[80.276,29.384],[80.275,29.386],[80.275,29.388],[80.275,29.391],[80.274,29.392],[80.272,29.393],[80.272,29.394],[80.268,29.396],[80.265,29.398],[80.262,29.4],[80.256,29.402],[80.253,29.403],[80.251,29.405],[80.249,29.406],[80.247,29.407],[80.245,29.408],[80.244,29.41],[80.243,29.411],[80.243,29.412],[80.243,29.413],[80.244,29.414],[80.244,29.415],[80.244,29.416],[80.244,29.418],[80.244,29.419],[80.244,29.421],[80.244,29.422],[80.245,29.424],[80.246,29.425],[80.246,29.426],[80.247,29.427],[80.247,29.429],[80.247,29.43],[80.248,29.432],[80.248,29.434],[80.248,29.435],[80.247,29.437],[80.245,29.439],[80.244,29.44],[80.243,29.441],[80.243,29.443],[80.244,29.444],[80.244,29.445],[80.245,29.446],[80.246,29.446],[80.247,29.447],[80.249,29.447],[80.25,29.447],[80.252,29.447],[80.253,29.447],[80.255,29.448],[80.259,29.45],[80.261,29.449],[80.264,29.449],[80.266,29.449],[80.268,29.449],[80.27,29.449],[80.271,29.449],[80.272,29.449],[80.273,29.45],[80.273,29.451],[80.272,29.452],[80.271,29.453],[80.271,29.454],[80.271,29.455],[80.273,29.456],[80.274,29.456],[80.276,29.456],[80.277,29.457],[80.278,29.457],[80.279,29.456],[80.279,29.455],[80.279,29.453],[80.279,29.452],[80.281,29.452],[80.284,29.45],[80.287,29.45],[80.289,29.45],[80.291,29.45],[80.293,29.451],[80.294,29.451],[80.295,29.451],[80.296,29.451],[80.298,29.45],[80.299,29.45],[80.301,29.45],[80.302,29.45],[80.303,29.451],[80.303,29.453],[80.302,29.455],[80.3,29.457],[80.298,29.458],[80.297,29.459],[80.296,29.461],[80.294,29.463],[80.293,29.464],[80.292,29.465],[80.29,29.467],[80.289,29.47],[80.289,29.473],[80.289,29.474],[80.29,29.475],[80.29,29.476],[80.291,29.477],[80.292,29.479],[80.293,29.479],[80.294,29.481],[80.295,29.481],[80.296,29.483],[80.297,29.484],[80.297,29.485],[80.298,29.486],[80.298,29.487],[80.3,29.488],[80.301,29.488],[80.302,29.488],[80.305,29.486],[80.306,29.484],[80.308,29.483],[80.309,29.483],[80.31,29.482],[80.313,29.482],[80.315,29.484],[80.316,29.486],[80.316,29.489],[80.315,29.492],[80.315,29.494],[80.315,29.496],[80.316,29.498],[80.318,29.5],[80.32,29.501],[80.321,29.501],[80.322,29.502],[80.324,29.502],[80.325,29.503],[80.326,29.504],[80.328,29.504],[80.329,29.505],[80.33,29.506],[80.331,29.507],[80.332,29.508],[80.333,29.509],[80.333,29.51],[80.336,29.511],[80.337,29.511],[80.338,29.511],[80.34,29.511],[80.341,29.511],[80.343,29.511],[80.344,29.512],[80.345,29.513],[80.346,29.514],[80.348,29.515],[80.348,29.517],[80.349,29.518],[80.349,29.519],[80.349,29.521],[80.35,29.522],[80.35,29.523],[80.351,29.524],[80.353,29.525],[80.354,29.525],[80.355,29.526],[80.356,29.527],[80.357,29.528],[80.358,29.529],[80.358,29.531],[80.357,29.532],[80.356,29.533],[80.355,29.534],[80.355,29.534],[80.354,29.535],[80.353,29.535],[80.352,29.536],[80.351,29.537],[80.349,29.537],[80.347,29.538],[80.346,29.538],[80.345,29.539],[80.344,29.54],[80.344,29.542],[80.345,29.543],[80.345,29.545],[80.345,29.547],[80.345,29.548],[80.345,29.549],[80.345,29.55],[80.346,29.552],[80.348,29.553],[80.351,29.553],[80.354,29.553],[80.356,29.554],[80.358,29.554],[80.359,29.554],[80.36,29.555],[80.362,29.555],[80.363,29.556],[80.364,29.557],[80.364,29.559],[80.365,29.56],[80.365,29.561],[80.367,29.563],[80.368,29.562],[80.369,29.562],[80.372,29.562],[80.374,29.561],[80.376,29.561],[80.377,29.56],[80.379,29.56],[80.38,29.561],[80.381,29.561],[80.382,29.563],[80.383,29.564],[80.383,29.566],[80.383,29.568],[80.384,29.569],[80.386,29.57],[80.389,29.571],[80.39,29.571],[80.391,29.572],[80.394,29.574],[80.394,29.576],[80.394,29.578],[80.394,29.579],[80.395,29.58],[80.396,29.581],[80.396,29.581],[80.397,29.582],[80.399,29.583],[80.4,29.584],[80.401,29.585],[80.402,29.586],[80.403,29.587],[80.404,29.588],[80.406,29.588],[80.407,29.589],[80.408,29.59],[80.408,29.591],[80.409,29.592],[80.41,29.593],[80.41,29.594],[80.41,29.595],[80.411,29.596],[80.411,29.597],[80.412,29.599],[80.412,29.6],[80.411,29.601],[80.411,29.601],[80.411,29.603]]]}},{"type":"Feature","properties":{"id":"Darchula","name":"Darchula","hq":"Darchula","province_id":7,"province":"Sudurpashchim","level":"district"},"geometry":{"type":"Polygon","coordinates":[[[81.093,30.055],[81.094,30.054],[81.095,30.055],[81.095,30.057],[81.095,30.057],[81.096,30.059],[81.096,30.059],[81.097,30.061],[81.097,30.062],[81.098,30.063],[81.099,30.064],[81.1,30.065],[81.101,30.067],[81.101,30.067],[81.102,30.069],[81.103,30.071],[81.104,30.072],[81.104,30.073],[81.105,30.074],[81.105,30.075],[81.106,30.076],[81.107,30.077],[81.108,30.08],[81.109,30.081],[81.11,30.082],[81.111,30.085],[81.111,30.088],[81.111,30.09],[81.111,30.09],[81.109,30.094],[81.107,30.097],[81.106,30.098],[81.106,30.099],[81.105,30.099],[81.104,30.1],[81.103,30.101],[81.101,30.101],[81.099,30.102],[81.096,30.102],[81.095,30.101],[81.093,30.101],[81.091,30.101],[81.089,30.101],[81.088,30.101],[81.087,30.102],[81.086,30.103],[81.086,30.105],[81.086,30.107],[81.087,30.108],[81.087,30.109],[81.088,30.11],[81.088,30.113],[81.088,30.114],[81.087,30.115],[81.087,30.116],[81.086,30.117],[81.085,30.119],[81.084,30.121],[81.083,30.122],[81.082,30.124],[81.08,30.126],[81.08,30.127],[81.08,30.129],[81.08,30.131],[81.081,30.132],[81.082,30.132],[81.082,30.134],[81.083,30.134],[81.083,30.136],[81.083,30.137],[81.084,30.138],[81.084,30.139],[81.084,30.141],[81.085,30.142],[81.085,30.144],[81.085,30.146],[81.085,30.147],[81.084,30.149],[81.083,30.151],[81.082,30.153],[81.08,30.155],[81.078,30.156],[81.076,30.156],[81.073,30.157],[81.071,30.157],[81.069,30.157],[81.067,30.158],[81.066,30.159],[81.065,30.161],[81.064,30.163],[81.063,30.168],[81.062,30.169],[81.06,30.171],[81.059,30.173],[81.057,30.174],[81.056,30.175],[81.055,30.176],[81.054,30.177],[81.053,30.178],[81.052,30.179],[81.051,30.179],[81.049,30.18],[81.047,30.18],[81.046,30.18],[81.045,30.182],[81.044,30.206],[81.045,30.207],[81.045,30.211],[81.043,30.212],[81.042,30.213],[81.04,30.215],[81.039,30.215],[81.036,30.217],[81.036,30.218],[81.033,30.219],[81.03,30.22],[81.03,30.22],[81.03,30.223],[81.03,30.226],[81.027,30.226],[81.026,30.228],[81.027,30.23],[81.028,30.233],[81.029,30.233],[81.029,30.235],[81.03,30.236],[81.03,30.237],[81.028,30.239],[81.028,30.24],[81.028,30.24],[81.028,30.241],[81.028,30.241],[81.028,30.241],[81.029,30.242],[81.029,30.242],[81.03,30.245],[81.031,30.247],[81.03,30.248],[81.028,30.248],[81.022,30.249],[81.022,30.25],[81.02,30.251],[81.019,30.252],[81.011,30.254],[81.01,30.256],[81.009,30.257],[81.009,30.258],[81.009,30.26],[81.008,30.261],[81.005,30.263],[81.002,30.265],[80.996,30.266],[80.993,30.267],[80.99,30.268],[80.987,30.268],[80.985,30.269],[80.982,30.27],[80.981,30.271],[80.978,30.27],[80.975,30.27],[80.97,30.27],[80.964,30.27],[80.956,30.27],[80.951,30.27],[80.95,30.27],[80.949,30.269],[80.946,30.269],[80.945,30.268],[80.943,30.268],[80.941,30.267],[80.94,30.266],[80.939,30.266],[80.938,30.265],[80.937,30.264],[80.936,30.263],[80.935,30.264],[80.932,30.265],[80.93,30.266],[80.927,30.267],[80.926,30.269],[80.926,30.27],[80.926,30.271],[80.926,30.271],[80.926,30.272],[80.926,30.273],[80.927,30.274],[80.927,30.274],[80.928,30.275],[80.93,30.276],[80.931,30.276],[80.931,30.277],[80.93,30.278],[80.929,30.28],[80.928,30.281],[80.927,30.282],[80.927,30.283],[80.927,30.283],[80.924,30.284],[80.922,30.285],[80.921,30.285],[80.92,30.285],[80.918,30.286],[80.918,30.286],[80.916,30.287],[80.915,30.287],[80.914,30.288],[80.913,30.289],[80.912,30.29],[80.912,30.292],[80.911,30.292],[80.909,30.293],[80.907,30.297],[80.907,30.298],[80.909,30.294],[80.907,30.298],[80.909,30.302],[80.907,30.304],[80.904,30.303],[80.89,30.302],[80.888,30.301],[80.885,30.3],[80.88,30.301],[80.874,30.301],[80.873,30.305],[80.87,30.308],[80.86,30.314],[80.857,30.315],[80.851,30.316],[80.843,30.317],[80.833,30.313],[80.829,30.315],[80.827,30.315],[80.824,30.317],[80.82,30.322],[80.814,30.324],[80.802,30.323],[80.801,30.325],[80.802,30.333],[80.788,30.34],[80.785,30.348],[80.785,30.354],[80.78,30.355],[80.778,30.355],[80.777,30.357],[80.777,30.359],[80.776,30.36],[80.775,30.362],[80.771,30.366],[80.77,30.367],[80.768,30.367],[80.767,30.369],[80.767,30.37],[80.766,30.371],[80.765,30.372],[80.765,30.373],[80.764,30.373],[80.763,30.373],[80.762,30.373],[80.762,30.372],[80.761,30.373],[80.76,30.375],[80.759,30.376],[80.753,30.379],[80.75,30.38],[80.751,30.381],[80.751,30.382],[80.751,30.384],[80.75,30.385],[80.749,30.387],[80.747,30.388],[80.746,30.388],[80.745,30.389],[80.744,30.389],[80.743,30.39],[80.741,30.391],[80.741,30.392],[80.74,30.394],[80.738,30.396],[80.735,30.398],[80.734,30.401],[80.732,30.4],[80.73,30.401],[80.723,30.406],[80.721,30.409],[80.719,30.409],[80.717,30.411],[80.716,30.413],[80.713,30.415],[80.71,30.415],[80.708,30.417],[80.707,30.418],[80.704,30.417],[80.703,30.416],[80.701,30.415],[80.7,30.414],[80.697,30.413],[80.693,30.413],[80.692,30.414],[80.69,30.415],[80.689,30.415],[80.688,30.416],[80.688,30.417],[80.687,30.419],[80.687,30.42],[80.686,30.42],[80.685,30.421],[80.684,30.422],[80.681,30.422],[80.68,30.422],[80.679,30.422],[80.678,30.423],[80.677,30.424],[80.678,30.425],[80.678,30.427],[80.679,30.428],[80.678,30.429],[80.677,30.43],[80.675,30.43],[80.67,30.433],[80.668,30.434],[80.668,30.435],[80.668,30.435],[80.667,30.436],[80.666,30.437],[80.664,30.438],[80.663,30.439],[80.661,30.439],[80.66,30.441],[80.659,30.442],[80.655,30.443],[80.654,30.444],[80.653,30.445],[80.651,30.445],[80.65,30.446],[80.648,30.446],[80.648,30.446],[80.647,30.447],[80.647,30.447],[80.646,30.448],[80.645,30.449],[80.643,30.45],[80.641,30.451],[80.639,30.451],[80.637,30.45],[80.636,30.452],[80.634,30.453],[80.632,30.455],[80.631,30.456],[80.629,30.456],[80.629,30.457],[80.627,30.457],[80.626,30.459],[80.625,30.461],[80.624,30.463],[80.622,30.462],[80.62,30.461],[80.618,30.46],[80.615,30.459],[80.613,30.459],[80.612,30.46],[80.611,30.462],[80.61,30.463],[80.609,30.465],[80.608,30.466],[80.607,30.47],[80.607,30.471],[80.604,30.471],[80.601,30.471],[80.599,30.471],[80.598,30.47],[80.596,30.468],[80.594,30.469],[80.59,30.468],[80.585,30.469],[80.582,30.468],[80.576,30.464],[80.575,30.465],[80.574,30.465],[80.572,30.464],[80.565,30.464],[80.565,30.462],[80.566,30.46],[80.565,30.459],[80.559,30.456],[80.559,30.454],[80.556,30.452],[80.553,30.453],[80.553,30.451],[80.55,30.45],[80.548,30.449],[80.541,30.449],[80.54,30.448],[80.539,30.445],[80.536,30.441],[80.53,30.438],[80.53,30.433],[80.528,30.431],[80.527,30.428],[80.525,30.425],[80.526,30.425],[80.53,30.423],[80.533,30.42],[80.535,30.417],[80.537,30.417],[80.539,30.418],[80.542,30.42],[80.544,30.421],[80.548,30.423],[80.555,30.426],[80.562,30.43],[80.567,30.436],[80.572,30.441],[80.578,30.446],[80.579,30.446],[80.581,30.445],[80.584,30.446],[80.59,30.446],[80.593,30.447],[80.597,30.448],[80.601,30.447],[80.605,30.445],[80.609,30.446],[80.613,30.444],[80.617,30.438],[80.62,30.435],[80.623,30.431],[80.623,30.427],[80.624,30.422],[80.626,30.419],[80.629,30.417],[80.628,30.415],[80.627,30.414],[80.627,30.41],[80.631,30.406],[80.634,30.402],[80.634,30.398],[80.636,30.397],[80.636,30.396],[80.637,30.393],[80.638,30.392],[80.638,30.39],[80.639,30.388],[80.645,30.386],[80.648,30.384],[80.65,30.382],[80.654,30.38],[80.655,30.376],[80.656,30.373],[80.661,30.355],[80.659,30.354],[80.663,30.351],[80.663,30.349],[80.665,30.347],[80.666,30.343],[80.672,30.34],[80.674,30.339],[80.678,30.338],[80.68,30.337],[80.684,30.333],[80.687,30.333],[80.689,30.333],[80.69,30.332],[80.693,30.333],[80.695,30.333],[80.697,30.335],[80.699,30.334],[80.705,30.333],[80.706,30.331],[80.708,30.331],[80.71,30.331],[80.716,30.328],[80.717,30.326],[80.721,30.324],[80.729,30.32],[80.734,30.316],[80.734,30.311],[80.736,30.309],[80.743,30.307],[80.75,30.308],[80.753,30.308],[80.755,30.307],[80.758,30.304],[80.759,30.3],[80.759,30.297],[80.761,30.294],[80.76,30.289],[80.76,30.286],[80.761,30.283],[80.762,30.28],[80.762,30.279],[80.767,30.278],[80.777,30.267],[80.777,30.265],[80.781,30.262],[80.784,30.258],[80.785,30.255],[80.787,30.25],[80.793,30.242],[80.797,30.238],[80.804,30.233],[80.809,30.23],[80.811,30.228],[80.813,30.225],[80.816,30.225],[80.819,30.224],[80.821,30.221],[80.822,30.217],[80.825,30.214],[80.827,30.209],[80.83,30.207],[80.833,30.205],[80.833,30.203],[80.836,30.201],[80.838,30.197],[80.843,30.191],[80.848,30.187],[80.854,30.182],[80.854,30.179],[80.855,30.177],[80.862,30.169],[80.864,30.167],[80.866,30.166],[80.867,30.164],[80.869,30.163],[80.871,30.162],[80.872,30.16],[80.872,30.159],[80.872,30.157],[80.872,30.156],[80.872,30.154],[80.871,30.153],[80.872,30.151],[80.872,30.15],[80.873,30.148],[80.874,30.144],[80.876,30.142],[80.877,30.141],[80.876,30.139],[80.876,30.137],[80.877,30.136],[80.878,30.135],[80.878,30.134],[80.879,30.132],[80.878,30.131],[80.878,30.13],[80.877,30.128],[80.876,30.127],[80.874,30.126],[80.873,30.126],[80.869,30.125],[80.867,30.125],[80.865,30.123],[80.863,30.121],[80.86,30.122],[80.855,30.121],[80.854,30.119],[80.853,30.119],[80.851,30.118],[80.847,30.118],[80.846,30.117],[80.845,30.116],[80.841,30.112],[80.845,30.11],[80.846,30.109],[80.846,30.108],[80.846,30.107],[80.846,30.106],[80.846,30.105],[80.845,30.103],[80.845,30.102],[80.843,30.101],[80.842,30.1],[80.84,30.1],[80.839,30.099],[80.838,30.098],[80.836,30.097],[80.833,30.098],[80.831,30.097],[80.829,30.097],[80.828,30.098],[80.826,30.1],[80.824,30.1],[80.822,30.1],[80.821,30.099],[80.819,30.097],[80.817,30.097],[80.814,30.095],[80.814,30.093],[80.813,30.093],[80.811,30.092],[80.809,30.091],[80.805,30.09],[80.801,30.085],[80.801,30.084],[80.8,30.081],[80.797,30.08],[80.794,30.078],[80.792,30.075],[80.791,30.073],[80.79,30.073],[80.789,30.072],[80.789,30.07],[80.787,30.068],[80.786,30.067],[80.783,30.063],[80.783,30.061],[80.781,30.059],[80.78,30.057],[80.776,30.055],[80.775,30.054],[80.773,30.054],[80.763,30.051],[80.761,30.049],[80.76,30.047],[80.758,30.045],[80.758,30.044],[80.759,30.044],[80.758,30.041],[80.756,30.04],[80.756,30.037],[80.756,30.035],[80.755,30.032],[80.755,30.031],[80.758,30.028],[80.757,30.024],[80.754,30.02],[80.753,30.017],[80.75,30.012],[80.749,30.009],[80.747,30.007],[80.744,30.004],[80.741,30.002],[80.738,29.999],[80.732,30.0],[80.729,30.0],[80.724,30.0],[80.72,30.001],[80.718,29.997],[80.716,29.996],[80.716,29.994],[80.714,29.992],[80.713,29.99],[80.71,29.988],[80.707,29.986],[80.704,29.984],[80.702,29.982],[80.7,29.98],[80.699,29.979],[80.697,29.98],[80.696,29.978],[80.694,29.977],[80.692,29.975],[80.691,29.975],[80.69,29.973],[80.688,29.972],[80.687,29.97],[80.685,29.968],[80.684,29.967],[80.683,29.965],[80.682,29.962],[80.68,29.962],[80.678,29.959],[80.677,29.959],[80.676,29.959],[80.675,29.957],[80.674,29.957],[80.672,29.957],[80.67,29.957],[80.668,29.957],[80.667,29.957],[80.665,29.957],[80.662,29.956],[80.659,29.956],[80.656,29.955],[80.654,29.956],[80.652,29.956],[80.649,29.956],[80.646,29.957],[80.642,29.959],[80.641,29.96],[80.64,29.96],[80.639,29.962],[80.638,29.963],[80.633,29.965],[80.632,29.965],[80.628,29.965],[80.624,29.964],[80.623,29.964],[80.619,29.964],[80.616,29.961],[80.613,29.961],[80.61,29.959],[80.607,29.959],[80.605,29.959],[80.601,29.958],[80.597,29.955],[80.594,29.952],[80.591,29.949],[80.59,29.947],[80.588,29.945],[80.587,29.943],[80.585,29.94],[80.583,29.939],[80.581,29.937],[80.581,29.935],[80.579,29.932],[80.578,29.929],[80.578,29.927],[80.575,29.925],[80.574,29.923],[80.573,29.921],[80.571,29.915],[80.57,29.912],[80.569,29.909],[80.569,29.908],[80.57,29.905],[80.571,29.903],[80.57,29.901],[80.571,29.899],[80.571,29.898],[80.572,29.896],[80.572,29.895],[80.572,29.894],[80.571,29.892],[80.57,29.89],[80.569,29.888],[80.568,29.886],[80.567,29.883],[80.566,29.881],[80.566,29.879],[80.565,29.878],[80.564,29.877],[80.562,29.876],[80.56,29.875],[80.557,29.87],[80.558,29.868],[80.559,29.868],[80.561,29.867],[80.561,29.866],[80.56,29.865],[80.554,29.862],[80.554,29.859],[80.552,29.857],[80.551,29.856],[80.552,29.854],[80.553,29.853],[80.553,29.851],[80.552,29.85],[80.549,29.85],[80.547,29.849],[80.546,29.848],[80.543,29.846],[80.541,29.847],[80.539,29.847],[80.537,29.842],[80.536,29.841],[80.536,29.839],[80.532,29.839],[80.53,29.836],[80.528,29.833],[80.524,29.832],[80.523,29.832],[80.524,29.829],[80.52,29.826],[80.517,29.825],[80.514,29.825],[80.51,29.824],[80.507,29.823],[80.506,29.821],[80.505,29.819],[80.502,29.818],[80.5,29.815],[80.498,29.812],[80.498,29.81],[80.5,29.809],[80.5,29.808],[80.499,29.807],[80.495,29.805],[80.495,29.803],[80.495,29.802],[80.492,29.802],[80.492,29.801],[80.494,29.799],[80.494,29.798],[80.495,29.797],[80.494,29.796],[80.493,29.795],[80.488,29.796],[80.484,29.796],[80.483,29.796],[80.48,29.795],[80.479,29.796],[80.478,29.797],[80.476,29.798],[80.471,29.799],[80.468,29.801],[80.465,29.802],[80.461,29.802],[80.457,29.803],[80.455,29.803],[80.452,29.801],[80.449,29.799],[80.446,29.799],[80.443,29.799],[80.442,29.8],[80.44,29.802],[80.438,29.805],[80.437,29.806],[80.435,29.806],[80.434,29.805],[80.433,29.803],[80.431,29.801],[80.43,29.799],[80.428,29.798],[80.424,29.797],[80.421,29.796],[80.417,29.796],[80.415,29.795],[80.414,29.792],[80.414,29.792],[80.412,29.792],[80.41,29.793],[80.409,29.794],[80.407,29.795],[80.407,29.795],[80.407,29.794],[80.408,29.793],[80.408,29.791],[80.406,29.79],[80.406,29.788],[80.407,29.784],[80.406,29.783],[80.405,29.783],[80.403,29.782],[80.405,29.78],[80.404,29.777],[80.404,29.777],[80.403,29.777],[80.4,29.774],[80.399,29.773],[80.399,29.771],[80.399,29.769],[80.399,29.767],[80.396,29.765],[80.396,29.763],[80.397,29.761],[80.398,29.76],[80.396,29.758],[80.395,29.758],[80.393,29.758],[80.392,29.759],[80.391,29.761],[80.389,29.76],[80.387,29.76],[80.385,29.758],[80.385,29.756],[80.385,29.754],[80.386,29.752],[80.386,29.751],[80.385,29.75],[80.383,29.75],[80.381,29.751],[80.378,29.75],[80.376,29.75],[80.372,29.749],[80.371,29.749],[80.37,29.75],[80.369,29.751],[80.368,29.751],[80.367,29.749],[80.365,29.747],[80.365,29.744],[80.365,29.742],[80.364,29.74],[80.366,29.738],[80.368,29.736],[80.369,29.735],[80.37,29.735],[80.37,29.733],[80.367,29.731],[80.366,29.728],[80.366,29.726],[80.367,29.723],[80.368,29.722],[80.371,29.721],[80.373,29.721],[80.375,29.721],[80.376,29.719],[80.376,29.718],[80.373,29.717],[80.372,29.716],[80.373,29.715],[80.375,29.712],[80.374,29.71],[80.376,29.706],[80.376,29.704],[80.377,29.703],[80.378,29.702],[80.379,29.701],[80.38,29.698],[80.38,29.696],[80.38,29.693],[80.38,29.691],[80.381,29.688],[80.384,29.686],[80.385,29.685],[80.385,29.683],[80.384,29.68],[80.384,29.678],[80.385,29.674],[80.387,29.673],[80.389,29.672],[80.39,29.671],[80.39,29.669],[80.39,29.666],[80.39,29.664],[80.395,29.663],[80.396,29.663],[80.397,29.663],[80.398,29.661],[80.399,29.659],[80.4,29.659],[80.401,29.659],[80.402,29.659],[80.404,29.659],[80.405,29.659],[80.407,29.659],[80.408,29.658],[80.409,29.657],[80.409,29.656],[80.409,29.655],[80.41,29.654],[80.411,29.654],[80.413,29.654],[80.415,29.654],[80.416,29.652],[80.416,29.651],[80.415,29.649],[80.415,29.646],[80.414,29.644],[80.416,29.642],[80.418,29.64],[80.419,29.64],[80.42,29.639],[80.42,29.638],[80.42,29.637],[80.42,29.634],[80.42,29.633],[80.421,29.631],[80.421,29.629],[80.419,29.628],[80.417,29.626],[80.414,29.626],[80.412,29.626],[80.41,29.624],[80.409,29.623],[80.408,29.621],[80.408,29.62],[80.408,29.618],[80.408,29.615],[80.407,29.614],[80.406,29.614],[80.406,29.612],[80.407,29.61],[80.408,29.607],[80.408,29.606],[80.409,29.603],[80.412,29.604],[80.414,29.604],[80.417,29.604],[80.419,29.605],[80.419,29.606],[80.42,29.609],[80.421,29.611],[80.422,29.613],[80.424,29.613],[80.426,29.613],[80.429,29.612],[80.431,29.613],[80.431,29.614],[80.431,29.616],[80.432,29.617],[80.432,29.617],[80.433,29.618],[80.435,29.618],[80.437,29.618],[80.439,29.618],[80.441,29.617],[80.442,29.617],[80.444,29.617],[80.445,29.617],[80.446,29.617],[80.447,29.618],[80.448,29.619],[80.449,29.62],[80.45,29.621],[80.452,29.622],[80.455,29.623],[80.458,29.623],[80.459,29.624],[80.462,29.623],[80.464,29.622],[80.465,29.622],[80.467,29.621],[80.469,29.62],[80.47,29.62],[80.472,29.619],[80.474,29.619],[80.476,29.62],[80.477,29.62],[80.478,29.621],[80.479,29.621],[80.481,29.622],[80.483,29.622],[80.486,29.623],[80.49,29.623],[80.491,29.623],[80.492,29.623],[80.495,29.623],[80.497,29.623],[80.498,29.624],[80.499,29.625],[80.5,29.626],[80.5,29.627],[80.501,29.628],[80.502,29.629],[80.502,29.63],[80.503,29.63],[80.504,29.631],[80.505,29.633],[80.507,29.635],[80.507,29.636],[80.507,29.637],[80.508,29.639],[80.508,29.641],[80.508,29.641],[80.509,29.643],[80.51,29.644],[80.513,29.646],[80.515,29.647],[80.516,29.648],[80.517,29.649],[80.52,29.651],[80.522,29.651],[80.524,29.652],[80.525,29.653],[80.528,29.653],[80.529,29.654],[80.53,29.655],[80.531,29.655],[80.532,29.657],[80.534,29.658],[80.535,29.659],[80.537,29.66],[80.538,29.661],[80.54,29.662],[80.543,29.663],[80.544,29.663],[80.546,29.664],[80.547,29.664],[80.548,29.665],[80.55,29.665],[80.554,29.666],[80.555,29.667],[80.556,29.667],[80.557,29.668],[80.559,29.668],[80.561,29.669],[80.562,29.67],[80.563,29.672],[80.564,29.672],[80.565,29.673],[80.568,29.674],[80.569,29.675],[80.57,29.677],[80.571,29.678],[80.572,29.679],[80.572,29.68],[80.573,29.682],[80.574,29.682],[80.575,29.683],[80.577,29.684],[80.58,29.685],[80.582,29.686],[80.588,29.686],[80.59,29.687],[80.592,29.687],[80.596,29.688],[80.597,29.688],[80.599,29.688],[80.601,29.688],[80.603,29.689],[80.604,29.689],[80.605,29.688],[80.607,29.687],[80.608,29.686],[80.611,29.685],[80.612,29.684],[80.613,29.684],[80.615,29.685],[80.617,29.685],[80.619,29.685],[80.62,29.685],[80.623,29.685],[80.625,29.685],[80.628,29.685],[80.633,29.685],[80.635,29.686],[80.637,29.686],[80.639,29.687],[80.641,29.686],[80.642,29.686],[80.643,29.685],[80.644,29.684],[80.645,29.683],[80.646,29.683],[80.647,29.682],[80.648,29.681],[80.649,29.681],[80.651,29.68],[80.652,29.68],[80.655,29.68],[80.659,29.68],[80.662,29.68],[80.664,29.68],[80.666,29.681],[80.668,29.682],[80.669,29.683],[80.671,29.683],[80.673,29.683],[80.675,29.684],[80.676,29.685],[80.677,29.685],[80.679,29.688],[80.68,29.689],[80.68,29.69],[80.681,29.691],[80.682,29.693],[80.684,29.695],[80.684,29.696],[80.683,29.697],[80.682,29.699],[80.682,29.7],[80.682,29.701],[80.682,29.702],[80.683,29.704],[80.689,29.705],[80.691,29.705],[80.694,29.705],[80.697,29.705],[80.701,29.705],[80.703,29.705],[80.706,29.704],[80.707,29.703],[80.71,29.702],[80.713,29.702],[80.715,29.702],[80.717,29.702],[80.721,29.702],[80.723,29.703],[80.725,29.704],[80.728,29.704],[80.73,29.705],[80.733,29.705],[80.736,29.706],[80.738,29.706],[80.742,29.706],[80.747,29.706],[80.75,29.706],[80.754,29.706],[80.756,29.705],[80.759,29.705],[80.761,29.704],[80.763,29.704],[80.765,29.703],[80.768,29.703],[80.773,29.702],[80.776,29.702],[80.778,29.701],[80.78,29.701],[80.782,29.7],[80.785,29.699],[80.787,29.698],[80.789,29.697],[80.79,29.695],[80.791,29.694],[80.792,29.693],[80.792,29.692],[80.793,29.69],[80.794,29.689],[80.794,29.687],[80.795,29.686],[80.799,29.687],[80.801,29.687],[80.802,29.687],[80.803,29.686],[80.805,29.685],[80.809,29.684],[80.814,29.684],[80.815,29.684],[80.816,29.684],[80.818,29.685],[80.821,29.686],[80.822,29.686],[80.825,29.685],[80.828,29.687],[80.829,29.688],[80.831,29.689],[80.833,29.69],[80.836,29.689],[80.838,29.688],[80.84,29.688],[80.842,29.687],[80.844,29.688],[80.846,29.689],[80.848,29.691],[80.849,29.692],[80.851,29.693],[80.853,29.694],[80.856,29.695],[80.858,29.695],[80.86,29.696],[80.861,29.697],[80.863,29.698],[80.864,29.7],[80.865,29.702],[80.866,29.704],[80.868,29.705],[80.869,29.706],[80.871,29.707],[80.874,29.709],[80.876,29.711],[80.879,29.711],[80.881,29.712],[80.882,29.712],[80.885,29.713],[80.888,29.713],[80.891,29.714],[80.892,29.715],[80.895,29.717],[80.899,29.719],[80.901,29.72],[80.904,29.721],[80.906,29.722],[80.908,29.723],[80.91,29.724],[80.911,29.724],[80.913,29.724],[80.914,29.724],[80.915,29.724],[80.917,29.724],[80.918,29.724],[80.92,29.724],[80.922,29.724],[80.925,29.725],[80.928,29.727],[80.93,29.728],[80.932,29.729],[80.934,29.731],[80.936,29.733],[80.938,29.734],[80.94,29.735],[80.941,29.735],[80.943,29.735],[80.946,29.735],[80.949,29.734],[80.951,29.733],[80.953,29.732],[80.955,29.729],[80.957,29.727],[80.958,29.726],[80.961,29.725],[80.963,29.724],[80.966,29.723],[80.969,29.723],[80.972,29.722],[80.973,29.722],[80.976,29.722],[80.977,29.722],[80.977,29.723],[80.978,29.724],[80.979,29.726],[80.982,29.729],[80.984,29.731],[80.986,29.733],[80.987,29.735],[80.988,29.738],[80.99,29.74],[80.991,29.74],[80.994,29.741],[80.998,29.742],[81.001,29.742],[81.004,29.742],[81.008,29.743],[81.01,29.743],[81.013,29.744],[81.015,29.744],[81.017,29.745],[81.02,29.746],[81.021,29.746],[81.024,29.746],[81.028,29.745],[81.03,29.744],[81.032,29.744],[81.034,29.744],[81.036,29.744],[81.036,29.745],[81.038,29.746],[81.04,29.748],[81.042,29.75],[81.045,29.751],[81.047,29.752],[81.049,29.753],[81.051,29.754],[81.053,29.755],[81.056,29.757],[81.058,29.758],[81.059,29.759],[81.062,29.762],[81.064,29.765],[81.064,29.768],[81.064,29.771],[81.064,29.772],[81.065,29.775],[81.065,29.778],[81.065,29.78],[81.065,29.784],[81.064,29.787],[81.064,29.79],[81.065,29.792],[81.066,29.793],[81.068,29.796],[81.069,29.797],[81.069,29.8],[81.069,29.803],[81.07,29.806],[81.072,29.811],[81.072,29.815],[81.072,29.817],[81.072,29.82],[81.072,29.822],[81.072,29.824],[81.071,29.825],[81.07,29.826],[81.068,29.827],[81.067,29.827],[81.065,29.828],[81.063,29.828],[81.061,29.829],[81.06,29.83],[81.057,29.831],[81.054,29.833],[81.051,29.836],[81.048,29.837],[81.045,29.839],[81.042,29.842],[81.041,29.845],[81.041,29.847],[81.041,29.849],[81.04,29.851],[81.04,29.854],[81.04,29.857],[81.04,29.859],[81.039,29.862],[81.038,29.864],[81.038,29.866],[81.039,29.868],[81.04,29.869],[81.04,29.87],[81.041,29.872],[81.04,29.879],[81.041,29.882],[81.042,29.883],[81.041,29.885],[81.038,29.887],[81.036,29.89],[81.034,29.893],[81.033,29.896],[81.032,29.899],[81.03,29.901],[81.03,29.904],[81.029,29.906],[81.028,29.909],[81.026,29.91],[81.02,29.913],[81.018,29.914],[81.017,29.916],[81.013,29.919],[81.01,29.922],[81.008,29.924],[81.007,29.925],[81.005,29.927],[81.003,29.931],[81.003,29.932],[81.004,29.933],[81.005,29.935],[81.006,29.936],[81.006,29.937],[81.007,29.938],[81.008,29.939],[81.01,29.941],[81.013,29.944],[81.015,29.947],[81.016,29.948],[81.018,29.95],[81.02,29.954],[81.021,29.958],[81.022,29.96],[81.021,29.963],[81.021,29.964],[81.02,29.965],[81.021,29.967],[81.021,29.969],[81.021,29.971],[81.021,29.974],[81.019,29.976],[81.018,29.978],[81.017,29.98],[81.019,29.982],[81.02,29.983],[81.022,29.983],[81.023,29.984],[81.025,29.985],[81.027,29.986],[81.028,29.987],[81.029,29.988],[81.03,29.99],[81.03,29.991],[81.032,29.994],[81.035,29.997],[81.036,30.0],[81.037,30.001],[81.037,30.003],[81.037,30.005],[81.037,30.007],[81.038,30.009],[81.038,30.011],[81.039,30.012],[81.039,30.014],[81.041,30.015],[81.043,30.017],[81.046,30.019],[81.048,30.021],[81.05,30.022],[81.051,30.023],[81.052,30.024],[81.054,30.025],[81.055,30.026],[81.055,30.027],[81.057,30.029],[81.059,30.031],[81.061,30.034],[81.063,30.035],[81.065,30.039],[81.068,30.041],[81.071,30.044],[81.073,30.045],[81.076,30.047],[81.08,30.048],[81.083,30.05],[81.086,30.053],[81.088,30.054],[81.089,30.055],[81.091,30.055],[81.093,30.055]]]}}]}