{"type":"FeatureCollection","features":[{"type":"Feature","properties":{"id":1,"name":"Koshi","name_ne":"कोशी","level":"province","capital":"Biratnagar"},"geometry":{"type":"Polygon","coordinates":[[[86.205,27.252],[86.208,27.251],[86.21,27.25],[86.212,27.249],[86.214,27.247],[86.216,27.246],[86.218,27.245],[86.219,27.244],[86.221,27.242],[86.224,27.24],[86.227,27.238],[86.232,27.239],[86.237,27.24],[86.239,27.241],[86.242,27.243],[86.245,27.246],[86.247,27.247],[86.25,27.248],[86.252,27.249],[86.255,27.251],[86.256,27.252],[86.258,27.254],[86.261,27.257],[86.262,27.258],[86.264,27.26],[86.267,27.261],[86.269,27.26],[86.27,27.258],[86.271,27.255],[86.272,27.253],[86.276,27.251],[86.278,27.251],[86.283,27.249],[86.286,27.248],[86.29,27.246],[86.293,27.244],[86.295,27.242],[86.297,27.241],[86.3,27.24],[86.304,27.239],[86.308,27.238],[86.312,27.235],[86.318,27.233],[86.323,27.232],[86.328,27.232],[86.332,27.232],[86.337,27.232],[86.341,27.231],[86.344,27.229],[86.345,27.227],[86.346,27.222],[86.345,27.217],[86.345,27.213],[86.345,27.21],[86.345,27.206],[86.348,27.204],[86.352,27.202],[86.358,27.201],[86.363,27.2],[86.366,27.198],[86.369,27.196],[86.373,27.194],[86.377,27.193],[86.38,27.191],[86.383,27.189],[86.384,27.186],[86.387,27.185],[86.39,27.181],[86.388,27.182],[86.387,27.179],[86.385,27.174],[86.383,27.171],[86.382,27.169],[86.38,27.166],[86.377,27.163],[86.375,27.161],[86.375,27.157],[86.376,27.154],[86.375,27.151],[86.374,27.148],[86.372,27.146],[86.37,27.144],[86.363,27.141],[86.359,27.141],[86.356,27.142],[86.355,27.143],[86.351,27.145],[86.349,27.146],[86.348,27.145],[86.346,27.144],[86.345,27.142],[86.342,27.139],[86.342,27.137],[86.339,27.134],[86.337,27.13],[86.335,27.126],[86.334,27.124],[86.333,27.122],[86.332,27.12],[86.331,27.117],[86.329,27.115],[86.327,27.114],[86.325,27.113],[86.323,27.112],[86.319,27.112],[86.315,27.112],[86.312,27.111],[86.31,27.111],[86.309,27.109],[86.314,27.106],[86.319,27.106],[86.324,27.104],[86.33,27.103],[86.336,27.103],[86.342,27.103],[86.346,27.104],[86.351,27.104],[86.354,27.103],[86.357,27.101],[86.359,27.099],[86.361,27.098],[86.361,27.095],[86.36,27.091],[86.358,27.087],[86.357,27.082],[86.355,27.077],[86.354,27.074],[86.354,27.072],[86.354,27.07],[86.355,27.068],[86.356,27.066],[86.358,27.064],[86.361,27.062],[86.364,27.059],[86.366,27.055],[86.367,27.052],[86.368,27.048],[86.37,27.045],[86.371,27.043],[86.374,27.042],[86.376,27.04],[86.379,27.039],[86.382,27.037],[86.385,27.034],[86.383,27.033],[86.381,27.029],[86.378,27.026],[86.376,27.021],[86.375,27.017],[86.374,27.012],[86.373,27.007],[86.371,27.0],[86.369,26.994],[86.369,26.987],[86.369,26.98],[86.366,26.973],[86.361,26.968],[86.36,26.966],[86.358,26.964],[86.356,26.963],[86.353,26.963],[86.349,26.963],[86.345,26.964],[86.34,26.963],[86.336,26.962],[86.332,26.962],[86.327,26.961],[86.321,26.962],[86.316,26.962],[86.312,26.962],[86.308,26.96],[86.304,26.958],[86.299,26.956],[86.294,26.954],[86.29,26.953],[86.286,26.95],[86.283,26.946],[86.282,26.94],[86.281,26.937],[86.278,26.933],[86.279,26.933],[86.282,26.931],[86.286,26.929],[86.291,26.928],[86.298,26.928],[86.304,26.928],[86.309,26.927],[86.318,26.925],[86.323,26.922],[86.33,26.92],[86.335,26.917],[86.34,26.915],[86.344,26.914],[86.349,26.913],[86.355,26.911],[86.358,26.91],[86.363,26.909],[86.368,26.908],[86.374,26.907],[86.379,26.907],[86.385,26.908],[86.391,26.908],[86.395,26.908],[86.401,26.907],[86.403,26.907],[86.407,26.906],[86.413,26.905],[86.42,26.902],[86.427,26.9],[86.434,26.897],[86.438,26.894],[86.445,26.89],[86.446,26.89],[86.449,26.889],[86.455,26.887],[86.462,26.886],[86.467,26.886],[86.473,26.886],[86.475,26.886],[86.481,26.885],[86.485,26.885],[86.487,26.885],[86.491,26.887],[86.494,26.888],[86.5,26.889],[86.506,26.889],[86.506,26.889],[86.509,26.889],[86.513,26.887],[86.518,26.888],[86.52,26.889],[86.523,26.889],[86.528,26.887],[86.532,26.887],[86.534,26.887],[86.537,26.886],[86.541,26.888],[86.545,26.888],[86.55,26.888],[86.558,26.887],[86.563,26.886],[86.566,26.884],[86.568,26.879],[86.573,26.876],[86.577,26.872],[86.578,26.866],[86.579,26.858],[86.58,26.852],[86.582,26.846],[86.586,26.841],[86.589,26.838],[86.594,26.835],[86.597,26.83],[86.599,26.825],[86.602,26.819],[86.602,26.813],[86.602,26.81],[86.603,26.807],[86.604,26.801],[86.604,26.796],[86.604,26.791],[86.603,26.785],[86.603,26.78],[86.605,26.776],[86.607,26.775],[86.614,26.771],[86.62,26.768],[86.628,26.763],[86.635,26.76],[86.641,26.758],[86.648,26.754],[86.655,26.751],[86.66,26.749],[86.665,26.745],[86.668,26.741],[86.67,26.736],[86.67,26.729],[86.667,26.725],[86.668,26.721],[86.666,26.717],[86.663,26.713],[86.663,26.709],[86.665,26.705],[86.668,26.703],[86.67,26.699],[86.673,26.695],[86.677,26.691],[86.681,26.688],[86.688,26.688],[86.694,26.69],[86.698,26.694],[86.701,26.697],[86.704,26.7],[86.705,26.703],[86.708,26.706],[86.71,26.705],[86.712,26.704],[86.715,26.703],[86.718,26.704],[86.721,26.706],[86.723,26.708],[86.726,26.709],[86.731,26.71],[86.736,26.711],[86.74,26.709],[86.741,26.706],[86.742,26.704],[86.745,26.699],[86.749,26.697],[86.754,26.693],[86.756,26.69],[86.757,26.687],[86.758,26.686],[86.761,26.687],[86.765,26.691],[86.768,26.694],[86.771,26.697],[86.776,26.699],[86.781,26.701],[86.785,26.703],[86.79,26.705],[86.794,26.708],[86.796,26.709],[86.799,26.709],[86.803,26.71],[86.808,26.71],[86.815,26.708],[86.82,26.708],[86.824,26.71],[86.829,26.712],[86.832,26.712],[86.837,26.712],[86.841,26.709],[86.843,26.705],[86.843,26.7],[86.843,26.695],[86.844,26.692],[86.846,26.692],[86.848,26.692],[86.851,26.691],[86.852,26.691],[86.854,26.692],[86.854,26.694],[86.856,26.695],[86.86,26.697],[86.863,26.699],[86.866,26.701],[86.868,26.702],[86.869,26.705],[86.872,26.71],[86.877,26.711],[86.883,26.712],[86.887,26.713],[86.891,26.717],[86.893,26.721],[86.899,26.725],[86.902,26.727],[86.905,26.731],[86.908,26.735],[86.91,26.74],[86.91,26.745],[86.91,26.75],[86.91,26.755],[86.911,26.76],[86.911,26.763],[86.914,26.766],[86.916,26.767],[86.92,26.766],[86.921,26.766],[86.924,26.764],[86.927,26.761],[86.928,26.757],[86.93,26.754],[86.931,26.75],[86.933,26.745],[86.936,26.743],[86.94,26.74],[86.943,26.739],[86.947,26.738],[86.951,26.738],[86.956,26.739],[86.962,26.738],[86.965,26.736],[86.966,26.732],[86.966,26.727],[86.966,26.724],[86.967,26.719],[86.97,26.716],[86.973,26.714],[86.979,26.714],[86.983,26.714],[86.989,26.716],[86.993,26.715],[86.995,26.713],[87.0,26.713],[87.005,26.713],[87.009,26.714],[87.012,26.715],[87.017,26.716],[87.021,26.717],[87.025,26.717],[87.028,26.718],[87.027,26.716],[87.026,26.713],[87.026,26.71],[87.022,26.699],[87.02,26.696],[87.019,26.694],[87.018,26.691],[87.017,26.689],[87.016,26.686],[87.015,26.684],[87.013,26.676],[87.012,26.673],[87.01,26.67],[87.009,26.668],[87.008,26.666],[87.005,26.664],[87.002,26.662],[87.0,26.661],[86.997,26.66],[86.995,26.657],[86.992,26.655],[86.99,26.652],[86.989,26.649],[86.986,26.646],[86.985,26.644],[86.983,26.642],[86.98,26.639],[86.978,26.637],[86.977,26.635],[86.976,26.633],[86.976,26.63],[86.976,26.629],[86.975,26.626],[86.973,26.624],[86.972,26.622],[86.97,26.62],[86.968,26.618],[86.967,26.614],[86.966,26.61],[86.965,26.607],[86.964,26.604],[86.961,26.599],[86.96,26.597],[86.958,26.592],[86.957,26.59],[86.954,26.586],[86.953,26.582],[86.951,26.577],[86.95,26.573],[86.949,26.569],[86.949,26.566],[86.948,26.562],[86.946,26.558],[86.944,26.556],[86.943,26.554],[86.937,26.546],[86.933,26.54],[86.931,26.535],[86.929,26.531],[86.927,26.527],[86.925,26.522],[86.924,26.518],[86.923,26.514],[86.921,26.51],[86.919,26.505],[86.917,26.502],[86.916,26.499],[86.915,26.496],[86.914,26.494],[86.914,26.491],[86.914,26.49],[86.914,26.488],[86.919,26.487],[86.922,26.487],[86.924,26.487],[86.925,26.487],[86.928,26.488],[86.93,26.489],[86.931,26.491],[86.931,26.493],[86.932,26.497],[86.932,26.5],[86.932,26.503],[86.932,26.507],[86.932,26.51],[86.933,26.512],[86.935,26.517],[86.936,26.518],[86.938,26.519],[86.942,26.52],[86.945,26.52],[86.947,26.52],[86.949,26.521],[86.952,26.521],[86.955,26.522],[86.957,26.523],[86.965,26.524],[86.966,26.523],[86.968,26.523],[86.97,26.522],[86.973,26.522],[86.976,26.523],[86.979,26.523],[86.982,26.524],[86.986,26.524],[86.989,26.522],[86.992,26.522],[86.999,26.525],[87.003,26.527],[87.005,26.528],[87.012,26.531],[87.015,26.532],[87.017,26.533],[87.02,26.536],[87.022,26.538],[87.024,26.541],[87.025,26.543],[87.026,26.545],[87.029,26.548],[87.032,26.55],[87.036,26.556],[87.038,26.558],[87.04,26.56],[87.042,26.563],[87.044,26.567],[87.045,26.57],[87.046,26.573],[87.047,26.577],[87.047,26.58],[87.047,26.583],[87.048,26.586],[87.051,26.587],[87.053,26.587],[87.059,26.587],[87.063,26.586],[87.068,26.585],[87.072,26.585],[87.074,26.584],[87.074,26.583],[87.075,26.58],[87.075,26.577],[87.075,26.573],[87.074,26.569],[87.074,26.565],[87.074,26.561],[87.073,26.556],[87.073,26.553],[87.075,26.545],[87.075,26.543],[87.076,26.541],[87.077,26.538],[87.079,26.535],[87.08,26.531],[87.081,26.528],[87.082,26.525],[87.082,26.521],[87.082,26.518],[87.082,26.514],[87.083,26.51],[87.084,26.508],[87.085,26.504],[87.085,26.501],[87.086,26.497],[87.087,26.493],[87.088,26.49],[87.088,26.488],[87.088,26.486],[87.087,26.481],[87.088,26.479],[87.089,26.475],[87.09,26.471],[87.09,26.468],[87.091,26.465],[87.091,26.462],[87.092,26.458],[87.092,26.455],[87.092,26.452],[87.094,26.449],[87.098,26.445],[87.101,26.443],[87.105,26.44],[87.108,26.438],[87.112,26.436],[87.115,26.434],[87.119,26.432],[87.121,26.43],[87.124,26.427],[87.127,26.425],[87.129,26.422],[87.132,26.42],[87.135,26.418],[87.139,26.416],[87.143,26.413],[87.146,26.412],[87.149,26.41],[87.152,26.409],[87.156,26.408],[87.159,26.407],[87.163,26.406],[87.166,26.404],[87.17,26.404],[87.173,26.403],[87.177,26.403],[87.18,26.403],[87.184,26.403],[87.187,26.404],[87.189,26.406],[87.19,26.408],[87.191,26.41],[87.191,26.412],[87.192,26.413],[87.195,26.414],[87.199,26.414],[87.205,26.414],[87.209,26.415],[87.213,26.415],[87.214,26.413],[87.213,26.411],[87.216,26.408],[87.218,26.408],[87.22,26.406],[87.222,26.405],[87.225,26.406],[87.227,26.407],[87.229,26.409],[87.231,26.411],[87.232,26.412],[87.234,26.413],[87.237,26.414],[87.24,26.415],[87.243,26.415],[87.246,26.415],[87.249,26.415],[87.251,26.414],[87.253,26.413],[87.256,26.413],[87.259,26.412],[87.261,26.411],[87.263,26.41],[87.265,26.408],[87.266,26.406],[87.267,26.404],[87.267,26.401],[87.267,26.399],[87.267,26.396],[87.267,26.393],[87.266,26.389],[87.266,26.385],[87.266,26.381],[87.266,26.379],[87.266,26.377],[87.266,26.375],[87.271,26.371],[87.274,26.371],[87.278,26.372],[87.282,26.372],[87.285,26.372],[87.289,26.372],[87.292,26.372],[87.293,26.371],[87.296,26.37],[87.298,26.369],[87.301,26.368],[87.305,26.368],[87.308,26.369],[87.311,26.369],[87.313,26.369],[87.316,26.368],[87.318,26.367],[87.32,26.366],[87.321,26.364],[87.323,26.362],[87.325,26.361],[87.327,26.358],[87.329,26.357],[87.332,26.355],[87.334,26.354],[87.337,26.352],[87.339,26.351],[87.341,26.349],[87.344,26.348],[87.347,26.349],[87.349,26.35],[87.351,26.351],[87.353,26.353],[87.355,26.354],[87.357,26.356],[87.358,26.357],[87.36,26.359],[87.359,26.363],[87.358,26.365],[87.357,26.367],[87.357,26.369],[87.357,26.371],[87.357,26.374],[87.357,26.376],[87.357,26.378],[87.357,26.379],[87.357,26.383],[87.357,26.385],[87.358,26.387],[87.359,26.389],[87.36,26.391],[87.36,26.393],[87.361,26.394],[87.362,26.397],[87.364,26.399],[87.365,26.401],[87.366,26.403],[87.367,26.405],[87.369,26.407],[87.371,26.408],[87.374,26.409],[87.376,26.408],[87.377,26.408],[87.38,26.409],[87.381,26.41],[87.383,26.412],[87.384,26.413],[87.385,26.414],[87.386,26.416],[87.386,26.417],[87.387,26.418],[87.39,26.42],[87.393,26.421],[87.395,26.421],[87.396,26.42],[87.4,26.42],[87.403,26.42],[87.407,26.42],[87.41,26.42],[87.414,26.42],[87.417,26.421],[87.42,26.421],[87.424,26.421],[87.429,26.421],[87.431,26.422],[87.434,26.423],[87.438,26.425],[87.441,26.427],[87.444,26.429],[87.446,26.431],[87.449,26.432],[87.45,26.433],[87.453,26.434],[87.455,26.435],[87.457,26.436],[87.46,26.437],[87.462,26.438],[87.465,26.438],[87.468,26.438],[87.471,26.438],[87.475,26.438],[87.478,26.438],[87.481,26.438],[87.485,26.437],[87.489,26.436],[87.493,26.436],[87.496,26.435],[87.5,26.434],[87.505,26.433],[87.509,26.431],[87.513,26.43],[87.516,26.43],[87.518,26.429],[87.523,26.426],[87.525,26.425],[87.529,26.423],[87.532,26.422],[87.535,26.421],[87.538,26.421],[87.542,26.42],[87.546,26.42],[87.549,26.419],[87.55,26.418],[87.551,26.416],[87.552,26.414],[87.554,26.411],[87.555,26.408],[87.557,26.405],[87.559,26.403],[87.562,26.401],[87.565,26.399],[87.568,26.398],[87.574,26.396],[87.577,26.395],[87.579,26.394],[87.582,26.393],[87.584,26.392],[87.586,26.391],[87.587,26.389],[87.588,26.388],[87.59,26.386],[87.591,26.384],[87.594,26.382],[87.598,26.381],[87.601,26.381],[87.605,26.38],[87.608,26.381],[87.61,26.382],[87.611,26.383],[87.613,26.385],[87.614,26.387],[87.617,26.388],[87.619,26.39],[87.622,26.391],[87.625,26.392],[87.628,26.393],[87.632,26.393],[87.635,26.393],[87.638,26.393],[87.642,26.393],[87.645,26.393],[87.647,26.392],[87.649,26.392],[87.651,26.392],[87.654,26.393],[87.654,26.396],[87.654,26.398],[87.654,26.401],[87.654,26.404],[87.655,26.406],[87.656,26.406],[87.658,26.407],[87.659,26.408],[87.662,26.409],[87.664,26.409],[87.667,26.409],[87.67,26.409],[87.672,26.409],[87.674,26.409],[87.676,26.409],[87.679,26.41],[87.681,26.412],[87.682,26.418],[87.683,26.421],[87.683,26.422],[87.684,26.424],[87.684,26.425],[87.684,26.427],[87.684,26.429],[87.683,26.433],[87.687,26.434],[87.69,26.434],[87.693,26.434],[87.698,26.434],[87.701,26.429],[87.703,26.429],[87.705,26.428],[87.708,26.428],[87.711,26.427],[87.713,26.427],[87.716,26.425],[87.718,26.423],[87.72,26.422],[87.724,26.419],[87.725,26.417],[87.727,26.414],[87.73,26.412],[87.732,26.41],[87.734,26.409],[87.738,26.407],[87.739,26.409],[87.74,26.41],[87.741,26.412],[87.743,26.416],[87.745,26.417],[87.748,26.418],[87.75,26.417],[87.752,26.417],[87.754,26.415],[87.755,26.414],[87.756,26.411],[87.758,26.41],[87.76,26.409],[87.762,26.409],[87.765,26.409],[87.767,26.41],[87.768,26.411],[87.77,26.413],[87.77,26.415],[87.772,26.416],[87.773,26.417],[87.774,26.419],[87.778,26.421],[87.779,26.423],[87.779,26.425],[87.779,26.427],[87.78,26.429],[87.781,26.43],[87.782,26.432],[87.783,26.434],[87.781,26.433],[87.779,26.434],[87.779,26.435],[87.779,26.439],[87.78,26.441],[87.781,26.443],[87.782,26.445],[87.783,26.447],[87.781,26.448],[87.778,26.449],[87.778,26.45],[87.779,26.451],[87.782,26.453],[87.784,26.453],[87.785,26.454],[87.786,26.455],[87.788,26.456],[87.79,26.457],[87.792,26.458],[87.794,26.459],[87.795,26.461],[87.794,26.462],[87.792,26.463],[87.791,26.465],[87.793,26.466],[87.794,26.468],[87.795,26.467],[87.797,26.467],[87.799,26.468],[87.801,26.467],[87.802,26.466],[87.804,26.466],[87.806,26.466],[87.81,26.464],[87.813,26.463],[87.817,26.462],[87.819,26.46],[87.823,26.458],[87.826,26.456],[87.828,26.454],[87.831,26.452],[87.833,26.451],[87.835,26.449],[87.836,26.447],[87.836,26.444],[87.835,26.442],[87.835,26.44],[87.836,26.439],[87.839,26.438],[87.841,26.438],[87.844,26.438],[87.848,26.437],[87.851,26.437],[87.854,26.438],[87.855,26.439],[87.855,26.441],[87.856,26.442],[87.857,26.445],[87.859,26.446],[87.862,26.448],[87.865,26.449],[87.866,26.451],[87.866,26.454],[87.865,26.456],[87.864,26.46],[87.863,26.463],[87.865,26.464],[87.868,26.464],[87.868,26.465],[87.868,26.467],[87.869,26.468],[87.87,26.469],[87.873,26.47],[87.875,26.47],[87.877,26.47],[87.882,26.472],[87.884,26.473],[87.886,26.475],[87.889,26.476],[87.891,26.479],[87.893,26.481],[87.895,26.485],[87.896,26.484],[87.898,26.483],[87.9,26.481],[87.903,26.479],[87.904,26.477],[87.905,26.475],[87.906,26.473],[87.907,26.471],[87.908,26.468],[87.91,26.466],[87.911,26.463],[87.912,26.461],[87.913,26.458],[87.914,26.456],[87.913,26.454],[87.912,26.453],[87.909,26.451],[87.906,26.449],[87.908,26.448],[87.91,26.447],[87.912,26.447],[87.915,26.447],[87.918,26.447],[87.921,26.447],[87.924,26.447],[87.926,26.446],[87.929,26.444],[87.93,26.442],[87.93,26.44],[87.929,26.438],[87.928,26.436],[87.926,26.435],[87.924,26.434],[87.922,26.431],[87.923,26.431],[87.926,26.429],[87.928,26.428],[87.93,26.426],[87.931,26.425],[87.932,26.423],[87.932,26.42],[87.933,26.418],[87.934,26.417],[87.936,26.416],[87.939,26.415],[87.941,26.414],[87.945,26.413],[87.947,26.411],[87.949,26.41],[87.952,26.408],[87.954,26.407],[87.956,26.406],[87.961,26.403],[87.963,26.402],[87.966,26.4],[87.969,26.399],[87.97,26.398],[87.974,26.397],[87.976,26.396],[87.979,26.395],[87.982,26.395],[87.984,26.394],[87.987,26.393],[87.991,26.392],[87.997,26.392],[87.997,26.39],[87.997,26.388],[87.997,26.386],[87.997,26.384],[87.997,26.382],[87.997,26.38],[87.997,26.376],[87.997,26.374],[87.998,26.371],[87.999,26.369],[88.001,26.367],[88.002,26.366],[88.004,26.365],[88.006,26.364],[88.009,26.363],[88.012,26.363],[88.015,26.362],[88.017,26.362],[88.02,26.361],[88.023,26.361],[88.026,26.362],[88.029,26.362],[88.032,26.364],[88.034,26.365],[88.035,26.367],[88.036,26.369],[88.036,26.37],[88.036,26.373],[88.035,26.375],[88.036,26.377],[88.036,26.379],[88.037,26.381],[88.038,26.383],[88.041,26.385],[88.043,26.387],[88.045,26.389],[88.046,26.391],[88.048,26.393],[88.05,26.395],[88.054,26.397],[88.057,26.399],[88.06,26.399],[88.062,26.401],[88.062,26.403],[88.063,26.404],[88.065,26.406],[88.067,26.408],[88.071,26.408],[88.073,26.408],[88.075,26.408],[88.078,26.41],[88.08,26.411],[88.081,26.413],[88.082,26.415],[88.084,26.417],[88.087,26.419],[88.088,26.421],[88.089,26.424],[88.091,26.426],[88.093,26.428],[88.095,26.43],[88.097,26.432],[88.099,26.433],[88.1,26.434],[88.101,26.436],[88.101,26.438],[88.102,26.443],[88.103,26.445],[88.103,26.447],[88.104,26.449],[88.106,26.456],[88.107,26.458],[88.109,26.462],[88.11,26.465],[88.11,26.467],[88.111,26.47],[88.111,26.473],[88.11,26.475],[88.11,26.477],[88.109,26.48],[88.108,26.483],[88.108,26.485],[88.109,26.487],[88.109,26.49],[88.108,26.491],[88.107,26.493],[88.106,26.494],[88.105,26.496],[88.105,26.497],[88.105,26.498],[88.104,26.501],[88.1,26.505],[88.099,26.506],[88.098,26.508],[88.099,26.509],[88.1,26.511],[88.101,26.512],[88.104,26.514],[88.106,26.516],[88.107,26.518],[88.108,26.52],[88.108,26.522],[88.108,26.525],[88.108,26.528],[88.108,26.534],[88.107,26.536],[88.107,26.537],[88.108,26.539],[88.109,26.539],[88.111,26.54],[88.113,26.541],[88.114,26.542],[88.115,26.544],[88.114,26.546],[88.113,26.549],[88.112,26.552],[88.111,26.555],[88.111,26.556],[88.112,26.558],[88.115,26.559],[88.116,26.559],[88.117,26.56],[88.118,26.561],[88.118,26.566],[88.117,26.567],[88.118,26.57],[88.12,26.57],[88.121,26.569],[88.124,26.569],[88.124,26.57],[88.125,26.572],[88.125,26.573],[88.126,26.574],[88.128,26.573],[88.129,26.575],[88.129,26.576],[88.13,26.577],[88.132,26.575],[88.134,26.574],[88.135,26.575],[88.136,26.576],[88.136,26.579],[88.137,26.582],[88.137,26.584],[88.137,26.585],[88.137,26.588],[88.137,26.59],[88.137,26.592],[88.137,26.595],[88.138,26.598],[88.139,26.601],[88.141,26.603],[88.142,26.604],[88.143,26.606],[88.145,26.608],[88.147,26.611],[88.147,26.614],[88.147,26.617],[88.147,26.619],[88.148,26.621],[88.149,26.623],[88.153,26.627],[88.156,26.629],[88.158,26.631],[88.159,26.632],[88.161,26.634],[88.163,26.636],[88.165,26.637],[88.166,26.64],[88.166,26.642],[88.166,26.643],[88.167,26.645],[88.168,26.65],[88.168,26.651],[88.168,26.655],[88.169,26.659],[88.17,26.662],[88.17,26.666],[88.171,26.672],[88.171,26.674],[88.172,26.676],[88.172,26.679],[88.173,26.682],[88.173,26.686],[88.173,26.689],[88.173,26.692],[88.174,26.696],[88.174,26.698],[88.176,26.701],[88.177,26.703],[88.179,26.705],[88.181,26.707],[88.182,26.709],[88.184,26.712],[88.186,26.719],[88.187,26.721],[88.188,26.723],[88.189,26.727],[88.19,26.73],[88.191,26.734],[88.191,26.738],[88.192,26.74],[88.192,26.743],[88.192,26.746],[88.192,26.75],[88.191,26.753],[88.191,26.756],[88.191,26.759],[88.192,26.762],[88.192,26.765],[88.193,26.768],[88.193,26.772],[88.192,26.774],[88.19,26.777],[88.189,26.779],[88.185,26.783],[88.184,26.784],[88.183,26.787],[88.183,26.789],[88.182,26.791],[88.182,26.793],[88.181,26.797],[88.181,26.799],[88.181,26.802],[88.18,26.804],[88.18,26.807],[88.181,26.81],[88.18,26.812],[88.18,26.814],[88.179,26.816],[88.179,26.818],[88.176,26.823],[88.175,26.825],[88.175,26.827],[88.175,26.829],[88.174,26.833],[88.173,26.835],[88.172,26.836],[88.172,26.838],[88.172,26.839],[88.172,26.842],[88.172,26.845],[88.171,26.846],[88.172,26.848],[88.173,26.849],[88.174,26.851],[88.176,26.853],[88.176,26.854],[88.177,26.855],[88.177,26.857],[88.177,26.86],[88.177,26.862],[88.178,26.864],[88.177,26.866],[88.176,26.868],[88.175,26.869],[88.174,26.87],[88.172,26.871],[88.168,26.874],[88.167,26.875],[88.166,26.876],[88.165,26.877],[88.164,26.879],[88.162,26.88],[88.16,26.882],[88.158,26.883],[88.157,26.884],[88.155,26.886],[88.152,26.887],[88.151,26.888],[88.145,26.892],[88.144,26.893],[88.142,26.895],[88.14,26.896],[88.139,26.898],[88.138,26.9],[88.138,26.902],[88.139,26.903],[88.14,26.905],[88.142,26.906],[88.144,26.908],[88.145,26.91],[88.146,26.912],[88.147,26.915],[88.147,26.918],[88.146,26.92],[88.146,26.923],[88.144,26.925],[88.142,26.927],[88.14,26.929],[88.139,26.931],[88.138,26.932],[88.136,26.934],[88.134,26.936],[88.132,26.938],[88.13,26.941],[88.128,26.943],[88.126,26.945],[88.125,26.946],[88.124,26.947],[88.122,26.951],[88.122,26.953],[88.123,26.955],[88.123,26.957],[88.124,26.959],[88.124,26.96],[88.125,26.963],[88.126,26.965],[88.126,26.967],[88.127,26.969],[88.129,26.971],[88.13,26.974],[88.132,26.977],[88.134,26.979],[88.135,26.981],[88.135,26.982],[88.135,26.984],[88.132,26.985],[88.13,26.985],[88.129,26.985],[88.127,26.985],[88.125,26.985],[88.12,26.985],[88.118,26.986],[88.116,26.987],[88.114,26.989],[88.113,26.99],[88.112,26.992],[88.11,26.993],[88.109,26.995],[88.107,26.997],[88.106,26.999],[88.105,27.001],[88.104,27.003],[88.098,27.006],[88.097,27.007],[88.095,27.007],[88.093,27.009],[88.09,27.012],[88.089,27.015],[88.089,27.016],[88.089,27.017],[88.089,27.019],[88.089,27.02],[88.088,27.021],[88.088,27.022],[88.088,27.023],[88.087,27.025],[88.086,27.026],[88.085,27.029],[88.084,27.031],[88.082,27.032],[88.081,27.034],[88.08,27.035],[88.078,27.035],[88.076,27.035],[88.075,27.034],[88.073,27.033],[88.072,27.033],[88.07,27.032],[88.068,27.031],[88.066,27.031],[88.064,27.03],[88.061,27.03],[88.057,27.032],[88.055,27.033],[88.053,27.034],[88.051,27.035],[88.048,27.036],[88.045,27.036],[88.043,27.037],[88.041,27.037],[88.039,27.038],[88.038,27.039],[88.037,27.041],[88.037,27.043],[88.035,27.045],[88.034,27.047],[88.033,27.048],[88.031,27.049],[88.03,27.051],[88.029,27.053],[88.029,27.055],[88.028,27.057],[88.027,27.061],[88.026,27.063],[88.025,27.064],[88.025,27.066],[88.024,27.067],[88.022,27.069],[88.021,27.071],[88.02,27.073],[88.019,27.075],[88.019,27.076],[88.02,27.079],[88.022,27.08],[88.023,27.082],[88.024,27.083],[88.024,27.086],[88.023,27.088],[88.022,27.088],[88.02,27.089],[88.019,27.09],[88.017,27.091],[88.016,27.092],[88.014,27.094],[88.013,27.095],[88.012,27.097],[88.011,27.099],[88.009,27.1],[88.007,27.102],[88.005,27.103],[88.004,27.104],[88.002,27.104],[88.0,27.104],[87.998,27.104],[87.996,27.104],[87.995,27.105],[87.995,27.106],[87.993,27.11],[87.991,27.113],[87.993,27.128],[87.994,27.129],[87.996,27.131],[87.998,27.133],[88.0,27.135],[88.002,27.137],[88.005,27.139],[88.006,27.141],[88.009,27.143],[88.01,27.145],[88.011,27.148],[88.012,27.151],[88.011,27.154],[88.011,27.158],[88.012,27.16],[88.013,27.163],[88.016,27.165],[88.02,27.17],[88.018,27.174],[88.015,27.175],[88.014,27.177],[88.014,27.18],[88.015,27.183],[88.015,27.185],[88.016,27.188],[88.017,27.191],[88.018,27.193],[88.018,27.195],[88.018,27.197],[88.018,27.199],[88.016,27.2],[88.015,27.203],[88.016,27.206],[88.016,27.208],[88.016,27.212],[88.016,27.214],[88.016,27.216],[88.017,27.219],[88.019,27.221],[88.022,27.23],[88.023,27.233],[88.025,27.236],[88.026,27.238],[88.028,27.24],[88.029,27.242],[88.03,27.245],[88.031,27.248],[88.033,27.252],[88.034,27.256],[88.034,27.262],[88.035,27.265],[88.035,27.267],[88.035,27.27],[88.035,27.273],[88.035,27.275],[88.035,27.279],[88.036,27.284],[88.039,27.289],[88.041,27.29],[88.044,27.292],[88.046,27.293],[88.045,27.295],[88.045,27.298],[88.045,27.301],[88.046,27.304],[88.047,27.307],[88.049,27.31],[88.05,27.313],[88.052,27.316],[88.054,27.319],[88.057,27.323],[88.06,27.325],[88.063,27.327],[88.065,27.329],[88.066,27.331],[88.067,27.334],[88.067,27.337],[88.066,27.34],[88.065,27.343],[88.064,27.346],[88.062,27.349],[88.06,27.352],[88.058,27.355],[88.055,27.357],[88.052,27.36],[88.048,27.366],[88.046,27.369],[88.046,27.373],[88.047,27.376],[88.049,27.378],[88.049,27.38],[88.049,27.382],[88.049,27.384],[88.049,27.386],[88.049,27.389],[88.05,27.392],[88.05,27.396],[88.051,27.399],[88.051,27.402],[88.051,27.405],[88.052,27.407],[88.053,27.409],[88.054,27.411],[88.056,27.413],[88.059,27.416],[88.062,27.417],[88.064,27.419],[88.067,27.42],[88.069,27.422],[88.072,27.423],[88.075,27.426],[88.076,27.428],[88.075,27.432],[88.073,27.435],[88.072,27.438],[88.072,27.44],[88.071,27.443],[88.069,27.446],[88.069,27.448],[88.069,27.452],[88.067,27.456],[88.066,27.458],[88.063,27.46],[88.061,27.462],[88.059,27.463],[88.056,27.466],[88.054,27.468],[88.049,27.473],[88.048,27.475],[88.047,27.477],[88.046,27.479],[88.046,27.482],[88.045,27.485],[88.045,27.488],[88.046,27.491],[88.046,27.492],[88.046,27.496],[88.046,27.498],[88.047,27.5],[88.049,27.502],[88.053,27.504],[88.056,27.506],[88.058,27.508],[88.06,27.51],[88.061,27.512],[88.061,27.514],[88.061,27.517],[88.06,27.519],[88.061,27.521],[88.062,27.523],[88.065,27.526],[88.065,27.529],[88.063,27.53],[88.062,27.531],[88.06,27.533],[88.06,27.535],[88.061,27.537],[88.062,27.539],[88.064,27.541],[88.066,27.543],[88.068,27.545],[88.069,27.548],[88.069,27.551],[88.07,27.553],[88.071,27.555],[88.074,27.557],[88.077,27.558],[88.079,27.56],[88.08,27.563],[88.08,27.565],[88.08,27.567],[88.078,27.569],[88.077,27.571],[88.077,27.573],[88.078,27.576],[88.079,27.578],[88.08,27.58],[88.082,27.582],[88.083,27.585],[88.085,27.588],[88.089,27.593],[88.091,27.594],[88.092,27.595],[88.095,27.597],[88.099,27.598],[88.102,27.6],[88.106,27.602],[88.109,27.603],[88.112,27.605],[88.113,27.607],[88.114,27.609],[88.116,27.611],[88.117,27.617],[88.118,27.619],[88.119,27.622],[88.12,27.627],[88.121,27.631],[88.122,27.635],[88.122,27.638],[88.123,27.641],[88.124,27.643],[88.127,27.646],[88.129,27.647],[88.134,27.652],[88.136,27.653],[88.138,27.655],[88.14,27.657],[88.142,27.659],[88.144,27.661],[88.146,27.665],[88.147,27.667],[88.148,27.67],[88.149,27.673],[88.15,27.676],[88.15,27.679],[88.153,27.685],[88.154,27.686],[88.155,27.689],[88.156,27.693],[88.155,27.695],[88.154,27.696],[88.152,27.699],[88.151,27.703],[88.151,27.705],[88.153,27.708],[88.155,27.71],[88.156,27.712],[88.157,27.715],[88.157,27.718],[88.157,27.723],[88.158,27.726],[88.158,27.728],[88.158,27.731],[88.159,27.733],[88.159,27.735],[88.161,27.737],[88.164,27.739],[88.167,27.74],[88.169,27.74],[88.172,27.741],[88.176,27.742],[88.18,27.745],[88.181,27.746],[88.182,27.748],[88.182,27.75],[88.181,27.753],[88.181,27.756],[88.182,27.757],[88.183,27.76],[88.184,27.762],[88.185,27.765],[88.185,27.767],[88.185,27.77],[88.185,27.773],[88.186,27.775],[88.188,27.777],[88.191,27.779],[88.193,27.781],[88.194,27.783],[88.196,27.785],[88.197,27.788],[88.197,27.79],[88.196,27.793],[88.195,27.795],[88.192,27.798],[88.191,27.799],[88.189,27.801],[88.188,27.803],[88.187,27.807],[88.186,27.809],[88.183,27.813],[88.182,27.815],[88.18,27.816],[88.178,27.819],[88.177,27.82],[88.179,27.821],[88.181,27.822],[88.184,27.822],[88.187,27.823],[88.189,27.823],[88.191,27.825],[88.193,27.826],[88.195,27.828],[88.196,27.832],[88.197,27.833],[88.199,27.835],[88.201,27.836],[88.203,27.837],[88.205,27.839],[88.204,27.84],[88.203,27.842],[88.201,27.843],[88.199,27.846],[88.197,27.847],[88.196,27.85],[88.194,27.853],[88.19,27.854],[88.187,27.855],[88.184,27.856],[88.182,27.857],[88.18,27.858],[88.178,27.859],[88.176,27.861],[88.173,27.863],[88.171,27.866],[88.168,27.868],[88.166,27.869],[88.164,27.869],[88.161,27.87],[88.159,27.871],[88.156,27.872],[88.154,27.874],[88.151,27.876],[88.149,27.877],[88.143,27.88],[88.141,27.881],[88.139,27.881],[88.137,27.882],[88.134,27.882],[88.131,27.883],[88.128,27.882],[88.125,27.881],[88.122,27.88],[88.121,27.878],[88.119,27.875],[88.117,27.873],[88.113,27.869],[88.111,27.869],[88.107,27.867],[88.104,27.866],[88.1,27.866],[88.096,27.867],[88.092,27.868],[88.089,27.874],[88.089,27.876],[88.089,27.878],[88.089,27.882],[88.089,27.884],[88.088,27.888],[88.087,27.89],[88.087,27.892],[88.083,27.894],[88.081,27.894],[88.078,27.894],[88.076,27.894],[88.073,27.893],[88.071,27.891],[88.069,27.889],[88.067,27.888],[88.064,27.887],[88.061,27.888],[88.057,27.891],[88.055,27.893],[88.053,27.894],[88.052,27.896],[88.049,27.897],[88.047,27.899],[88.042,27.901],[88.04,27.902],[88.037,27.904],[88.033,27.905],[88.03,27.905],[88.028,27.905],[88.025,27.903],[88.024,27.902],[88.022,27.9],[88.02,27.898],[88.018,27.897],[88.011,27.898],[88.008,27.898],[88.005,27.898],[88.003,27.898],[88.001,27.897],[87.999,27.896],[87.997,27.894],[87.996,27.893],[87.994,27.892],[87.99,27.889],[87.987,27.888],[87.984,27.888],[87.982,27.888],[87.979,27.888],[87.977,27.889],[87.973,27.89],[87.967,27.893],[87.965,27.894],[87.963,27.896],[87.961,27.898],[87.96,27.899],[87.96,27.902],[87.959,27.904],[87.957,27.906],[87.954,27.908],[87.952,27.908],[87.95,27.909],[87.948,27.909],[87.946,27.909],[87.944,27.909],[87.941,27.909],[87.939,27.91],[87.937,27.912],[87.935,27.914],[87.934,27.915],[87.932,27.917],[87.928,27.917],[87.926,27.917],[87.922,27.917],[87.92,27.917],[87.918,27.917],[87.915,27.917],[87.912,27.917],[87.91,27.917],[87.905,27.915],[87.903,27.914],[87.901,27.913],[87.899,27.912],[87.896,27.911],[87.893,27.911],[87.89,27.911],[87.887,27.911],[87.884,27.912],[87.882,27.912],[87.879,27.913],[87.876,27.913],[87.874,27.913],[87.872,27.913],[87.868,27.912],[87.865,27.912],[87.864,27.915],[87.864,27.917],[87.863,27.919],[87.862,27.921],[87.86,27.924],[87.858,27.926],[87.857,27.928],[87.857,27.93],[87.858,27.932],[87.859,27.935],[87.86,27.937],[87.86,27.94],[87.859,27.942],[87.858,27.947],[87.855,27.948],[87.853,27.949],[87.851,27.948],[87.849,27.948],[87.844,27.949],[87.843,27.95],[87.839,27.95],[87.837,27.95],[87.835,27.95],[87.833,27.948],[87.831,27.946],[87.83,27.944],[87.828,27.943],[87.827,27.94],[87.826,27.938],[87.826,27.936],[87.826,27.933],[87.827,27.931],[87.828,27.928],[87.828,27.926],[87.827,27.921],[87.824,27.92],[87.821,27.92],[87.819,27.92],[87.816,27.92],[87.813,27.918],[87.811,27.917],[87.81,27.915],[87.807,27.913],[87.806,27.91],[87.804,27.908],[87.801,27.906],[87.795,27.904],[87.793,27.903],[87.791,27.901],[87.788,27.9],[87.786,27.898],[87.785,27.896],[87.784,27.894],[87.783,27.891],[87.783,27.889],[87.781,27.886],[87.78,27.883],[87.778,27.88],[87.778,27.877],[87.778,27.874],[87.779,27.871],[87.78,27.868],[87.78,27.865],[87.774,27.863],[87.772,27.862],[87.768,27.858],[87.765,27.854],[87.764,27.852],[87.763,27.85],[87.762,27.848],[87.761,27.846],[87.76,27.844],[87.759,27.842],[87.758,27.841],[87.756,27.839],[87.754,27.837],[87.752,27.836],[87.749,27.834],[87.744,27.83],[87.742,27.829],[87.74,27.826],[87.738,27.824],[87.737,27.822],[87.736,27.82],[87.736,27.818],[87.736,27.816],[87.735,27.814],[87.734,27.812],[87.731,27.81],[87.729,27.808],[87.726,27.806],[87.722,27.806],[87.72,27.807],[87.717,27.808],[87.714,27.809],[87.71,27.81],[87.707,27.811],[87.702,27.812],[87.699,27.812],[87.696,27.812],[87.693,27.811],[87.691,27.811],[87.689,27.811],[87.686,27.811],[87.684,27.81],[87.68,27.81],[87.678,27.809],[87.676,27.808],[87.674,27.808],[87.671,27.807],[87.666,27.808],[87.666,27.81],[87.666,27.812],[87.666,27.813],[87.665,27.814],[87.665,27.816],[87.664,27.818],[87.664,27.819],[87.664,27.82],[87.664,27.822],[87.664,27.824],[87.665,27.826],[87.667,27.828],[87.668,27.829],[87.669,27.831],[87.669,27.832],[87.67,27.834],[87.669,27.836],[87.669,27.837],[87.667,27.838],[87.665,27.838],[87.662,27.837],[87.66,27.837],[87.658,27.837],[87.655,27.837],[87.654,27.837],[87.65,27.837],[87.648,27.836],[87.646,27.836],[87.644,27.836],[87.642,27.836],[87.64,27.835],[87.638,27.835],[87.637,27.835],[87.636,27.834],[87.634,27.833],[87.633,27.832],[87.632,27.83],[87.632,27.828],[87.632,27.825],[87.631,27.825],[87.629,27.824],[87.626,27.824],[87.625,27.823],[87.623,27.823],[87.621,27.823],[87.619,27.821],[87.618,27.821],[87.616,27.819],[87.615,27.817],[87.614,27.816],[87.614,27.814],[87.613,27.813],[87.612,27.813],[87.611,27.814],[87.61,27.816],[87.609,27.818],[87.608,27.819],[87.606,27.821],[87.606,27.822],[87.603,27.823],[87.601,27.823],[87.598,27.823],[87.596,27.823],[87.594,27.822],[87.592,27.821],[87.591,27.822],[87.59,27.824],[87.589,27.825],[87.589,27.827],[87.589,27.828],[87.59,27.83],[87.59,27.832],[87.59,27.834],[87.591,27.836],[87.59,27.837],[87.59,27.839],[87.589,27.842],[87.588,27.844],[87.587,27.846],[87.587,27.849],[87.587,27.853],[87.586,27.856],[87.584,27.859],[87.582,27.86],[87.581,27.861],[87.579,27.863],[87.578,27.863],[87.575,27.863],[87.573,27.863],[87.571,27.864],[87.568,27.865],[87.567,27.867],[87.565,27.868],[87.563,27.868],[87.56,27.868],[87.556,27.867],[87.554,27.866],[87.552,27.865],[87.551,27.864],[87.551,27.863],[87.551,27.861],[87.55,27.859],[87.55,27.858],[87.55,27.856],[87.549,27.855],[87.548,27.853],[87.547,27.851],[87.545,27.849],[87.544,27.848],[87.541,27.846],[87.538,27.845],[87.536,27.845],[87.535,27.846],[87.533,27.846],[87.531,27.846],[87.529,27.846],[87.526,27.845],[87.525,27.845],[87.523,27.845],[87.52,27.846],[87.518,27.846],[87.517,27.846],[87.515,27.846],[87.513,27.847],[87.51,27.847],[87.507,27.847],[87.505,27.848],[87.502,27.848],[87.5,27.847],[87.499,27.847],[87.497,27.846],[87.495,27.846],[87.492,27.847],[87.491,27.847],[87.488,27.846],[87.487,27.846],[87.485,27.844],[87.483,27.843],[87.479,27.842],[87.478,27.841],[87.476,27.84],[87.475,27.839],[87.474,27.838],[87.473,27.837],[87.472,27.836],[87.471,27.835],[87.469,27.834],[87.468,27.833],[87.467,27.832],[87.464,27.83],[87.463,27.829],[87.461,27.827],[87.459,27.826],[87.457,27.826],[87.455,27.825],[87.453,27.824],[87.451,27.824],[87.449,27.824],[87.447,27.824],[87.445,27.824],[87.443,27.824],[87.441,27.825],[87.439,27.826],[87.436,27.827],[87.434,27.828],[87.432,27.829],[87.429,27.83],[87.427,27.831],[87.425,27.832],[87.423,27.832],[87.421,27.832],[87.418,27.833],[87.416,27.833],[87.414,27.834],[87.412,27.834],[87.41,27.834],[87.407,27.834],[87.406,27.834],[87.405,27.836],[87.405,27.837],[87.407,27.837],[87.408,27.838],[87.41,27.839],[87.412,27.839],[87.414,27.84],[87.415,27.84],[87.417,27.84],[87.418,27.841],[87.42,27.841],[87.422,27.841],[87.425,27.842],[87.427,27.842],[87.429,27.843],[87.43,27.844],[87.431,27.845],[87.432,27.847],[87.431,27.85],[87.429,27.852],[87.427,27.853],[87.426,27.855],[87.424,27.856],[87.424,27.858],[87.423,27.859],[87.422,27.86],[87.419,27.86],[87.416,27.86],[87.414,27.859],[87.412,27.858],[87.409,27.857],[87.407,27.856],[87.406,27.855],[87.404,27.855],[87.403,27.854],[87.402,27.853],[87.4,27.852],[87.398,27.852],[87.396,27.851],[87.394,27.851],[87.392,27.851],[87.39,27.851],[87.388,27.851],[87.386,27.85],[87.384,27.849],[87.381,27.849],[87.379,27.848],[87.377,27.847],[87.374,27.846],[87.373,27.846],[87.372,27.844],[87.371,27.844],[87.369,27.842],[87.368,27.839],[87.367,27.838],[87.366,27.836],[87.365,27.835],[87.364,27.833],[87.363,27.83],[87.361,27.829],[87.358,27.829],[87.357,27.829],[87.354,27.829],[87.351,27.829],[87.348,27.829],[87.346,27.829],[87.344,27.829],[87.341,27.829],[87.338,27.829],[87.337,27.829],[87.334,27.828],[87.331,27.828],[87.329,27.827],[87.325,27.827],[87.323,27.827],[87.321,27.827],[87.319,27.827],[87.317,27.828],[87.315,27.829],[87.313,27.83],[87.312,27.831],[87.31,27.833],[87.308,27.835],[87.306,27.836],[87.306,27.837],[87.305,27.838],[87.304,27.84],[87.304,27.842],[87.301,27.843],[87.298,27.844],[87.295,27.844],[87.294,27.845],[87.292,27.845],[87.289,27.846],[87.287,27.846],[87.285,27.846],[87.282,27.847],[87.279,27.848],[87.276,27.849],[87.274,27.85],[87.271,27.851],[87.268,27.851],[87.266,27.852],[87.263,27.852],[87.262,27.852],[87.259,27.851],[87.258,27.85],[87.256,27.848],[87.255,27.846],[87.254,27.845],[87.25,27.844],[87.247,27.843],[87.243,27.841],[87.242,27.84],[87.24,27.838],[87.238,27.837],[87.237,27.836],[87.236,27.834],[87.235,27.833],[87.234,27.831],[87.233,27.83],[87.232,27.829],[87.231,27.827],[87.231,27.826],[87.231,27.824],[87.23,27.823],[87.229,27.822],[87.227,27.821],[87.224,27.823],[87.22,27.823],[87.218,27.824],[87.215,27.824],[87.212,27.824],[87.209,27.824],[87.208,27.824],[87.204,27.824],[87.2,27.823],[87.197,27.822],[87.195,27.822],[87.192,27.822],[87.189,27.822],[87.186,27.822],[87.182,27.823],[87.18,27.823],[87.177,27.824],[87.174,27.824],[87.171,27.825],[87.167,27.825],[87.164,27.826],[87.162,27.828],[87.159,27.829],[87.158,27.83],[87.156,27.831],[87.153,27.832],[87.15,27.834],[87.146,27.835],[87.144,27.836],[87.14,27.838],[87.138,27.839],[87.135,27.839],[87.134,27.838],[87.132,27.838],[87.13,27.838],[87.127,27.838],[87.124,27.839],[87.122,27.84],[87.119,27.842],[87.115,27.844],[87.113,27.845],[87.111,27.847],[87.11,27.849],[87.109,27.851],[87.109,27.853],[87.109,27.857],[87.108,27.86],[87.108,27.862],[87.108,27.865],[87.108,27.868],[87.108,27.871],[87.108,27.874],[87.107,27.875],[87.105,27.877],[87.101,27.879],[87.097,27.881],[87.094,27.882],[87.091,27.884],[87.088,27.886],[87.087,27.889],[87.086,27.892],[87.084,27.895],[87.083,27.898],[87.082,27.901],[87.081,27.904],[87.079,27.909],[87.079,27.912],[87.078,27.915],[87.077,27.918],[87.074,27.921],[87.069,27.923],[87.066,27.924],[87.062,27.925],[87.058,27.927],[87.056,27.929],[87.053,27.931],[87.05,27.933],[87.049,27.935],[87.048,27.938],[87.047,27.939],[87.044,27.945],[87.042,27.947],[87.04,27.949],[87.037,27.95],[87.033,27.95],[87.029,27.95],[87.026,27.95],[87.023,27.952],[87.021,27.954],[87.02,27.955],[87.019,27.956],[87.016,27.957],[87.012,27.956],[87.009,27.955],[87.003,27.954],[87.0,27.954],[86.997,27.954],[86.994,27.954],[86.991,27.954],[86.99,27.954],[86.989,27.953],[86.984,27.953],[86.981,27.954],[86.98,27.954],[86.977,27.955],[86.975,27.956],[86.97,27.957],[86.966,27.958],[86.963,27.959],[86.96,27.959],[86.955,27.959],[86.952,27.959],[86.948,27.96],[86.944,27.961],[86.94,27.963],[86.937,27.964],[86.933,27.968],[86.933,27.971],[86.934,27.973],[86.935,27.976],[86.935,27.979],[86.934,27.981],[86.933,27.983],[86.931,27.984],[86.929,27.986],[86.927,27.99],[86.925,27.991],[86.923,27.991],[86.921,27.992],[86.918,27.993],[86.916,27.994],[86.914,27.995],[86.911,27.996],[86.908,27.996],[86.906,27.997],[86.903,27.997],[86.901,27.998],[86.897,27.998],[86.894,27.999],[86.892,28.0],[86.89,28.002],[86.888,28.004],[86.887,28.005],[86.884,28.006],[86.882,28.008],[86.879,28.009],[86.876,28.011],[86.874,28.013],[86.873,28.015],[86.873,28.018],[86.873,28.02],[86.873,28.023],[86.872,28.025],[86.871,28.026],[86.869,28.027],[86.866,28.028],[86.863,28.029],[86.86,28.03],[86.858,28.03],[86.855,28.031],[86.852,28.029],[86.85,28.027],[86.849,28.025],[86.849,28.023],[86.848,28.021],[86.844,28.02],[86.841,28.019],[86.838,28.018],[86.836,28.017],[86.835,28.017],[86.832,28.017],[86.83,28.018],[86.827,28.018],[86.825,28.02],[86.823,28.021],[86.821,28.022],[86.818,28.022],[86.816,28.021],[86.812,28.022],[86.809,28.023],[86.808,28.024],[86.805,28.025],[86.802,28.025],[86.8,28.024],[86.796,28.022],[86.794,28.021],[86.791,28.021],[86.789,28.023],[86.788,28.025],[86.786,28.027],[86.784,28.027],[86.782,28.029],[86.781,28.032],[86.781,28.034],[86.78,28.036],[86.777,28.038],[86.775,28.039],[86.774,28.039],[86.771,28.04],[86.768,28.039],[86.764,28.038],[86.761,28.038],[86.758,28.038],[86.756,28.039],[86.754,28.041],[86.752,28.044],[86.751,28.047],[86.751,28.049],[86.752,28.051],[86.753,28.054],[86.753,28.057],[86.754,28.059],[86.754,28.062],[86.754,28.063],[86.754,28.065],[86.754,28.066],[86.755,28.068],[86.756,28.069],[86.758,28.071],[86.761,28.073],[86.763,28.074],[86.764,28.075],[86.765,28.076],[86.765,28.078],[86.763,28.079],[86.761,28.081],[86.76,28.081],[86.758,28.082],[86.756,28.082],[86.753,28.083],[86.751,28.085],[86.749,28.087],[86.749,28.089],[86.749,28.091],[86.75,28.093],[86.75,28.095],[86.75,28.097],[86.749,28.099],[86.748,28.1],[86.746,28.1],[86.744,28.101],[86.743,28.102],[86.741,28.103],[86.74,28.104],[86.738,28.105],[86.735,28.105],[86.733,28.105],[86.73,28.105],[86.728,28.106],[86.725,28.107],[86.722,28.108],[86.719,28.109],[86.716,28.109],[86.713,28.108],[86.711,28.108],[86.708,28.108],[86.706,28.108],[86.703,28.109],[86.7,28.109],[86.697,28.11],[86.694,28.11],[86.691,28.109],[86.688,28.109],[86.685,28.107],[86.683,28.106],[86.681,28.105],[86.678,28.104],[86.675,28.104],[86.672,28.103],[86.669,28.102],[86.667,28.1],[86.665,28.098],[86.664,28.096],[86.663,28.094],[86.663,28.092],[86.662,28.088],[86.662,28.087],[86.66,28.084],[86.658,28.081],[86.656,28.08],[86.654,28.078],[86.651,28.077],[86.649,28.077],[86.647,28.077],[86.644,28.076],[86.642,28.075],[86.639,28.074],[86.637,28.073],[86.635,28.073],[86.632,28.074],[86.63,28.076],[86.628,28.076],[86.626,28.077],[86.623,28.077],[86.621,28.076],[86.618,28.076],[86.616,28.076],[86.614,28.076],[86.611,28.077],[86.609,28.078],[86.607,28.08],[86.607,28.081],[86.606,28.082],[86.605,28.083],[86.605,28.084],[86.605,28.087],[86.606,28.089],[86.608,28.09],[86.61,28.091],[86.61,28.093],[86.609,28.094],[86.609,28.095],[86.608,28.097],[86.607,28.098],[86.607,28.1],[86.607,28.101],[86.606,28.102],[86.604,28.103],[86.601,28.104],[86.6,28.104],[86.597,28.105],[86.596,28.106],[86.594,28.107],[86.592,28.108],[86.59,28.109],[86.589,28.11],[86.586,28.11],[86.584,28.111],[86.582,28.112],[86.58,28.113],[86.579,28.113],[86.577,28.113],[86.575,28.113],[86.573,28.113],[86.57,28.112],[86.568,28.111],[86.566,28.11],[86.565,28.109],[86.564,28.106],[86.564,28.104],[86.564,28.102],[86.565,28.1],[86.566,28.098],[86.567,28.096],[86.568,28.094],[86.567,28.091],[86.567,28.09],[86.566,28.089],[86.565,28.088],[86.563,28.086],[86.562,28.084],[86.562,28.082],[86.561,28.08],[86.562,28.077],[86.564,28.075],[86.566,28.074],[86.567,28.072],[86.566,28.07],[86.565,28.068],[86.563,28.067],[86.561,28.066],[86.561,28.065],[86.559,28.062],[86.558,28.06],[86.557,28.058],[86.555,28.057],[86.554,28.055],[86.552,28.054],[86.551,28.053],[86.55,28.053],[86.548,28.052],[86.547,28.052],[86.545,28.053],[86.544,28.053],[86.542,28.053],[86.541,28.052],[86.539,28.052],[86.537,28.051],[86.535,28.05],[86.535,28.048],[86.534,28.047],[86.534,28.046],[86.535,28.044],[86.535,28.042],[86.535,28.04],[86.534,28.038],[86.533,28.036],[86.533,28.034],[86.533,28.032],[86.533,28.031],[86.533,28.029],[86.532,28.028],[86.531,28.027],[86.529,28.026],[86.528,28.025],[86.527,28.024],[86.525,28.023],[86.524,28.022],[86.524,28.021],[86.523,28.019],[86.523,28.017],[86.522,28.015],[86.522,28.014],[86.519,28.007],[86.518,28.006],[86.518,28.005],[86.516,28.001],[86.516,27.999],[86.516,27.997],[86.516,27.995],[86.516,27.993],[86.515,27.991],[86.514,27.988],[86.514,27.986],[86.514,27.984],[86.515,27.982],[86.517,27.98],[86.518,27.978],[86.519,27.976],[86.519,27.975],[86.517,27.973],[86.515,27.972],[86.514,27.971],[86.513,27.97],[86.513,27.967],[86.514,27.965],[86.515,27.962],[86.517,27.96],[86.518,27.959],[86.518,27.957],[86.519,27.955],[86.519,27.952],[86.52,27.949],[86.52,27.949],[86.52,27.946],[86.521,27.944],[86.523,27.942],[86.526,27.941],[86.529,27.941],[86.53,27.941],[86.533,27.941],[86.535,27.942],[86.537,27.94],[86.538,27.939],[86.54,27.937],[86.542,27.935],[86.544,27.934],[86.547,27.933],[86.55,27.931],[86.553,27.928],[86.553,27.925],[86.553,27.922],[86.555,27.92],[86.557,27.919],[86.559,27.92],[86.561,27.919],[86.561,27.918],[86.562,27.916],[86.561,27.914],[86.56,27.911],[86.558,27.908],[86.556,27.904],[86.555,27.9],[86.555,27.898],[86.554,27.895],[86.555,27.893],[86.556,27.89],[86.557,27.886],[86.557,27.882],[86.557,27.877],[86.556,27.873],[86.555,27.869],[86.556,27.865],[86.556,27.862],[86.556,27.859],[86.555,27.856],[86.554,27.852],[86.553,27.849],[86.552,27.846],[86.551,27.842],[86.551,27.84],[86.55,27.833],[86.549,27.831],[86.549,27.83],[86.548,27.827],[86.546,27.825],[86.545,27.824],[86.545,27.821],[86.544,27.819],[86.544,27.817],[86.544,27.814],[86.545,27.813],[86.549,27.812],[86.551,27.812],[86.553,27.811],[86.555,27.81],[86.558,27.81],[86.56,27.809],[86.565,27.808],[86.568,27.806],[86.57,27.805],[86.57,27.803],[86.57,27.801],[86.571,27.799],[86.572,27.798],[86.572,27.795],[86.571,27.793],[86.57,27.79],[86.57,27.788],[86.569,27.785],[86.569,27.782],[86.57,27.78],[86.568,27.776],[86.567,27.774],[86.567,27.771],[86.567,27.769],[86.568,27.767],[86.569,27.765],[86.571,27.762],[86.572,27.761],[86.574,27.759],[86.575,27.758],[86.574,27.756],[86.572,27.754],[86.57,27.753],[86.569,27.751],[86.568,27.75],[86.568,27.747],[86.568,27.746],[86.567,27.745],[86.564,27.743],[86.562,27.741],[86.561,27.739],[86.56,27.737],[86.56,27.734],[86.56,27.731],[86.559,27.728],[86.558,27.725],[86.557,27.722],[86.556,27.718],[86.555,27.716],[86.553,27.712],[86.552,27.71],[86.549,27.707],[86.547,27.705],[86.544,27.703],[86.542,27.7],[86.541,27.697],[86.539,27.694],[86.536,27.693],[86.533,27.692],[86.531,27.692],[86.526,27.692],[86.524,27.692],[86.522,27.692],[86.519,27.694],[86.517,27.696],[86.514,27.696],[86.512,27.696],[86.509,27.696],[86.506,27.696],[86.503,27.695],[86.498,27.694],[86.495,27.694],[86.493,27.693],[86.49,27.692],[86.488,27.691],[86.485,27.689],[86.482,27.688],[86.48,27.687],[86.477,27.685],[86.475,27.683],[86.473,27.682],[86.471,27.679],[86.469,27.678],[86.468,27.676],[86.464,27.674],[86.461,27.672],[86.461,27.672],[86.46,27.671],[86.459,27.664],[86.458,27.659],[86.459,27.651],[86.458,27.649],[86.455,27.645],[86.45,27.642],[86.447,27.637],[86.445,27.631],[86.441,27.625],[86.439,27.616],[86.438,27.613],[86.438,27.609],[86.438,27.609],[86.438,27.608],[86.435,27.607],[86.431,27.604],[86.428,27.602],[86.425,27.599],[86.424,27.597],[86.42,27.592],[86.418,27.591],[86.416,27.59],[86.415,27.589],[86.413,27.589],[86.412,27.588],[86.41,27.588],[86.408,27.587],[86.406,27.586],[86.404,27.585],[86.402,27.584],[86.399,27.583],[86.398,27.582],[86.395,27.581],[86.393,27.579],[86.391,27.578],[86.387,27.576],[86.385,27.574],[86.383,27.572],[86.382,27.571],[86.381,27.57],[86.38,27.569],[86.379,27.568],[86.378,27.568],[86.378,27.567],[86.377,27.566],[86.377,27.566],[86.377,27.565],[86.375,27.563],[86.374,27.561],[86.372,27.556],[86.371,27.552],[86.367,27.547],[86.364,27.543],[86.363,27.54],[86.361,27.536],[86.36,27.531],[86.359,27.528],[86.359,27.527],[86.355,27.527],[86.351,27.526],[86.346,27.524],[86.341,27.521],[86.339,27.518],[86.336,27.514],[86.333,27.51],[86.331,27.508],[86.33,27.506],[86.326,27.503],[86.323,27.5],[86.318,27.494],[86.313,27.489],[86.309,27.485],[86.303,27.482],[86.298,27.478],[86.296,27.476],[86.294,27.474],[86.29,27.471],[86.286,27.468],[86.283,27.465],[86.279,27.463],[86.275,27.461],[86.271,27.459],[86.268,27.457],[86.265,27.453],[86.261,27.448],[86.259,27.443],[86.258,27.439],[86.256,27.434],[86.255,27.431],[86.254,27.429],[86.253,27.428],[86.252,27.425],[86.25,27.423],[86.248,27.422],[86.246,27.421],[86.245,27.42],[86.242,27.418],[86.24,27.416],[86.239,27.414],[86.239,27.41],[86.239,27.408],[86.238,27.406],[86.235,27.403],[86.233,27.4],[86.233,27.4],[86.231,27.398],[86.229,27.395],[86.227,27.392],[86.226,27.388],[86.224,27.384],[86.224,27.381],[86.225,27.378],[86.227,27.375],[86.228,27.371],[86.228,27.368],[86.225,27.367],[86.223,27.366],[86.222,27.364],[86.223,27.361],[86.224,27.359],[86.222,27.356],[86.221,27.354],[86.221,27.353],[86.22,27.35],[86.22,27.347],[86.22,27.344],[86.22,27.34],[86.219,27.336],[86.219,27.336],[86.22,27.334],[86.22,27.332],[86.221,27.331],[86.222,27.329],[86.224,27.329],[86.225,27.328],[86.224,27.327],[86.223,27.326],[86.223,27.325],[86.223,27.323],[86.225,27.323],[86.227,27.323],[86.228,27.322],[86.23,27.322],[86.232,27.321],[86.233,27.319],[86.233,27.318],[86.234,27.316],[86.235,27.315],[86.235,27.314],[86.237,27.312],[86.237,27.311],[86.238,27.309],[86.239,27.308],[86.24,27.307],[86.241,27.306],[86.241,27.305],[86.24,27.303],[86.239,27.302],[86.239,27.3],[86.239,27.298],[86.238,27.296],[86.239,27.296],[86.241,27.294],[86.242,27.294],[86.243,27.293],[86.243,27.291],[86.242,27.291],[86.241,27.29],[86.24,27.289],[86.238,27.288],[86.236,27.286],[86.235,27.285],[86.234,27.284],[86.233,27.283],[86.232,27.282],[86.231,27.281],[86.23,27.28],[86.229,27.28],[86.228,27.279],[86.227,27.278],[86.227,27.277],[86.226,27.276],[86.225,27.275],[86.223,27.275],[86.221,27.273],[86.22,27.273],[86.219,27.271],[86.218,27.271],[86.217,27.271],[86.216,27.27],[86.215,27.269],[86.214,27.268],[86.214,27.267],[86.214,27.265],[86.213,27.263],[86.212,27.262],[86.211,27.262],[86.21,27.261],[86.209,27.26],[86.208,27.259],[86.208,27.258],[86.207,27.256],[86.206,27.253],[86.205,27.252]]]}},{"type":"Feature","properties":{"id":2,"name":"Madhesh","name_ne":"मधेश","level":"province","capital":"Janakpur"},"geometry":{"type":"Polygon","coordinates":[[[84.48,27.358],[84.481,27.357],[84.484,27.359],[84.487,27.359],[84.49,27.359],[84.493,27.359],[84.497,27.358],[84.502,27.357],[84.508,27.356],[84.513,27.354],[84.517,27.354],[84.521,27.355],[84.524,27.354],[84.528,27.353],[84.534,27.351],[84.54,27.351],[84.546,27.35],[84.551,27.349],[84.556,27.349],[84.561,27.348],[84.567,27.348],[84.578,27.344],[84.583,27.343],[84.592,27.34],[84.596,27.339],[84.6,27.339],[84.605,27.338],[84.608,27.337],[84.61,27.336],[84.613,27.336],[84.616,27.337],[84.62,27.337],[84.623,27.337],[84.626,27.336],[84.628,27.334],[84.632,27.328],[84.633,27.327],[84.635,27.325],[84.638,27.319],[84.643,27.311],[84.647,27.305],[84.65,27.3],[84.654,27.292],[84.657,27.286],[84.661,27.281],[84.664,27.276],[84.668,27.27],[84.676,27.254],[84.678,27.251],[84.682,27.244],[84.685,27.239],[84.688,27.234],[84.691,27.23],[84.692,27.228],[84.692,27.224],[84.693,27.22],[84.693,27.217],[84.692,27.214],[84.69,27.212],[84.689,27.21],[84.69,27.207],[84.689,27.203],[84.687,27.201],[84.686,27.198],[84.687,27.194],[84.688,27.191],[84.686,27.185],[84.685,27.182],[84.685,27.177],[84.684,27.173],[84.681,27.17],[84.681,27.168],[84.683,27.165],[84.684,27.163],[84.684,27.162],[84.683,27.161],[84.683,27.16],[84.685,27.159],[84.689,27.158],[84.689,27.157],[84.688,27.155],[84.686,27.151],[84.686,27.147],[84.685,27.142],[84.684,27.138],[84.682,27.133],[84.68,27.129],[84.678,27.123],[84.679,27.12],[84.68,27.115],[84.679,27.113],[84.678,27.109],[84.679,27.105],[84.678,27.1],[84.674,27.097],[84.672,27.095],[84.671,27.089],[84.669,27.084],[84.666,27.082],[84.662,27.08],[84.657,27.078],[84.653,27.075],[84.651,27.073],[84.649,27.069],[84.649,27.066],[84.649,27.062],[84.65,27.059],[84.651,27.055],[84.65,27.051],[84.649,27.048],[84.649,27.046],[84.652,27.044],[84.655,27.043],[84.661,27.042],[84.668,27.041],[84.676,27.038],[84.683,27.035],[84.69,27.032],[84.696,27.03],[84.704,27.028],[84.711,27.027],[84.716,27.025],[84.718,27.021],[84.721,27.018],[84.726,27.016],[84.728,27.015],[84.734,27.014],[84.739,27.014],[84.743,27.013],[84.748,27.01],[84.753,27.007],[84.758,27.005],[84.762,27.003],[84.765,27.006],[84.768,27.009],[84.771,27.013],[84.774,27.014],[84.777,27.016],[84.782,27.017],[84.785,27.016],[84.787,27.013],[84.791,27.009],[84.793,27.006],[84.794,27.001],[84.794,26.998],[84.794,26.997],[84.796,26.995],[84.797,26.996],[84.798,26.998],[84.799,27.001],[84.801,27.003],[84.803,27.004],[84.806,27.003],[84.81,27.003],[84.812,27.005],[84.812,27.007],[84.812,27.01],[84.815,27.012],[84.814,27.014],[84.816,27.018],[84.82,27.02],[84.825,27.021],[84.831,27.023],[84.835,27.023],[84.839,27.022],[84.842,27.02],[84.844,27.018],[84.845,27.014],[84.847,27.011],[84.852,27.009],[84.854,27.009],[84.858,27.009],[84.858,27.006],[84.859,27.003],[84.859,27.0],[84.859,26.997],[84.859,26.994],[84.858,26.991],[84.858,26.989],[84.861,26.987],[84.867,26.984],[84.869,26.983],[84.873,26.981],[84.874,26.98],[84.874,26.98],[84.881,26.98],[84.887,26.978],[84.888,26.976],[84.888,26.974],[84.888,26.973],[84.89,26.971],[84.893,26.971],[84.896,26.972],[84.901,26.971],[84.906,26.968],[84.911,26.966],[84.917,26.967],[84.921,26.968],[84.927,26.968],[84.933,26.967],[84.938,26.966],[84.943,26.964],[84.948,26.963],[84.952,26.961],[84.955,26.96],[84.959,26.96],[84.964,26.958],[84.967,26.955],[84.969,26.953],[84.973,26.948],[84.974,26.944],[84.976,26.94],[84.976,26.935],[84.973,26.932],[84.969,26.928],[84.968,26.923],[84.968,26.919],[84.969,26.917],[84.971,26.917],[84.973,26.916],[84.979,26.915],[84.983,26.914],[84.99,26.913],[84.996,26.912],[85.001,26.912],[85.003,26.91],[85.004,26.907],[85.001,26.905],[84.998,26.904],[84.998,26.902],[85.004,26.898],[85.01,26.895],[85.017,26.893],[85.022,26.892],[85.028,26.892],[85.035,26.891],[85.042,26.89],[85.049,26.89],[85.054,26.89],[85.057,26.888],[85.057,26.885],[85.057,26.884],[85.054,26.881],[85.052,26.88],[85.047,26.878],[85.046,26.875],[85.045,26.872],[85.04,26.873],[85.036,26.873],[85.033,26.871],[85.035,26.868],[85.033,26.865],[85.033,26.862],[85.035,26.859],[85.032,26.858],[85.029,26.855],[85.034,26.853],[85.041,26.853],[85.048,26.852],[85.055,26.85],[85.061,26.85],[85.067,26.851],[85.071,26.853],[85.078,26.854],[85.083,26.853],[85.086,26.854],[85.089,26.857],[85.089,26.859],[85.087,26.861],[85.086,26.864],[85.088,26.866],[85.093,26.866],[85.098,26.866],[85.101,26.869],[85.106,26.871],[85.11,26.87],[85.114,26.871],[85.121,26.871],[85.129,26.869],[85.134,26.867],[85.14,26.869],[85.145,26.87],[85.148,26.87],[85.154,26.87],[85.162,26.869],[85.17,26.868],[85.179,26.868],[85.182,26.868],[85.184,26.869],[85.195,26.868],[85.197,26.863],[85.194,26.856],[85.193,26.851],[85.194,26.846],[85.194,26.839],[85.194,26.834],[85.192,26.828],[85.189,26.825],[85.186,26.822],[85.18,26.816],[85.18,26.81],[85.182,26.805],[85.184,26.803],[85.183,26.8],[85.185,26.795],[85.192,26.793],[85.194,26.789],[85.194,26.782],[85.194,26.777],[85.198,26.772],[85.203,26.769],[85.205,26.765],[85.209,26.761],[85.217,26.759],[85.225,26.76],[85.233,26.762],[85.243,26.762],[85.249,26.761],[85.255,26.759],[85.263,26.756],[85.27,26.755],[85.278,26.755],[85.286,26.755],[85.293,26.755],[85.304,26.755],[85.313,26.753],[85.321,26.75],[85.328,26.746],[85.329,26.746],[85.333,26.744],[85.334,26.744],[85.335,26.745],[85.338,26.745],[85.34,26.745],[85.342,26.747],[85.344,26.748],[85.346,26.75],[85.347,26.752],[85.35,26.753],[85.351,26.755],[85.354,26.758],[85.356,26.759],[85.359,26.761],[85.361,26.762],[85.364,26.762],[85.366,26.761],[85.368,26.76],[85.372,26.76],[85.375,26.76],[85.377,26.761],[85.378,26.762],[85.381,26.764],[85.383,26.767],[85.384,26.77],[85.386,26.772],[85.388,26.774],[85.392,26.776],[85.395,26.777],[85.398,26.778],[85.401,26.78],[85.404,26.782],[85.406,26.785],[85.407,26.788],[85.408,26.791],[85.412,26.792],[85.417,26.792],[85.418,26.792],[85.423,26.79],[85.425,26.788],[85.429,26.788],[85.432,26.789],[85.435,26.79],[85.439,26.79],[85.442,26.788],[85.445,26.786],[85.448,26.783],[85.452,26.781],[85.455,26.783],[85.457,26.784],[85.46,26.786],[85.463,26.788],[85.467,26.79],[85.471,26.791],[85.475,26.792],[85.477,26.793],[85.481,26.796],[85.481,26.798],[85.482,26.8],[85.484,26.802],[85.487,26.802],[85.491,26.8],[85.495,26.799],[85.497,26.8],[85.499,26.802],[85.5,26.804],[85.501,26.806],[85.501,26.808],[85.502,26.81],[85.503,26.811],[85.504,26.813],[85.506,26.814],[85.508,26.816],[85.515,26.816],[85.518,26.815],[85.52,26.815],[85.524,26.815],[85.526,26.817],[85.528,26.818],[85.53,26.821],[85.532,26.823],[85.534,26.826],[85.536,26.828],[85.539,26.831],[85.542,26.834],[85.545,26.836],[85.552,26.837],[85.554,26.836],[85.557,26.836],[85.558,26.839],[85.558,26.841],[85.56,26.843],[85.563,26.843],[85.567,26.842],[85.57,26.844],[85.57,26.847],[85.571,26.85],[85.572,26.853],[85.574,26.856],[85.577,26.858],[85.581,26.86],[85.584,26.859],[85.586,26.858],[85.587,26.856],[85.588,26.854],[85.588,26.852],[85.588,26.849],[85.588,26.847],[85.59,26.847],[85.592,26.848],[85.594,26.85],[85.596,26.851],[85.602,26.853],[85.605,26.855],[85.609,26.857],[85.611,26.859],[85.615,26.862],[85.618,26.865],[85.621,26.868],[85.624,26.87],[85.628,26.872],[85.633,26.873],[85.636,26.871],[85.638,26.869],[85.64,26.866],[85.641,26.863],[85.642,26.86],[85.643,26.857],[85.646,26.852],[85.648,26.85],[85.653,26.849],[85.658,26.849],[85.663,26.848],[85.668,26.847],[85.673,26.847],[85.677,26.846],[85.681,26.845],[85.684,26.843],[85.686,26.842],[85.688,26.842],[85.69,26.841],[85.695,26.838],[85.698,26.837],[85.704,26.835],[85.707,26.833],[85.712,26.83],[85.716,26.827],[85.72,26.824],[85.722,26.823],[85.725,26.819],[85.728,26.815],[85.73,26.81],[85.731,26.808],[85.732,26.804],[85.734,26.799],[85.736,26.796],[85.737,26.792],[85.737,26.788],[85.737,26.785],[85.737,26.779],[85.737,26.774],[85.736,26.769],[85.735,26.765],[85.734,26.761],[85.734,26.756],[85.733,26.751],[85.735,26.747],[85.737,26.742],[85.738,26.739],[85.736,26.734],[85.735,26.731],[85.734,26.727],[85.733,26.724],[85.731,26.721],[85.731,26.717],[85.731,26.713],[85.729,26.71],[85.728,26.708],[85.729,26.704],[85.73,26.699],[85.73,26.696],[85.729,26.693],[85.729,26.689],[85.728,26.685],[85.729,26.682],[85.729,26.679],[85.729,26.676],[85.729,26.673],[85.73,26.671],[85.732,26.668],[85.734,26.667],[85.74,26.663],[85.741,26.659],[85.74,26.657],[85.737,26.655],[85.736,26.653],[85.738,26.651],[85.74,26.649],[85.743,26.646],[85.745,26.644],[85.747,26.64],[85.751,26.638],[85.755,26.637],[85.76,26.636],[85.764,26.636],[85.767,26.634],[85.769,26.633],[85.772,26.631],[85.775,26.629],[85.778,26.629],[85.781,26.628],[85.786,26.627],[85.792,26.627],[85.8,26.626],[85.803,26.625],[85.806,26.624],[85.807,26.62],[85.807,26.618],[85.809,26.614],[85.812,26.611],[85.815,26.609],[85.817,26.606],[85.819,26.604],[85.824,26.602],[85.829,26.602],[85.832,26.603],[85.834,26.604],[85.835,26.607],[85.836,26.61],[85.838,26.613],[85.841,26.612],[85.843,26.611],[85.846,26.61],[85.85,26.609],[85.854,26.607],[85.855,26.606],[85.856,26.604],[85.857,26.602],[85.858,26.601],[85.858,26.6],[85.859,26.597],[85.859,26.595],[85.859,26.592],[85.858,26.589],[85.857,26.587],[85.855,26.584],[85.854,26.583],[85.852,26.581],[85.853,26.579],[85.854,26.578],[85.854,26.576],[85.853,26.575],[85.85,26.573],[85.852,26.571],[85.853,26.57],[85.854,26.569],[85.856,26.569],[85.858,26.569],[85.859,26.57],[85.861,26.571],[85.863,26.572],[85.864,26.573],[85.868,26.578],[85.869,26.58],[85.87,26.581],[85.872,26.583],[85.874,26.583],[85.876,26.584],[85.878,26.585],[85.882,26.587],[85.885,26.586],[85.887,26.587],[85.889,26.588],[85.891,26.59],[85.892,26.593],[85.893,26.596],[85.895,26.597],[85.898,26.598],[85.899,26.598],[85.901,26.599],[85.903,26.603],[85.904,26.604],[85.906,26.606],[85.908,26.607],[85.911,26.608],[85.912,26.608],[85.914,26.609],[85.916,26.61],[85.919,26.61],[85.921,26.611],[85.924,26.611],[85.928,26.611],[85.929,26.611],[85.93,26.613],[85.929,26.614],[85.928,26.616],[85.928,26.618],[85.93,26.618],[85.932,26.618],[85.935,26.618],[85.936,26.618],[85.94,26.618],[85.941,26.617],[85.945,26.616],[85.947,26.616],[85.948,26.62],[85.949,26.623],[85.95,26.625],[85.952,26.627],[85.954,26.628],[85.956,26.63],[85.956,26.632],[85.956,26.633],[85.955,26.636],[85.955,26.637],[85.955,26.641],[85.955,26.643],[85.956,26.644],[85.956,26.645],[85.957,26.648],[85.958,26.649],[85.959,26.651],[85.96,26.652],[85.962,26.653],[85.967,26.653],[85.97,26.654],[85.972,26.655],[85.974,26.656],[85.975,26.658],[85.977,26.658],[85.979,26.659],[85.981,26.659],[85.988,26.659],[85.991,26.658],[85.995,26.658],[85.998,26.658],[86.003,26.658],[86.007,26.658],[86.01,26.657],[86.011,26.658],[86.013,26.659],[86.014,26.66],[86.017,26.662],[86.02,26.663],[86.023,26.664],[86.025,26.665],[86.028,26.664],[86.031,26.664],[86.035,26.663],[86.04,26.662],[86.044,26.661],[86.047,26.66],[86.057,26.658],[86.06,26.658],[86.064,26.657],[86.067,26.656],[86.072,26.655],[86.074,26.653],[86.077,26.649],[86.078,26.647],[86.082,26.645],[86.086,26.643],[86.091,26.642],[86.095,26.64],[86.099,26.638],[86.103,26.637],[86.106,26.635],[86.11,26.633],[86.114,26.631],[86.116,26.631],[86.12,26.629],[86.123,26.629],[86.127,26.628],[86.132,26.628],[86.136,26.628],[86.139,26.627],[86.141,26.626],[86.151,26.609],[86.155,26.609],[86.157,26.61],[86.159,26.612],[86.162,26.614],[86.164,26.614],[86.168,26.614],[86.172,26.616],[86.174,26.616],[86.178,26.615],[86.18,26.615],[86.183,26.614],[86.186,26.614],[86.189,26.614],[86.191,26.614],[86.194,26.613],[86.194,26.612],[86.193,26.612],[86.192,26.611],[86.192,26.61],[86.193,26.608],[86.195,26.606],[86.196,26.602],[86.196,26.599],[86.196,26.595],[86.197,26.594],[86.2,26.596],[86.204,26.597],[86.206,26.594],[86.208,26.593],[86.21,26.591],[86.212,26.592],[86.215,26.593],[86.216,26.593],[86.218,26.591],[86.222,26.59],[86.227,26.591],[86.229,26.59],[86.232,26.589],[86.234,26.589],[86.236,26.59],[86.237,26.593],[86.237,26.597],[86.237,26.6],[86.238,26.602],[86.241,26.605],[86.245,26.608],[86.248,26.61],[86.252,26.612],[86.257,26.613],[86.261,26.614],[86.265,26.615],[86.27,26.617],[86.276,26.618],[86.283,26.616],[86.288,26.614],[86.295,26.613],[86.3,26.616],[86.306,26.619],[86.309,26.62],[86.315,26.619],[86.32,26.619],[86.324,26.618],[86.329,26.618],[86.333,26.618],[86.337,26.618],[86.341,26.617],[86.344,26.615],[86.344,26.613],[86.342,26.61],[86.342,26.608],[86.344,26.605],[86.347,26.604],[86.352,26.604],[86.357,26.603],[86.363,26.602],[86.366,26.601],[86.372,26.6],[86.375,26.598],[86.381,26.596],[86.387,26.596],[86.392,26.595],[86.395,26.593],[86.395,26.589],[86.396,26.584],[86.399,26.583],[86.406,26.58],[86.411,26.579],[86.416,26.577],[86.424,26.574],[86.431,26.572],[86.438,26.57],[86.443,26.569],[86.448,26.568],[86.453,26.567],[86.457,26.565],[86.461,26.563],[86.468,26.559],[86.473,26.556],[86.477,26.555],[86.484,26.55],[86.487,26.548],[86.488,26.548],[86.49,26.547],[86.494,26.545],[86.497,26.543],[86.5,26.543],[86.504,26.542],[86.507,26.542],[86.512,26.541],[86.514,26.541],[86.517,26.541],[86.52,26.543],[86.524,26.545],[86.529,26.544],[86.532,26.543],[86.536,26.541],[86.541,26.54],[86.548,26.535],[86.549,26.534],[86.551,26.531],[86.554,26.527],[86.556,26.523],[86.559,26.517],[86.561,26.514],[86.563,26.51],[86.565,26.504],[86.568,26.501],[86.573,26.497],[86.578,26.495],[86.583,26.495],[86.588,26.494],[86.593,26.492],[86.595,26.491],[86.6,26.49],[86.604,26.489],[86.608,26.487],[86.611,26.487],[86.612,26.487],[86.615,26.487],[86.617,26.486],[86.62,26.483],[86.621,26.481],[86.623,26.48],[86.626,26.478],[86.628,26.475],[86.627,26.473],[86.627,26.471],[86.628,26.47],[86.63,26.468],[86.635,26.466],[86.639,26.466],[86.64,26.464],[86.642,26.462],[86.646,26.462],[86.651,26.461],[86.655,26.461],[86.659,26.46],[86.665,26.458],[86.669,26.456],[86.671,26.456],[86.675,26.455],[86.679,26.454],[86.683,26.453],[86.686,26.453],[86.69,26.452],[86.694,26.45],[86.697,26.446],[86.699,26.441],[86.7,26.439],[86.703,26.438],[86.706,26.436],[86.71,26.435],[86.713,26.435],[86.717,26.436],[86.719,26.436],[86.721,26.434],[86.723,26.432],[86.724,26.43],[86.725,26.427],[86.727,26.426],[86.729,26.424],[86.731,26.423],[86.734,26.423],[86.737,26.424],[86.74,26.424],[86.741,26.425],[86.743,26.426],[86.745,26.427],[86.746,26.428],[86.747,26.429],[86.747,26.43],[86.748,26.432],[86.748,26.433],[86.747,26.434],[86.747,26.436],[86.748,26.437],[86.749,26.439],[86.751,26.442],[86.752,26.444],[86.754,26.446],[86.757,26.448],[86.759,26.449],[86.761,26.45],[86.763,26.452],[86.765,26.453],[86.772,26.459],[86.773,26.459],[86.775,26.459],[86.778,26.458],[86.78,26.457],[86.783,26.457],[86.788,26.455],[86.792,26.453],[86.794,26.451],[86.798,26.45],[86.801,26.449],[86.806,26.447],[86.81,26.446],[86.814,26.445],[86.818,26.444],[86.823,26.442],[86.829,26.441],[86.834,26.44],[86.838,26.441],[86.84,26.442],[86.842,26.442],[86.845,26.442],[86.847,26.443],[86.848,26.445],[86.849,26.447],[86.851,26.449],[86.853,26.449],[86.856,26.45],[86.859,26.451],[86.861,26.454],[86.863,26.457],[86.866,26.458],[86.868,26.458],[86.873,26.456],[86.877,26.457],[86.88,26.458],[86.884,26.46],[86.887,26.461],[86.89,26.461],[86.893,26.462],[86.896,26.463],[86.896,26.464],[86.896,26.465],[86.896,26.467],[86.896,26.468],[86.895,26.472],[86.895,26.474],[86.894,26.476],[86.893,26.478],[86.893,26.48],[86.893,26.482],[86.893,26.483],[86.894,26.484],[86.894,26.485],[86.894,26.486],[86.896,26.486],[86.897,26.486],[86.901,26.487],[86.904,26.487],[86.907,26.487],[86.909,26.487],[86.911,26.488],[86.913,26.488],[86.914,26.488],[86.914,26.49],[86.914,26.491],[86.914,26.494],[86.915,26.496],[86.916,26.499],[86.917,26.502],[86.919,26.505],[86.921,26.51],[86.923,26.514],[86.924,26.518],[86.925,26.522],[86.927,26.527],[86.929,26.531],[86.931,26.535],[86.933,26.54],[86.937,26.546],[86.943,26.554],[86.944,26.556],[86.946,26.558],[86.948,26.562],[86.949,26.566],[86.949,26.569],[86.95,26.573],[86.951,26.577],[86.953,26.582],[86.954,26.586],[86.957,26.59],[86.958,26.592],[86.96,26.597],[86.961,26.599],[86.964,26.604],[86.965,26.607],[86.966,26.61],[86.967,26.614],[86.968,26.618],[86.97,26.62],[86.972,26.622],[86.973,26.624],[86.975,26.626],[86.976,26.629],[86.976,26.63],[86.976,26.633],[86.977,26.635],[86.978,26.637],[86.98,26.639],[86.983,26.642],[86.985,26.644],[86.986,26.646],[86.989,26.649],[86.99,26.652],[86.992,26.655],[86.995,26.657],[86.997,26.66],[87.0,26.661],[87.002,26.662],[87.005,26.664],[87.008,26.666],[87.009,26.668],[87.01,26.67],[87.012,26.673],[87.013,26.676],[87.015,26.684],[87.016,26.686],[87.017,26.689],[87.018,26.691],[87.019,26.694],[87.02,26.696],[87.022,26.699],[87.026,26.71],[87.026,26.713],[87.027,26.716],[87.028,26.718],[87.025,26.717],[87.021,26.717],[87.017,26.716],[87.012,26.715],[87.009,26.714],[87.005,26.713],[87.0,26.713],[86.995,26.713],[86.993,26.715],[86.989,26.716],[86.983,26.714],[86.979,26.714],[86.973,26.714],[86.97,26.716],[86.967,26.719],[86.966,26.724],[86.966,26.727],[86.966,26.732],[86.965,26.736],[86.962,26.738],[86.956,26.739],[86.951,26.738],[86.947,26.738],[86.943,26.739],[86.94,26.74],[86.936,26.743],[86.933,26.745],[86.931,26.75],[86.93,26.754],[86.928,26.757],[86.927,26.761],[86.924,26.764],[86.921,26.766],[86.92,26.766],[86.916,26.767],[86.914,26.766],[86.911,26.763],[86.911,26.76],[86.91,26.755],[86.91,26.75],[86.91,26.745],[86.91,26.74],[86.908,26.735],[86.905,26.731],[86.902,26.727],[86.899,26.725],[86.893,26.721],[86.891,26.717],[86.887,26.713],[86.883,26.712],[86.877,26.711],[86.872,26.71],[86.869,26.705],[86.868,26.702],[86.866,26.701],[86.863,26.699],[86.86,26.697],[86.856,26.695],[86.854,26.694],[86.854,26.692],[86.852,26.691],[86.851,26.691],[86.848,26.692],[86.846,26.692],[86.844,26.692],[86.843,26.695],[86.843,26.7],[86.843,26.705],[86.841,26.709],[86.837,26.712],[86.832,26.712],[86.829,26.712],[86.824,26.71],[86.82,26.708],[86.815,26.708],[86.808,26.71],[86.803,26.71],[86.799,26.709],[86.796,26.709],[86.794,26.708],[86.79,26.705],[86.785,26.703],[86.781,26.701],[86.776,26.699],[86.771,26.697],[86.768,26.694],[86.765,26.691],[86.761,26.687],[86.758,26.686],[86.757,26.687],[86.756,26.69],[86.754,26.693],[86.749,26.697],[86.745,26.699],[86.742,26.704],[86.741,26.706],[86.74,26.709],[86.736,26.711],[86.731,26.71],[86.726,26.709],[86.723,26.708],[86.721,26.706],[86.718,26.704],[86.715,26.703],[86.712,26.704],[86.71,26.705],[86.708,26.706],[86.705,26.703],[86.704,26.7],[86.701,26.697],[86.698,26.694],[86.694,26.69],[86.688,26.688],[86.681,26.688],[86.677,26.691],[86.673,26.695],[86.67,26.699],[86.668,26.703],[86.665,26.705],[86.663,26.709],[86.663,26.713],[86.666,26.717],[86.668,26.721],[86.667,26.725],[86.67,26.729],[86.67,26.736],[86.668,26.741],[86.665,26.745],[86.66,26.749],[86.655,26.751],[86.648,26.754],[86.641,26.758],[86.635,26.76],[86.628,26.763],[86.62,26.768],[86.614,26.771],[86.607,26.775],[86.605,26.776],[86.603,26.78],[86.603,26.785],[86.604,26.791],[86.604,26.796],[86.604,26.801],[86.603,26.807],[86.602,26.81],[86.602,26.813],[86.602,26.819],[86.599,26.825],[86.597,26.83],[86.594,26.835],[86.589,26.838],[86.586,26.841],[86.582,26.846],[86.58,26.852],[86.579,26.858],[86.578,26.866],[86.577,26.872],[86.573,26.876],[86.568,26.879],[86.566,26.884],[86.563,26.886],[86.558,26.887],[86.55,26.888],[86.545,26.888],[86.541,26.888],[86.537,26.886],[86.534,26.887],[86.532,26.887],[86.528,26.887],[86.523,26.889],[86.52,26.889],[86.518,26.888],[86.513,26.887],[86.509,26.889],[86.506,26.889],[86.506,26.889],[86.5,26.889],[86.494,26.888],[86.491,26.887],[86.487,26.885],[86.485,26.885],[86.481,26.885],[86.475,26.886],[86.473,26.886],[86.467,26.886],[86.462,26.886],[86.455,26.887],[86.449,26.889],[86.446,26.89],[86.445,26.89],[86.438,26.894],[86.434,26.897],[86.427,26.9],[86.42,26.902],[86.413,26.905],[86.407,26.906],[86.403,26.907],[86.401,26.907],[86.395,26.908],[86.391,26.908],[86.385,26.908],[86.379,26.907],[86.374,26.907],[86.368,26.908],[86.363,26.909],[86.358,26.91],[86.355,26.911],[86.349,26.913],[86.344,26.914],[86.34,26.915],[86.335,26.917],[86.33,26.92],[86.323,26.922],[86.318,26.925],[86.309,26.927],[86.304,26.928],[86.298,26.928],[86.291,26.928],[86.286,26.929],[86.282,26.931],[86.279,26.933],[86.278,26.933],[86.274,26.931],[86.27,26.929],[86.267,26.925],[86.265,26.92],[86.264,26.917],[86.263,26.917],[86.26,26.92],[86.259,26.923],[86.259,26.926],[86.261,26.928],[86.261,26.931],[86.258,26.933],[86.254,26.935],[86.25,26.936],[86.247,26.938],[86.244,26.939],[86.241,26.941],[86.239,26.944],[86.237,26.946],[86.235,26.947],[86.231,26.948],[86.228,26.95],[86.225,26.951],[86.222,26.952],[86.22,26.954],[86.22,26.956],[86.219,26.959],[86.216,26.961],[86.213,26.964],[86.21,26.965],[86.206,26.967],[86.203,26.969],[86.2,26.97],[86.197,26.972],[86.195,26.974],[86.195,26.976],[86.193,26.977],[86.19,26.978],[86.189,26.98],[86.187,26.982],[86.183,26.983],[86.179,26.984],[86.175,26.985],[86.173,26.986],[86.169,26.988],[86.166,26.989],[86.162,26.99],[86.158,26.991],[86.155,26.993],[86.152,26.995],[86.148,26.996],[86.144,26.998],[86.14,27.001],[86.136,27.003],[86.133,27.005],[86.129,27.008],[86.124,27.01],[86.122,27.011],[86.118,27.014],[86.115,27.015],[86.111,27.016],[86.106,27.017],[86.102,27.018],[86.099,27.019],[86.095,27.019],[86.09,27.02],[86.085,27.02],[86.082,27.02],[86.077,27.02],[86.075,27.02],[86.071,27.02],[86.068,27.019],[86.064,27.019],[86.056,27.019],[86.051,27.019],[86.047,27.019],[86.043,27.019],[86.039,27.02],[86.035,27.021],[86.03,27.021],[86.025,27.021],[86.021,27.021],[86.017,27.021],[86.012,27.022],[86.007,27.022],[86.003,27.022],[85.998,27.024],[85.993,27.026],[85.991,27.029],[85.988,27.033],[85.985,27.037],[85.981,27.042],[85.978,27.045],[85.975,27.049],[85.974,27.052],[85.973,27.055],[85.972,27.06],[85.971,27.064],[85.97,27.07],[85.969,27.074],[85.967,27.078],[85.965,27.08],[85.959,27.084],[85.954,27.086],[85.951,27.088],[85.948,27.09],[85.947,27.093],[85.939,27.112],[85.94,27.116],[85.94,27.119],[85.937,27.123],[85.933,27.125],[85.929,27.126],[85.925,27.127],[85.92,27.129],[85.916,27.131],[85.912,27.133],[85.908,27.134],[85.905,27.137],[85.901,27.14],[85.897,27.141],[85.893,27.143],[85.889,27.145],[85.885,27.145],[85.881,27.143],[85.877,27.14],[85.873,27.135],[85.871,27.132],[85.869,27.129],[85.866,27.128],[85.862,27.132],[85.86,27.135],[85.858,27.138],[85.854,27.14],[85.85,27.141],[85.846,27.142],[85.843,27.144],[85.841,27.147],[85.84,27.149],[85.841,27.151],[85.843,27.154],[85.846,27.157],[85.845,27.16],[85.843,27.162],[85.837,27.165],[85.832,27.167],[85.828,27.167],[85.826,27.165],[85.823,27.163],[85.821,27.162],[85.82,27.162],[85.819,27.161],[85.798,27.169],[85.794,27.171],[85.79,27.173],[85.787,27.174],[85.782,27.177],[85.777,27.179],[85.774,27.18],[85.769,27.182],[85.765,27.184],[85.761,27.185],[85.758,27.186],[85.754,27.187],[85.75,27.188],[85.747,27.189],[85.743,27.19],[85.74,27.19],[85.737,27.19],[85.732,27.192],[85.73,27.193],[85.725,27.192],[85.722,27.191],[85.718,27.189],[85.713,27.187],[85.709,27.186],[85.699,27.183],[85.698,27.182],[85.694,27.179],[85.692,27.177],[85.69,27.175],[85.688,27.173],[85.685,27.169],[85.683,27.167],[85.682,27.165],[85.679,27.162],[85.676,27.161],[85.672,27.159],[85.67,27.158],[85.665,27.155],[85.663,27.154],[85.661,27.152],[85.658,27.15],[85.656,27.149],[85.654,27.147],[85.652,27.146],[85.651,27.145],[85.645,27.143],[85.642,27.142],[85.639,27.141],[85.634,27.14],[85.631,27.14],[85.625,27.139],[85.621,27.14],[85.616,27.14],[85.613,27.14],[85.611,27.14],[85.61,27.14],[85.607,27.141],[85.606,27.141],[85.602,27.142],[85.599,27.142],[85.595,27.142],[85.59,27.142],[85.587,27.142],[85.584,27.142],[85.581,27.142],[85.577,27.141],[85.574,27.14],[85.571,27.142],[85.568,27.143],[85.564,27.145],[85.562,27.145],[85.556,27.145],[85.552,27.144],[85.548,27.145],[85.544,27.146],[85.541,27.146],[85.537,27.144],[85.535,27.143],[85.53,27.142],[85.528,27.142],[85.523,27.142],[85.52,27.142],[85.516,27.142],[85.512,27.143],[85.509,27.143],[85.505,27.143],[85.501,27.143],[85.499,27.143],[85.496,27.143],[85.491,27.144],[85.491,27.145],[85.491,27.147],[85.491,27.15],[85.491,27.152],[85.491,27.155],[85.491,27.157],[85.493,27.159],[85.494,27.161],[85.495,27.162],[85.497,27.163],[85.499,27.164],[85.503,27.166],[85.505,27.167],[85.505,27.169],[85.504,27.17],[85.505,27.172],[85.506,27.174],[85.506,27.175],[85.505,27.177],[85.504,27.177],[85.5,27.171],[85.499,27.169],[85.494,27.166],[85.49,27.164],[85.486,27.163],[85.481,27.162],[85.473,27.163],[85.466,27.164],[85.462,27.166],[85.457,27.17],[85.454,27.176],[85.451,27.182],[85.448,27.186],[85.442,27.186],[85.437,27.189],[85.433,27.191],[85.426,27.19],[85.419,27.19],[85.415,27.193],[85.412,27.194],[85.407,27.194],[85.401,27.196],[85.399,27.201],[85.399,27.205],[85.398,27.206],[85.395,27.207],[85.389,27.207],[85.383,27.208],[85.378,27.211],[85.371,27.211],[85.364,27.211],[85.357,27.214],[85.355,27.218],[85.353,27.221],[85.349,27.222],[85.344,27.221],[85.339,27.222],[85.333,27.223],[85.327,27.226],[85.318,27.229],[85.312,27.23],[85.304,27.23],[85.295,27.23],[85.288,27.23],[85.282,27.23],[85.274,27.228],[85.269,27.226],[85.268,27.225],[85.266,27.226],[85.263,27.23],[85.26,27.235],[85.258,27.24],[85.257,27.245],[85.251,27.249],[85.242,27.249],[85.237,27.248],[85.233,27.246],[85.226,27.246],[85.218,27.247],[85.21,27.248],[85.204,27.248],[85.2,27.245],[85.196,27.243],[85.188,27.246],[85.185,27.252],[85.185,27.254],[85.185,27.258],[85.184,27.26],[85.178,27.261],[85.174,27.263],[85.17,27.264],[85.166,27.264],[85.162,27.265],[85.157,27.268],[85.154,27.271],[85.15,27.276],[85.147,27.28],[85.146,27.285],[85.143,27.29],[85.14,27.293],[85.137,27.296],[85.132,27.298],[85.129,27.303],[85.126,27.307],[85.123,27.313],[85.123,27.316],[85.119,27.32],[85.115,27.321],[85.11,27.323],[85.107,27.326],[85.105,27.328],[85.103,27.332],[85.099,27.336],[85.098,27.34],[85.097,27.344],[85.096,27.349],[85.095,27.353],[85.094,27.357],[85.092,27.36],[85.09,27.362],[85.085,27.363],[85.08,27.364],[85.074,27.364],[85.069,27.364],[85.064,27.364],[85.062,27.366],[85.057,27.365],[85.052,27.363],[85.048,27.361],[85.043,27.36],[85.038,27.36],[85.033,27.359],[85.027,27.358],[85.024,27.356],[85.019,27.355],[85.015,27.356],[85.01,27.357],[85.007,27.357],[85.005,27.358],[85.005,27.361],[85.005,27.363],[85.004,27.365],[85.001,27.365],[84.997,27.365],[84.993,27.363],[84.989,27.363],[84.986,27.363],[84.984,27.362],[84.981,27.36],[84.98,27.358],[84.978,27.357],[84.975,27.358],[84.971,27.36],[84.958,27.364],[84.956,27.365],[84.956,27.365],[84.953,27.363],[84.952,27.361],[84.951,27.361],[84.947,27.362],[84.944,27.364],[84.94,27.365],[84.934,27.365],[84.928,27.367],[84.921,27.37],[84.916,27.374],[84.912,27.376],[84.908,27.376],[84.904,27.375],[84.901,27.379],[84.9,27.382],[84.898,27.386],[84.89,27.388],[84.881,27.393],[84.878,27.397],[84.873,27.398],[84.866,27.398],[84.859,27.398],[84.856,27.4],[84.855,27.403],[84.853,27.407],[84.849,27.411],[84.839,27.416],[84.834,27.418],[84.829,27.418],[84.822,27.417],[84.814,27.418],[84.812,27.422],[84.809,27.428],[84.805,27.429],[84.802,27.433],[84.8,27.436],[84.799,27.436],[84.797,27.437],[84.79,27.436],[84.785,27.437],[84.781,27.438],[84.777,27.438],[84.769,27.437],[84.762,27.437],[84.758,27.438],[84.752,27.44],[84.747,27.442],[84.743,27.442],[84.738,27.444],[84.733,27.441],[84.728,27.44],[84.725,27.437],[84.724,27.435],[84.721,27.43],[84.717,27.431],[84.712,27.431],[84.707,27.432],[84.703,27.432],[84.7,27.432],[84.694,27.432],[84.689,27.431],[84.684,27.43],[84.678,27.429],[84.673,27.428],[84.668,27.429],[84.662,27.43],[84.656,27.429],[84.653,27.428],[84.65,27.429],[84.648,27.433],[84.646,27.438],[84.643,27.442],[84.637,27.444],[84.633,27.446],[84.63,27.448],[84.625,27.448],[84.619,27.448],[84.614,27.449],[84.613,27.449],[84.608,27.451],[84.604,27.452],[84.6,27.453],[84.596,27.454],[84.591,27.453],[84.588,27.454],[84.582,27.454],[84.578,27.455],[84.576,27.457],[84.572,27.46],[84.57,27.462],[84.563,27.461],[84.56,27.458],[84.559,27.454],[84.559,27.45],[84.559,27.446],[84.557,27.441],[84.553,27.438],[84.552,27.434],[84.551,27.43],[84.548,27.426],[84.545,27.422],[84.54,27.419],[84.538,27.418],[84.538,27.417],[84.537,27.415],[84.539,27.412],[84.543,27.41],[84.55,27.41],[84.551,27.407],[84.548,27.404],[84.544,27.403],[84.54,27.403],[84.54,27.397],[84.54,27.394],[84.54,27.392],[84.541,27.389],[84.542,27.385],[84.539,27.384],[84.536,27.385],[84.534,27.384],[84.534,27.381],[84.533,27.381],[84.531,27.382],[84.529,27.383],[84.525,27.384],[84.517,27.383],[84.513,27.381],[84.509,27.381],[84.507,27.379],[84.504,27.377],[84.501,27.375],[84.497,27.373],[84.495,27.371],[84.494,27.37],[84.492,27.367],[84.489,27.364],[84.484,27.362],[84.481,27.36],[84.48,27.358]]]}},{"type":"Feature","properties":{"id":3,"name":"Bagmati","name_ne":"बागमती","level":"province","capital":"Hetauda"},"geometry":{"type":"Polygon","coordinates":[[[83.921,27.528],[83.921,27.521],[83.924,27.516],[83.929,27.514],[83.934,27.512],[83.938,27.514],[83.945,27.516],[83.949,27.519],[83.954,27.525],[83.958,27.526],[83.964,27.525],[83.968,27.521],[83.971,27.517],[83.972,27.51],[83.966,27.503],[83.961,27.5],[83.952,27.495],[83.945,27.491],[83.942,27.487],[83.943,27.482],[83.945,27.476],[83.945,27.468],[83.944,27.463],[83.942,27.458],[83.941,27.456],[83.937,27.451],[83.936,27.449],[83.934,27.447],[83.936,27.447],[83.938,27.447],[83.94,27.447],[83.941,27.446],[83.942,27.447],[83.944,27.447],[83.946,27.446],[83.947,27.445],[83.948,27.443],[83.949,27.441],[83.95,27.44],[83.952,27.439],[83.954,27.439],[83.955,27.44],[83.958,27.441],[83.96,27.442],[83.963,27.443],[83.965,27.444],[83.967,27.444],[83.97,27.444],[83.972,27.443],[83.973,27.442],[83.974,27.442],[83.978,27.44],[83.98,27.439],[83.982,27.44],[83.985,27.441],[83.986,27.442],[83.991,27.442],[83.996,27.442],[84.0,27.44],[84.003,27.44],[84.008,27.44],[84.012,27.438],[84.016,27.436],[84.019,27.434],[84.023,27.433],[84.024,27.433],[84.027,27.434],[84.03,27.437],[84.039,27.439],[84.045,27.441],[84.05,27.442],[84.054,27.443],[84.056,27.444],[84.056,27.445],[84.057,27.449],[84.058,27.45],[84.061,27.451],[84.063,27.453],[84.062,27.455],[84.061,27.459],[84.062,27.462],[84.065,27.464],[84.068,27.466],[84.069,27.468],[84.07,27.471],[84.07,27.471],[84.07,27.474],[84.07,27.477],[84.072,27.479],[84.075,27.481],[84.079,27.483],[84.082,27.483],[84.087,27.483],[84.09,27.485],[84.092,27.487],[84.095,27.49],[84.097,27.493],[84.099,27.496],[84.1,27.501],[84.1,27.502],[84.1,27.504],[84.1,27.507],[84.1,27.509],[84.1,27.511],[84.1,27.513],[84.101,27.514],[84.101,27.516],[84.102,27.517],[84.103,27.518],[84.104,27.518],[84.105,27.519],[84.107,27.519],[84.109,27.519],[84.112,27.519],[84.114,27.519],[84.115,27.519],[84.117,27.518],[84.118,27.518],[84.119,27.516],[84.12,27.515],[84.12,27.513],[84.122,27.512],[84.124,27.512],[84.126,27.511],[84.13,27.511],[84.132,27.511],[84.133,27.512],[84.135,27.513],[84.139,27.515],[84.141,27.516],[84.144,27.517],[84.146,27.517],[84.15,27.516],[84.152,27.515],[84.153,27.513],[84.153,27.511],[84.152,27.508],[84.152,27.507],[84.151,27.505],[84.152,27.503],[84.151,27.501],[84.15,27.499],[84.149,27.498],[84.148,27.495],[84.148,27.493],[84.148,27.492],[84.149,27.49],[84.149,27.488],[84.15,27.486],[84.151,27.485],[84.153,27.485],[84.155,27.484],[84.157,27.483],[84.161,27.483],[84.164,27.483],[84.168,27.481],[84.169,27.479],[84.171,27.477],[84.173,27.475],[84.175,27.474],[84.176,27.474],[84.179,27.474],[84.181,27.474],[84.182,27.474],[84.184,27.473],[84.186,27.472],[84.188,27.471],[84.191,27.471],[84.195,27.471],[84.197,27.472],[84.199,27.472],[84.202,27.472],[84.204,27.471],[84.207,27.47],[84.208,27.468],[84.209,27.466],[84.209,27.464],[84.209,27.464],[84.207,27.462],[84.207,27.461],[84.207,27.458],[84.209,27.454],[84.209,27.452],[84.209,27.45],[84.209,27.448],[84.209,27.445],[84.214,27.441],[84.216,27.441],[84.22,27.44],[84.222,27.441],[84.223,27.442],[84.223,27.443],[84.223,27.446],[84.225,27.448],[84.227,27.45],[84.229,27.453],[84.231,27.454],[84.234,27.455],[84.235,27.453],[84.237,27.452],[84.24,27.452],[84.243,27.453],[84.247,27.453],[84.253,27.452],[84.257,27.449],[84.259,27.446],[84.261,27.442],[84.26,27.438],[84.261,27.435],[84.264,27.434],[84.267,27.433],[84.271,27.43],[84.274,27.425],[84.277,27.421],[84.278,27.416],[84.279,27.41],[84.278,27.406],[84.278,27.402],[84.277,27.399],[84.279,27.396],[84.282,27.394],[84.291,27.387],[84.292,27.386],[84.294,27.385],[84.296,27.384],[84.297,27.385],[84.298,27.388],[84.3,27.389],[84.305,27.388],[84.313,27.385],[84.318,27.384],[84.321,27.383],[84.328,27.38],[84.334,27.377],[84.337,27.376],[84.343,27.377],[84.348,27.374],[84.353,27.373],[84.358,27.373],[84.363,27.373],[84.369,27.372],[84.372,27.373],[84.373,27.374],[84.376,27.374],[84.38,27.375],[84.383,27.375],[84.386,27.373],[84.392,27.37],[84.396,27.368],[84.398,27.368],[84.4,27.369],[84.404,27.37],[84.407,27.369],[84.411,27.368],[84.415,27.369],[84.418,27.37],[84.421,27.369],[84.424,27.369],[84.426,27.371],[84.429,27.372],[84.432,27.371],[84.436,27.371],[84.44,27.37],[84.444,27.37],[84.447,27.369],[84.449,27.368],[84.451,27.366],[84.452,27.364],[84.455,27.363],[84.459,27.363],[84.462,27.362],[84.465,27.361],[84.468,27.36],[84.47,27.359],[84.471,27.356],[84.473,27.356],[84.475,27.354],[84.478,27.355],[84.481,27.357],[84.481,27.357],[84.48,27.358],[84.481,27.36],[84.484,27.362],[84.489,27.364],[84.492,27.367],[84.494,27.37],[84.495,27.371],[84.497,27.373],[84.501,27.375],[84.504,27.377],[84.507,27.379],[84.509,27.381],[84.513,27.381],[84.517,27.383],[84.525,27.384],[84.529,27.383],[84.531,27.382],[84.533,27.381],[84.534,27.381],[84.534,27.384],[84.536,27.385],[84.539,27.384],[84.542,27.385],[84.541,27.389],[84.54,27.392],[84.54,27.394],[84.54,27.397],[84.54,27.403],[84.544,27.403],[84.548,27.404],[84.551,27.407],[84.55,27.41],[84.543,27.41],[84.539,27.412],[84.537,27.415],[84.538,27.417],[84.538,27.418],[84.54,27.419],[84.545,27.422],[84.548,27.426],[84.551,27.43],[84.552,27.434],[84.553,27.438],[84.557,27.441],[84.559,27.446],[84.559,27.45],[84.559,27.454],[84.56,27.458],[84.563,27.461],[84.57,27.462],[84.572,27.46],[84.576,27.457],[84.578,27.455],[84.582,27.454],[84.588,27.454],[84.591,27.453],[84.596,27.454],[84.6,27.453],[84.604,27.452],[84.608,27.451],[84.613,27.449],[84.614,27.449],[84.619,27.448],[84.625,27.448],[84.63,27.448],[84.633,27.446],[84.637,27.444],[84.643,27.442],[84.646,27.438],[84.648,27.433],[84.65,27.429],[84.653,27.428],[84.656,27.429],[84.662,27.43],[84.668,27.429],[84.673,27.428],[84.678,27.429],[84.684,27.43],[84.689,27.431],[84.694,27.432],[84.7,27.432],[84.703,27.432],[84.707,27.432],[84.712,27.431],[84.717,27.431],[84.721,27.43],[84.724,27.435],[84.725,27.437],[84.728,27.44],[84.733,27.441],[84.738,27.444],[84.743,27.442],[84.747,27.442],[84.752,27.44],[84.758,27.438],[84.762,27.437],[84.769,27.437],[84.777,27.438],[84.781,27.438],[84.785,27.437],[84.79,27.436],[84.797,27.437],[84.799,27.436],[84.8,27.436],[84.802,27.433],[84.805,27.429],[84.809,27.428],[84.812,27.422],[84.814,27.418],[84.822,27.417],[84.829,27.418],[84.834,27.418],[84.839,27.416],[84.849,27.411],[84.853,27.407],[84.855,27.403],[84.856,27.4],[84.859,27.398],[84.866,27.398],[84.873,27.398],[84.878,27.397],[84.881,27.393],[84.89,27.388],[84.898,27.386],[84.9,27.382],[84.901,27.379],[84.904,27.375],[84.908,27.376],[84.912,27.376],[84.916,27.374],[84.921,27.37],[84.928,27.367],[84.934,27.365],[84.94,27.365],[84.944,27.364],[84.947,27.362],[84.951,27.361],[84.952,27.361],[84.953,27.363],[84.956,27.365],[84.956,27.365],[84.958,27.364],[84.971,27.36],[84.975,27.358],[84.978,27.357],[84.98,27.358],[84.981,27.36],[84.984,27.362],[84.986,27.363],[84.989,27.363],[84.993,27.363],[84.997,27.365],[85.001,27.365],[85.004,27.365],[85.005,27.363],[85.005,27.361],[85.005,27.358],[85.007,27.357],[85.01,27.357],[85.015,27.356],[85.019,27.355],[85.024,27.356],[85.027,27.358],[85.033,27.359],[85.038,27.36],[85.043,27.36],[85.048,27.361],[85.052,27.363],[85.057,27.365],[85.062,27.366],[85.064,27.364],[85.069,27.364],[85.074,27.364],[85.08,27.364],[85.085,27.363],[85.09,27.362],[85.092,27.36],[85.094,27.357],[85.095,27.353],[85.096,27.349],[85.097,27.344],[85.098,27.34],[85.099,27.336],[85.103,27.332],[85.105,27.328],[85.107,27.326],[85.11,27.323],[85.115,27.321],[85.119,27.32],[85.123,27.316],[85.123,27.313],[85.126,27.307],[85.129,27.303],[85.132,27.298],[85.137,27.296],[85.14,27.293],[85.143,27.29],[85.146,27.285],[85.147,27.28],[85.15,27.276],[85.154,27.271],[85.157,27.268],[85.162,27.265],[85.166,27.264],[85.17,27.264],[85.174,27.263],[85.178,27.261],[85.184,27.26],[85.185,27.258],[85.185,27.254],[85.185,27.252],[85.188,27.246],[85.196,27.243],[85.2,27.245],[85.204,27.248],[85.21,27.248],[85.218,27.247],[85.226,27.246],[85.233,27.246],[85.237,27.248],[85.242,27.249],[85.251,27.249],[85.257,27.245],[85.258,27.24],[85.26,27.235],[85.263,27.23],[85.266,27.226],[85.268,27.225],[85.269,27.226],[85.274,27.228],[85.282,27.23],[85.288,27.23],[85.295,27.23],[85.304,27.23],[85.312,27.23],[85.318,27.229],[85.327,27.226],[85.333,27.223],[85.339,27.222],[85.344,27.221],[85.349,27.222],[85.353,27.221],[85.355,27.218],[85.357,27.214],[85.364,27.211],[85.371,27.211],[85.378,27.211],[85.383,27.208],[85.389,27.207],[85.395,27.207],[85.398,27.206],[85.399,27.205],[85.399,27.201],[85.401,27.196],[85.407,27.194],[85.412,27.194],[85.415,27.193],[85.419,27.19],[85.426,27.19],[85.433,27.191],[85.437,27.189],[85.442,27.186],[85.448,27.186],[85.451,27.182],[85.454,27.176],[85.457,27.17],[85.462,27.166],[85.466,27.164],[85.473,27.163],[85.481,27.162],[85.486,27.163],[85.49,27.164],[85.494,27.166],[85.499,27.169],[85.5,27.171],[85.504,27.177],[85.505,27.177],[85.506,27.175],[85.506,27.174],[85.505,27.172],[85.504,27.17],[85.505,27.169],[85.505,27.167],[85.503,27.166],[85.499,27.164],[85.497,27.163],[85.495,27.162],[85.494,27.161],[85.493,27.159],[85.491,27.157],[85.491,27.155],[85.491,27.152],[85.491,27.15],[85.491,27.147],[85.491,27.145],[85.491,27.144],[85.496,27.143],[85.499,27.143],[85.501,27.143],[85.505,27.143],[85.509,27.143],[85.512,27.143],[85.516,27.142],[85.52,27.142],[85.523,27.142],[85.528,27.142],[85.53,27.142],[85.535,27.143],[85.537,27.144],[85.541,27.146],[85.544,27.146],[85.548,27.145],[85.552,27.144],[85.556,27.145],[85.562,27.145],[85.564,27.145],[85.568,27.143],[85.571,27.142],[85.574,27.14],[85.577,27.141],[85.581,27.142],[85.584,27.142],[85.587,27.142],[85.59,27.142],[85.595,27.142],[85.599,27.142],[85.602,27.142],[85.606,27.141],[85.607,27.141],[85.61,27.14],[85.611,27.14],[85.613,27.14],[85.616,27.14],[85.621,27.14],[85.625,27.139],[85.631,27.14],[85.634,27.14],[85.639,27.141],[85.642,27.142],[85.645,27.143],[85.651,27.145],[85.652,27.146],[85.654,27.147],[85.656,27.149],[85.658,27.15],[85.661,27.152],[85.663,27.154],[85.665,27.155],[85.67,27.158],[85.672,27.159],[85.676,27.161],[85.679,27.162],[85.682,27.165],[85.683,27.167],[85.685,27.169],[85.688,27.173],[85.69,27.175],[85.692,27.177],[85.694,27.179],[85.698,27.182],[85.699,27.183],[85.709,27.186],[85.713,27.187],[85.718,27.189],[85.722,27.191],[85.725,27.192],[85.73,27.193],[85.732,27.192],[85.737,27.19],[85.74,27.19],[85.743,27.19],[85.747,27.189],[85.75,27.188],[85.754,27.187],[85.758,27.186],[85.761,27.185],[85.765,27.184],[85.769,27.182],[85.774,27.18],[85.777,27.179],[85.782,27.177],[85.787,27.174],[85.79,27.173],[85.794,27.171],[85.798,27.169],[85.819,27.161],[85.82,27.162],[85.821,27.162],[85.823,27.163],[85.826,27.165],[85.828,27.167],[85.832,27.167],[85.837,27.165],[85.843,27.162],[85.845,27.16],[85.846,27.157],[85.843,27.154],[85.841,27.151],[85.84,27.149],[85.841,27.147],[85.843,27.144],[85.846,27.142],[85.85,27.141],[85.854,27.14],[85.858,27.138],[85.86,27.135],[85.862,27.132],[85.866,27.128],[85.869,27.129],[85.871,27.132],[85.873,27.135],[85.877,27.14],[85.881,27.143],[85.885,27.145],[85.889,27.145],[85.893,27.143],[85.897,27.141],[85.901,27.14],[85.905,27.137],[85.908,27.134],[85.912,27.133],[85.916,27.131],[85.92,27.129],[85.925,27.127],[85.929,27.126],[85.933,27.125],[85.937,27.123],[85.94,27.119],[85.94,27.116],[85.939,27.112],[85.947,27.093],[85.948,27.09],[85.951,27.088],[85.954,27.086],[85.959,27.084],[85.965,27.08],[85.967,27.078],[85.969,27.074],[85.97,27.07],[85.971,27.064],[85.972,27.06],[85.973,27.055],[85.974,27.052],[85.975,27.049],[85.978,27.045],[85.981,27.042],[85.985,27.037],[85.988,27.033],[85.991,27.029],[85.993,27.026],[85.998,27.024],[86.003,27.022],[86.007,27.022],[86.012,27.022],[86.017,27.021],[86.021,27.021],[86.025,27.021],[86.03,27.021],[86.035,27.021],[86.039,27.02],[86.043,27.019],[86.047,27.019],[86.051,27.019],[86.056,27.019],[86.064,27.019],[86.068,27.019],[86.071,27.02],[86.075,27.02],[86.077,27.02],[86.082,27.02],[86.085,27.02],[86.09,27.02],[86.095,27.019],[86.099,27.019],[86.102,27.018],[86.106,27.017],[86.111,27.016],[86.115,27.015],[86.118,27.014],[86.122,27.011],[86.124,27.01],[86.129,27.008],[86.133,27.005],[86.136,27.003],[86.14,27.001],[86.144,26.998],[86.148,26.996],[86.152,26.995],[86.155,26.993],[86.158,26.991],[86.162,26.99],[86.166,26.989],[86.169,26.988],[86.173,26.986],[86.175,26.985],[86.179,26.984],[86.183,26.983],[86.187,26.982],[86.189,26.98],[86.19,26.978],[86.193,26.977],[86.195,26.976],[86.195,26.974],[86.197,26.972],[86.2,26.97],[86.203,26.969],[86.206,26.967],[86.21,26.965],[86.213,26.964],[86.216,26.961],[86.219,26.959],[86.22,26.956],[86.22,26.954],[86.222,26.952],[86.225,26.951],[86.228,26.95],[86.231,26.948],[86.235,26.947],[86.237,26.946],[86.239,26.944],[86.241,26.941],[86.244,26.939],[86.247,26.938],[86.25,26.936],[86.254,26.935],[86.258,26.933],[86.261,26.931],[86.261,26.928],[86.259,26.926],[86.259,26.923],[86.26,26.92],[86.263,26.917],[86.264,26.917],[86.265,26.92],[86.267,26.925],[86.27,26.929],[86.274,26.931],[86.278,26.933],[86.281,26.937],[86.282,26.94],[86.283,26.946],[86.286,26.95],[86.29,26.953],[86.294,26.954],[86.299,26.956],[86.304,26.958],[86.308,26.96],[86.312,26.962],[86.316,26.962],[86.321,26.962],[86.327,26.961],[86.332,26.962],[86.336,26.962],[86.34,26.963],[86.345,26.964],[86.349,26.963],[86.353,26.963],[86.356,26.963],[86.358,26.964],[86.36,26.966],[86.361,26.968],[86.366,26.973],[86.369,26.98],[86.369,26.987],[86.369,26.994],[86.371,27.0],[86.373,27.007],[86.374,27.012],[86.375,27.017],[86.376,27.021],[86.378,27.026],[86.381,27.029],[86.383,27.033],[86.385,27.034],[86.382,27.037],[86.379,27.039],[86.376,27.04],[86.374,27.042],[86.371,27.043],[86.37,27.045],[86.368,27.048],[86.367,27.052],[86.366,27.055],[86.364,27.059],[86.361,27.062],[86.358,27.064],[86.356,27.066],[86.355,27.068],[86.354,27.07],[86.354,27.072],[86.354,27.074],[86.355,27.077],[86.357,27.082],[86.358,27.087],[86.36,27.091],[86.361,27.095],[86.361,27.098],[86.359,27.099],[86.357,27.101],[86.354,27.103],[86.351,27.104],[86.346,27.104],[86.342,27.103],[86.336,27.103],[86.33,27.103],[86.324,27.104],[86.319,27.106],[86.314,27.106],[86.309,27.109],[86.31,27.111],[86.312,27.111],[86.315,27.112],[86.319,27.112],[86.323,27.112],[86.325,27.113],[86.327,27.114],[86.329,27.115],[86.331,27.117],[86.332,27.12],[86.333,27.122],[86.334,27.124],[86.335,27.126],[86.337,27.13],[86.339,27.134],[86.342,27.137],[86.342,27.139],[86.345,27.142],[86.346,27.144],[86.348,27.145],[86.349,27.146],[86.351,27.145],[86.355,27.143],[86.356,27.142],[86.359,27.141],[86.363,27.141],[86.37,27.144],[86.372,27.146],[86.374,27.148],[86.375,27.151],[86.376,27.154],[86.375,27.157],[86.375,27.161],[86.377,27.163],[86.38,27.166],[86.382,27.169],[86.383,27.171],[86.385,27.174],[86.387,27.179],[86.388,27.182],[86.39,27.181],[86.387,27.185],[86.384,27.186],[86.383,27.189],[86.38,27.191],[86.377,27.193],[86.373,27.194],[86.369,27.196],[86.366,27.198],[86.363,27.2],[86.358,27.201],[86.352,27.202],[86.348,27.204],[86.345,27.206],[86.345,27.21],[86.345,27.213],[86.345,27.217],[86.346,27.222],[86.345,27.227],[86.344,27.229],[86.341,27.231],[86.337,27.232],[86.332,27.232],[86.328,27.232],[86.323,27.232],[86.318,27.233],[86.312,27.235],[86.308,27.238],[86.304,27.239],[86.3,27.24],[86.297,27.241],[86.295,27.242],[86.293,27.244],[86.29,27.246],[86.286,27.248],[86.283,27.249],[86.278,27.251],[86.276,27.251],[86.272,27.253],[86.271,27.255],[86.27,27.258],[86.269,27.26],[86.267,27.261],[86.264,27.26],[86.262,27.258],[86.261,27.257],[86.258,27.254],[86.256,27.252],[86.255,27.251],[86.252,27.249],[86.25,27.248],[86.247,27.247],[86.245,27.246],[86.242,27.243],[86.239,27.241],[86.237,27.24],[86.232,27.239],[86.227,27.238],[86.224,27.24],[86.221,27.242],[86.219,27.244],[86.218,27.245],[86.216,27.246],[86.214,27.247],[86.212,27.249],[86.21,27.25],[86.208,27.251],[86.205,27.252],[86.206,27.253],[86.207,27.256],[86.208,27.258],[86.208,27.259],[86.209,27.26],[86.21,27.261],[86.211,27.262],[86.212,27.262],[86.213,27.263],[86.214,27.265],[86.214,27.267],[86.214,27.268],[86.215,27.269],[86.216,27.27],[86.217,27.271],[86.218,27.271],[86.219,27.271],[86.22,27.273],[86.221,27.273],[86.223,27.275],[86.225,27.275],[86.226,27.276],[86.227,27.277],[86.227,27.278],[86.228,27.279],[86.229,27.28],[86.23,27.28],[86.231,27.281],[86.232,27.282],[86.233,27.283],[86.234,27.284],[86.235,27.285],[86.236,27.286],[86.238,27.288],[86.24,27.289],[86.241,27.29],[86.242,27.291],[86.243,27.291],[86.243,27.293],[86.242,27.294],[86.241,27.294],[86.239,27.296],[86.238,27.296],[86.239,27.298],[86.239,27.3],[86.239,27.302],[86.24,27.303],[86.241,27.305],[86.241,27.306],[86.24,27.307],[86.239,27.308],[86.238,27.309],[86.237,27.311],[86.237,27.312],[86.235,27.314],[86.235,27.315],[86.234,27.316],[86.233,27.318],[86.233,27.319],[86.232,27.321],[86.23,27.322],[86.228,27.322],[86.227,27.323],[86.225,27.323],[86.223,27.323],[86.223,27.325],[86.223,27.326],[86.224,27.327],[86.225,27.328],[86.224,27.329],[86.222,27.329],[86.221,27.331],[86.22,27.332],[86.22,27.334],[86.219,27.336],[86.219,27.336],[86.22,27.34],[86.22,27.344],[86.22,27.347],[86.22,27.35],[86.221,27.353],[86.221,27.354],[86.222,27.356],[86.224,27.359],[86.223,27.361],[86.222,27.364],[86.223,27.366],[86.225,27.367],[86.228,27.368],[86.228,27.371],[86.227,27.375],[86.225,27.378],[86.224,27.381],[86.224,27.384],[86.226,27.388],[86.227,27.392],[86.229,27.395],[86.231,27.398],[86.233,27.4],[86.233,27.4],[86.235,27.403],[86.238,27.406],[86.239,27.408],[86.239,27.41],[86.239,27.414],[86.24,27.416],[86.242,27.418],[86.245,27.42],[86.246,27.421],[86.248,27.422],[86.25,27.423],[86.252,27.425],[86.253,27.428],[86.254,27.429],[86.255,27.431],[86.256,27.434],[86.258,27.439],[86.259,27.443],[86.261,27.448],[86.265,27.453],[86.268,27.457],[86.271,27.459],[86.275,27.461],[86.279,27.463],[86.283,27.465],[86.286,27.468],[86.29,27.471],[86.294,27.474],[86.296,27.476],[86.298,27.478],[86.303,27.482],[86.309,27.485],[86.313,27.489],[86.318,27.494],[86.323,27.5],[86.326,27.503],[86.33,27.506],[86.331,27.508],[86.333,27.51],[86.336,27.514],[86.339,27.518],[86.341,27.521],[86.346,27.524],[86.351,27.526],[86.355,27.527],[86.359,27.527],[86.359,27.528],[86.36,27.531],[86.361,27.536],[86.363,27.54],[86.364,27.543],[86.367,27.547],[86.371,27.552],[86.372,27.556],[86.374,27.561],[86.375,27.563],[86.377,27.565],[86.377,27.566],[86.377,27.566],[86.378,27.567],[86.378,27.568],[86.379,27.568],[86.38,27.569],[86.381,27.57],[86.382,27.571],[86.383,27.572],[86.385,27.574],[86.387,27.576],[86.391,27.578],[86.393,27.579],[86.395,27.581],[86.398,27.582],[86.399,27.583],[86.402,27.584],[86.404,27.585],[86.406,27.586],[86.408,27.587],[86.41,27.588],[86.412,27.588],[86.413,27.589],[86.415,27.589],[86.416,27.59],[86.418,27.591],[86.42,27.592],[86.424,27.597],[86.425,27.599],[86.428,27.602],[86.431,27.604],[86.435,27.607],[86.438,27.608],[86.438,27.609],[86.438,27.609],[86.438,27.613],[86.439,27.616],[86.441,27.625],[86.445,27.631],[86.447,27.637],[86.45,27.642],[86.455,27.645],[86.458,27.649],[86.459,27.651],[86.458,27.659],[86.459,27.664],[86.46,27.671],[86.461,27.672],[86.461,27.672],[86.464,27.674],[86.468,27.676],[86.469,27.678],[86.471,27.679],[86.473,27.682],[86.475,27.683],[86.477,27.685],[86.48,27.687],[86.482,27.688],[86.485,27.689],[86.488,27.691],[86.49,27.692],[86.493,27.693],[86.495,27.694],[86.498,27.694],[86.503,27.695],[86.506,27.696],[86.509,27.696],[86.512,27.696],[86.514,27.696],[86.517,27.696],[86.519,27.694],[86.522,27.692],[86.524,27.692],[86.526,27.692],[86.531,27.692],[86.533,27.692],[86.536,27.693],[86.539,27.694],[86.541,27.697],[86.542,27.7],[86.544,27.703],[86.547,27.705],[86.549,27.707],[86.552,27.71],[86.553,27.712],[86.555,27.716],[86.556,27.718],[86.557,27.722],[86.558,27.725],[86.559,27.728],[86.56,27.731],[86.56,27.734],[86.56,27.737],[86.561,27.739],[86.562,27.741],[86.564,27.743],[86.567,27.745],[86.568,27.746],[86.568,27.747],[86.568,27.75],[86.569,27.751],[86.57,27.753],[86.572,27.754],[86.574,27.756],[86.575,27.758],[86.574,27.759],[86.572,27.761],[86.571,27.762],[86.569,27.765],[86.568,27.767],[86.567,27.769],[86.567,27.771],[86.567,27.774],[86.568,27.776],[86.57,27.78],[86.569,27.782],[86.569,27.785],[86.57,27.788],[86.57,27.79],[86.571,27.793],[86.572,27.795],[86.572,27.798],[86.571,27.799],[86.57,27.801],[86.57,27.803],[86.57,27.805],[86.568,27.806],[86.565,27.808],[86.56,27.809],[86.558,27.81],[86.555,27.81],[86.553,27.811],[86.551,27.812],[86.549,27.812],[86.545,27.813],[86.544,27.814],[86.544,27.817],[86.544,27.819],[86.545,27.821],[86.545,27.824],[86.546,27.825],[86.548,27.827],[86.549,27.83],[86.549,27.831],[86.55,27.833],[86.551,27.84],[86.551,27.842],[86.552,27.846],[86.553,27.849],[86.554,27.852],[86.555,27.856],[86.556,27.859],[86.556,27.862],[86.556,27.865],[86.555,27.869],[86.556,27.873],[86.557,27.877],[86.557,27.882],[86.557,27.886],[86.556,27.89],[86.555,27.893],[86.554,27.895],[86.555,27.898],[86.555,27.9],[86.556,27.904],[86.558,27.908],[86.56,27.911],[86.561,27.914],[86.562,27.916],[86.561,27.918],[86.561,27.919],[86.559,27.92],[86.557,27.919],[86.555,27.92],[86.553,27.922],[86.553,27.925],[86.553,27.928],[86.55,27.931],[86.547,27.933],[86.544,27.934],[86.542,27.935],[86.54,27.937],[86.538,27.939],[86.537,27.94],[86.535,27.942],[86.533,27.941],[86.53,27.941],[86.529,27.941],[86.526,27.941],[86.523,27.942],[86.521,27.944],[86.52,27.946],[86.52,27.949],[86.52,27.949],[86.519,27.952],[86.519,27.955],[86.518,27.957],[86.514,27.956],[86.511,27.956],[86.509,27.956],[86.507,27.956],[86.504,27.956],[86.501,27.956],[86.498,27.955],[86.495,27.953],[86.493,27.952],[86.491,27.951],[86.488,27.95],[86.485,27.95],[86.483,27.949],[86.48,27.948],[86.477,27.948],[86.475,27.948],[86.47,27.946],[86.468,27.944],[86.467,27.941],[86.468,27.939],[86.469,27.937],[86.469,27.934],[86.469,27.932],[86.469,27.93],[86.468,27.928],[86.466,27.927],[86.464,27.925],[86.463,27.923],[86.462,27.923],[86.457,27.919],[86.456,27.917],[86.454,27.916],[86.453,27.915],[86.451,27.914],[86.449,27.914],[86.448,27.913],[86.446,27.912],[86.445,27.911],[86.444,27.91],[86.443,27.909],[86.441,27.907],[86.439,27.907],[86.437,27.908],[86.435,27.908],[86.433,27.908],[86.431,27.908],[86.428,27.908],[86.423,27.908],[86.421,27.907],[86.418,27.907],[86.416,27.907],[86.412,27.907],[86.41,27.907],[86.408,27.91],[86.406,27.912],[86.404,27.914],[86.403,27.916],[86.401,27.918],[86.399,27.919],[86.397,27.921],[86.396,27.923],[86.393,27.925],[86.391,27.926],[86.39,27.927],[86.389,27.928],[86.388,27.93],[86.386,27.932],[86.384,27.933],[86.382,27.935],[86.379,27.937],[86.376,27.939],[86.373,27.94],[86.37,27.941],[86.368,27.941],[86.366,27.941],[86.362,27.94],[86.36,27.94],[86.356,27.939],[86.353,27.939],[86.351,27.938],[86.348,27.938],[86.347,27.938],[86.345,27.941],[86.343,27.944],[86.342,27.945],[86.34,27.947],[86.338,27.947],[86.336,27.948],[86.335,27.949],[86.336,27.95],[86.338,27.95],[86.339,27.951],[86.339,27.953],[86.337,27.956],[86.336,27.958],[86.335,27.96],[86.335,27.962],[86.335,27.963],[86.331,27.962],[86.33,27.961],[86.329,27.96],[86.328,27.958],[86.326,27.955],[86.324,27.953],[86.322,27.951],[86.321,27.949],[86.318,27.948],[86.316,27.947],[86.314,27.948],[86.311,27.951],[86.31,27.953],[86.307,27.955],[86.305,27.957],[86.303,27.959],[86.302,27.961],[86.301,27.963],[86.3,27.966],[86.299,27.969],[86.297,27.971],[86.296,27.973],[86.294,27.975],[86.291,27.976],[86.288,27.976],[86.284,27.976],[86.281,27.975],[86.279,27.975],[86.277,27.976],[86.275,27.977],[86.271,27.978],[86.268,27.978],[86.265,27.978],[86.258,27.978],[86.254,27.976],[86.251,27.976],[86.248,27.975],[86.245,27.974],[86.243,27.973],[86.239,27.972],[86.235,27.972],[86.232,27.974],[86.229,27.977],[86.226,27.982],[86.224,27.984],[86.223,27.989],[86.223,27.992],[86.223,27.997],[86.223,28.001],[86.222,28.005],[86.222,28.009],[86.221,28.014],[86.222,28.016],[86.222,28.02],[86.222,28.023],[86.223,28.025],[86.227,28.028],[86.226,28.031],[86.224,28.034],[86.221,28.037],[86.219,28.041],[86.218,28.044],[86.218,28.049],[86.216,28.052],[86.214,28.056],[86.213,28.059],[86.212,28.062],[86.211,28.064],[86.21,28.069],[86.208,28.073],[86.206,28.076],[86.205,28.079],[86.205,28.083],[86.205,28.088],[86.207,28.091],[86.209,28.093],[86.212,28.094],[86.216,28.094],[86.219,28.094],[86.221,28.095],[86.221,28.096],[86.222,28.101],[86.22,28.104],[86.219,28.107],[86.219,28.11],[86.217,28.113],[86.214,28.116],[86.213,28.119],[86.211,28.122],[86.209,28.125],[86.207,28.128],[86.204,28.131],[86.202,28.133],[86.2,28.135],[86.198,28.137],[86.197,28.139],[86.196,28.144],[86.195,28.147],[86.196,28.151],[86.197,28.154],[86.195,28.158],[86.193,28.161],[86.192,28.165],[86.19,28.168],[86.188,28.17],[86.186,28.172],[86.184,28.172],[86.181,28.172],[86.178,28.171],[86.175,28.169],[86.174,28.168],[86.173,28.165],[86.174,28.163],[86.175,28.159],[86.175,28.158],[86.174,28.154],[86.176,28.152],[86.178,28.149],[86.179,28.147],[86.179,28.144],[86.176,28.142],[86.173,28.141],[86.169,28.14],[86.165,28.139],[86.162,28.138],[86.159,28.137],[86.156,28.134],[86.154,28.132],[86.151,28.129],[86.147,28.127],[86.144,28.126],[86.142,28.125],[86.141,28.121],[86.14,28.119],[86.138,28.117],[86.135,28.117],[86.133,28.115],[86.132,28.113],[86.131,28.11],[86.131,28.108],[86.131,28.106],[86.13,28.104],[86.129,28.103],[86.127,28.097],[86.123,28.095],[86.12,28.093],[86.117,28.092],[86.113,28.091],[86.109,28.091],[86.106,28.092],[86.102,28.094],[86.099,28.096],[86.096,28.097],[86.092,28.097],[86.087,28.094],[86.083,28.092],[86.081,28.09],[86.082,28.087],[86.084,28.083],[86.086,28.079],[86.088,28.075],[86.09,28.072],[86.092,28.069],[86.093,28.068],[86.095,28.065],[86.095,28.063],[86.095,28.061],[86.093,28.06],[86.091,28.058],[86.089,28.056],[86.089,28.054],[86.088,28.051],[86.088,28.048],[86.088,28.046],[86.088,28.044],[86.088,28.041],[86.089,28.039],[86.089,28.036],[86.09,28.034],[86.09,28.032],[86.086,28.027],[86.083,28.025],[86.081,28.023],[86.079,28.022],[86.078,28.022],[86.079,28.018],[86.08,28.016],[86.082,28.013],[86.085,28.01],[86.087,28.007],[86.089,28.005],[86.092,28.002],[86.094,28.0],[86.095,27.997],[86.097,27.994],[86.099,27.99],[86.101,27.987],[86.103,27.983],[86.105,27.979],[86.106,27.976],[86.108,27.967],[86.108,27.965],[86.107,27.961],[86.108,27.958],[86.108,27.956],[86.109,27.953],[86.111,27.95],[86.113,27.948],[86.116,27.945],[86.118,27.943],[86.121,27.941],[86.124,27.938],[86.126,27.934],[86.126,27.931],[86.123,27.928],[86.119,27.926],[86.115,27.925],[86.113,27.924],[86.108,27.923],[86.104,27.922],[86.101,27.922],[86.097,27.92],[86.094,27.919],[86.089,27.918],[86.088,27.917],[86.087,27.916],[86.086,27.916],[86.085,27.915],[86.084,27.914],[86.082,27.913],[86.081,27.912],[86.079,27.911],[86.077,27.91],[86.074,27.911],[86.072,27.912],[86.069,27.911],[86.068,27.909],[86.069,27.907],[86.07,27.907],[86.07,27.905],[86.069,27.903],[86.068,27.902],[86.067,27.901],[86.067,27.899],[86.063,27.897],[86.061,27.898],[86.06,27.899],[86.059,27.9],[86.057,27.901],[86.056,27.903],[86.054,27.905],[86.051,27.906],[86.048,27.907],[86.045,27.907],[86.043,27.906],[86.04,27.906],[86.036,27.906],[86.035,27.906],[86.032,27.906],[86.03,27.907],[86.028,27.907],[86.025,27.909],[86.022,27.911],[86.02,27.912],[86.017,27.913],[86.013,27.914],[86.009,27.913],[86.007,27.912],[86.004,27.911],[85.998,27.911],[85.996,27.911],[85.994,27.912],[85.991,27.914],[85.987,27.916],[85.983,27.919],[85.98,27.92],[85.977,27.923],[85.975,27.925],[85.971,27.928],[85.967,27.931],[85.964,27.933],[85.962,27.934],[85.957,27.936],[85.956,27.937],[85.952,27.938],[85.948,27.94],[85.945,27.942],[85.947,27.945],[85.949,27.946],[85.95,27.947],[85.953,27.951],[85.957,27.957],[85.957,27.959],[85.957,27.962],[85.957,27.964],[85.96,27.97],[85.963,27.973],[85.964,27.974],[85.966,27.976],[85.967,27.977],[85.97,27.978],[85.972,27.98],[85.974,27.982],[85.976,27.986],[85.976,27.988],[85.977,27.991],[85.977,27.993],[85.976,27.995],[85.974,27.997],[85.971,27.998],[85.967,27.999],[85.965,28.001],[85.963,28.003],[85.96,28.005],[85.959,28.006],[85.956,28.008],[85.955,28.01],[85.952,28.011],[85.95,28.014],[85.948,28.016],[85.946,28.017],[85.94,28.021],[85.927,28.031],[85.923,28.037],[85.921,28.039],[85.919,28.041],[85.916,28.043],[85.913,28.045],[85.91,28.047],[85.907,28.05],[85.904,28.052],[85.901,28.054],[85.899,28.059],[85.898,28.062],[85.897,28.065],[85.896,28.069],[85.897,28.072],[85.898,28.075],[85.899,28.079],[85.9,28.082],[85.9,28.086],[85.9,28.09],[85.9,28.097],[85.9,28.1],[85.899,28.103],[85.897,28.107],[85.896,28.11],[85.893,28.112],[85.889,28.113],[85.886,28.115],[85.884,28.116],[85.878,28.117],[85.875,28.118],[85.873,28.12],[85.871,28.122],[85.869,28.126],[85.869,28.13],[85.87,28.135],[85.87,28.139],[85.869,28.143],[85.867,28.148],[85.865,28.15],[85.863,28.152],[85.862,28.154],[85.86,28.156],[85.858,28.159],[85.856,28.16],[85.853,28.164],[85.851,28.167],[85.85,28.169],[85.849,28.172],[85.848,28.175],[85.847,28.18],[85.845,28.183],[85.841,28.183],[85.838,28.183],[85.834,28.184],[85.83,28.184],[85.826,28.184],[85.824,28.185],[85.82,28.188],[85.818,28.19],[85.817,28.192],[85.816,28.195],[85.815,28.198],[85.814,28.2],[85.811,28.2],[85.808,28.199],[85.806,28.198],[85.805,28.197],[85.803,28.196],[85.801,28.196],[85.798,28.197],[85.796,28.198],[85.793,28.2],[85.785,28.203],[85.783,28.204],[85.781,28.205],[85.778,28.206],[85.776,28.208],[85.775,28.21],[85.774,28.214],[85.774,28.216],[85.772,28.218],[85.77,28.22],[85.769,28.22],[85.765,28.223],[85.763,28.225],[85.759,28.228],[85.754,28.232],[85.753,28.234],[85.751,28.237],[85.749,28.239],[85.747,28.243],[85.746,28.245],[85.745,28.249],[85.744,28.254],[85.743,28.257],[85.743,28.261],[85.742,28.266],[85.742,28.273],[85.741,28.275],[85.74,28.279],[85.739,28.282],[85.738,28.285],[85.737,28.289],[85.737,28.292],[85.737,28.297],[85.738,28.301],[85.738,28.305],[85.739,28.308],[85.739,28.313],[85.737,28.319],[85.735,28.321],[85.733,28.324],[85.731,28.328],[85.732,28.332],[85.732,28.335],[85.732,28.339],[85.732,28.342],[85.73,28.345],[85.728,28.348],[85.725,28.353],[85.723,28.357],[85.721,28.36],[85.721,28.363],[85.721,28.366],[85.721,28.369],[85.721,28.371],[85.721,28.373],[85.72,28.375],[85.717,28.378],[85.715,28.38],[85.714,28.382],[85.712,28.384],[85.711,28.385],[85.709,28.385],[85.706,28.385],[85.703,28.384],[85.699,28.384],[85.697,28.384],[85.694,28.384],[85.692,28.384],[85.69,28.383],[85.688,28.382],[85.687,28.38],[85.686,28.377],[85.686,28.374],[85.686,28.371],[85.686,28.367],[85.686,28.362],[85.687,28.359],[85.687,28.355],[85.688,28.353],[85.687,28.349],[85.685,28.346],[85.682,28.346],[85.679,28.347],[85.675,28.348],[85.673,28.347],[85.67,28.345],[85.668,28.343],[85.667,28.34],[85.666,28.337],[85.665,28.333],[85.665,28.331],[85.664,28.328],[85.664,28.327],[85.662,28.324],[85.66,28.322],[85.658,28.32],[85.656,28.317],[85.656,28.314],[85.657,28.311],[85.659,28.308],[85.66,28.307],[85.662,28.304],[85.663,28.303],[85.663,28.301],[85.662,28.3],[85.66,28.298],[85.657,28.296],[85.655,28.294],[85.652,28.291],[85.649,28.288],[85.645,28.285],[85.643,28.282],[85.641,28.28],[85.639,28.277],[85.637,28.275],[85.635,28.271],[85.633,28.268],[85.63,28.266],[85.627,28.263],[85.625,28.262],[85.622,28.26],[85.618,28.258],[85.615,28.257],[85.612,28.255],[85.608,28.255],[85.608,28.256],[85.606,28.259],[85.604,28.262],[85.603,28.266],[85.602,28.27],[85.601,28.273],[85.601,28.277],[85.6,28.281],[85.599,28.285],[85.598,28.289],[85.598,28.294],[85.598,28.296],[85.598,28.303],[85.596,28.306],[85.593,28.306],[85.589,28.306],[85.585,28.306],[85.58,28.307],[85.576,28.307],[85.572,28.308],[85.567,28.308],[85.563,28.309],[85.558,28.311],[85.554,28.313],[85.55,28.315],[85.542,28.319],[85.54,28.32],[85.536,28.322],[85.533,28.324],[85.528,28.326],[85.524,28.328],[85.52,28.33],[85.516,28.331],[85.512,28.332],[85.509,28.333],[85.498,28.332],[85.496,28.331],[85.495,28.331],[85.493,28.331],[85.49,28.331],[85.488,28.331],[85.485,28.331],[85.482,28.331],[85.48,28.332],[85.478,28.332],[85.472,28.334],[85.471,28.334],[85.467,28.335],[85.465,28.335],[85.461,28.336],[85.459,28.335],[85.456,28.335],[85.453,28.335],[85.45,28.335],[85.447,28.335],[85.441,28.334],[85.439,28.333],[85.437,28.332],[85.435,28.331],[85.431,28.329],[85.43,28.329],[85.429,28.329],[85.427,28.329],[85.425,28.328],[85.424,28.328],[85.423,28.328],[85.421,28.327],[85.419,28.327],[85.419,28.327],[85.417,28.326],[85.417,28.325],[85.416,28.323],[85.415,28.32],[85.415,28.319],[85.415,28.316],[85.414,28.313],[85.414,28.312],[85.413,28.31],[85.412,28.308],[85.411,28.306],[85.409,28.304],[85.407,28.302],[85.405,28.301],[85.403,28.299],[85.402,28.298],[85.4,28.296],[85.398,28.294],[85.397,28.293],[85.395,28.291],[85.391,28.287],[85.389,28.285],[85.388,28.284],[85.387,28.284],[85.386,28.283],[85.385,28.282],[85.383,28.282],[85.382,28.281],[85.381,28.28],[85.379,28.279],[85.377,28.277],[85.375,28.279],[85.374,28.28],[85.374,28.281],[85.373,28.282],[85.372,28.283],[85.371,28.284],[85.37,28.285],[85.369,28.286],[85.367,28.286],[85.365,28.286],[85.363,28.285],[85.361,28.285],[85.359,28.285],[85.357,28.285],[85.356,28.285],[85.353,28.286],[85.351,28.287],[85.35,28.288],[85.349,28.288],[85.348,28.29],[85.348,28.292],[85.348,28.293],[85.348,28.296],[85.348,28.298],[85.347,28.3],[85.346,28.301],[85.344,28.302],[85.343,28.302],[85.341,28.302],[85.339,28.302],[85.337,28.301],[85.334,28.3],[85.332,28.299],[85.329,28.298],[85.327,28.297],[85.325,28.296],[85.322,28.295],[85.32,28.294],[85.317,28.293],[85.312,28.291],[85.309,28.291],[85.307,28.29],[85.304,28.29],[85.301,28.29],[85.3,28.289],[85.298,28.289],[85.295,28.289],[85.293,28.288],[85.291,28.287],[85.29,28.287],[85.286,28.286],[85.285,28.286],[85.283,28.286],[85.281,28.286],[85.279,28.287],[85.278,28.288],[85.277,28.289],[85.276,28.29],[85.275,28.29],[85.273,28.292],[85.271,28.294],[85.27,28.295],[85.267,28.295],[85.264,28.294],[85.26,28.293],[85.258,28.293],[85.254,28.294],[85.252,28.295],[85.25,28.298],[85.249,28.301],[85.247,28.304],[85.246,28.307],[85.245,28.31],[85.241,28.315],[85.239,28.317],[85.236,28.319],[85.233,28.321],[85.23,28.323],[85.226,28.324],[85.223,28.326],[85.221,28.328],[85.218,28.33],[85.215,28.332],[85.211,28.335],[85.208,28.337],[85.202,28.339],[85.198,28.339],[85.194,28.337],[85.192,28.335],[85.191,28.333],[85.189,28.33],[85.186,28.327],[85.183,28.326],[85.181,28.325],[85.178,28.326],[85.176,28.327],[85.172,28.328],[85.17,28.329],[85.167,28.329],[85.164,28.33],[85.16,28.33],[85.158,28.329],[85.153,28.329],[85.148,28.329],[85.147,28.33],[85.144,28.33],[85.143,28.33],[85.14,28.331],[85.137,28.333],[85.135,28.334],[85.133,28.336],[85.132,28.337],[85.126,28.337],[85.125,28.336],[85.123,28.335],[85.121,28.336],[85.12,28.336],[85.119,28.336],[85.117,28.337],[85.115,28.338],[85.113,28.34],[85.112,28.341],[85.111,28.342],[85.109,28.344],[85.104,28.344],[85.1,28.344],[85.096,28.344],[85.091,28.344],[85.087,28.344],[85.083,28.343],[85.077,28.342],[85.073,28.339],[85.07,28.338],[85.066,28.335],[85.062,28.334],[85.058,28.33],[85.053,28.327],[85.049,28.324],[85.046,28.322],[85.043,28.319],[85.041,28.315],[85.039,28.312],[85.037,28.308],[85.037,28.305],[85.036,28.304],[85.036,28.301],[85.037,28.294],[85.037,28.292],[85.038,28.29],[85.038,28.283],[85.037,28.282],[85.036,28.28],[85.034,28.277],[85.031,28.274],[85.027,28.27],[85.024,28.267],[85.019,28.264],[85.012,28.257],[85.009,28.255],[85.006,28.252],[85.002,28.248],[84.997,28.245],[84.993,28.241],[84.989,28.238],[84.986,28.235],[84.982,28.232],[84.981,28.23],[84.977,28.226],[84.97,28.219],[84.968,28.217],[84.964,28.214],[84.964,28.21],[84.965,28.207],[84.967,28.204],[84.97,28.202],[84.972,28.197],[84.973,28.193],[84.973,28.189],[84.972,28.185],[84.97,28.182],[84.969,28.179],[84.968,28.177],[84.967,28.174],[84.966,28.172],[84.964,28.167],[84.963,28.162],[84.962,28.16],[84.961,28.158],[84.96,28.155],[84.959,28.153],[84.958,28.151],[84.957,28.149],[84.956,28.146],[84.955,28.144],[84.956,28.135],[84.956,28.132],[84.956,28.128],[84.953,28.126],[84.95,28.124],[84.947,28.124],[84.943,28.124],[84.936,28.124],[84.933,28.123],[84.93,28.12],[84.928,28.117],[84.926,28.114],[84.926,28.111],[84.924,28.108],[84.923,28.106],[84.92,28.105],[84.917,28.104],[84.913,28.103],[84.91,28.103],[84.907,28.104],[84.901,28.104],[84.898,28.105],[84.895,28.106],[84.892,28.106],[84.888,28.108],[84.884,28.11],[84.881,28.11],[84.876,28.11],[84.872,28.109],[84.868,28.11],[84.865,28.111],[84.862,28.111],[84.859,28.111],[84.857,28.113],[84.855,28.114],[84.846,28.116],[84.844,28.114],[84.843,28.112],[84.843,28.11],[84.842,28.108],[84.842,28.106],[84.84,28.105],[84.839,28.104],[84.839,28.102],[84.839,28.1],[84.837,28.098],[84.836,28.095],[84.836,28.093],[84.835,28.091],[84.834,28.089],[84.833,28.086],[84.832,28.083],[84.831,28.08],[84.83,28.077],[84.828,28.074],[84.827,28.071],[84.827,28.068],[84.825,28.065],[84.824,28.064],[84.823,28.063],[84.823,28.062],[84.822,28.06],[84.821,28.057],[84.821,28.053],[84.821,28.051],[84.821,28.049],[84.819,28.047],[84.817,28.045],[84.815,28.043],[84.813,28.041],[84.813,28.038],[84.813,28.035],[84.813,28.033],[84.815,28.029],[84.816,28.028],[84.817,28.025],[84.816,28.022],[84.815,28.019],[84.814,28.017],[84.814,28.014],[84.814,28.012],[84.815,28.01],[84.816,28.007],[84.816,28.006],[84.814,28.004],[84.812,28.002],[84.81,28.002],[84.808,28.001],[84.806,28.0],[84.803,28.0],[84.801,27.999],[84.799,27.999],[84.795,27.996],[84.792,27.994],[84.791,27.992],[84.79,27.989],[84.789,27.986],[84.788,27.984],[84.787,27.982],[84.785,27.98],[84.781,27.978],[84.78,27.977],[84.779,27.976],[84.778,27.974],[84.773,27.969],[84.77,27.967],[84.769,27.967],[84.767,27.966],[84.765,27.965],[84.76,27.963],[84.758,27.962],[84.756,27.961],[84.753,27.96],[84.75,27.958],[84.749,27.957],[84.747,27.955],[84.746,27.953],[84.745,27.951],[84.744,27.948],[84.743,27.947],[84.742,27.945],[84.741,27.943],[84.74,27.941],[84.739,27.936],[84.737,27.934],[84.736,27.931],[84.736,27.929],[84.735,27.925],[84.734,27.922],[84.734,27.92],[84.735,27.914],[84.735,27.912],[84.735,27.91],[84.736,27.903],[84.736,27.901],[84.737,27.899],[84.737,27.897],[84.738,27.894],[84.739,27.891],[84.74,27.89],[84.742,27.889],[84.744,27.887],[84.746,27.886],[84.747,27.885],[84.749,27.883],[84.749,27.88],[84.75,27.877],[84.751,27.875],[84.753,27.874],[84.754,27.872],[84.756,27.871],[84.757,27.869],[84.758,27.867],[84.758,27.866],[84.76,27.864],[84.761,27.862],[84.763,27.861],[84.766,27.858],[84.774,27.841],[84.775,27.839],[84.776,27.838],[84.777,27.836],[84.777,27.833],[84.777,27.831],[84.777,27.829],[84.778,27.826],[84.778,27.824],[84.779,27.823],[84.78,27.821],[84.78,27.819],[84.781,27.818],[84.781,27.816],[84.781,27.814],[84.779,27.812],[84.777,27.811],[84.776,27.812],[84.775,27.813],[84.774,27.814],[84.773,27.815],[84.767,27.818],[84.765,27.817],[84.763,27.816],[84.762,27.813],[84.76,27.81],[84.758,27.809],[84.756,27.808],[84.755,27.807],[84.752,27.806],[84.75,27.805],[84.748,27.805],[84.746,27.805],[84.742,27.805],[84.74,27.804],[84.738,27.802],[84.738,27.801],[84.736,27.799],[84.735,27.798],[84.733,27.796],[84.729,27.796],[84.727,27.797],[84.725,27.798],[84.723,27.799],[84.72,27.8],[84.717,27.801],[84.714,27.801],[84.712,27.801],[84.71,27.802],[84.708,27.804],[84.707,27.805],[84.706,27.806],[84.705,27.807],[84.703,27.808],[84.699,27.811],[84.697,27.811],[84.696,27.812],[84.693,27.813],[84.69,27.813],[84.686,27.812],[84.683,27.813],[84.68,27.814],[84.674,27.816],[84.673,27.818],[84.67,27.821],[84.669,27.824],[84.666,27.827],[84.664,27.83],[84.663,27.835],[84.663,27.839],[84.662,27.843],[84.661,27.847],[84.658,27.85],[84.653,27.853],[84.65,27.855],[84.649,27.86],[84.645,27.862],[84.641,27.862],[84.638,27.863],[84.637,27.866],[84.632,27.87],[84.628,27.873],[84.625,27.876],[84.623,27.877],[84.621,27.877],[84.619,27.876],[84.617,27.875],[84.616,27.873],[84.615,27.873],[84.612,27.872],[84.609,27.872],[84.603,27.874],[84.598,27.877],[84.595,27.878],[84.59,27.878],[84.587,27.876],[84.584,27.873],[84.581,27.87],[84.579,27.866],[84.577,27.863],[84.574,27.861],[84.567,27.859],[84.564,27.857],[84.562,27.856],[84.561,27.854],[84.561,27.851],[84.558,27.842],[84.558,27.84],[84.557,27.84],[84.555,27.837],[84.552,27.835],[84.547,27.835],[84.544,27.836],[84.54,27.836],[84.535,27.837],[84.531,27.836],[84.528,27.835],[84.526,27.833],[84.525,27.83],[84.524,27.827],[84.521,27.819],[84.52,27.818],[84.518,27.816],[84.516,27.815],[84.512,27.816],[84.508,27.818],[84.504,27.82],[84.501,27.821],[84.498,27.821],[84.495,27.82],[84.491,27.821],[84.488,27.821],[84.484,27.823],[84.481,27.824],[84.477,27.824],[84.474,27.824],[84.47,27.822],[84.467,27.821],[84.464,27.821],[84.46,27.821],[84.457,27.821],[84.455,27.822],[84.449,27.822],[84.446,27.821],[84.444,27.82],[84.441,27.818],[84.439,27.815],[84.437,27.813],[84.433,27.808],[84.431,27.803],[84.431,27.799],[84.432,27.795],[84.433,27.791],[84.435,27.787],[84.439,27.783],[84.441,27.782],[84.444,27.781],[84.447,27.781],[84.451,27.78],[84.457,27.779],[84.46,27.777],[84.464,27.775],[84.467,27.773],[84.469,27.771],[84.471,27.768],[84.473,27.765],[84.474,27.762],[84.472,27.759],[84.47,27.757],[84.467,27.757],[84.464,27.758],[84.462,27.759],[84.458,27.762],[84.455,27.763],[84.453,27.763],[84.447,27.756],[84.446,27.755],[84.445,27.754],[84.444,27.75],[84.442,27.749],[84.441,27.747],[84.439,27.746],[84.435,27.744],[84.431,27.742],[84.428,27.741],[84.426,27.739],[84.425,27.735],[84.428,27.729],[84.43,27.72],[84.432,27.711],[84.429,27.706],[84.427,27.704],[84.423,27.702],[84.42,27.699],[84.415,27.697],[84.411,27.696],[84.406,27.693],[84.398,27.689],[84.394,27.687],[84.391,27.686],[84.387,27.685],[84.383,27.686],[84.378,27.686],[84.375,27.687],[84.371,27.689],[84.367,27.692],[84.364,27.695],[84.363,27.697],[84.361,27.699],[84.359,27.7],[84.357,27.702],[84.353,27.702],[84.349,27.701],[84.344,27.7],[84.341,27.7],[84.337,27.699],[84.332,27.697],[84.33,27.695],[84.328,27.693],[84.327,27.69],[84.324,27.687],[84.32,27.685],[84.316,27.684],[84.314,27.683],[84.31,27.681],[84.304,27.677],[84.291,27.671],[84.283,27.667],[84.274,27.664],[84.26,27.659],[84.252,27.655],[84.236,27.649],[84.232,27.647],[84.224,27.644],[84.212,27.639],[84.203,27.635],[84.195,27.63],[84.188,27.625],[84.182,27.621],[84.17,27.61],[84.161,27.603],[84.152,27.597],[84.144,27.589],[84.138,27.583],[84.128,27.571],[84.126,27.565],[84.124,27.559],[84.118,27.556],[84.112,27.551],[84.108,27.549],[84.102,27.548],[84.093,27.548],[84.081,27.548],[84.071,27.548],[84.062,27.546],[84.05,27.544],[84.036,27.54],[84.023,27.54],[84.015,27.541],[84.009,27.542],[84.002,27.542],[83.993,27.542],[83.984,27.542],[83.973,27.544],[83.969,27.544],[83.966,27.543],[83.961,27.543],[83.955,27.542],[83.95,27.542],[83.946,27.543],[83.942,27.543],[83.938,27.544],[83.935,27.545],[83.93,27.544],[83.926,27.544],[83.922,27.539],[83.921,27.534],[83.921,27.528]]]}},{"type":"Feature","properties":{"id":4,"name":"Gandaki","name_ne":"गण्डकी","level":"province","capital":"Pokhara"},"geometry":{"type":"Polygon","coordinates":[[[82.88,28.516],[82.881,28.513],[82.883,28.511],[82.886,28.509],[82.888,28.507],[82.89,28.506],[82.891,28.504],[82.893,28.502],[82.895,28.499],[82.896,28.498],[82.898,28.495],[82.9,28.493],[82.903,28.491],[82.904,28.49],[82.907,28.488],[82.909,28.487],[82.91,28.485],[82.912,28.484],[82.914,28.483],[82.916,28.479],[82.915,28.478],[82.914,28.476],[82.911,28.475],[82.909,28.475],[82.905,28.476],[82.902,28.477],[82.899,28.478],[82.896,28.479],[82.894,28.479],[82.891,28.479],[82.889,28.479],[82.887,28.479],[82.885,28.477],[82.884,28.476],[82.884,28.475],[82.885,28.473],[82.886,28.47],[82.886,28.467],[82.886,28.464],[82.887,28.462],[82.888,28.46],[82.889,28.459],[82.889,28.457],[82.89,28.454],[82.891,28.452],[82.893,28.451],[82.902,28.448],[82.905,28.447],[82.907,28.446],[82.909,28.444],[82.912,28.441],[82.913,28.439],[82.915,28.438],[82.916,28.435],[82.916,28.432],[82.916,28.429],[82.916,28.426],[82.917,28.424],[82.919,28.421],[82.92,28.42],[82.922,28.417],[82.922,28.412],[82.921,28.41],[82.921,28.407],[82.921,28.404],[82.922,28.401],[82.924,28.401],[82.926,28.4],[82.929,28.401],[82.932,28.401],[82.935,28.401],[82.939,28.401],[82.94,28.401],[82.943,28.4],[82.946,28.395],[82.947,28.393],[82.948,28.389],[82.949,28.387],[82.951,28.383],[82.952,28.381],[82.952,28.38],[82.953,28.377],[82.954,28.376],[82.956,28.371],[82.957,28.369],[82.957,28.365],[82.959,28.362],[82.96,28.36],[82.962,28.359],[82.965,28.358],[82.969,28.359],[82.971,28.359],[82.973,28.359],[82.979,28.36],[82.981,28.359],[82.983,28.359],[82.985,28.358],[82.987,28.356],[82.989,28.355],[82.992,28.353],[82.993,28.352],[82.995,28.351],[82.998,28.347],[83.0,28.345],[83.001,28.341],[83.003,28.339],[83.004,28.336],[83.006,28.336],[83.006,28.336],[83.007,28.335],[83.007,28.335],[83.009,28.334],[83.009,28.333],[83.009,28.334],[83.012,28.333],[83.013,28.333],[83.014,28.334],[83.016,28.335],[83.017,28.334],[83.02,28.329],[83.022,28.327],[83.024,28.326],[83.026,28.325],[83.03,28.324],[83.032,28.324],[83.034,28.323],[83.038,28.324],[83.04,28.325],[83.043,28.326],[83.044,28.327],[83.047,28.326],[83.048,28.326],[83.052,28.322],[83.053,28.321],[83.056,28.32],[83.059,28.319],[83.06,28.318],[83.063,28.318],[83.065,28.317],[83.068,28.316],[83.07,28.314],[83.071,28.313],[83.072,28.312],[83.073,28.308],[83.073,28.305],[83.074,28.304],[83.075,28.302],[83.078,28.3],[83.079,28.3],[83.081,28.299],[83.086,28.295],[83.088,28.292],[83.09,28.29],[83.091,28.288],[83.094,28.285],[83.094,28.284],[83.095,28.282],[83.095,28.281],[83.095,28.28],[83.095,28.279],[83.096,28.278],[83.097,28.276],[83.099,28.275],[83.101,28.274],[83.101,28.273],[83.101,28.273],[83.101,28.269],[83.1,28.267],[83.099,28.264],[83.098,28.262],[83.098,28.259],[83.099,28.258],[83.1,28.258],[83.102,28.257],[83.105,28.256],[83.107,28.254],[83.11,28.253],[83.112,28.252],[83.114,28.252],[83.118,28.252],[83.122,28.252],[83.125,28.253],[83.128,28.252],[83.129,28.252],[83.132,28.249],[83.134,28.249],[83.136,28.25],[83.138,28.251],[83.139,28.252],[83.142,28.253],[83.144,28.255],[83.147,28.257],[83.148,28.259],[83.15,28.26],[83.152,28.262],[83.153,28.264],[83.156,28.266],[83.159,28.268],[83.161,28.27],[83.164,28.272],[83.166,28.274],[83.168,28.275],[83.172,28.276],[83.175,28.277],[83.177,28.278],[83.179,28.277],[83.18,28.277],[83.183,28.277],[83.183,28.276],[83.183,28.274],[83.184,28.274],[83.186,28.271],[83.188,28.269],[83.19,28.267],[83.192,28.266],[83.193,28.264],[83.194,28.264],[83.196,28.262],[83.196,28.262],[83.197,28.261],[83.202,28.258],[83.203,28.257],[83.204,28.256],[83.206,28.255],[83.208,28.253],[83.21,28.253],[83.212,28.252],[83.213,28.251],[83.215,28.249],[83.216,28.248],[83.219,28.246],[83.22,28.245],[83.222,28.242],[83.223,28.241],[83.225,28.239],[83.226,28.238],[83.228,28.236],[83.229,28.234],[83.23,28.232],[83.231,28.231],[83.233,28.23],[83.234,28.228],[83.235,28.228],[83.236,28.226],[83.238,28.223],[83.24,28.222],[83.241,28.221],[83.241,28.22],[83.243,28.22],[83.245,28.219],[83.247,28.218],[83.248,28.218],[83.249,28.217],[83.251,28.217],[83.254,28.215],[83.255,28.214],[83.256,28.213],[83.257,28.211],[83.258,28.209],[83.259,28.207],[83.26,28.205],[83.262,28.203],[83.263,28.202],[83.265,28.201],[83.267,28.201],[83.269,28.2],[83.271,28.199],[83.272,28.198],[83.273,28.197],[83.274,28.195],[83.275,28.193],[83.275,28.192],[83.275,28.191],[83.275,28.19],[83.276,28.188],[83.278,28.187],[83.28,28.186],[83.282,28.186],[83.283,28.187],[83.286,28.188],[83.289,28.189],[83.292,28.19],[83.294,28.191],[83.297,28.192],[83.298,28.192],[83.301,28.193],[83.303,28.193],[83.305,28.193],[83.307,28.193],[83.309,28.192],[83.312,28.191],[83.313,28.191],[83.315,28.19],[83.319,28.19],[83.322,28.189],[83.325,28.189],[83.328,28.189],[83.331,28.188],[83.333,28.188],[83.337,28.188],[83.34,28.188],[83.343,28.188],[83.345,28.189],[83.347,28.189],[83.349,28.191],[83.351,28.192],[83.352,28.192],[83.355,28.194],[83.357,28.195],[83.359,28.195],[83.361,28.196],[83.365,28.195],[83.366,28.192],[83.366,28.19],[83.365,28.188],[83.366,28.186],[83.367,28.184],[83.369,28.183],[83.37,28.182],[83.371,28.181],[83.372,28.181],[83.375,28.179],[83.376,28.178],[83.377,28.174],[83.378,28.17],[83.379,28.167],[83.381,28.165],[83.383,28.164],[83.387,28.164],[83.39,28.165],[83.393,28.167],[83.396,28.169],[83.399,28.17],[83.403,28.172],[83.406,28.174],[83.408,28.175],[83.411,28.176],[83.412,28.175],[83.415,28.171],[83.415,28.169],[83.417,28.165],[83.417,28.163],[83.418,28.16],[83.418,28.158],[83.419,28.156],[83.418,28.152],[83.417,28.149],[83.416,28.147],[83.415,28.145],[83.414,28.143],[83.416,28.14],[83.418,28.139],[83.42,28.139],[83.422,28.137],[83.423,28.137],[83.424,28.135],[83.423,28.133],[83.422,28.131],[83.422,28.128],[83.423,28.127],[83.425,28.126],[83.428,28.127],[83.431,28.128],[83.433,28.129],[83.436,28.13],[83.439,28.129],[83.44,28.129],[83.442,28.128],[83.447,28.126],[83.448,28.125],[83.451,28.124],[83.453,28.124],[83.455,28.122],[83.456,28.12],[83.456,28.119],[83.458,28.114],[83.459,28.112],[83.461,28.111],[83.464,28.112],[83.466,28.114],[83.469,28.115],[83.471,28.116],[83.473,28.116],[83.475,28.116],[83.481,28.115],[83.483,28.114],[83.485,28.114],[83.488,28.113],[83.491,28.112],[83.493,28.113],[83.496,28.115],[83.498,28.116],[83.5,28.117],[83.503,28.118],[83.506,28.121],[83.508,28.122],[83.51,28.125],[83.511,28.125],[83.511,28.126],[83.514,28.127],[83.516,28.125],[83.517,28.124],[83.519,28.122],[83.522,28.121],[83.525,28.12],[83.527,28.119],[83.528,28.118],[83.534,28.115],[83.535,28.114],[83.537,28.112],[83.54,28.109],[83.542,28.108],[83.543,28.107],[83.546,28.105],[83.547,28.103],[83.549,28.101],[83.55,28.099],[83.551,28.097],[83.552,28.093],[83.554,28.09],[83.554,28.089],[83.555,28.086],[83.557,28.083],[83.56,28.081],[83.563,28.081],[83.565,28.081],[83.568,28.082],[83.571,28.082],[83.572,28.083],[83.574,28.083],[83.577,28.083],[83.578,28.082],[83.579,28.081],[83.58,28.081],[83.58,28.08],[83.582,28.079],[83.584,28.078],[83.582,28.076],[83.581,28.075],[83.579,28.074],[83.578,28.072],[83.576,28.07],[83.574,28.068],[83.573,28.067],[83.571,28.066],[83.57,28.065],[83.569,28.062],[83.569,28.059],[83.568,28.055],[83.568,28.053],[83.567,28.05],[83.566,28.048],[83.566,28.046],[83.567,28.042],[83.567,28.04],[83.567,28.038],[83.567,28.036],[83.569,28.035],[83.571,28.034],[83.574,28.033],[83.578,28.033],[83.582,28.033],[83.585,28.032],[83.587,28.031],[83.589,28.029],[83.591,28.027],[83.593,28.027],[83.595,28.026],[83.597,28.023],[83.597,28.023],[83.599,28.022],[83.601,28.02],[83.602,28.02],[83.604,28.019],[83.605,28.017],[83.606,28.016],[83.608,28.014],[83.609,28.013],[83.61,28.013],[83.611,28.012],[83.611,28.011],[83.61,28.01],[83.609,28.009],[83.608,28.008],[83.607,28.007],[83.607,28.005],[83.607,28.002],[83.606,28.001],[83.607,27.999],[83.606,27.997],[83.604,27.995],[83.603,27.993],[83.602,27.992],[83.6,27.991],[83.598,27.99],[83.596,27.989],[83.594,27.988],[83.593,27.987],[83.591,27.987],[83.589,27.986],[83.589,27.984],[83.589,27.983],[83.589,27.981],[83.587,27.979],[83.584,27.977],[83.583,27.976],[83.581,27.976],[83.579,27.974],[83.577,27.974],[83.575,27.974],[83.572,27.974],[83.571,27.974],[83.568,27.974],[83.566,27.974],[83.563,27.974],[83.561,27.974],[83.559,27.975],[83.557,27.976],[83.555,27.976],[83.551,27.974],[83.549,27.973],[83.547,27.972],[83.545,27.971],[83.543,27.969],[83.54,27.968],[83.538,27.967],[83.535,27.966],[83.533,27.966],[83.531,27.966],[83.528,27.965],[83.525,27.964],[83.523,27.964],[83.519,27.965],[83.517,27.966],[83.515,27.968],[83.513,27.969],[83.511,27.97],[83.509,27.972],[83.507,27.974],[83.505,27.975],[83.504,27.976],[83.503,27.977],[83.501,27.978],[83.5,27.98],[83.499,27.98],[83.497,27.981],[83.496,27.982],[83.493,27.982],[83.491,27.982],[83.489,27.981],[83.487,27.98],[83.483,27.978],[83.48,27.976],[83.476,27.973],[83.475,27.972],[83.472,27.969],[83.47,27.968],[83.469,27.966],[83.468,27.965],[83.467,27.962],[83.465,27.959],[83.463,27.956],[83.461,27.954],[83.46,27.954],[83.458,27.952],[83.455,27.951],[83.454,27.95],[83.452,27.949],[83.449,27.948],[83.447,27.947],[83.446,27.946],[83.444,27.944],[83.443,27.941],[83.442,27.939],[83.442,27.937],[83.443,27.936],[83.443,27.935],[83.445,27.933],[83.447,27.932],[83.449,27.932],[83.451,27.932],[83.453,27.933],[83.457,27.933],[83.459,27.934],[83.461,27.934],[83.463,27.934],[83.465,27.934],[83.467,27.932],[83.469,27.931],[83.471,27.93],[83.473,27.928],[83.475,27.927],[83.478,27.926],[83.48,27.925],[83.483,27.924],[83.485,27.924],[83.487,27.923],[83.49,27.924],[83.492,27.925],[83.493,27.926],[83.497,27.927],[83.499,27.927],[83.501,27.927],[83.504,27.927],[83.506,27.927],[83.507,27.928],[83.508,27.928],[83.509,27.929],[83.509,27.931],[83.509,27.933],[83.508,27.935],[83.508,27.937],[83.509,27.939],[83.51,27.94],[83.513,27.94],[83.515,27.939],[83.517,27.937],[83.519,27.936],[83.521,27.933],[83.522,27.931],[83.523,27.929],[83.523,27.927],[83.525,27.926],[83.527,27.926],[83.528,27.927],[83.529,27.93],[83.529,27.931],[83.53,27.933],[83.531,27.935],[83.532,27.937],[83.534,27.938],[83.537,27.934],[83.539,27.93],[83.54,27.928],[83.543,27.927],[83.545,27.926],[83.548,27.927],[83.55,27.928],[83.553,27.929],[83.555,27.93],[83.557,27.931],[83.559,27.932],[83.563,27.933],[83.568,27.935],[83.57,27.937],[83.572,27.938],[83.574,27.94],[83.576,27.94],[83.578,27.938],[83.578,27.936],[83.577,27.934],[83.577,27.932],[83.578,27.931],[83.581,27.931],[83.584,27.931],[83.587,27.931],[83.59,27.931],[83.592,27.931],[83.596,27.93],[83.597,27.928],[83.598,27.926],[83.6,27.925],[83.603,27.924],[83.605,27.923],[83.607,27.923],[83.61,27.924],[83.612,27.925],[83.614,27.926],[83.616,27.927],[83.617,27.927],[83.621,27.927],[83.622,27.926],[83.624,27.925],[83.624,27.923],[83.623,27.921],[83.624,27.918],[83.625,27.916],[83.626,27.916],[83.628,27.916],[83.63,27.915],[83.633,27.915],[83.634,27.913],[83.635,27.91],[83.634,27.908],[83.634,27.906],[83.634,27.903],[83.635,27.902],[83.637,27.901],[83.639,27.901],[83.642,27.901],[83.645,27.9],[83.648,27.9],[83.652,27.9],[83.654,27.901],[83.657,27.902],[83.658,27.904],[83.659,27.906],[83.661,27.908],[83.661,27.91],[83.663,27.913],[83.664,27.915],[83.665,27.917],[83.666,27.919],[83.667,27.92],[83.668,27.922],[83.673,27.926],[83.676,27.926],[83.678,27.926],[83.68,27.925],[83.681,27.922],[83.681,27.92],[83.683,27.918],[83.686,27.919],[83.688,27.92],[83.692,27.921],[83.693,27.921],[83.695,27.918],[83.697,27.917],[83.7,27.917],[83.704,27.917],[83.706,27.917],[83.708,27.918],[83.711,27.918],[83.714,27.919],[83.717,27.919],[83.72,27.919],[83.722,27.918],[83.724,27.916],[83.726,27.914],[83.728,27.913],[83.73,27.912],[83.733,27.909],[83.735,27.908],[83.737,27.905],[83.739,27.903],[83.741,27.902],[83.744,27.901],[83.746,27.9],[83.747,27.902],[83.747,27.903],[83.746,27.906],[83.745,27.908],[83.749,27.908],[83.751,27.907],[83.753,27.904],[83.755,27.903],[83.757,27.903],[83.759,27.904],[83.759,27.906],[83.761,27.908],[83.763,27.909],[83.764,27.909],[83.772,27.907],[83.774,27.905],[83.776,27.904],[83.778,27.901],[83.781,27.899],[83.782,27.897],[83.783,27.894],[83.785,27.892],[83.787,27.889],[83.79,27.887],[83.792,27.886],[83.794,27.884],[83.795,27.884],[83.799,27.882],[83.802,27.88],[83.804,27.877],[83.807,27.874],[83.808,27.873],[83.811,27.872],[83.814,27.871],[83.817,27.871],[83.819,27.873],[83.821,27.874],[83.823,27.875],[83.826,27.875],[83.829,27.874],[83.833,27.871],[83.836,27.87],[83.84,27.868],[83.842,27.868],[83.845,27.868],[83.847,27.868],[83.848,27.869],[83.848,27.871],[83.848,27.872],[83.848,27.874],[83.847,27.877],[83.848,27.879],[83.85,27.88],[83.852,27.879],[83.854,27.877],[83.855,27.874],[83.857,27.873],[83.86,27.872],[83.861,27.873],[83.862,27.875],[83.862,27.877],[83.863,27.879],[83.865,27.882],[83.868,27.883],[83.871,27.885],[83.874,27.886],[83.876,27.887],[83.881,27.885],[83.882,27.883],[83.883,27.882],[83.885,27.882],[83.888,27.882],[83.891,27.883],[83.894,27.883],[83.896,27.882],[83.899,27.882],[83.903,27.881],[83.905,27.881],[83.909,27.881],[83.91,27.88],[83.912,27.878],[83.913,27.876],[83.914,27.874],[83.918,27.871],[83.919,27.871],[83.922,27.87],[83.925,27.87],[83.927,27.87],[83.929,27.871],[83.932,27.871],[83.933,27.872],[83.936,27.873],[83.937,27.875],[83.939,27.876],[83.941,27.877],[83.942,27.877],[83.945,27.876],[83.946,27.874],[83.947,27.873],[83.948,27.872],[83.95,27.871],[83.952,27.872],[83.956,27.872],[83.958,27.872],[83.961,27.872],[83.965,27.872],[83.967,27.872],[83.97,27.873],[83.972,27.873],[83.974,27.872],[83.976,27.87],[83.978,27.869],[83.98,27.868],[83.983,27.868],[83.987,27.868],[83.989,27.868],[83.993,27.867],[83.995,27.866],[83.996,27.865],[83.998,27.863],[84.0,27.86],[84.002,27.858],[84.004,27.857],[84.008,27.856],[84.012,27.854],[84.014,27.854],[84.018,27.853],[84.02,27.852],[84.022,27.854],[84.021,27.856],[84.02,27.859],[84.021,27.861],[84.023,27.861],[84.025,27.86],[84.028,27.859],[84.031,27.858],[84.029,27.852],[84.026,27.849],[84.025,27.845],[84.025,27.841],[84.026,27.837],[84.026,27.834],[84.027,27.832],[84.028,27.831],[84.029,27.829],[84.026,27.827],[84.025,27.823],[84.025,27.821],[84.023,27.818],[84.021,27.814],[84.019,27.81],[84.017,27.806],[84.016,27.803],[84.012,27.798],[84.004,27.791],[84.003,27.79],[84.0,27.782],[83.998,27.777],[83.996,27.771],[83.994,27.766],[83.995,27.759],[83.991,27.752],[83.983,27.751],[83.979,27.751],[83.961,27.747],[83.961,27.747],[83.955,27.746],[83.953,27.746],[83.948,27.744],[83.943,27.742],[83.937,27.739],[83.933,27.737],[83.929,27.735],[83.927,27.731],[83.927,27.728],[83.921,27.728],[83.918,27.73],[83.913,27.732],[83.909,27.735],[83.906,27.736],[83.903,27.733],[83.901,27.73],[83.899,27.73],[83.895,27.731],[83.89,27.733],[83.885,27.734],[83.879,27.734],[83.873,27.734],[83.867,27.734],[83.861,27.734],[83.857,27.733],[83.854,27.731],[83.844,27.732],[83.843,27.73],[83.842,27.725],[83.84,27.721],[83.84,27.716],[83.838,27.711],[83.832,27.71],[83.827,27.713],[83.821,27.713],[83.813,27.715],[83.807,27.718],[83.799,27.721],[83.783,27.723],[83.775,27.722],[83.768,27.72],[83.757,27.719],[83.749,27.719],[83.744,27.717],[83.737,27.713],[83.732,27.711],[83.728,27.706],[83.726,27.702],[83.726,27.697],[83.727,27.692],[83.729,27.688],[83.723,27.68],[83.729,27.679],[83.736,27.68],[83.745,27.677],[83.754,27.68],[83.759,27.677],[83.767,27.677],[83.793,27.671],[83.808,27.662],[83.819,27.663],[83.83,27.653],[83.843,27.652],[83.86,27.653],[83.864,27.639],[83.852,27.608],[83.857,27.604],[83.871,27.605],[83.871,27.595],[83.876,27.59],[83.876,27.584],[83.885,27.567],[83.901,27.559],[83.916,27.566],[83.924,27.559],[83.923,27.552],[83.925,27.543],[83.961,27.543],[83.966,27.543],[83.969,27.544],[83.973,27.544],[83.984,27.542],[83.993,27.542],[84.002,27.542],[84.009,27.542],[84.015,27.541],[84.023,27.54],[84.036,27.54],[84.05,27.544],[84.062,27.546],[84.071,27.548],[84.081,27.548],[84.093,27.548],[84.102,27.548],[84.108,27.549],[84.112,27.551],[84.118,27.556],[84.124,27.559],[84.126,27.565],[84.128,27.571],[84.138,27.583],[84.144,27.589],[84.152,27.597],[84.161,27.603],[84.17,27.61],[84.182,27.621],[84.188,27.625],[84.195,27.63],[84.203,27.635],[84.212,27.639],[84.224,27.644],[84.232,27.647],[84.236,27.649],[84.252,27.655],[84.26,27.659],[84.274,27.664],[84.283,27.667],[84.291,27.671],[84.304,27.677],[84.31,27.681],[84.314,27.683],[84.316,27.684],[84.32,27.685],[84.324,27.687],[84.327,27.69],[84.328,27.693],[84.33,27.695],[84.332,27.697],[84.337,27.699],[84.341,27.7],[84.344,27.7],[84.349,27.701],[84.353,27.702],[84.357,27.702],[84.359,27.7],[84.361,27.699],[84.363,27.697],[84.364,27.695],[84.367,27.692],[84.371,27.689],[84.375,27.687],[84.378,27.686],[84.383,27.686],[84.387,27.685],[84.391,27.686],[84.394,27.687],[84.398,27.689],[84.406,27.693],[84.411,27.696],[84.415,27.697],[84.42,27.699],[84.423,27.702],[84.427,27.704],[84.429,27.706],[84.432,27.711],[84.43,27.72],[84.428,27.729],[84.425,27.735],[84.426,27.739],[84.428,27.741],[84.431,27.742],[84.435,27.744],[84.439,27.746],[84.441,27.747],[84.442,27.749],[84.444,27.75],[84.445,27.754],[84.446,27.755],[84.447,27.756],[84.453,27.763],[84.455,27.763],[84.458,27.762],[84.462,27.759],[84.464,27.758],[84.467,27.757],[84.47,27.757],[84.472,27.759],[84.474,27.762],[84.473,27.765],[84.471,27.768],[84.469,27.771],[84.467,27.773],[84.464,27.775],[84.46,27.777],[84.457,27.779],[84.451,27.78],[84.447,27.781],[84.444,27.781],[84.441,27.782],[84.439,27.783],[84.435,27.787],[84.433,27.791],[84.432,27.795],[84.431,27.799],[84.431,27.803],[84.433,27.808],[84.437,27.813],[84.439,27.815],[84.441,27.818],[84.444,27.82],[84.446,27.821],[84.449,27.822],[84.455,27.822],[84.457,27.821],[84.46,27.821],[84.464,27.821],[84.467,27.821],[84.47,27.822],[84.474,27.824],[84.477,27.824],[84.481,27.824],[84.484,27.823],[84.488,27.821],[84.491,27.821],[84.495,27.82],[84.498,27.821],[84.501,27.821],[84.504,27.82],[84.508,27.818],[84.512,27.816],[84.516,27.815],[84.518,27.816],[84.52,27.818],[84.521,27.819],[84.524,27.827],[84.525,27.83],[84.526,27.833],[84.528,27.835],[84.531,27.836],[84.535,27.837],[84.54,27.836],[84.544,27.836],[84.547,27.835],[84.552,27.835],[84.555,27.837],[84.557,27.84],[84.558,27.84],[84.558,27.842],[84.561,27.851],[84.561,27.854],[84.562,27.856],[84.564,27.857],[84.567,27.859],[84.574,27.861],[84.577,27.863],[84.579,27.866],[84.581,27.87],[84.584,27.873],[84.587,27.876],[84.59,27.878],[84.595,27.878],[84.598,27.877],[84.603,27.874],[84.609,27.872],[84.612,27.872],[84.615,27.873],[84.616,27.873],[84.617,27.875],[84.619,27.876],[84.621,27.877],[84.623,27.877],[84.625,27.876],[84.628,27.873],[84.632,27.87],[84.637,27.866],[84.638,27.863],[84.641,27.862],[84.645,27.862],[84.649,27.86],[84.65,27.855],[84.653,27.853],[84.658,27.85],[84.661,27.847],[84.662,27.843],[84.663,27.839],[84.663,27.835],[84.664,27.83],[84.666,27.827],[84.669,27.824],[84.67,27.821],[84.673,27.818],[84.674,27.816],[84.68,27.814],[84.683,27.813],[84.686,27.812],[84.69,27.813],[84.693,27.813],[84.696,27.812],[84.697,27.811],[84.699,27.811],[84.703,27.808],[84.705,27.807],[84.706,27.806],[84.707,27.805],[84.708,27.804],[84.71,27.802],[84.712,27.801],[84.714,27.801],[84.717,27.801],[84.72,27.8],[84.723,27.799],[84.725,27.798],[84.727,27.797],[84.729,27.796],[84.733,27.796],[84.735,27.798],[84.736,27.799],[84.738,27.801],[84.738,27.802],[84.74,27.804],[84.742,27.805],[84.746,27.805],[84.748,27.805],[84.75,27.805],[84.752,27.806],[84.755,27.807],[84.756,27.808],[84.758,27.809],[84.76,27.81],[84.762,27.813],[84.763,27.816],[84.765,27.817],[84.767,27.818],[84.773,27.815],[84.774,27.814],[84.775,27.813],[84.776,27.812],[84.777,27.811],[84.779,27.812],[84.781,27.814],[84.781,27.816],[84.781,27.818],[84.78,27.819],[84.78,27.821],[84.779,27.823],[84.778,27.824],[84.778,27.826],[84.777,27.829],[84.777,27.831],[84.777,27.833],[84.777,27.836],[84.776,27.838],[84.775,27.839],[84.774,27.841],[84.766,27.858],[84.763,27.861],[84.761,27.862],[84.76,27.864],[84.758,27.866],[84.758,27.867],[84.757,27.869],[84.756,27.871],[84.754,27.872],[84.753,27.874],[84.751,27.875],[84.75,27.877],[84.749,27.88],[84.749,27.883],[84.747,27.885],[84.746,27.886],[84.744,27.887],[84.742,27.889],[84.74,27.89],[84.739,27.891],[84.738,27.894],[84.737,27.897],[84.737,27.899],[84.736,27.901],[84.736,27.903],[84.735,27.91],[84.735,27.912],[84.735,27.914],[84.734,27.92],[84.734,27.922],[84.735,27.925],[84.736,27.929],[84.736,27.931],[84.737,27.934],[84.739,27.936],[84.74,27.941],[84.741,27.943],[84.742,27.945],[84.743,27.947],[84.744,27.948],[84.745,27.951],[84.746,27.953],[84.747,27.955],[84.749,27.957],[84.75,27.958],[84.753,27.96],[84.756,27.961],[84.758,27.962],[84.76,27.963],[84.765,27.965],[84.767,27.966],[84.769,27.967],[84.77,27.967],[84.773,27.969],[84.778,27.974],[84.779,27.976],[84.78,27.977],[84.781,27.978],[84.785,27.98],[84.787,27.982],[84.788,27.984],[84.789,27.986],[84.79,27.989],[84.791,27.992],[84.792,27.994],[84.795,27.996],[84.799,27.999],[84.801,27.999],[84.803,28.0],[84.806,28.0],[84.808,28.001],[84.81,28.002],[84.812,28.002],[84.814,28.004],[84.816,28.006],[84.816,28.007],[84.815,28.01],[84.814,28.012],[84.814,28.014],[84.814,28.017],[84.815,28.019],[84.816,28.022],[84.817,28.025],[84.816,28.028],[84.815,28.029],[84.813,28.033],[84.813,28.035],[84.813,28.038],[84.813,28.041],[84.815,28.043],[84.817,28.045],[84.819,28.047],[84.821,28.049],[84.821,28.051],[84.821,28.053],[84.821,28.057],[84.822,28.06],[84.823,28.062],[84.823,28.063],[84.824,28.064],[84.825,28.065],[84.827,28.068],[84.827,28.071],[84.828,28.074],[84.83,28.077],[84.831,28.08],[84.832,28.083],[84.833,28.086],[84.834,28.089],[84.835,28.091],[84.836,28.093],[84.836,28.095],[84.837,28.098],[84.839,28.1],[84.839,28.102],[84.839,28.104],[84.84,28.105],[84.842,28.106],[84.842,28.108],[84.843,28.11],[84.843,28.112],[84.844,28.114],[84.846,28.116],[84.855,28.114],[84.857,28.113],[84.859,28.111],[84.862,28.111],[84.865,28.111],[84.868,28.11],[84.872,28.109],[84.876,28.11],[84.881,28.11],[84.884,28.11],[84.888,28.108],[84.892,28.106],[84.895,28.106],[84.898,28.105],[84.901,28.104],[84.907,28.104],[84.91,28.103],[84.913,28.103],[84.917,28.104],[84.92,28.105],[84.923,28.106],[84.924,28.108],[84.926,28.111],[84.926,28.114],[84.928,28.117],[84.93,28.12],[84.933,28.123],[84.936,28.124],[84.943,28.124],[84.947,28.124],[84.95,28.124],[84.953,28.126],[84.956,28.128],[84.956,28.132],[84.956,28.135],[84.955,28.144],[84.956,28.146],[84.957,28.149],[84.958,28.151],[84.959,28.153],[84.96,28.155],[84.961,28.158],[84.962,28.16],[84.963,28.162],[84.964,28.167],[84.966,28.172],[84.967,28.174],[84.968,28.177],[84.969,28.179],[84.97,28.182],[84.972,28.185],[84.973,28.189],[84.973,28.193],[84.972,28.197],[84.97,28.202],[84.967,28.204],[84.965,28.207],[84.964,28.21],[84.964,28.214],[84.968,28.217],[84.97,28.219],[84.977,28.226],[84.981,28.23],[84.982,28.232],[84.986,28.235],[84.989,28.238],[84.993,28.241],[84.997,28.245],[85.002,28.248],[85.006,28.252],[85.009,28.255],[85.012,28.257],[85.019,28.264],[85.024,28.267],[85.027,28.27],[85.031,28.274],[85.034,28.277],[85.036,28.28],[85.037,28.282],[85.038,28.283],[85.038,28.29],[85.037,28.292],[85.037,28.294],[85.036,28.301],[85.036,28.304],[85.037,28.305],[85.037,28.308],[85.039,28.312],[85.041,28.315],[85.043,28.319],[85.046,28.322],[85.049,28.324],[85.053,28.327],[85.058,28.33],[85.062,28.334],[85.066,28.335],[85.07,28.338],[85.073,28.339],[85.077,28.342],[85.083,28.343],[85.087,28.344],[85.091,28.344],[85.096,28.344],[85.1,28.344],[85.104,28.344],[85.109,28.344],[85.113,28.349],[85.114,28.351],[85.115,28.354],[85.115,28.356],[85.116,28.359],[85.117,28.362],[85.118,28.366],[85.119,28.369],[85.12,28.373],[85.121,28.376],[85.122,28.38],[85.124,28.384],[85.126,28.388],[85.129,28.393],[85.126,28.396],[85.124,28.398],[85.122,28.4],[85.12,28.402],[85.118,28.404],[85.117,28.408],[85.117,28.41],[85.117,28.414],[85.118,28.417],[85.117,28.419],[85.116,28.424],[85.115,28.427],[85.114,28.431],[85.113,28.435],[85.115,28.44],[85.114,28.444],[85.108,28.447],[85.105,28.449],[85.101,28.451],[85.1,28.453],[85.101,28.457],[85.104,28.46],[85.107,28.462],[85.111,28.465],[85.113,28.468],[85.114,28.472],[85.115,28.474],[85.117,28.477],[85.119,28.48],[85.121,28.484],[85.124,28.487],[85.127,28.487],[85.131,28.487],[85.135,28.486],[85.141,28.485],[85.144,28.484],[85.148,28.485],[85.152,28.486],[85.155,28.489],[85.157,28.492],[85.157,28.498],[85.159,28.504],[85.159,28.507],[85.161,28.51],[85.162,28.513],[85.164,28.515],[85.166,28.518],[85.168,28.522],[85.168,28.524],[85.169,28.528],[85.17,28.532],[85.173,28.534],[85.175,28.534],[85.178,28.533],[85.182,28.533],[85.185,28.533],[85.186,28.535],[85.187,28.538],[85.188,28.542],[85.19,28.548],[85.19,28.551],[85.19,28.554],[85.188,28.557],[85.187,28.559],[85.188,28.562],[85.19,28.564],[85.191,28.568],[85.192,28.57],[85.191,28.572],[85.187,28.575],[85.185,28.577],[85.183,28.58],[85.184,28.582],[85.185,28.585],[85.185,28.586],[85.184,28.588],[85.182,28.589],[85.18,28.591],[85.178,28.594],[85.178,28.597],[85.181,28.598],[85.185,28.601],[85.188,28.603],[85.19,28.605],[85.192,28.609],[85.194,28.613],[85.194,28.615],[85.195,28.617],[85.197,28.62],[85.198,28.626],[85.198,28.628],[85.196,28.628],[85.192,28.629],[85.19,28.63],[85.188,28.632],[85.188,28.636],[85.19,28.64],[85.188,28.643],[85.185,28.644],[85.18,28.644],[85.177,28.644],[85.172,28.644],[85.166,28.644],[85.163,28.644],[85.159,28.645],[85.156,28.647],[85.154,28.65],[85.15,28.655],[85.149,28.656],[85.147,28.658],[85.147,28.661],[85.146,28.662],[85.145,28.664],[85.142,28.666],[85.139,28.668],[85.137,28.67],[85.136,28.673],[85.134,28.676],[85.133,28.678],[85.128,28.681],[85.126,28.683],[85.123,28.685],[85.12,28.686],[85.117,28.686],[85.115,28.686],[85.112,28.685],[85.108,28.683],[85.105,28.681],[85.1,28.679],[85.096,28.677],[85.094,28.676],[85.088,28.673],[85.085,28.672],[85.083,28.672],[85.079,28.674],[85.076,28.677],[85.073,28.679],[85.069,28.681],[85.065,28.682],[85.06,28.683],[85.057,28.68],[85.055,28.677],[85.052,28.673],[85.05,28.671],[85.047,28.669],[85.043,28.668],[85.041,28.665],[85.041,28.662],[85.039,28.658],[85.037,28.657],[85.034,28.656],[85.031,28.654],[85.028,28.651],[85.025,28.648],[85.022,28.645],[85.018,28.643],[85.016,28.64],[85.013,28.637],[85.01,28.634],[85.008,28.631],[85.005,28.629],[85.002,28.625],[84.999,28.623],[84.997,28.62],[84.994,28.617],[84.992,28.615],[84.988,28.609],[84.988,28.607],[84.989,28.605],[84.992,28.602],[84.993,28.601],[84.994,28.598],[84.99,28.596],[84.987,28.594],[84.984,28.593],[84.979,28.592],[84.975,28.59],[84.971,28.589],[84.968,28.588],[84.964,28.587],[84.961,28.585],[84.957,28.583],[84.953,28.583],[84.951,28.583],[84.95,28.585],[84.949,28.588],[84.948,28.591],[84.946,28.595],[84.944,28.598],[84.94,28.598],[84.938,28.597],[84.934,28.597],[84.929,28.596],[84.926,28.596],[84.922,28.595],[84.919,28.593],[84.916,28.592],[84.913,28.59],[84.909,28.59],[84.906,28.592],[84.896,28.59],[84.893,28.588],[84.891,28.586],[84.887,28.584],[84.884,28.583],[84.88,28.583],[84.878,28.583],[84.874,28.582],[84.87,28.582],[84.867,28.581],[84.864,28.58],[84.862,28.578],[84.86,28.576],[84.859,28.575],[84.856,28.575],[84.853,28.576],[84.85,28.578],[84.846,28.58],[84.843,28.582],[84.839,28.583],[84.835,28.585],[84.831,28.587],[84.82,28.591],[84.817,28.593],[84.814,28.594],[84.811,28.596],[84.807,28.598],[84.805,28.6],[84.801,28.602],[84.797,28.604],[84.794,28.605],[84.792,28.606],[84.788,28.608],[84.784,28.61],[84.777,28.612],[84.774,28.612],[84.771,28.612],[84.769,28.612],[84.765,28.614],[84.762,28.615],[84.759,28.616],[84.756,28.617],[84.752,28.618],[84.749,28.619],[84.746,28.619],[84.743,28.619],[84.739,28.618],[84.735,28.619],[84.731,28.62],[84.727,28.623],[84.726,28.624],[84.725,28.626],[84.723,28.628],[84.721,28.63],[84.718,28.632],[84.716,28.633],[84.712,28.635],[84.709,28.636],[84.705,28.635],[84.702,28.636],[84.699,28.637],[84.699,28.642],[84.7,28.645],[84.7,28.648],[84.701,28.651],[84.7,28.653],[84.7,28.656],[84.701,28.659],[84.702,28.661],[84.704,28.663],[84.705,28.666],[84.706,28.669],[84.705,28.671],[84.703,28.672],[84.7,28.672],[84.696,28.674],[84.693,28.677],[84.691,28.679],[84.688,28.68],[84.684,28.681],[84.681,28.681],[84.676,28.681],[84.674,28.682],[84.67,28.685],[84.67,28.686],[84.67,28.69],[84.668,28.694],[84.662,28.699],[84.66,28.7],[84.657,28.702],[84.655,28.703],[84.653,28.705],[84.652,28.707],[84.651,28.71],[84.651,28.713],[84.65,28.716],[84.649,28.718],[84.647,28.722],[84.645,28.724],[84.638,28.729],[84.637,28.73],[84.634,28.731],[84.631,28.733],[84.627,28.735],[84.624,28.736],[84.621,28.737],[84.618,28.737],[84.615,28.737],[84.611,28.736],[84.608,28.736],[84.606,28.735],[84.604,28.735],[84.602,28.735],[84.6,28.736],[84.598,28.736],[84.596,28.736],[84.593,28.736],[84.591,28.736],[84.58,28.735],[84.578,28.735],[84.576,28.735],[84.573,28.736],[84.57,28.737],[84.568,28.739],[84.566,28.742],[84.564,28.744],[84.563,28.745],[84.561,28.746],[84.559,28.747],[84.558,28.75],[84.556,28.752],[84.554,28.751],[84.552,28.749],[84.55,28.747],[84.546,28.745],[84.542,28.744],[84.539,28.744],[84.532,28.745],[84.529,28.745],[84.527,28.745],[84.523,28.745],[84.52,28.746],[84.517,28.748],[84.515,28.749],[84.512,28.748],[84.507,28.746],[84.494,28.737],[84.49,28.738],[84.489,28.738],[84.488,28.74],[84.487,28.742],[84.485,28.743],[84.484,28.745],[84.482,28.747],[84.478,28.749],[84.476,28.749],[84.473,28.75],[84.472,28.752],[84.468,28.753],[84.464,28.753],[84.462,28.753],[84.46,28.755],[84.459,28.758],[84.458,28.762],[84.456,28.765],[84.453,28.766],[84.45,28.767],[84.447,28.767],[84.444,28.768],[84.441,28.77],[84.44,28.773],[84.441,28.776],[84.443,28.778],[84.445,28.78],[84.446,28.782],[84.447,28.786],[84.446,28.788],[84.445,28.792],[84.444,28.795],[84.443,28.797],[84.441,28.798],[84.438,28.799],[84.435,28.801],[84.434,28.803],[84.433,28.806],[84.433,28.81],[84.432,28.813],[84.433,28.816],[84.435,28.819],[84.438,28.82],[84.438,28.822],[84.434,28.823],[84.431,28.825],[84.428,28.827],[84.424,28.829],[84.422,28.831],[84.418,28.832],[84.415,28.832],[84.409,28.83],[84.405,28.83],[84.402,28.832],[84.4,28.834],[84.4,28.837],[84.401,28.839],[84.403,28.84],[84.406,28.842],[84.408,28.843],[84.409,28.846],[84.409,28.849],[84.408,28.851],[84.407,28.853],[84.405,28.855],[84.402,28.857],[84.398,28.859],[84.397,28.859],[84.394,28.86],[84.392,28.861],[84.39,28.861],[84.385,28.861],[84.382,28.861],[84.379,28.861],[84.376,28.861],[84.372,28.86],[84.369,28.86],[84.366,28.859],[84.362,28.858],[84.358,28.858],[84.356,28.86],[84.354,28.862],[84.352,28.865],[84.351,28.866],[84.349,28.868],[84.346,28.87],[84.343,28.871],[84.341,28.871],[84.338,28.87],[84.334,28.867],[84.333,28.866],[84.331,28.864],[84.328,28.863],[84.327,28.863],[84.325,28.864],[84.324,28.865],[84.323,28.867],[84.321,28.867],[84.319,28.868],[84.317,28.869],[84.314,28.869],[84.307,28.871],[84.306,28.871],[84.303,28.871],[84.3,28.873],[84.298,28.874],[84.296,28.875],[84.294,28.876],[84.293,28.877],[84.289,28.879],[84.287,28.881],[84.283,28.883],[84.281,28.885],[84.278,28.886],[84.276,28.888],[84.273,28.89],[84.272,28.892],[84.269,28.894],[84.266,28.895],[84.263,28.896],[84.26,28.896],[84.258,28.895],[84.257,28.894],[84.256,28.892],[84.254,28.89],[84.251,28.89],[84.249,28.89],[84.247,28.89],[84.242,28.891],[84.235,28.892],[84.231,28.891],[84.227,28.891],[84.227,28.891],[84.224,28.891],[84.225,28.895],[84.226,28.898],[84.226,28.899],[84.226,28.901],[84.226,28.903],[84.225,28.905],[84.224,28.907],[84.222,28.91],[84.221,28.911],[84.221,28.915],[84.222,28.916],[84.223,28.919],[84.224,28.922],[84.225,28.926],[84.226,28.929],[84.226,28.932],[84.227,28.935],[84.228,28.939],[84.229,28.942],[84.231,28.949],[84.232,28.951],[84.232,28.952],[84.233,28.955],[84.234,28.959],[84.235,28.962],[84.236,28.966],[84.238,28.969],[84.24,28.971],[84.242,28.974],[84.242,28.977],[84.241,28.983],[84.24,28.985],[84.24,28.986],[84.24,28.989],[84.241,28.992],[84.241,28.995],[84.241,28.998],[84.242,29.0],[84.243,29.003],[84.245,29.005],[84.246,29.007],[84.248,29.01],[84.25,29.012],[84.253,29.018],[84.254,29.02],[84.254,29.023],[84.254,29.024],[84.253,29.027],[84.252,29.029],[84.251,29.031],[84.25,29.033],[84.249,29.035],[84.249,29.037],[84.248,29.039],[84.247,29.041],[84.244,29.044],[84.241,29.045],[84.239,29.045],[84.236,29.046],[84.233,29.049],[84.23,29.051],[84.227,29.052],[84.225,29.053],[84.223,29.053],[84.22,29.053],[84.216,29.053],[84.212,29.052],[84.209,29.052],[84.205,29.051],[84.201,29.049],[84.199,29.048],[84.197,29.047],[84.194,29.046],[84.192,29.047],[84.191,29.048],[84.19,29.051],[84.19,29.053],[84.191,29.054],[84.191,29.056],[84.191,29.058],[84.191,29.06],[84.19,29.063],[84.189,29.068],[84.188,29.07],[84.188,29.072],[84.189,29.074],[84.189,29.075],[84.189,29.077],[84.19,29.08],[84.192,29.083],[84.194,29.085],[84.197,29.09],[84.198,29.092],[84.199,29.096],[84.199,29.097],[84.2,29.099],[84.202,29.101],[84.203,29.103],[84.204,29.105],[84.204,29.106],[84.205,29.108],[84.205,29.111],[84.205,29.114],[84.204,29.116],[84.205,29.119],[84.205,29.121],[84.203,29.125],[84.201,29.125],[84.2,29.125],[84.196,29.124],[84.192,29.125],[84.189,29.125],[84.186,29.126],[84.184,29.128],[84.181,29.129],[84.179,29.131],[84.178,29.132],[84.177,29.135],[84.176,29.137],[84.176,29.138],[84.176,29.139],[84.176,29.141],[84.176,29.143],[84.177,29.15],[84.176,29.151],[84.175,29.153],[84.174,29.156],[84.172,29.158],[84.171,29.16],[84.17,29.163],[84.17,29.166],[84.17,29.169],[84.171,29.172],[84.17,29.175],[84.168,29.181],[84.167,29.182],[84.167,29.185],[84.167,29.187],[84.167,29.19],[84.168,29.192],[84.169,29.195],[84.169,29.197],[84.169,29.199],[84.171,29.201],[84.173,29.202],[84.176,29.204],[84.178,29.206],[84.18,29.208],[84.183,29.209],[84.185,29.21],[84.188,29.21],[84.192,29.21],[84.197,29.212],[84.198,29.213],[84.199,29.214],[84.2,29.216],[84.201,29.218],[84.201,29.221],[84.201,29.226],[84.201,29.227],[84.202,29.23],[84.203,29.233],[84.203,29.236],[84.204,29.239],[84.205,29.242],[84.203,29.243],[84.199,29.244],[84.197,29.245],[84.193,29.245],[84.19,29.245],[84.188,29.244],[84.185,29.242],[84.181,29.24],[84.178,29.24],[84.176,29.24],[84.174,29.241],[84.168,29.243],[84.166,29.244],[84.164,29.244],[84.161,29.243],[84.158,29.242],[84.153,29.241],[84.151,29.24],[84.147,29.239],[84.144,29.239],[84.142,29.239],[84.138,29.24],[84.136,29.24],[84.134,29.242],[84.132,29.244],[84.13,29.245],[84.128,29.246],[84.126,29.247],[84.122,29.247],[84.119,29.248],[84.116,29.248],[84.115,29.25],[84.114,29.252],[84.115,29.255],[84.116,29.259],[84.115,29.261],[84.115,29.262],[84.116,29.263],[84.117,29.265],[84.118,29.266],[84.12,29.269],[84.121,29.27],[84.122,29.272],[84.122,29.276],[84.122,29.277],[84.121,29.279],[84.119,29.281],[84.117,29.283],[84.115,29.284],[84.112,29.285],[84.108,29.287],[84.105,29.288],[84.101,29.29],[84.094,29.294],[84.093,29.294],[84.09,29.294],[84.088,29.294],[84.085,29.293],[84.083,29.291],[84.082,29.288],[84.08,29.287],[84.076,29.286],[84.074,29.287],[84.071,29.287],[84.068,29.288],[84.066,29.29],[84.064,29.29],[84.061,29.292],[84.059,29.293],[84.054,29.296],[84.052,29.298],[84.05,29.3],[84.047,29.301],[84.045,29.301],[84.043,29.301],[84.042,29.3],[84.04,29.299],[84.039,29.298],[84.036,29.297],[84.033,29.295],[84.031,29.293],[84.03,29.292],[84.029,29.289],[84.028,29.288],[84.026,29.287],[84.025,29.288],[84.023,29.288],[84.02,29.29],[84.019,29.29],[84.017,29.29],[84.014,29.292],[84.012,29.293],[84.01,29.295],[84.008,29.296],[84.005,29.295],[84.002,29.295],[83.999,29.297],[83.992,29.299],[83.991,29.301],[83.992,29.302],[83.993,29.304],[83.995,29.305],[83.998,29.307],[84.0,29.308],[84.002,29.31],[84.003,29.313],[84.003,29.314],[84.001,29.316],[84.0,29.317],[83.997,29.318],[83.996,29.319],[83.993,29.321],[83.99,29.323],[83.987,29.324],[83.984,29.325],[83.981,29.327],[83.975,29.329],[83.972,29.33],[83.97,29.331],[83.966,29.331],[83.964,29.33],[83.962,29.329],[83.961,29.328],[83.959,29.326],[83.957,29.324],[83.955,29.321],[83.953,29.319],[83.951,29.318],[83.948,29.318],[83.945,29.318],[83.942,29.319],[83.94,29.319],[83.936,29.32],[83.931,29.32],[83.929,29.32],[83.927,29.321],[83.924,29.323],[83.922,29.324],[83.913,29.325],[83.911,29.325],[83.908,29.325],[83.904,29.325],[83.903,29.323],[83.901,29.322],[83.9,29.32],[83.898,29.32],[83.896,29.32],[83.893,29.32],[83.891,29.32],[83.888,29.319],[83.886,29.318],[83.883,29.317],[83.88,29.316],[83.877,29.315],[83.874,29.314],[83.87,29.313],[83.867,29.312],[83.864,29.311],[83.861,29.31],[83.857,29.306],[83.856,29.305],[83.855,29.302],[83.853,29.301],[83.85,29.3],[83.848,29.3],[83.846,29.3],[83.845,29.3],[83.843,29.3],[83.842,29.301],[83.839,29.301],[83.837,29.301],[83.835,29.301],[83.832,29.301],[83.828,29.301],[83.826,29.302],[83.824,29.303],[83.821,29.303],[83.819,29.303],[83.815,29.301],[83.814,29.3],[83.813,29.297],[83.813,29.295],[83.813,29.293],[83.812,29.29],[83.81,29.288],[83.809,29.286],[83.807,29.285],[83.805,29.284],[83.802,29.283],[83.799,29.282],[83.798,29.279],[83.798,29.277],[83.798,29.275],[83.799,29.272],[83.8,29.27],[83.801,29.267],[83.802,29.264],[83.803,29.262],[83.803,29.26],[83.803,29.258],[83.801,29.256],[83.8,29.254],[83.799,29.251],[83.798,29.25],[83.796,29.25],[83.794,29.25],[83.791,29.25],[83.79,29.249],[83.788,29.248],[83.785,29.247],[83.784,29.246],[83.78,29.247],[83.778,29.248],[83.775,29.247],[83.773,29.246],[83.771,29.245],[83.768,29.243],[83.766,29.243],[83.765,29.243],[83.761,29.244],[83.758,29.244],[83.756,29.244],[83.753,29.244],[83.749,29.244],[83.747,29.244],[83.745,29.245],[83.741,29.245],[83.738,29.245],[83.735,29.245],[83.73,29.245],[83.728,29.245],[83.725,29.245],[83.724,29.245],[83.72,29.245],[83.717,29.244],[83.714,29.243],[83.711,29.241],[83.708,29.238],[83.706,29.236],[83.704,29.234],[83.703,29.232],[83.701,29.229],[83.699,29.227],[83.698,29.225],[83.696,29.223],[83.694,29.222],[83.693,29.22],[83.691,29.217],[83.689,29.215],[83.688,29.215],[83.686,29.213],[83.685,29.213],[83.682,29.211],[83.681,29.21],[83.678,29.209],[83.676,29.208],[83.675,29.208],[83.672,29.207],[83.67,29.206],[83.666,29.206],[83.665,29.205],[83.662,29.205],[83.66,29.204],[83.658,29.204],[83.657,29.203],[83.657,29.201],[83.657,29.199],[83.658,29.197],[83.659,29.193],[83.66,29.192],[83.66,29.189],[83.661,29.187],[83.661,29.185],[83.661,29.183],[83.662,29.182],[83.662,29.18],[83.661,29.178],[83.664,29.176],[83.666,29.175],[83.667,29.174],[83.667,29.172],[83.667,29.17],[83.667,29.168],[83.666,29.164],[83.666,29.162],[83.666,29.161],[83.667,29.158],[83.668,29.158],[83.671,29.156],[83.673,29.156],[83.675,29.155],[83.676,29.154],[83.678,29.153],[83.679,29.152],[83.68,29.149],[83.68,29.145],[83.68,29.144],[83.68,29.141],[83.68,29.138],[83.681,29.135],[83.682,29.133],[83.683,29.13],[83.683,29.128],[83.682,29.127],[83.682,29.125],[83.68,29.124],[83.678,29.122],[83.675,29.122],[83.673,29.122],[83.669,29.124],[83.668,29.124],[83.665,29.123],[83.662,29.123],[83.659,29.123],[83.657,29.122],[83.656,29.12],[83.656,29.117],[83.656,29.115],[83.656,29.113],[83.655,29.111],[83.654,29.109],[83.652,29.107],[83.65,29.107],[83.648,29.108],[83.647,29.11],[83.646,29.112],[83.645,29.114],[83.643,29.114],[83.642,29.112],[83.641,29.109],[83.64,29.108],[83.638,29.106],[83.635,29.105],[83.633,29.104],[83.63,29.104],[83.628,29.103],[83.626,29.102],[83.624,29.101],[83.622,29.1],[83.621,29.099],[83.621,29.096],[83.622,29.094],[83.623,29.093],[83.625,29.092],[83.627,29.091],[83.628,29.09],[83.63,29.087],[83.631,29.085],[83.631,29.082],[83.632,29.08],[83.632,29.078],[83.633,29.076],[83.634,29.073],[83.635,29.071],[83.635,29.069],[83.635,29.067],[83.633,29.065],[83.632,29.064],[83.629,29.063],[83.627,29.062],[83.625,29.06],[83.624,29.058],[83.623,29.056],[83.623,29.054],[83.623,29.05],[83.623,29.047],[83.622,29.044],[83.62,29.042],[83.62,29.041],[83.618,29.039],[83.617,29.037],[83.618,29.035],[83.618,29.033],[83.618,29.03],[83.617,29.028],[83.617,29.026],[83.619,29.025],[83.62,29.024],[83.621,29.022],[83.62,29.02],[83.618,29.017],[83.618,29.015],[83.619,29.014],[83.62,29.012],[83.621,29.01],[83.62,29.007],[83.619,29.005],[83.619,29.003],[83.619,28.999],[83.619,28.997],[83.618,28.993],[83.617,28.989],[83.617,28.987],[83.616,28.985],[83.615,28.983],[83.612,28.981],[83.608,28.981],[83.606,28.983],[83.604,28.985],[83.602,28.985],[83.6,28.985],[83.597,28.984],[83.595,28.981],[83.593,28.979],[83.592,28.977],[83.591,28.974],[83.589,28.971],[83.588,28.967],[83.587,28.966],[83.585,28.963],[83.584,28.962],[83.582,28.959],[83.58,28.956],[83.579,28.955],[83.574,28.951],[83.572,28.95],[83.569,28.948],[83.567,28.947],[83.565,28.946],[83.563,28.945],[83.562,28.943],[83.561,28.942],[83.56,28.939],[83.559,28.937],[83.558,28.935],[83.557,28.933],[83.555,28.93],[83.553,28.928],[83.551,28.926],[83.548,28.924],[83.547,28.922],[83.545,28.92],[83.543,28.918],[83.541,28.916],[83.539,28.914],[83.537,28.912],[83.535,28.91],[83.534,28.909],[83.532,28.907],[83.529,28.905],[83.528,28.902],[83.526,28.901],[83.523,28.897],[83.521,28.895],[83.518,28.893],[83.516,28.89],[83.513,28.888],[83.509,28.885],[83.507,28.883],[83.505,28.88],[83.504,28.878],[83.503,28.874],[83.503,28.872],[83.504,28.869],[83.505,28.867],[83.506,28.864],[83.507,28.861],[83.507,28.858],[83.506,28.855],[83.505,28.852],[83.504,28.848],[83.501,28.844],[83.498,28.844],[83.495,28.845],[83.492,28.846],[83.49,28.846],[83.487,28.845],[83.486,28.843],[83.486,28.839],[83.486,28.836],[83.486,28.833],[83.486,28.83],[83.485,28.827],[83.485,28.825],[83.484,28.821],[83.485,28.818],[83.485,28.815],[83.486,28.813],[83.489,28.809],[83.489,28.806],[83.49,28.804],[83.491,28.802],[83.491,28.799],[83.491,28.796],[83.491,28.794],[83.491,28.793],[83.49,28.79],[83.488,28.787],[83.482,28.785],[83.478,28.785],[83.475,28.784],[83.473,28.784],[83.47,28.782],[83.467,28.782],[83.464,28.78],[83.461,28.777],[83.458,28.774],[83.455,28.773],[83.451,28.771],[83.447,28.771],[83.444,28.77],[83.44,28.77],[83.436,28.769],[83.433,28.769],[83.426,28.767],[83.422,28.766],[83.418,28.765],[83.414,28.763],[83.41,28.762],[83.406,28.761],[83.404,28.761],[83.402,28.761],[83.399,28.762],[83.394,28.762],[83.391,28.761],[83.388,28.759],[83.384,28.757],[83.382,28.755],[83.379,28.751],[83.377,28.748],[83.374,28.744],[83.372,28.741],[83.369,28.737],[83.367,28.735],[83.365,28.734],[83.363,28.733],[83.36,28.733],[83.356,28.733],[83.353,28.734],[83.351,28.734],[83.348,28.735],[83.347,28.735],[83.342,28.736],[83.34,28.737],[83.336,28.737],[83.333,28.736],[83.33,28.735],[83.326,28.735],[83.324,28.734],[83.32,28.734],[83.316,28.734],[83.314,28.734],[83.311,28.733],[83.306,28.732],[83.302,28.73],[83.299,28.73],[83.294,28.728],[83.289,28.726],[83.286,28.725],[83.283,28.723],[83.28,28.722],[83.278,28.721],[83.275,28.721],[83.272,28.722],[83.269,28.722],[83.267,28.723],[83.264,28.723],[83.261,28.724],[83.259,28.724],[83.257,28.724],[83.254,28.726],[83.253,28.727],[83.251,28.728],[83.249,28.73],[83.248,28.732],[83.247,28.733],[83.245,28.734],[83.244,28.735],[83.242,28.737],[83.24,28.74],[83.238,28.741],[83.236,28.743],[83.233,28.743],[83.231,28.742],[83.228,28.741],[83.225,28.739],[83.223,28.736],[83.222,28.735],[83.22,28.734],[83.218,28.733],[83.215,28.732],[83.213,28.731],[83.212,28.732],[83.21,28.732],[83.209,28.733],[83.207,28.733],[83.204,28.735],[83.202,28.736],[83.201,28.737],[83.199,28.739],[83.197,28.739],[83.194,28.74],[83.192,28.741],[83.19,28.741],[83.188,28.742],[83.185,28.743],[83.182,28.744],[83.179,28.745],[83.176,28.746],[83.174,28.746],[83.17,28.745],[83.168,28.746],[83.165,28.746],[83.162,28.746],[83.159,28.747],[83.156,28.747],[83.154,28.747],[83.151,28.746],[83.149,28.746],[83.147,28.746],[83.143,28.74],[83.143,28.738],[83.143,28.73],[83.145,28.722],[83.147,28.715],[83.15,28.709],[83.151,28.704],[83.152,28.699],[83.151,28.695],[83.15,28.694],[83.144,28.692],[83.143,28.687],[83.143,28.682],[83.143,28.678],[83.14,28.674],[83.133,28.672],[83.129,28.673],[83.125,28.674],[83.122,28.67],[83.123,28.666],[83.123,28.662],[83.123,28.657],[83.124,28.654],[83.122,28.65],[83.12,28.647],[83.116,28.639],[83.116,28.633],[83.115,28.629],[83.113,28.629],[83.112,28.63],[83.11,28.631],[83.108,28.633],[83.105,28.633],[83.102,28.633],[83.099,28.633],[83.097,28.633],[83.094,28.631],[83.091,28.631],[83.088,28.629],[83.086,28.628],[83.083,28.625],[83.08,28.623],[83.077,28.621],[83.075,28.621],[83.072,28.62],[83.07,28.62],[83.067,28.619],[83.065,28.618],[83.063,28.618],[83.062,28.618],[83.061,28.619],[83.059,28.62],[83.056,28.621],[83.054,28.623],[83.052,28.624],[83.05,28.625],[83.049,28.627],[83.047,28.627],[83.045,28.627],[83.042,28.626],[83.04,28.625],[83.038,28.623],[83.036,28.623],[83.034,28.624],[83.031,28.624],[83.029,28.623],[83.027,28.622],[83.025,28.621],[83.024,28.62],[83.023,28.62],[83.023,28.619],[83.019,28.62],[83.015,28.621],[83.013,28.621],[83.01,28.621],[83.009,28.621],[83.008,28.621],[83.005,28.62],[83.001,28.621],[83.001,28.622],[82.998,28.623],[82.997,28.623],[82.995,28.624],[82.993,28.625],[82.992,28.625],[82.989,28.625],[82.985,28.625],[82.983,28.623],[82.981,28.623],[82.977,28.623],[82.974,28.622],[82.972,28.622],[82.969,28.62],[82.965,28.617],[82.964,28.616],[82.961,28.613],[82.96,28.61],[82.958,28.607],[82.958,28.603],[82.958,28.599],[82.958,28.596],[82.959,28.593],[82.96,28.591],[82.961,28.588],[82.963,28.586],[82.965,28.584],[82.967,28.582],[82.969,28.58],[82.972,28.579],[82.975,28.578],[82.977,28.576],[82.98,28.576],[82.984,28.573],[82.985,28.572],[82.987,28.57],[82.988,28.568],[82.989,28.566],[82.988,28.563],[82.988,28.561],[82.986,28.559],[82.985,28.557],[82.984,28.556],[82.983,28.553],[82.982,28.551],[82.981,28.548],[82.98,28.546],[82.979,28.544],[82.976,28.541],[82.975,28.54],[82.973,28.541],[82.97,28.543],[82.969,28.546],[82.968,28.549],[82.967,28.551],[82.965,28.552],[82.962,28.552],[82.96,28.553],[82.957,28.552],[82.957,28.552],[82.951,28.554],[82.948,28.556],[82.941,28.559],[82.935,28.562],[82.932,28.564],[82.927,28.565],[82.923,28.565],[82.918,28.562],[82.918,28.56],[82.918,28.56],[82.918,28.558],[82.918,28.556],[82.918,28.556],[82.918,28.554],[82.918,28.553],[82.918,28.551],[82.917,28.549],[82.917,28.547],[82.917,28.546],[82.917,28.543],[82.917,28.542],[82.917,28.537],[82.917,28.535],[82.917,28.534],[82.917,28.532],[82.917,28.531],[82.917,28.529],[82.916,28.526],[82.914,28.526],[82.913,28.525],[82.913,28.524],[82.912,28.522],[82.911,28.521],[82.908,28.519],[82.904,28.517],[82.903,28.516],[82.903,28.516],[82.9,28.516],[82.898,28.516],[82.896,28.516],[82.894,28.516],[82.89,28.515],[82.888,28.515],[82.885,28.515],[82.883,28.516],[82.882,28.516],[82.88,28.516]]]}},{"type":"Feature","properties":{"id":5,"name":"Lumbini","name_ne":"लुम्बिनी","level":"province","capital":"Deukhuri"},"geometry":{"type":"MultiPolygon","coordinates":[[[[81.061,28.397],[81.064,28.398],[81.065,28.396],[81.067,28.395],[81.068,28.394],[81.071,28.393],[81.072,28.391],[81.074,28.39],[81.076,28.388],[81.078,28.387],[81.08,28.386],[81.081,28.385],[81.084,28.384],[81.086,28.383],[81.089,28.382],[81.092,28.381],[81.096,28.38],[81.099,28.38],[81.102,28.379],[81.104,28.379],[81.107,28.378],[81.109,28.378],[81.112,28.378],[81.115,28.378],[81.116,28.377],[81.122,28.376],[81.126,28.375],[81.128,28.375],[81.131,28.374],[81.134,28.374],[81.136,28.373],[81.139,28.373],[81.142,28.372],[81.146,28.371],[81.148,28.37],[81.151,28.37],[81.153,28.369],[81.156,28.369],[81.159,28.369],[81.161,28.369],[81.163,28.368],[81.165,28.368],[81.173,28.367],[81.174,28.366],[81.177,28.366],[81.18,28.365],[81.182,28.365],[81.185,28.364],[81.188,28.364],[81.191,28.363],[81.194,28.363],[81.197,28.362],[81.198,28.362],[81.2,28.362],[81.204,28.361],[81.206,28.36],[81.209,28.36],[81.211,28.359],[81.213,28.358],[81.215,28.357],[81.216,28.356],[81.218,28.352],[81.219,28.35],[81.221,28.347],[81.222,28.344],[81.224,28.342],[81.225,28.34],[81.227,28.338],[81.229,28.335],[81.23,28.333],[81.232,28.33],[81.234,28.328],[81.235,28.326],[81.236,28.323],[81.237,28.321],[81.238,28.318],[81.237,28.317],[81.237,28.315],[81.237,28.313],[81.237,28.312],[81.236,28.31],[81.236,28.308],[81.236,28.304],[81.236,28.302],[81.236,28.298],[81.236,28.296],[81.236,28.293],[81.236,28.291],[81.236,28.289],[81.237,28.286],[81.238,28.284],[81.24,28.282],[81.242,28.279],[81.244,28.277],[81.245,28.276],[81.246,28.274],[81.247,28.272],[81.248,28.27],[81.25,28.268],[81.251,28.266],[81.252,28.265],[81.254,28.263],[81.255,28.261],[81.257,28.259],[81.26,28.255],[81.262,28.253],[81.264,28.251],[81.266,28.249],[81.268,28.248],[81.269,28.246],[81.271,28.244],[81.273,28.242],[81.275,28.24],[81.277,28.239],[81.279,28.236],[81.281,28.234],[81.283,28.232],[81.286,28.23],[81.287,28.229],[81.289,28.227],[81.291,28.226],[81.293,28.224],[81.295,28.223],[81.3,28.218],[81.303,28.217],[81.306,28.215],[81.307,28.213],[81.31,28.211],[81.312,28.208],[81.314,28.206],[81.317,28.203],[81.318,28.201],[81.32,28.198],[81.321,28.195],[81.322,28.192],[81.322,28.19],[81.321,28.187],[81.321,28.184],[81.321,28.181],[81.322,28.178],[81.323,28.177],[81.324,28.175],[81.325,28.173],[81.325,28.17],[81.324,28.169],[81.322,28.168],[81.32,28.167],[81.318,28.167],[81.314,28.167],[81.312,28.168],[81.309,28.168],[81.306,28.167],[81.304,28.167],[81.304,28.164],[81.306,28.162],[81.307,28.16],[81.31,28.16],[81.312,28.159],[81.314,28.157],[81.315,28.155],[81.317,28.155],[81.318,28.156],[81.319,28.158],[81.321,28.159],[81.323,28.157],[81.324,28.156],[81.325,28.154],[81.327,28.151],[81.329,28.15],[81.33,28.148],[81.329,28.147],[81.326,28.146],[81.323,28.145],[81.321,28.143],[81.319,28.141],[81.319,28.139],[81.319,28.136],[81.32,28.134],[81.322,28.133],[81.325,28.133],[81.327,28.134],[81.328,28.135],[81.334,28.138],[81.338,28.139],[81.34,28.139],[81.341,28.14],[81.343,28.14],[81.346,28.14],[81.35,28.14],[81.353,28.14],[81.354,28.14],[81.358,28.14],[81.36,28.14],[81.363,28.141],[81.366,28.141],[81.368,28.142],[81.37,28.143],[81.372,28.144],[81.374,28.146],[81.375,28.148],[81.376,28.15],[81.378,28.153],[81.378,28.154],[81.379,28.155],[81.379,28.157],[81.376,28.159],[81.373,28.16],[81.371,28.161],[81.371,28.164],[81.373,28.167],[81.375,28.169],[81.377,28.172],[81.377,28.173],[81.378,28.175],[81.384,28.174],[81.388,28.174],[81.392,28.174],[81.395,28.173],[81.398,28.173],[81.401,28.174],[81.405,28.174],[81.409,28.174],[81.412,28.175],[81.414,28.174],[81.417,28.174],[81.419,28.174],[81.421,28.173],[81.427,28.172],[81.429,28.171],[81.433,28.17],[81.436,28.169],[81.44,28.166],[81.442,28.165],[81.445,28.163],[81.448,28.161],[81.449,28.158],[81.449,28.157],[81.45,28.155],[81.451,28.153],[81.451,28.152],[81.453,28.148],[81.453,28.145],[81.453,28.143],[81.453,28.139],[81.454,28.136],[81.456,28.134],[81.458,28.133],[81.461,28.131],[81.464,28.13],[81.466,28.129],[81.468,28.127],[81.47,28.126],[81.472,28.126],[81.477,28.123],[81.48,28.122],[81.483,28.12],[81.485,28.118],[81.486,28.115],[81.486,28.112],[81.485,28.109],[81.484,28.106],[81.483,28.104],[81.483,28.101],[81.482,28.098],[81.482,28.095],[81.481,28.093],[81.481,28.09],[81.481,28.087],[81.482,28.084],[81.484,28.083],[81.486,28.081],[81.488,28.079],[81.495,28.075],[81.498,28.074],[81.501,28.072],[81.503,28.07],[81.506,28.069],[81.507,28.068],[81.51,28.066],[81.514,28.065],[81.517,28.064],[81.52,28.063],[81.524,28.061],[81.526,28.06],[81.528,28.059],[81.537,28.056],[81.539,28.055],[81.541,28.053],[81.545,28.052],[81.548,28.05],[81.551,28.048],[81.554,28.046],[81.556,28.044],[81.559,28.042],[81.563,28.04],[81.566,28.039],[81.568,28.037],[81.57,28.035],[81.572,28.033],[81.576,28.031],[81.579,28.029],[81.582,28.028],[81.585,28.027],[81.589,28.024],[81.593,28.022],[81.595,28.021],[81.599,28.019],[81.603,28.018],[81.606,28.016],[81.609,28.015],[81.612,28.014],[81.614,28.012],[81.617,28.011],[81.621,28.009],[81.623,28.006],[81.625,28.004],[81.629,28.003],[81.632,28.002],[81.635,28.0],[81.637,27.999],[81.64,27.998],[81.642,27.996],[81.644,27.993],[81.649,27.992],[81.653,27.991],[81.656,27.991],[81.659,27.991],[81.661,27.991],[81.667,27.99],[81.669,27.99],[81.674,27.99],[81.678,27.99],[81.683,27.99],[81.686,27.99],[81.689,27.99],[81.693,27.99],[81.697,27.988],[81.699,27.988],[81.702,27.985],[81.704,27.984],[81.706,27.983],[81.711,27.98],[81.714,27.977],[81.717,27.975],[81.72,27.972],[81.723,27.97],[81.725,27.968],[81.727,27.966],[81.73,27.964],[81.733,27.963],[81.736,27.961],[81.739,27.958],[81.743,27.955],[81.745,27.953],[81.747,27.952],[81.749,27.95],[81.751,27.949],[81.753,27.947],[81.754,27.946],[81.757,27.944],[81.758,27.942],[81.76,27.94],[81.762,27.937],[81.765,27.934],[81.768,27.931],[81.772,27.928],[81.775,27.926],[81.779,27.924],[81.781,27.922],[81.784,27.92],[81.787,27.917],[81.79,27.915],[81.792,27.913],[81.795,27.911],[81.798,27.909],[81.802,27.906],[81.804,27.904],[81.808,27.902],[81.812,27.903],[81.816,27.904],[81.819,27.904],[81.823,27.903],[81.827,27.901],[81.83,27.9],[81.833,27.898],[81.835,27.897],[81.842,27.893],[81.845,27.889],[81.848,27.887],[81.852,27.884],[81.855,27.882],[81.858,27.88],[81.862,27.877],[81.864,27.876],[81.867,27.874],[81.87,27.872],[81.872,27.871],[81.877,27.868],[81.88,27.865],[81.882,27.862],[81.885,27.857],[81.888,27.856],[81.891,27.855],[81.896,27.855],[81.899,27.855],[81.904,27.855],[81.908,27.855],[81.913,27.856],[81.916,27.857],[81.92,27.858],[81.925,27.86],[81.928,27.861],[81.928,27.862],[81.928,27.864],[81.928,27.867],[81.928,27.871],[81.929,27.875],[81.929,27.878],[81.932,27.882],[81.934,27.884],[81.938,27.887],[81.94,27.89],[81.942,27.893],[81.944,27.896],[81.947,27.9],[81.948,27.902],[81.95,27.905],[81.953,27.907],[81.955,27.91],[81.957,27.913],[81.959,27.915],[81.962,27.919],[81.964,27.921],[81.967,27.924],[81.969,27.926],[81.97,27.927],[81.972,27.928],[81.977,27.929],[81.981,27.929],[81.983,27.929],[81.99,27.929],[81.993,27.929],[81.997,27.928],[82.0,27.927],[82.004,27.926],[82.006,27.926],[82.012,27.925],[82.018,27.925],[82.023,27.924],[82.028,27.924],[82.032,27.923],[82.041,27.924],[82.045,27.924],[82.05,27.924],[82.053,27.923],[82.057,27.923],[82.061,27.922],[82.064,27.922],[82.065,27.922],[82.067,27.922],[82.069,27.923],[82.071,27.92],[82.076,27.914],[82.081,27.908],[82.086,27.901],[82.098,27.89],[82.104,27.886],[82.111,27.88],[82.116,27.874],[82.121,27.869],[82.126,27.866],[82.136,27.864],[82.146,27.862],[82.151,27.867],[82.154,27.867],[82.162,27.864],[82.17,27.861],[82.181,27.856],[82.19,27.852],[82.192,27.852],[82.196,27.851],[82.204,27.847],[82.21,27.843],[82.218,27.835],[82.226,27.828],[82.233,27.823],[82.243,27.818],[82.251,27.815],[82.258,27.81],[82.265,27.805],[82.272,27.8],[82.277,27.795],[82.283,27.791],[82.289,27.787],[82.297,27.782],[82.314,27.772],[82.332,27.762],[82.343,27.757],[82.352,27.753],[82.362,27.748],[82.37,27.742],[82.374,27.733],[82.38,27.725],[82.386,27.719],[82.389,27.715],[82.397,27.709],[82.406,27.704],[82.416,27.698],[82.425,27.693],[82.434,27.689],[82.45,27.682],[82.459,27.679],[82.469,27.678],[82.477,27.679],[82.482,27.683],[82.488,27.683],[82.495,27.686],[82.503,27.688],[82.51,27.69],[82.519,27.692],[82.524,27.691],[82.53,27.688],[82.536,27.688],[82.541,27.687],[82.551,27.689],[82.561,27.692],[82.573,27.695],[82.584,27.698],[82.593,27.7],[82.6,27.701],[82.609,27.706],[82.619,27.704],[82.626,27.706],[82.631,27.711],[82.641,27.709],[82.649,27.712],[82.658,27.715],[82.666,27.721],[82.667,27.723],[82.669,27.72],[82.671,27.716],[82.675,27.715],[82.681,27.716],[82.692,27.716],[82.699,27.719],[82.704,27.721],[82.706,27.717],[82.708,27.718],[82.71,27.72],[82.708,27.708],[82.71,27.702],[82.714,27.697],[82.718,27.692],[82.72,27.686],[82.72,27.68],[82.719,27.677],[82.716,27.674],[82.717,27.67],[82.718,27.668],[82.719,27.667],[82.719,27.666],[82.718,27.665],[82.716,27.664],[82.716,27.663],[82.718,27.663],[82.719,27.663],[82.721,27.662],[82.721,27.66],[82.721,27.658],[82.721,27.657],[82.722,27.657],[82.724,27.658],[82.727,27.658],[82.73,27.654],[82.732,27.652],[82.733,27.649],[82.732,27.645],[82.734,27.645],[82.738,27.644],[82.74,27.64],[82.74,27.637],[82.738,27.635],[82.736,27.634],[82.737,27.633],[82.739,27.633],[82.742,27.632],[82.742,27.631],[82.741,27.63],[82.739,27.628],[82.74,27.627],[82.741,27.625],[82.74,27.621],[82.737,27.618],[82.739,27.615],[82.738,27.612],[82.739,27.61],[82.741,27.608],[82.744,27.605],[82.747,27.601],[82.75,27.597],[82.753,27.594],[82.756,27.589],[82.756,27.584],[82.755,27.58],[82.751,27.574],[82.748,27.569],[82.748,27.564],[82.745,27.561],[82.744,27.559],[82.748,27.557],[82.748,27.555],[82.744,27.553],[82.742,27.552],[82.742,27.551],[82.741,27.549],[82.742,27.547],[82.744,27.544],[82.743,27.539],[82.743,27.538],[82.744,27.537],[82.744,27.534],[82.743,27.533],[82.745,27.531],[82.747,27.529],[82.751,27.524],[82.75,27.522],[82.746,27.521],[82.744,27.518],[82.741,27.517],[82.739,27.517],[82.738,27.514],[82.737,27.51],[82.737,27.507],[82.737,27.504],[82.739,27.504],[82.744,27.503],[82.747,27.502],[82.751,27.502],[82.755,27.502],[82.758,27.502],[82.762,27.501],[82.767,27.501],[82.771,27.5],[82.775,27.499],[82.786,27.497],[82.79,27.497],[82.801,27.496],[82.806,27.496],[82.809,27.497],[82.813,27.498],[82.822,27.5],[82.827,27.502],[82.831,27.503],[82.835,27.502],[82.837,27.502],[82.842,27.5],[82.846,27.5],[82.85,27.499],[82.855,27.498],[82.861,27.498],[82.867,27.497],[82.873,27.497],[82.885,27.497],[82.891,27.497],[82.902,27.498],[82.91,27.5],[82.913,27.501],[82.915,27.501],[82.92,27.502],[82.922,27.502],[82.929,27.501],[82.932,27.5],[82.937,27.497],[82.94,27.494],[82.942,27.491],[82.945,27.486],[82.946,27.482],[82.947,27.48],[82.948,27.477],[82.953,27.471],[82.957,27.469],[82.963,27.467],[82.975,27.462],[82.98,27.462],[82.987,27.461],[82.992,27.461],[82.997,27.46],[82.999,27.459],[83.003,27.457],[83.008,27.455],[83.018,27.454],[83.023,27.452],[83.029,27.451],[83.036,27.449],[83.045,27.45],[83.052,27.45],[83.055,27.45],[83.059,27.451],[83.064,27.451],[83.07,27.452],[83.077,27.452],[83.087,27.453],[83.095,27.454],[83.102,27.454],[83.11,27.455],[83.118,27.455],[83.125,27.455],[83.14,27.456],[83.147,27.457],[83.16,27.458],[83.166,27.458],[83.172,27.457],[83.178,27.456],[83.188,27.454],[83.194,27.45],[83.198,27.446],[83.202,27.441],[83.209,27.431],[83.212,27.426],[83.215,27.422],[83.22,27.418],[83.221,27.417],[83.225,27.415],[83.231,27.411],[83.237,27.407],[83.244,27.404],[83.255,27.395],[83.262,27.39],[83.268,27.385],[83.273,27.382],[83.274,27.381],[83.274,27.374],[83.272,27.368],[83.271,27.365],[83.271,27.36],[83.274,27.355],[83.279,27.351],[83.284,27.345],[83.29,27.339],[83.294,27.337],[83.298,27.335],[83.299,27.335],[83.304,27.334],[83.306,27.334],[83.312,27.333],[83.314,27.333],[83.317,27.333],[83.319,27.333],[83.32,27.335],[83.322,27.336],[83.328,27.337],[83.334,27.335],[83.339,27.334],[83.343,27.336],[83.349,27.339],[83.355,27.341],[83.361,27.346],[83.362,27.35],[83.365,27.353],[83.368,27.356],[83.371,27.36],[83.374,27.364],[83.376,27.369],[83.38,27.371],[83.385,27.374],[83.386,27.377],[83.386,27.381],[83.388,27.388],[83.39,27.392],[83.404,27.405],[83.407,27.41],[83.408,27.415],[83.405,27.419],[83.399,27.424],[83.394,27.428],[83.389,27.434],[83.386,27.439],[83.389,27.443],[83.394,27.446],[83.399,27.449],[83.403,27.458],[83.403,27.464],[83.401,27.466],[83.396,27.468],[83.394,27.47],[83.393,27.47],[83.392,27.472],[83.394,27.478],[83.402,27.479],[83.409,27.478],[83.414,27.479],[83.42,27.478],[83.427,27.478],[83.435,27.478],[83.442,27.478],[83.451,27.477],[83.467,27.477],[83.476,27.476],[83.483,27.476],[83.489,27.475],[83.498,27.474],[83.505,27.474],[83.512,27.473],[83.52,27.473],[83.528,27.472],[83.535,27.472],[83.543,27.472],[83.551,27.471],[83.559,27.471],[83.565,27.471],[83.571,27.47],[83.586,27.47],[83.594,27.469],[83.601,27.469],[83.607,27.469],[83.611,27.469],[83.618,27.468],[83.622,27.466],[83.634,27.461],[83.642,27.457],[83.647,27.454],[83.654,27.451],[83.663,27.447],[83.669,27.444],[83.675,27.441],[83.681,27.438],[83.688,27.435],[83.693,27.432],[83.699,27.429],[83.705,27.426],[83.71,27.424],[83.717,27.421],[83.724,27.417],[83.73,27.415],[83.739,27.411],[83.746,27.408],[83.752,27.406],[83.759,27.402],[83.767,27.399],[83.775,27.395],[83.784,27.391],[83.79,27.389],[83.797,27.386],[83.806,27.382],[83.813,27.38],[83.821,27.377],[83.826,27.373],[83.83,27.37],[83.844,27.362],[83.849,27.359],[83.854,27.355],[83.86,27.351],[83.867,27.348],[83.868,27.348],[83.87,27.348],[83.874,27.35],[83.878,27.353],[83.884,27.355],[83.891,27.358],[83.896,27.362],[83.904,27.369],[83.907,27.373],[83.908,27.376],[83.908,27.38],[83.908,27.384],[83.908,27.387],[83.904,27.388],[83.895,27.389],[83.888,27.389],[83.883,27.389],[83.881,27.389],[83.876,27.393],[83.876,27.397],[83.878,27.401],[83.877,27.41],[83.873,27.417],[83.871,27.423],[83.871,27.428],[83.874,27.433],[83.881,27.436],[83.888,27.437],[83.895,27.439],[83.901,27.44],[83.911,27.442],[83.919,27.444],[83.925,27.446],[83.929,27.448],[83.932,27.448],[83.936,27.449],[83.937,27.451],[83.941,27.456],[83.942,27.458],[83.944,27.463],[83.945,27.468],[83.945,27.476],[83.943,27.482],[83.942,27.487],[83.945,27.491],[83.952,27.495],[83.961,27.5],[83.966,27.503],[83.972,27.51],[83.971,27.517],[83.968,27.521],[83.964,27.525],[83.958,27.526],[83.954,27.525],[83.949,27.519],[83.945,27.516],[83.938,27.514],[83.934,27.512],[83.929,27.514],[83.924,27.516],[83.921,27.521],[83.921,27.528],[83.921,27.534],[83.922,27.539],[83.925,27.543],[83.925,27.543],[83.923,27.552],[83.924,27.559],[83.916,27.566],[83.901,27.559],[83.885,27.567],[83.876,27.584],[83.876,27.59],[83.871,27.595],[83.871,27.605],[83.857,27.604],[83.852,27.608],[83.864,27.639],[83.86,27.653],[83.843,27.652],[83.83,27.653],[83.819,27.663],[83.808,27.662],[83.793,27.671],[83.767,27.677],[83.759,27.677],[83.754,27.68],[83.745,27.677],[83.736,27.68],[83.729,27.679],[83.723,27.68],[83.727,27.685],[83.729,27.688],[83.727,27.692],[83.726,27.697],[83.726,27.702],[83.728,27.706],[83.732,27.711],[83.737,27.713],[83.744,27.717],[83.749,27.719],[83.757,27.719],[83.768,27.72],[83.775,27.722],[83.783,27.723],[83.799,27.721],[83.807,27.718],[83.813,27.715],[83.821,27.713],[83.827,27.713],[83.832,27.71],[83.838,27.711],[83.84,27.716],[83.84,27.721],[83.842,27.725],[83.843,27.73],[83.844,27.732],[83.854,27.731],[83.857,27.733],[83.861,27.734],[83.867,27.734],[83.873,27.734],[83.879,27.734],[83.885,27.734],[83.89,27.733],[83.895,27.731],[83.899,27.73],[83.901,27.73],[83.903,27.733],[83.906,27.736],[83.909,27.735],[83.913,27.732],[83.918,27.73],[83.921,27.728],[83.927,27.728],[83.927,27.731],[83.929,27.735],[83.933,27.737],[83.937,27.739],[83.943,27.742],[83.948,27.744],[83.953,27.746],[83.955,27.746],[83.961,27.747],[83.961,27.747],[83.979,27.751],[83.983,27.751],[83.991,27.752],[83.995,27.759],[83.994,27.766],[83.996,27.771],[83.998,27.777],[84.0,27.782],[84.003,27.79],[84.004,27.791],[84.012,27.798],[84.016,27.803],[84.017,27.806],[84.019,27.81],[84.021,27.814],[84.023,27.818],[84.025,27.821],[84.025,27.823],[84.026,27.827],[84.029,27.829],[84.028,27.831],[84.027,27.832],[84.026,27.834],[84.026,27.837],[84.025,27.841],[84.025,27.845],[84.026,27.849],[84.029,27.852],[84.031,27.858],[84.028,27.859],[84.025,27.86],[84.023,27.861],[84.021,27.861],[84.02,27.859],[84.021,27.856],[84.022,27.854],[84.02,27.852],[84.018,27.853],[84.014,27.854],[84.012,27.854],[84.008,27.856],[84.004,27.857],[84.002,27.858],[84.0,27.86],[83.998,27.863],[83.996,27.865],[83.995,27.866],[83.993,27.867],[83.989,27.868],[83.987,27.868],[83.983,27.868],[83.98,27.868],[83.978,27.869],[83.976,27.87],[83.974,27.872],[83.972,27.873],[83.97,27.873],[83.967,27.872],[83.965,27.872],[83.961,27.872],[83.958,27.872],[83.956,27.872],[83.952,27.872],[83.95,27.871],[83.948,27.872],[83.947,27.873],[83.946,27.874],[83.945,27.876],[83.942,27.877],[83.941,27.877],[83.939,27.876],[83.937,27.875],[83.936,27.873],[83.933,27.872],[83.932,27.871],[83.929,27.871],[83.927,27.87],[83.925,27.87],[83.922,27.87],[83.919,27.871],[83.918,27.871],[83.914,27.874],[83.913,27.876],[83.912,27.878],[83.91,27.88],[83.909,27.881],[83.905,27.881],[83.903,27.881],[83.899,27.882],[83.896,27.882],[83.894,27.883],[83.891,27.883],[83.888,27.882],[83.885,27.882],[83.883,27.882],[83.882,27.883],[83.881,27.885],[83.876,27.887],[83.874,27.886],[83.871,27.885],[83.868,27.883],[83.865,27.882],[83.863,27.879],[83.862,27.877],[83.862,27.875],[83.861,27.873],[83.86,27.872],[83.857,27.873],[83.855,27.874],[83.854,27.877],[83.852,27.879],[83.85,27.88],[83.848,27.879],[83.847,27.877],[83.848,27.874],[83.848,27.872],[83.848,27.871],[83.848,27.869],[83.847,27.868],[83.845,27.868],[83.842,27.868],[83.84,27.868],[83.836,27.87],[83.833,27.871],[83.829,27.874],[83.826,27.875],[83.823,27.875],[83.821,27.874],[83.819,27.873],[83.817,27.871],[83.814,27.871],[83.811,27.872],[83.808,27.873],[83.807,27.874],[83.804,27.877],[83.802,27.88],[83.799,27.882],[83.795,27.884],[83.794,27.884],[83.792,27.886],[83.79,27.887],[83.787,27.889],[83.785,27.892],[83.783,27.894],[83.782,27.897],[83.781,27.899],[83.778,27.901],[83.776,27.904],[83.774,27.905],[83.772,27.907],[83.764,27.909],[83.763,27.909],[83.761,27.908],[83.759,27.906],[83.759,27.904],[83.757,27.903],[83.755,27.903],[83.753,27.904],[83.751,27.907],[83.749,27.908],[83.745,27.908],[83.746,27.906],[83.747,27.903],[83.747,27.902],[83.746,27.9],[83.744,27.901],[83.741,27.902],[83.739,27.903],[83.737,27.905],[83.735,27.908],[83.733,27.909],[83.73,27.912],[83.728,27.913],[83.726,27.914],[83.724,27.916],[83.722,27.918],[83.72,27.919],[83.717,27.919],[83.714,27.919],[83.711,27.918],[83.708,27.918],[83.706,27.917],[83.704,27.917],[83.7,27.917],[83.697,27.917],[83.695,27.918],[83.693,27.921],[83.692,27.921],[83.688,27.92],[83.686,27.919],[83.683,27.918],[83.681,27.92],[83.681,27.922],[83.68,27.925],[83.678,27.926],[83.676,27.926],[83.673,27.926],[83.668,27.922],[83.667,27.92],[83.666,27.919],[83.665,27.917],[83.664,27.915],[83.663,27.913],[83.661,27.91],[83.661,27.908],[83.659,27.906],[83.658,27.904],[83.657,27.902],[83.654,27.901],[83.652,27.9],[83.648,27.9],[83.645,27.9],[83.642,27.901],[83.639,27.901],[83.637,27.901],[83.635,27.902],[83.634,27.903],[83.634,27.906],[83.634,27.908],[83.635,27.91],[83.634,27.913],[83.633,27.915],[83.63,27.915],[83.628,27.916],[83.626,27.916],[83.625,27.916],[83.624,27.918],[83.623,27.921],[83.624,27.923],[83.624,27.925],[83.622,27.926],[83.621,27.927],[83.617,27.927],[83.616,27.927],[83.614,27.926],[83.612,27.925],[83.61,27.924],[83.607,27.923],[83.605,27.923],[83.603,27.924],[83.6,27.925],[83.598,27.926],[83.597,27.928],[83.596,27.93],[83.592,27.931],[83.59,27.931],[83.587,27.931],[83.584,27.931],[83.581,27.931],[83.578,27.931],[83.577,27.932],[83.577,27.934],[83.578,27.936],[83.578,27.938],[83.576,27.94],[83.574,27.94],[83.572,27.938],[83.57,27.937],[83.568,27.935],[83.563,27.933],[83.559,27.932],[83.557,27.931],[83.555,27.93],[83.553,27.929],[83.55,27.928],[83.548,27.927],[83.545,27.926],[83.543,27.927],[83.54,27.928],[83.539,27.93],[83.537,27.934],[83.534,27.938],[83.532,27.937],[83.531,27.935],[83.53,27.933],[83.529,27.931],[83.529,27.93],[83.528,27.927],[83.527,27.926],[83.525,27.926],[83.523,27.927],[83.523,27.929],[83.522,27.931],[83.521,27.933],[83.519,27.936],[83.517,27.937],[83.515,27.939],[83.513,27.94],[83.51,27.94],[83.509,27.939],[83.508,27.937],[83.508,27.935],[83.509,27.933],[83.509,27.931],[83.509,27.929],[83.508,27.928],[83.507,27.928],[83.506,27.927],[83.504,27.927],[83.501,27.927],[83.499,27.927],[83.497,27.927],[83.493,27.926],[83.492,27.925],[83.49,27.924],[83.487,27.923],[83.485,27.924],[83.483,27.924],[83.48,27.925],[83.478,27.926],[83.475,27.927],[83.473,27.928],[83.471,27.93],[83.469,27.931],[83.467,27.932],[83.465,27.934],[83.463,27.934],[83.461,27.934],[83.459,27.934],[83.457,27.933],[83.453,27.933],[83.451,27.932],[83.449,27.932],[83.447,27.932],[83.445,27.933],[83.443,27.935],[83.443,27.936],[83.442,27.937],[83.442,27.939],[83.443,27.941],[83.444,27.944],[83.446,27.946],[83.447,27.947],[83.449,27.948],[83.452,27.949],[83.454,27.95],[83.455,27.951],[83.458,27.952],[83.46,27.954],[83.461,27.954],[83.463,27.956],[83.465,27.959],[83.467,27.962],[83.468,27.965],[83.469,27.966],[83.47,27.968],[83.472,27.969],[83.475,27.972],[83.476,27.973],[83.48,27.976],[83.483,27.978],[83.487,27.98],[83.489,27.981],[83.491,27.982],[83.493,27.982],[83.496,27.982],[83.497,27.981],[83.499,27.98],[83.5,27.98],[83.501,27.978],[83.503,27.977],[83.504,27.976],[83.505,27.975],[83.507,27.974],[83.509,27.972],[83.511,27.97],[83.513,27.969],[83.515,27.968],[83.517,27.966],[83.519,27.965],[83.523,27.964],[83.525,27.964],[83.528,27.965],[83.531,27.966],[83.533,27.966],[83.535,27.966],[83.538,27.967],[83.54,27.968],[83.543,27.969],[83.545,27.971],[83.547,27.972],[83.549,27.973],[83.551,27.974],[83.555,27.976],[83.557,27.976],[83.559,27.975],[83.561,27.974],[83.563,27.974],[83.566,27.974],[83.568,27.974],[83.571,27.974],[83.572,27.974],[83.575,27.974],[83.577,27.974],[83.579,27.974],[83.581,27.976],[83.583,27.976],[83.584,27.977],[83.587,27.979],[83.589,27.981],[83.589,27.983],[83.589,27.984],[83.589,27.986],[83.591,27.987],[83.593,27.987],[83.594,27.988],[83.596,27.989],[83.598,27.99],[83.6,27.991],[83.602,27.992],[83.603,27.993],[83.604,27.995],[83.606,27.997],[83.607,27.999],[83.606,28.001],[83.607,28.002],[83.607,28.005],[83.607,28.007],[83.608,28.008],[83.609,28.009],[83.61,28.01],[83.611,28.011],[83.611,28.012],[83.61,28.013],[83.609,28.013],[83.608,28.014],[83.606,28.016],[83.605,28.017],[83.604,28.019],[83.602,28.02],[83.601,28.02],[83.599,28.022],[83.597,28.023],[83.597,28.023],[83.595,28.026],[83.593,28.027],[83.591,28.027],[83.589,28.029],[83.587,28.031],[83.585,28.032],[83.582,28.033],[83.578,28.033],[83.574,28.033],[83.571,28.034],[83.569,28.035],[83.567,28.036],[83.567,28.038],[83.567,28.04],[83.567,28.042],[83.566,28.046],[83.566,28.048],[83.567,28.05],[83.568,28.053],[83.568,28.055],[83.569,28.059],[83.569,28.062],[83.57,28.065],[83.571,28.066],[83.573,28.067],[83.574,28.068],[83.576,28.07],[83.578,28.072],[83.579,28.074],[83.581,28.075],[83.582,28.076],[83.584,28.078],[83.582,28.079],[83.58,28.08],[83.58,28.081],[83.579,28.081],[83.578,28.082],[83.577,28.083],[83.574,28.083],[83.572,28.083],[83.571,28.082],[83.568,28.082],[83.565,28.081],[83.563,28.081],[83.56,28.081],[83.557,28.083],[83.555,28.086],[83.554,28.089],[83.554,28.09],[83.552,28.093],[83.551,28.097],[83.55,28.099],[83.549,28.101],[83.547,28.103],[83.546,28.105],[83.543,28.107],[83.542,28.108],[83.54,28.109],[83.537,28.112],[83.535,28.114],[83.534,28.115],[83.528,28.118],[83.527,28.119],[83.525,28.12],[83.522,28.121],[83.519,28.122],[83.517,28.124],[83.516,28.125],[83.514,28.127],[83.511,28.126],[83.511,28.125],[83.51,28.125],[83.508,28.122],[83.506,28.121],[83.503,28.118],[83.5,28.117],[83.498,28.116],[83.496,28.115],[83.493,28.113],[83.491,28.112],[83.488,28.113],[83.485,28.114],[83.483,28.114],[83.481,28.115],[83.475,28.116],[83.473,28.116],[83.471,28.116],[83.469,28.115],[83.466,28.114],[83.464,28.112],[83.461,28.111],[83.459,28.112],[83.458,28.114],[83.456,28.119],[83.456,28.12],[83.455,28.122],[83.453,28.124],[83.451,28.124],[83.448,28.125],[83.447,28.126],[83.442,28.128],[83.44,28.129],[83.439,28.129],[83.436,28.13],[83.433,28.129],[83.431,28.128],[83.428,28.127],[83.425,28.126],[83.423,28.127],[83.422,28.128],[83.422,28.131],[83.423,28.133],[83.424,28.135],[83.423,28.137],[83.422,28.137],[83.42,28.139],[83.418,28.139],[83.416,28.14],[83.414,28.143],[83.415,28.145],[83.416,28.147],[83.417,28.149],[83.418,28.152],[83.419,28.156],[83.418,28.158],[83.418,28.16],[83.417,28.163],[83.417,28.165],[83.415,28.169],[83.415,28.171],[83.412,28.175],[83.411,28.176],[83.408,28.175],[83.406,28.174],[83.403,28.172],[83.399,28.17],[83.396,28.169],[83.393,28.167],[83.39,28.165],[83.387,28.164],[83.383,28.164],[83.381,28.165],[83.379,28.167],[83.378,28.17],[83.377,28.174],[83.376,28.178],[83.375,28.179],[83.372,28.181],[83.371,28.181],[83.37,28.182],[83.369,28.183],[83.367,28.184],[83.366,28.186],[83.365,28.188],[83.366,28.19],[83.366,28.192],[83.365,28.195],[83.361,28.196],[83.359,28.195],[83.357,28.195],[83.355,28.194],[83.352,28.192],[83.351,28.192],[83.349,28.191],[83.347,28.189],[83.345,28.189],[83.343,28.188],[83.34,28.188],[83.337,28.188],[83.333,28.188],[83.331,28.188],[83.328,28.189],[83.325,28.189],[83.322,28.189],[83.319,28.19],[83.315,28.19],[83.313,28.191],[83.312,28.191],[83.309,28.192],[83.307,28.193],[83.305,28.193],[83.303,28.193],[83.301,28.193],[83.298,28.192],[83.297,28.192],[83.294,28.191],[83.292,28.19],[83.289,28.189],[83.286,28.188],[83.283,28.187],[83.282,28.186],[83.28,28.186],[83.278,28.187],[83.276,28.188],[83.275,28.19],[83.275,28.191],[83.275,28.192],[83.275,28.193],[83.274,28.195],[83.273,28.197],[83.272,28.198],[83.271,28.199],[83.269,28.2],[83.267,28.201],[83.265,28.201],[83.263,28.202],[83.262,28.203],[83.26,28.205],[83.259,28.207],[83.258,28.209],[83.257,28.211],[83.256,28.213],[83.255,28.214],[83.254,28.215],[83.251,28.217],[83.249,28.217],[83.248,28.218],[83.247,28.218],[83.245,28.219],[83.243,28.22],[83.241,28.22],[83.241,28.221],[83.24,28.222],[83.238,28.223],[83.236,28.226],[83.235,28.228],[83.234,28.228],[83.233,28.23],[83.231,28.231],[83.23,28.232],[83.229,28.234],[83.228,28.236],[83.226,28.238],[83.225,28.239],[83.223,28.241],[83.222,28.242],[83.22,28.245],[83.219,28.246],[83.216,28.248],[83.215,28.249],[83.213,28.251],[83.212,28.252],[83.21,28.253],[83.208,28.253],[83.206,28.255],[83.204,28.256],[83.203,28.257],[83.202,28.258],[83.197,28.261],[83.196,28.262],[83.196,28.262],[83.194,28.264],[83.193,28.264],[83.192,28.266],[83.19,28.267],[83.188,28.269],[83.186,28.271],[83.184,28.274],[83.183,28.274],[83.183,28.276],[83.183,28.277],[83.18,28.277],[83.179,28.277],[83.177,28.278],[83.175,28.277],[83.172,28.276],[83.168,28.275],[83.166,28.274],[83.164,28.272],[83.161,28.27],[83.159,28.268],[83.156,28.266],[83.153,28.264],[83.152,28.262],[83.15,28.26],[83.148,28.259],[83.147,28.257],[83.144,28.255],[83.142,28.253],[83.139,28.252],[83.138,28.251],[83.136,28.25],[83.134,28.249],[83.132,28.249],[83.129,28.252],[83.128,28.252],[83.125,28.253],[83.122,28.252],[83.118,28.252],[83.114,28.252],[83.112,28.252],[83.11,28.253],[83.107,28.254],[83.105,28.256],[83.102,28.257],[83.1,28.258],[83.099,28.258],[83.098,28.259],[83.098,28.262],[83.099,28.264],[83.1,28.267],[83.101,28.269],[83.101,28.273],[83.101,28.273],[83.101,28.274],[83.099,28.275],[83.097,28.276],[83.096,28.278],[83.095,28.279],[83.095,28.28],[83.095,28.281],[83.095,28.282],[83.094,28.284],[83.094,28.285],[83.091,28.288],[83.09,28.29],[83.088,28.292],[83.086,28.295],[83.081,28.299],[83.079,28.3],[83.078,28.3],[83.075,28.302],[83.074,28.304],[83.073,28.305],[83.073,28.308],[83.072,28.312],[83.071,28.313],[83.07,28.314],[83.068,28.316],[83.065,28.317],[83.063,28.318],[83.06,28.318],[83.059,28.319],[83.056,28.32],[83.053,28.321],[83.052,28.322],[83.048,28.326],[83.047,28.326],[83.044,28.327],[83.043,28.326],[83.04,28.325],[83.038,28.324],[83.034,28.323],[83.032,28.324],[83.03,28.324],[83.026,28.325],[83.024,28.326],[83.022,28.327],[83.02,28.329],[83.017,28.334],[83.016,28.335],[83.014,28.334],[83.013,28.333],[83.012,28.333],[83.009,28.334],[83.009,28.333],[83.009,28.334],[83.007,28.335],[83.007,28.335],[83.006,28.336],[83.006,28.336],[83.004,28.336],[83.003,28.339],[83.001,28.341],[83.0,28.345],[82.998,28.347],[82.995,28.351],[82.993,28.352],[82.992,28.353],[82.989,28.355],[82.987,28.356],[82.985,28.358],[82.983,28.359],[82.981,28.359],[82.979,28.36],[82.973,28.359],[82.971,28.359],[82.969,28.359],[82.965,28.358],[82.962,28.359],[82.96,28.36],[82.959,28.362],[82.957,28.365],[82.957,28.369],[82.956,28.371],[82.954,28.376],[82.953,28.377],[82.952,28.38],[82.952,28.381],[82.951,28.383],[82.949,28.387],[82.948,28.389],[82.947,28.393],[82.946,28.395],[82.943,28.4],[82.94,28.401],[82.939,28.401],[82.935,28.401],[82.932,28.401],[82.929,28.401],[82.926,28.4],[82.924,28.401],[82.922,28.401],[82.921,28.404],[82.921,28.407],[82.921,28.41],[82.922,28.412],[82.922,28.417],[82.92,28.42],[82.919,28.421],[82.917,28.424],[82.916,28.426],[82.916,28.429],[82.916,28.432],[82.916,28.435],[82.915,28.438],[82.913,28.439],[82.912,28.441],[82.909,28.444],[82.907,28.446],[82.905,28.447],[82.902,28.448],[82.893,28.451],[82.891,28.452],[82.89,28.454],[82.889,28.457],[82.889,28.459],[82.888,28.46],[82.887,28.462],[82.886,28.464],[82.886,28.467],[82.886,28.47],[82.885,28.473],[82.884,28.475],[82.884,28.476],[82.885,28.477],[82.887,28.479],[82.889,28.479],[82.891,28.479],[82.894,28.479],[82.896,28.479],[82.899,28.478],[82.902,28.477],[82.905,28.476],[82.909,28.475],[82.911,28.475],[82.914,28.476],[82.915,28.478],[82.916,28.479],[82.914,28.483],[82.912,28.484],[82.91,28.485],[82.909,28.487],[82.907,28.488],[82.904,28.49],[82.903,28.491],[82.9,28.493],[82.898,28.495],[82.896,28.498],[82.895,28.499],[82.893,28.502],[82.891,28.504],[82.89,28.506],[82.888,28.507],[82.886,28.509],[82.883,28.511],[82.881,28.513],[82.88,28.516],[82.882,28.516],[82.883,28.516],[82.885,28.515],[82.888,28.515],[82.89,28.515],[82.894,28.516],[82.896,28.516],[82.898,28.516],[82.9,28.516],[82.903,28.516],[82.903,28.516],[82.904,28.517],[82.908,28.519],[82.911,28.521],[82.912,28.522],[82.913,28.524],[82.913,28.525],[82.914,28.526],[82.916,28.526],[82.917,28.529],[82.917,28.531],[82.917,28.532],[82.917,28.534],[82.917,28.535],[82.917,28.537],[82.917,28.542],[82.917,28.543],[82.917,28.546],[82.917,28.547],[82.917,28.549],[82.918,28.551],[82.918,28.553],[82.918,28.554],[82.918,28.556],[82.918,28.556],[82.918,28.558],[82.918,28.56],[82.918,28.56],[82.918,28.562],[82.923,28.565],[82.927,28.565],[82.932,28.564],[82.935,28.562],[82.941,28.559],[82.948,28.556],[82.951,28.554],[82.957,28.552],[82.957,28.552],[82.96,28.553],[82.962,28.552],[82.965,28.552],[82.967,28.551],[82.968,28.549],[82.969,28.546],[82.97,28.543],[82.973,28.541],[82.975,28.54],[82.976,28.541],[82.979,28.544],[82.98,28.546],[82.981,28.548],[82.982,28.551],[82.983,28.553],[82.984,28.556],[82.985,28.557],[82.986,28.559],[82.988,28.561],[82.988,28.563],[82.989,28.566],[82.988,28.568],[82.987,28.57],[82.985,28.572],[82.984,28.573],[82.98,28.576],[82.977,28.576],[82.975,28.578],[82.972,28.579],[82.969,28.58],[82.967,28.582],[82.965,28.584],[82.963,28.586],[82.961,28.588],[82.96,28.591],[82.959,28.593],[82.958,28.596],[82.958,28.599],[82.958,28.603],[82.958,28.607],[82.96,28.61],[82.961,28.613],[82.964,28.616],[82.965,28.617],[82.969,28.62],[82.972,28.622],[82.974,28.622],[82.977,28.623],[82.981,28.623],[82.983,28.623],[82.985,28.625],[82.989,28.625],[82.992,28.625],[82.993,28.625],[82.995,28.624],[82.997,28.623],[82.998,28.623],[83.001,28.622],[83.001,28.621],[83.005,28.62],[83.008,28.621],[83.009,28.621],[83.01,28.621],[83.013,28.621],[83.015,28.621],[83.019,28.62],[83.023,28.619],[83.023,28.62],[83.024,28.62],[83.025,28.621],[83.027,28.622],[83.029,28.623],[83.031,28.624],[83.034,28.624],[83.036,28.623],[83.038,28.623],[83.04,28.625],[83.042,28.626],[83.045,28.627],[83.047,28.627],[83.049,28.627],[83.05,28.625],[83.052,28.624],[83.054,28.623],[83.056,28.621],[83.059,28.62],[83.061,28.619],[83.062,28.618],[83.063,28.618],[83.065,28.618],[83.067,28.619],[83.07,28.62],[83.072,28.62],[83.075,28.621],[83.077,28.621],[83.08,28.623],[83.083,28.625],[83.086,28.628],[83.088,28.629],[83.091,28.631],[83.094,28.631],[83.097,28.633],[83.099,28.633],[83.102,28.633],[83.105,28.633],[83.108,28.633],[83.11,28.631],[83.112,28.63],[83.113,28.629],[83.115,28.629],[83.116,28.633],[83.116,28.639],[83.12,28.647],[83.122,28.65],[83.124,28.654],[83.123,28.657],[83.123,28.662],[83.123,28.666],[83.122,28.67],[83.125,28.674],[83.129,28.673],[83.133,28.672],[83.14,28.674],[83.143,28.678],[83.143,28.682],[83.143,28.687],[83.144,28.692],[83.15,28.694],[83.151,28.695],[83.152,28.699],[83.151,28.704],[83.15,28.709],[83.147,28.715],[83.145,28.722],[83.143,28.73],[83.143,28.738],[83.143,28.74],[83.143,28.74],[83.14,28.743],[83.135,28.743],[83.124,28.742],[83.117,28.741],[83.114,28.741],[83.11,28.744],[83.106,28.751],[83.105,28.757],[83.103,28.762],[83.099,28.769],[83.096,28.771],[83.09,28.777],[83.086,28.78],[83.083,28.787],[83.078,28.787],[83.075,28.785],[83.071,28.783],[83.068,28.783],[83.062,28.785],[83.058,28.786],[83.052,28.788],[83.044,28.793],[83.039,28.795],[83.034,28.796],[83.029,28.794],[83.022,28.794],[83.018,28.796],[83.015,28.8],[83.009,28.801],[83.0,28.806],[82.994,28.805],[82.987,28.805],[82.982,28.804],[82.978,28.808],[82.971,28.815],[82.967,28.819],[82.962,28.824],[82.956,28.824],[82.953,28.828],[82.948,28.831],[82.94,28.83],[82.93,28.829],[82.927,28.831],[82.921,28.832],[82.912,28.832],[82.905,28.834],[82.901,28.831],[82.895,28.829],[82.889,28.829],[82.883,28.83],[82.88,28.832],[82.877,28.833],[82.875,28.831],[82.876,28.829],[82.877,28.827],[82.878,28.825],[82.876,28.821],[82.872,28.819],[82.868,28.818],[82.863,28.819],[82.859,28.821],[82.854,28.824],[82.851,28.824],[82.846,28.823],[82.841,28.822],[82.84,28.825],[82.842,28.828],[82.843,28.83],[82.843,28.831],[82.84,28.832],[82.837,28.831],[82.835,28.831],[82.831,28.831],[82.828,28.832],[82.825,28.832],[82.823,28.831],[82.819,28.832],[82.815,28.831],[82.811,28.829],[82.805,28.825],[82.8,28.822],[82.795,28.822],[82.787,28.822],[82.784,28.822],[82.779,28.82],[82.775,28.816],[82.771,28.814],[82.766,28.814],[82.762,28.815],[82.758,28.819],[82.755,28.824],[82.751,28.832],[82.751,28.833],[82.749,28.836],[82.746,28.841],[82.744,28.845],[82.741,28.848],[82.738,28.85],[82.734,28.85],[82.728,28.849],[82.724,28.848],[82.72,28.85],[82.715,28.852],[82.711,28.855],[82.706,28.856],[82.702,28.859],[82.7,28.863],[82.698,28.865],[82.691,28.863],[82.685,28.861],[82.679,28.856],[82.673,28.852],[82.667,28.853],[82.663,28.856],[82.658,28.861],[82.656,28.866],[82.65,28.87],[82.643,28.867],[82.639,28.86],[82.637,28.855],[82.63,28.854],[82.626,28.848],[82.625,28.844],[82.626,28.841],[82.624,28.836],[82.619,28.829],[82.615,28.826],[82.617,28.819],[82.62,28.814],[82.62,28.809],[82.615,28.808],[82.613,28.807],[82.613,28.806],[82.609,28.804],[82.607,28.802],[82.604,28.8],[82.604,28.798],[82.601,28.797],[82.6,28.796],[82.598,28.793],[82.595,28.791],[82.591,28.791],[82.589,28.789],[82.59,28.786],[82.588,28.784],[82.586,28.782],[82.584,28.781],[82.581,28.78],[82.579,28.778],[82.576,28.776],[82.573,28.775],[82.571,28.773],[82.569,28.771],[82.567,28.771],[82.567,28.77],[82.567,28.768],[82.563,28.769],[82.562,28.768],[82.563,28.767],[82.565,28.765],[82.564,28.762],[82.564,28.76],[82.567,28.758],[82.567,28.752],[82.566,28.748],[82.566,28.744],[82.568,28.745],[82.569,28.744],[82.571,28.743],[82.573,28.741],[82.58,28.741],[82.586,28.74],[82.592,28.74],[82.595,28.743],[82.599,28.743],[82.602,28.743],[82.602,28.738],[82.602,28.733],[82.603,28.731],[82.603,28.728],[82.606,28.723],[82.605,28.718],[82.605,28.716],[82.613,28.712],[82.617,28.709],[82.615,28.703],[82.614,28.698],[82.614,28.695],[82.616,28.692],[82.616,28.69],[82.612,28.688],[82.604,28.687],[82.601,28.684],[82.601,28.677],[82.6,28.671],[82.598,28.669],[82.59,28.667],[82.587,28.664],[82.583,28.665],[82.578,28.664],[82.573,28.658],[82.564,28.651],[82.56,28.646],[82.555,28.644],[82.548,28.647],[82.543,28.646],[82.538,28.647],[82.538,28.65],[82.534,28.65],[82.529,28.654],[82.525,28.655],[82.521,28.66],[82.518,28.661],[82.514,28.66],[82.508,28.661],[82.503,28.663],[82.5,28.669],[82.494,28.67],[82.491,28.672],[82.485,28.673],[82.479,28.674],[82.474,28.67],[82.471,28.671],[82.465,28.67],[82.462,28.673],[82.461,28.67],[82.453,28.671],[82.45,28.671],[82.448,28.668],[82.444,28.663],[82.44,28.658],[82.451,28.655],[82.454,28.649],[82.458,28.651],[82.461,28.646],[82.466,28.646],[82.47,28.644],[82.479,28.645],[82.485,28.641],[82.494,28.637],[82.508,28.631],[82.508,28.63],[82.509,28.628],[82.512,28.628],[82.518,28.626],[82.53,28.625],[82.541,28.622],[82.544,28.623],[82.543,28.626],[82.547,28.628],[82.55,28.626],[82.552,28.626],[82.547,28.623],[82.546,28.619],[82.552,28.616],[82.554,28.616],[82.559,28.612],[82.562,28.61],[82.568,28.611],[82.571,28.611],[82.578,28.614],[82.58,28.611],[82.58,28.608],[82.58,28.603],[82.581,28.601],[82.581,28.595],[82.579,28.59],[82.582,28.586],[82.578,28.585],[82.576,28.58],[82.57,28.578],[82.567,28.578],[82.565,28.579],[82.563,28.58],[82.562,28.581],[82.557,28.58],[82.554,28.582],[82.546,28.575],[82.544,28.573],[82.538,28.571],[82.536,28.571],[82.534,28.568],[82.533,28.567],[82.531,28.565],[82.53,28.562],[82.529,28.559],[82.533,28.556],[82.534,28.555],[82.532,28.556],[82.527,28.557],[82.521,28.555],[82.516,28.553],[82.509,28.551],[82.503,28.552],[82.497,28.553],[82.494,28.549],[82.493,28.543],[82.491,28.538],[82.485,28.533],[82.48,28.53],[82.472,28.528],[82.468,28.524],[82.463,28.521],[82.457,28.52],[82.451,28.521],[82.445,28.522],[82.44,28.523],[82.434,28.523],[82.429,28.524],[82.423,28.526],[82.417,28.529],[82.418,28.524],[82.417,28.52],[82.416,28.514],[82.412,28.51],[82.409,28.506],[82.41,28.501],[82.412,28.498],[82.409,28.496],[82.396,28.492],[82.396,28.491],[82.393,28.482],[82.393,28.478],[82.393,28.475],[82.393,28.471],[82.393,28.468],[82.392,28.467],[82.39,28.464],[82.383,28.463],[82.378,28.461],[82.373,28.459],[82.374,28.454],[82.376,28.449],[82.377,28.443],[82.378,28.438],[82.378,28.432],[82.373,28.427],[82.367,28.426],[82.36,28.425],[82.355,28.424],[82.351,28.423],[82.352,28.419],[82.355,28.412],[82.359,28.408],[82.364,28.406],[82.368,28.402],[82.371,28.398],[82.372,28.392],[82.372,28.386],[82.375,28.38],[82.381,28.377],[82.384,28.374],[82.382,28.368],[82.379,28.36],[82.38,28.355],[82.379,28.351],[82.374,28.349],[82.369,28.347],[82.366,28.342],[82.365,28.336],[82.367,28.333],[82.371,28.332],[82.374,28.327],[82.374,28.323],[82.377,28.318],[82.378,28.313],[82.377,28.307],[82.381,28.301],[82.386,28.295],[82.39,28.29],[82.393,28.286],[82.397,28.282],[82.399,28.276],[82.4,28.272],[82.403,28.269],[82.406,28.264],[82.407,28.262],[82.41,28.26],[82.413,28.257],[82.415,28.251],[82.419,28.246],[82.421,28.242],[82.421,28.238],[82.418,28.232],[82.415,28.228],[82.41,28.224],[82.399,28.218],[82.398,28.216],[82.397,28.214],[82.397,28.212],[82.397,28.209],[82.396,28.206],[82.395,28.203],[82.393,28.201],[82.392,28.199],[82.391,28.197],[82.39,28.195],[82.393,28.194],[82.392,28.193],[82.392,28.192],[82.389,28.189],[82.386,28.189],[82.379,28.188],[82.374,28.19],[82.37,28.193],[82.365,28.198],[82.36,28.203],[82.354,28.208],[82.349,28.21],[82.341,28.211],[82.336,28.213],[82.33,28.215],[82.326,28.218],[82.32,28.221],[82.318,28.223],[82.316,28.225],[82.315,28.229],[82.314,28.236],[82.315,28.242],[82.315,28.246],[82.312,28.249],[82.309,28.25],[82.305,28.249],[82.301,28.248],[82.297,28.248],[82.292,28.247],[82.287,28.248],[82.283,28.249],[82.278,28.249],[82.273,28.248],[82.264,28.246],[82.26,28.245],[82.257,28.242],[82.253,28.241],[82.247,28.241],[82.242,28.241],[82.237,28.242],[82.232,28.244],[82.227,28.248],[82.223,28.25],[82.221,28.251],[82.218,28.251],[82.213,28.25],[82.207,28.247],[82.2,28.245],[82.196,28.247],[82.192,28.25],[82.19,28.251],[82.185,28.252],[82.175,28.254],[82.168,28.252],[82.164,28.248],[82.159,28.245],[82.153,28.242],[82.145,28.243],[82.139,28.248],[82.135,28.251],[82.132,28.253],[82.129,28.254],[82.125,28.255],[82.12,28.254],[82.115,28.253],[82.11,28.254],[82.105,28.256],[82.102,28.257],[82.098,28.257],[82.093,28.255],[82.088,28.252],[82.083,28.248],[82.078,28.244],[82.073,28.243],[82.066,28.242],[82.06,28.242],[82.054,28.241],[82.05,28.241],[82.048,28.236],[82.044,28.231],[82.04,28.224],[82.039,28.219],[82.035,28.217],[82.031,28.213],[82.029,28.211],[82.028,28.209],[82.027,28.205],[82.026,28.203],[82.025,28.199],[82.024,28.196],[82.024,28.194],[82.024,28.193],[82.024,28.192],[82.023,28.19],[82.023,28.188],[82.022,28.186],[82.02,28.182],[82.02,28.178],[82.017,28.173],[82.014,28.168],[82.014,28.166],[82.014,28.165],[82.014,28.164],[82.015,28.163],[82.016,28.162],[82.016,28.16],[82.012,28.159],[82.006,28.159],[82.002,28.16],[81.998,28.163],[81.996,28.166],[81.992,28.169],[81.988,28.174],[81.984,28.177],[81.98,28.179],[81.977,28.182],[81.976,28.183],[81.97,28.184],[81.966,28.188],[81.964,28.192],[81.957,28.195],[81.95,28.197],[81.943,28.201],[81.937,28.205],[81.933,28.209],[81.926,28.213],[81.922,28.22],[81.918,28.228],[81.91,28.233],[81.902,28.235],[81.894,28.238],[81.884,28.242],[81.88,28.243],[81.877,28.242],[81.873,28.24],[81.869,28.242],[81.864,28.241],[81.864,28.247],[81.863,28.255],[81.855,28.261],[81.848,28.268],[81.839,28.275],[81.831,28.278],[81.82,28.281],[81.812,28.284],[81.805,28.285],[81.801,28.283],[81.798,28.28],[81.794,28.281],[81.791,28.288],[81.786,28.295],[81.775,28.302],[81.767,28.306],[81.764,28.31],[81.76,28.31],[81.754,28.311],[81.747,28.316],[81.747,28.32],[81.748,28.322],[81.748,28.324],[81.749,28.327],[81.75,28.33],[81.751,28.333],[81.753,28.336],[81.754,28.339],[81.755,28.342],[81.756,28.346],[81.757,28.354],[81.767,28.37],[81.763,28.371],[81.762,28.371],[81.76,28.371],[81.758,28.372],[81.754,28.373],[81.751,28.373],[81.748,28.374],[81.745,28.376],[81.739,28.377],[81.737,28.378],[81.736,28.378],[81.733,28.379],[81.731,28.38],[81.727,28.381],[81.724,28.382],[81.722,28.383],[81.719,28.385],[81.715,28.387],[81.711,28.389],[81.709,28.391],[81.705,28.393],[81.703,28.395],[81.701,28.397],[81.699,28.399],[81.694,28.403],[81.693,28.404],[81.692,28.406],[81.69,28.408],[81.688,28.41],[81.685,28.412],[81.683,28.414],[81.681,28.415],[81.678,28.416],[81.675,28.415],[81.672,28.415],[81.668,28.415],[81.667,28.415],[81.66,28.418],[81.659,28.419],[81.656,28.421],[81.654,28.422],[81.651,28.424],[81.648,28.425],[81.645,28.427],[81.642,28.429],[81.64,28.431],[81.638,28.432],[81.636,28.434],[81.634,28.436],[81.632,28.438],[81.63,28.44],[81.625,28.445],[81.623,28.447],[81.62,28.449],[81.618,28.451],[81.614,28.453],[81.611,28.454],[81.608,28.455],[81.605,28.458],[81.603,28.46],[81.6,28.462],[81.597,28.463],[81.595,28.465],[81.591,28.467],[81.587,28.469],[81.58,28.474],[81.579,28.475],[81.576,28.477],[81.574,28.479],[81.571,28.482],[81.569,28.483],[81.567,28.485],[81.565,28.487],[81.562,28.489],[81.56,28.49],[81.557,28.493],[81.554,28.494],[81.551,28.494],[81.547,28.494],[81.545,28.494],[81.542,28.495],[81.54,28.496],[81.537,28.502],[81.537,28.503],[81.535,28.505],[81.532,28.507],[81.529,28.509],[81.526,28.51],[81.523,28.512],[81.519,28.513],[81.517,28.515],[81.515,28.517],[81.513,28.52],[81.511,28.523],[81.509,28.525],[81.507,28.527],[81.502,28.53],[81.5,28.531],[81.498,28.532],[81.496,28.533],[81.494,28.534],[81.491,28.535],[81.49,28.536],[81.488,28.537],[81.486,28.538],[81.484,28.538],[81.482,28.539],[81.48,28.54],[81.477,28.541],[81.474,28.543],[81.472,28.546],[81.47,28.55],[81.469,28.551],[81.467,28.553],[81.463,28.553],[81.461,28.553],[81.458,28.553],[81.454,28.553],[81.451,28.554],[81.448,28.555],[81.445,28.556],[81.443,28.558],[81.44,28.56],[81.439,28.562],[81.437,28.566],[81.435,28.568],[81.434,28.57],[81.432,28.575],[81.431,28.576],[81.428,28.578],[81.427,28.58],[81.426,28.583],[81.426,28.585],[81.425,28.588],[81.424,28.59],[81.421,28.592],[81.419,28.594],[81.418,28.595],[81.415,28.596],[81.412,28.597],[81.41,28.598],[81.408,28.599],[81.405,28.601],[81.403,28.603],[81.4,28.605],[81.397,28.606],[81.395,28.607],[81.392,28.608],[81.389,28.609],[81.383,28.611],[81.38,28.612],[81.378,28.614],[81.375,28.616],[81.373,28.617],[81.371,28.619],[81.368,28.62],[81.366,28.621],[81.364,28.622],[81.361,28.623],[81.358,28.623],[81.355,28.624],[81.353,28.624],[81.349,28.625],[81.347,28.626],[81.344,28.627],[81.343,28.627],[81.339,28.629],[81.337,28.63],[81.335,28.631],[81.33,28.633],[81.329,28.633],[81.325,28.634],[81.324,28.636],[81.321,28.637],[81.319,28.638],[81.317,28.64],[81.316,28.642],[81.316,28.643],[81.314,28.647],[81.313,28.648],[81.312,28.65],[81.309,28.652],[81.308,28.654],[81.306,28.656],[81.304,28.658],[81.302,28.659],[81.301,28.661],[81.298,28.662],[81.297,28.664],[81.296,28.665],[81.295,28.666],[81.289,28.67],[81.289,28.669],[81.29,28.667],[81.29,28.665],[81.291,28.662],[81.291,28.659],[81.291,28.657],[81.291,28.654],[81.291,28.652],[81.291,28.65],[81.29,28.649],[81.29,28.648],[81.288,28.646],[81.287,28.644],[81.285,28.642],[81.283,28.641],[81.282,28.64],[81.28,28.639],[81.279,28.638],[81.277,28.636],[81.276,28.633],[81.274,28.631],[81.272,28.63],[81.269,28.629],[81.268,28.629],[81.266,28.628],[81.263,28.627],[81.261,28.626],[81.258,28.625],[81.256,28.623],[81.255,28.622],[81.253,28.62],[81.252,28.618],[81.25,28.616],[81.247,28.614],[81.244,28.612],[81.242,28.612],[81.238,28.611],[81.235,28.61],[81.231,28.608],[81.229,28.607],[81.227,28.605],[81.225,28.603],[81.223,28.601],[81.221,28.597],[81.22,28.595],[81.218,28.592],[81.217,28.59],[81.216,28.587],[81.215,28.585],[81.214,28.583],[81.213,28.58],[81.211,28.576],[81.209,28.573],[81.208,28.571],[81.203,28.564],[81.201,28.561],[81.199,28.559],[81.197,28.558],[81.195,28.556],[81.192,28.554],[81.19,28.552],[81.188,28.55],[81.186,28.546],[81.183,28.544],[81.181,28.542],[81.179,28.539],[81.178,28.536],[81.176,28.533],[81.174,28.53],[81.171,28.526],[81.169,28.523],[81.168,28.521],[81.166,28.52],[81.164,28.518],[81.161,28.516],[81.159,28.514],[81.156,28.513],[81.153,28.51],[81.15,28.508],[81.148,28.506],[81.147,28.503],[81.144,28.498],[81.142,28.494],[81.14,28.491],[81.137,28.488],[81.132,28.485],[81.13,28.482],[81.126,28.48],[81.124,28.478],[81.121,28.476],[81.118,28.473],[81.114,28.47],[81.111,28.468],[81.105,28.465],[81.103,28.463],[81.1,28.461],[81.097,28.457],[81.094,28.455],[81.09,28.454],[81.088,28.453],[81.086,28.452],[81.083,28.448],[81.082,28.445],[81.081,28.442],[81.081,28.439],[81.079,28.435],[81.077,28.431],[81.076,28.428],[81.075,28.425],[81.073,28.421],[81.071,28.417],[81.068,28.414],[81.065,28.409],[81.064,28.407],[81.061,28.397]]]]}},{"type":"Feature","properties":{"id":6,"name":"Karnali","name_ne":"कर्णाली","level":"province","capital":"Birendranagar"},"geometry":{"type":"Polygon","coordinates":[[[80.984,28.94],[80.984,28.938],[80.984,28.937],[80.987,28.934],[80.989,28.932],[80.992,28.931],[80.995,28.93],[80.997,28.929],[80.999,28.929],[81.002,28.928],[81.005,28.926],[81.007,28.925],[81.01,28.924],[81.012,28.923],[81.014,28.922],[81.016,28.921],[81.019,28.92],[81.021,28.918],[81.023,28.916],[81.024,28.914],[81.025,28.912],[81.027,28.91],[81.029,28.908],[81.03,28.906],[81.031,28.905],[81.032,28.903],[81.033,28.901],[81.034,28.9],[81.038,28.894],[81.039,28.892],[81.04,28.89],[81.042,28.888],[81.043,28.886],[81.046,28.884],[81.047,28.882],[81.049,28.881],[81.05,28.879],[81.053,28.875],[81.054,28.874],[81.056,28.873],[81.059,28.873],[81.062,28.873],[81.064,28.873],[81.066,28.873],[81.067,28.873],[81.072,28.874],[81.074,28.873],[81.074,28.871],[81.075,28.869],[81.075,28.866],[81.076,28.864],[81.079,28.862],[81.081,28.861],[81.084,28.86],[81.086,28.86],[81.088,28.859],[81.091,28.857],[81.093,28.855],[81.095,28.854],[81.096,28.853],[81.099,28.849],[81.1,28.847],[81.102,28.846],[81.104,28.845],[81.106,28.845],[81.109,28.845],[81.112,28.846],[81.115,28.847],[81.118,28.847],[81.12,28.848],[81.123,28.848],[81.125,28.849],[81.126,28.85],[81.128,28.851],[81.128,28.853],[81.128,28.856],[81.129,28.859],[81.13,28.861],[81.132,28.863],[81.133,28.865],[81.136,28.867],[81.138,28.869],[81.14,28.87],[81.142,28.87],[81.143,28.87],[81.145,28.869],[81.146,28.865],[81.147,28.863],[81.147,28.862],[81.149,28.857],[81.15,28.855],[81.151,28.852],[81.153,28.85],[81.154,28.847],[81.156,28.845],[81.156,28.843],[81.157,28.841],[81.157,28.838],[81.156,28.835],[81.156,28.832],[81.156,28.83],[81.158,28.828],[81.162,28.829],[81.165,28.83],[81.167,28.832],[81.17,28.834],[81.173,28.834],[81.175,28.834],[81.176,28.833],[81.177,28.831],[81.18,28.827],[81.181,28.826],[81.183,28.824],[81.185,28.824],[81.188,28.823],[81.189,28.823],[81.192,28.822],[81.193,28.821],[81.196,28.82],[81.199,28.819],[81.2,28.818],[81.202,28.817],[81.204,28.816],[81.206,28.817],[81.208,28.818],[81.209,28.82],[81.208,28.822],[81.206,28.824],[81.205,28.826],[81.202,28.828],[81.2,28.829],[81.199,28.831],[81.198,28.835],[81.198,28.837],[81.198,28.841],[81.199,28.843],[81.199,28.846],[81.2,28.848],[81.2,28.851],[81.2,28.853],[81.201,28.856],[81.202,28.858],[81.203,28.86],[81.204,28.86],[81.206,28.859],[81.208,28.859],[81.209,28.857],[81.209,28.854],[81.209,28.851],[81.21,28.848],[81.211,28.845],[81.213,28.843],[81.215,28.842],[81.218,28.841],[81.221,28.839],[81.223,28.838],[81.225,28.837],[81.228,28.835],[81.229,28.834],[81.231,28.831],[81.232,28.83],[81.233,28.828],[81.233,28.826],[81.234,28.818],[81.234,28.815],[81.236,28.814],[81.239,28.812],[81.241,28.81],[81.242,28.809],[81.243,28.806],[81.243,28.804],[81.241,28.803],[81.24,28.801],[81.238,28.801],[81.235,28.799],[81.234,28.798],[81.232,28.795],[81.232,28.792],[81.233,28.789],[81.235,28.787],[81.238,28.785],[81.241,28.785],[81.243,28.784],[81.245,28.782],[81.248,28.778],[81.249,28.776],[81.249,28.772],[81.25,28.77],[81.25,28.767],[81.251,28.764],[81.251,28.762],[81.252,28.758],[81.253,28.755],[81.255,28.753],[81.256,28.752],[81.258,28.75],[81.26,28.747],[81.26,28.745],[81.261,28.742],[81.261,28.74],[81.26,28.738],[81.258,28.735],[81.257,28.734],[81.257,28.732],[81.258,28.73],[81.26,28.729],[81.267,28.727],[81.269,28.725],[81.271,28.724],[81.272,28.721],[81.272,28.718],[81.272,28.716],[81.271,28.713],[81.271,28.712],[81.269,28.71],[81.268,28.709],[81.268,28.707],[81.268,28.705],[81.269,28.704],[81.271,28.701],[81.272,28.7],[81.274,28.699],[81.277,28.697],[81.279,28.695],[81.28,28.694],[81.281,28.691],[81.282,28.688],[81.283,28.686],[81.284,28.683],[81.285,28.68],[81.286,28.678],[81.286,28.677],[81.289,28.671],[81.289,28.67],[81.295,28.666],[81.296,28.665],[81.297,28.664],[81.298,28.662],[81.301,28.661],[81.302,28.659],[81.304,28.658],[81.306,28.656],[81.308,28.654],[81.309,28.652],[81.312,28.65],[81.313,28.648],[81.314,28.647],[81.316,28.643],[81.316,28.642],[81.317,28.64],[81.319,28.638],[81.321,28.637],[81.324,28.636],[81.325,28.634],[81.329,28.633],[81.33,28.633],[81.335,28.631],[81.337,28.63],[81.339,28.629],[81.343,28.627],[81.344,28.627],[81.347,28.626],[81.349,28.625],[81.353,28.624],[81.355,28.624],[81.358,28.623],[81.361,28.623],[81.364,28.622],[81.366,28.621],[81.368,28.62],[81.371,28.619],[81.373,28.617],[81.375,28.616],[81.378,28.614],[81.38,28.612],[81.383,28.611],[81.389,28.609],[81.392,28.608],[81.395,28.607],[81.397,28.606],[81.4,28.605],[81.403,28.603],[81.405,28.601],[81.408,28.599],[81.41,28.598],[81.412,28.597],[81.415,28.596],[81.418,28.595],[81.419,28.594],[81.421,28.592],[81.424,28.59],[81.425,28.588],[81.426,28.585],[81.426,28.583],[81.427,28.58],[81.428,28.578],[81.431,28.576],[81.432,28.575],[81.434,28.57],[81.435,28.568],[81.437,28.566],[81.439,28.562],[81.44,28.56],[81.443,28.558],[81.445,28.556],[81.448,28.555],[81.451,28.554],[81.454,28.553],[81.458,28.553],[81.461,28.553],[81.463,28.553],[81.467,28.553],[81.469,28.551],[81.47,28.55],[81.472,28.546],[81.474,28.543],[81.477,28.541],[81.48,28.54],[81.482,28.539],[81.484,28.538],[81.486,28.538],[81.488,28.537],[81.49,28.536],[81.491,28.535],[81.494,28.534],[81.496,28.533],[81.498,28.532],[81.5,28.531],[81.502,28.53],[81.507,28.527],[81.509,28.525],[81.511,28.523],[81.513,28.52],[81.515,28.517],[81.517,28.515],[81.519,28.513],[81.523,28.512],[81.526,28.51],[81.529,28.509],[81.532,28.507],[81.535,28.505],[81.537,28.503],[81.537,28.502],[81.54,28.496],[81.542,28.495],[81.545,28.494],[81.547,28.494],[81.551,28.494],[81.554,28.494],[81.557,28.493],[81.56,28.49],[81.562,28.489],[81.565,28.487],[81.567,28.485],[81.569,28.483],[81.571,28.482],[81.574,28.479],[81.576,28.477],[81.579,28.475],[81.58,28.474],[81.587,28.469],[81.591,28.467],[81.595,28.465],[81.597,28.463],[81.6,28.462],[81.603,28.46],[81.605,28.458],[81.608,28.455],[81.611,28.454],[81.614,28.453],[81.618,28.451],[81.62,28.449],[81.623,28.447],[81.625,28.445],[81.63,28.44],[81.632,28.438],[81.634,28.436],[81.636,28.434],[81.638,28.432],[81.64,28.431],[81.642,28.429],[81.645,28.427],[81.648,28.425],[81.651,28.424],[81.654,28.422],[81.656,28.421],[81.659,28.419],[81.66,28.418],[81.667,28.415],[81.668,28.415],[81.672,28.415],[81.675,28.415],[81.678,28.416],[81.681,28.415],[81.683,28.414],[81.685,28.412],[81.688,28.41],[81.69,28.408],[81.692,28.406],[81.693,28.404],[81.694,28.403],[81.699,28.399],[81.701,28.397],[81.703,28.395],[81.705,28.393],[81.709,28.391],[81.711,28.389],[81.715,28.387],[81.719,28.385],[81.722,28.383],[81.724,28.382],[81.727,28.381],[81.731,28.38],[81.733,28.379],[81.736,28.378],[81.737,28.378],[81.739,28.377],[81.745,28.376],[81.748,28.374],[81.751,28.373],[81.754,28.373],[81.758,28.372],[81.76,28.371],[81.762,28.371],[81.763,28.371],[81.767,28.37],[81.757,28.354],[81.756,28.346],[81.755,28.342],[81.754,28.339],[81.753,28.336],[81.751,28.333],[81.75,28.33],[81.749,28.327],[81.748,28.324],[81.748,28.322],[81.747,28.32],[81.747,28.316],[81.754,28.311],[81.76,28.31],[81.764,28.31],[81.767,28.306],[81.775,28.302],[81.786,28.295],[81.791,28.288],[81.794,28.281],[81.798,28.28],[81.801,28.283],[81.805,28.285],[81.812,28.284],[81.82,28.281],[81.831,28.278],[81.839,28.275],[81.848,28.268],[81.855,28.261],[81.863,28.255],[81.864,28.247],[81.864,28.241],[81.869,28.242],[81.873,28.24],[81.877,28.242],[81.88,28.243],[81.884,28.242],[81.894,28.238],[81.902,28.235],[81.91,28.233],[81.918,28.228],[81.922,28.22],[81.926,28.213],[81.933,28.209],[81.937,28.205],[81.943,28.201],[81.95,28.197],[81.957,28.195],[81.964,28.192],[81.966,28.188],[81.97,28.184],[81.976,28.183],[81.977,28.182],[81.98,28.179],[81.984,28.177],[81.988,28.174],[81.992,28.169],[81.996,28.166],[81.998,28.163],[82.002,28.16],[82.006,28.159],[82.012,28.159],[82.016,28.16],[82.016,28.162],[82.015,28.163],[82.014,28.164],[82.014,28.165],[82.014,28.166],[82.014,28.168],[82.017,28.173],[82.02,28.178],[82.02,28.182],[82.022,28.186],[82.023,28.188],[82.023,28.19],[82.024,28.192],[82.024,28.193],[82.024,28.194],[82.024,28.196],[82.025,28.199],[82.026,28.203],[82.027,28.205],[82.028,28.209],[82.029,28.211],[82.031,28.213],[82.035,28.217],[82.039,28.219],[82.04,28.224],[82.044,28.231],[82.048,28.236],[82.05,28.241],[82.054,28.241],[82.06,28.242],[82.066,28.242],[82.073,28.243],[82.078,28.244],[82.083,28.248],[82.088,28.252],[82.093,28.255],[82.098,28.257],[82.102,28.257],[82.105,28.256],[82.11,28.254],[82.115,28.253],[82.12,28.254],[82.125,28.255],[82.129,28.254],[82.132,28.253],[82.135,28.251],[82.139,28.248],[82.145,28.243],[82.153,28.242],[82.159,28.245],[82.164,28.248],[82.168,28.252],[82.175,28.254],[82.185,28.252],[82.19,28.251],[82.192,28.25],[82.196,28.247],[82.2,28.245],[82.207,28.247],[82.213,28.25],[82.218,28.251],[82.221,28.251],[82.223,28.25],[82.227,28.248],[82.232,28.244],[82.237,28.242],[82.242,28.241],[82.247,28.241],[82.253,28.241],[82.257,28.242],[82.26,28.245],[82.264,28.246],[82.273,28.248],[82.278,28.249],[82.283,28.249],[82.287,28.248],[82.292,28.247],[82.297,28.248],[82.301,28.248],[82.305,28.249],[82.309,28.25],[82.312,28.249],[82.315,28.246],[82.315,28.242],[82.314,28.236],[82.315,28.229],[82.316,28.225],[82.318,28.223],[82.32,28.221],[82.326,28.218],[82.33,28.215],[82.336,28.213],[82.341,28.211],[82.349,28.21],[82.354,28.208],[82.36,28.203],[82.365,28.198],[82.37,28.193],[82.374,28.19],[82.379,28.188],[82.386,28.189],[82.389,28.189],[82.392,28.192],[82.392,28.193],[82.393,28.194],[82.39,28.195],[82.391,28.197],[82.392,28.199],[82.393,28.201],[82.395,28.203],[82.396,28.206],[82.397,28.209],[82.397,28.212],[82.397,28.214],[82.398,28.216],[82.399,28.218],[82.41,28.224],[82.415,28.228],[82.418,28.232],[82.421,28.238],[82.421,28.242],[82.419,28.246],[82.415,28.251],[82.413,28.257],[82.41,28.26],[82.407,28.262],[82.406,28.264],[82.403,28.269],[82.4,28.272],[82.399,28.276],[82.397,28.282],[82.393,28.286],[82.39,28.29],[82.386,28.295],[82.381,28.301],[82.377,28.307],[82.378,28.313],[82.377,28.318],[82.374,28.323],[82.374,28.327],[82.371,28.332],[82.367,28.333],[82.365,28.336],[82.366,28.342],[82.369,28.347],[82.374,28.349],[82.379,28.351],[82.38,28.355],[82.379,28.36],[82.382,28.368],[82.384,28.374],[82.381,28.377],[82.375,28.38],[82.372,28.386],[82.372,28.392],[82.371,28.398],[82.368,28.402],[82.364,28.406],[82.359,28.408],[82.355,28.412],[82.352,28.419],[82.351,28.423],[82.355,28.424],[82.36,28.425],[82.367,28.426],[82.373,28.427],[82.378,28.432],[82.378,28.438],[82.377,28.443],[82.376,28.449],[82.374,28.454],[82.373,28.459],[82.378,28.461],[82.383,28.463],[82.39,28.464],[82.392,28.467],[82.393,28.468],[82.393,28.471],[82.393,28.475],[82.393,28.478],[82.393,28.482],[82.396,28.491],[82.396,28.492],[82.409,28.496],[82.412,28.498],[82.41,28.501],[82.409,28.506],[82.412,28.51],[82.416,28.514],[82.417,28.52],[82.418,28.524],[82.417,28.529],[82.423,28.526],[82.429,28.524],[82.434,28.523],[82.44,28.523],[82.445,28.522],[82.451,28.521],[82.457,28.52],[82.463,28.521],[82.468,28.524],[82.472,28.528],[82.48,28.53],[82.485,28.533],[82.491,28.538],[82.493,28.543],[82.494,28.549],[82.497,28.553],[82.503,28.552],[82.509,28.551],[82.516,28.553],[82.521,28.555],[82.527,28.557],[82.532,28.556],[82.533,28.556],[82.529,28.559],[82.53,28.562],[82.531,28.565],[82.533,28.567],[82.534,28.568],[82.536,28.571],[82.538,28.571],[82.544,28.573],[82.546,28.575],[82.554,28.582],[82.557,28.58],[82.562,28.581],[82.563,28.58],[82.565,28.579],[82.567,28.578],[82.57,28.578],[82.576,28.58],[82.578,28.585],[82.582,28.586],[82.579,28.59],[82.581,28.595],[82.581,28.601],[82.58,28.603],[82.58,28.608],[82.58,28.611],[82.578,28.614],[82.571,28.611],[82.568,28.611],[82.562,28.61],[82.559,28.612],[82.554,28.616],[82.552,28.616],[82.546,28.619],[82.547,28.623],[82.552,28.626],[82.55,28.626],[82.547,28.628],[82.543,28.626],[82.544,28.623],[82.541,28.622],[82.53,28.625],[82.518,28.626],[82.512,28.628],[82.509,28.628],[82.508,28.63],[82.508,28.631],[82.494,28.637],[82.485,28.641],[82.479,28.645],[82.47,28.644],[82.466,28.646],[82.461,28.646],[82.458,28.651],[82.454,28.649],[82.451,28.655],[82.44,28.658],[82.444,28.663],[82.448,28.668],[82.45,28.671],[82.453,28.671],[82.461,28.67],[82.462,28.673],[82.465,28.67],[82.471,28.671],[82.474,28.67],[82.479,28.674],[82.485,28.673],[82.491,28.672],[82.494,28.67],[82.5,28.669],[82.503,28.663],[82.508,28.661],[82.514,28.66],[82.518,28.661],[82.521,28.66],[82.525,28.655],[82.529,28.654],[82.534,28.65],[82.538,28.65],[82.538,28.647],[82.543,28.646],[82.548,28.647],[82.555,28.644],[82.56,28.646],[82.564,28.651],[82.573,28.658],[82.578,28.664],[82.583,28.665],[82.587,28.664],[82.59,28.667],[82.598,28.669],[82.6,28.671],[82.601,28.677],[82.601,28.684],[82.604,28.687],[82.612,28.688],[82.616,28.69],[82.616,28.692],[82.614,28.695],[82.614,28.698],[82.615,28.703],[82.617,28.709],[82.613,28.712],[82.605,28.716],[82.605,28.718],[82.606,28.723],[82.603,28.728],[82.603,28.731],[82.602,28.733],[82.602,28.738],[82.602,28.743],[82.599,28.743],[82.595,28.743],[82.592,28.74],[82.586,28.74],[82.58,28.741],[82.573,28.741],[82.571,28.743],[82.569,28.744],[82.568,28.745],[82.566,28.744],[82.566,28.748],[82.567,28.752],[82.567,28.758],[82.564,28.76],[82.564,28.762],[82.565,28.765],[82.563,28.767],[82.562,28.768],[82.563,28.769],[82.567,28.768],[82.567,28.77],[82.567,28.771],[82.569,28.771],[82.571,28.773],[82.573,28.775],[82.576,28.776],[82.579,28.778],[82.581,28.78],[82.584,28.781],[82.586,28.782],[82.588,28.784],[82.59,28.786],[82.589,28.789],[82.591,28.791],[82.595,28.791],[82.598,28.793],[82.6,28.796],[82.601,28.797],[82.604,28.798],[82.604,28.8],[82.607,28.802],[82.609,28.804],[82.613,28.806],[82.613,28.807],[82.615,28.808],[82.62,28.809],[82.62,28.814],[82.617,28.819],[82.615,28.826],[82.619,28.829],[82.624,28.836],[82.626,28.841],[82.625,28.844],[82.626,28.848],[82.63,28.854],[82.637,28.855],[82.639,28.86],[82.643,28.867],[82.65,28.87],[82.656,28.866],[82.658,28.861],[82.663,28.856],[82.667,28.853],[82.673,28.852],[82.679,28.856],[82.685,28.861],[82.691,28.863],[82.698,28.865],[82.698,28.866],[82.7,28.863],[82.702,28.859],[82.706,28.856],[82.711,28.855],[82.715,28.852],[82.72,28.85],[82.724,28.848],[82.728,28.849],[82.734,28.85],[82.738,28.85],[82.741,28.848],[82.744,28.845],[82.746,28.841],[82.749,28.836],[82.751,28.833],[82.751,28.832],[82.755,28.824],[82.758,28.819],[82.762,28.815],[82.766,28.814],[82.771,28.814],[82.775,28.816],[82.779,28.82],[82.784,28.822],[82.787,28.822],[82.795,28.822],[82.8,28.822],[82.805,28.825],[82.811,28.829],[82.815,28.831],[82.819,28.832],[82.823,28.831],[82.825,28.832],[82.828,28.832],[82.831,28.831],[82.835,28.831],[82.837,28.831],[82.84,28.832],[82.843,28.831],[82.843,28.83],[82.842,28.828],[82.84,28.825],[82.841,28.822],[82.846,28.823],[82.851,28.824],[82.854,28.824],[82.859,28.821],[82.863,28.819],[82.868,28.818],[82.872,28.819],[82.876,28.821],[82.878,28.825],[82.877,28.827],[82.876,28.829],[82.875,28.831],[82.877,28.833],[82.88,28.832],[82.883,28.83],[82.889,28.829],[82.895,28.829],[82.901,28.831],[82.905,28.834],[82.912,28.832],[82.921,28.832],[82.927,28.831],[82.93,28.829],[82.94,28.83],[82.948,28.831],[82.953,28.828],[82.956,28.824],[82.962,28.824],[82.967,28.819],[82.971,28.815],[82.978,28.808],[82.982,28.804],[82.987,28.805],[82.994,28.805],[83.0,28.806],[83.009,28.801],[83.015,28.8],[83.018,28.796],[83.022,28.794],[83.029,28.794],[83.034,28.796],[83.039,28.795],[83.044,28.793],[83.052,28.788],[83.058,28.786],[83.062,28.785],[83.068,28.783],[83.071,28.783],[83.075,28.785],[83.078,28.787],[83.083,28.787],[83.086,28.78],[83.09,28.777],[83.096,28.771],[83.099,28.769],[83.103,28.762],[83.105,28.757],[83.106,28.751],[83.11,28.744],[83.114,28.741],[83.117,28.741],[83.124,28.742],[83.135,28.743],[83.14,28.743],[83.143,28.74],[83.143,28.74],[83.147,28.746],[83.149,28.746],[83.151,28.746],[83.154,28.747],[83.156,28.747],[83.159,28.747],[83.162,28.746],[83.165,28.746],[83.168,28.746],[83.17,28.745],[83.174,28.746],[83.176,28.746],[83.179,28.745],[83.182,28.744],[83.185,28.743],[83.188,28.742],[83.19,28.741],[83.192,28.741],[83.194,28.74],[83.197,28.739],[83.199,28.739],[83.201,28.737],[83.202,28.736],[83.204,28.735],[83.207,28.733],[83.209,28.733],[83.21,28.732],[83.212,28.732],[83.213,28.731],[83.215,28.732],[83.218,28.733],[83.22,28.734],[83.222,28.735],[83.223,28.736],[83.225,28.739],[83.228,28.741],[83.231,28.742],[83.233,28.743],[83.236,28.743],[83.238,28.741],[83.24,28.74],[83.242,28.737],[83.244,28.735],[83.245,28.734],[83.247,28.733],[83.248,28.732],[83.249,28.73],[83.251,28.728],[83.253,28.727],[83.254,28.726],[83.257,28.724],[83.259,28.724],[83.261,28.724],[83.264,28.723],[83.267,28.723],[83.269,28.722],[83.272,28.722],[83.275,28.721],[83.278,28.721],[83.28,28.722],[83.283,28.723],[83.286,28.725],[83.289,28.726],[83.294,28.728],[83.299,28.73],[83.302,28.73],[83.306,28.732],[83.311,28.733],[83.314,28.734],[83.316,28.734],[83.32,28.734],[83.324,28.734],[83.326,28.735],[83.33,28.735],[83.333,28.736],[83.336,28.737],[83.34,28.737],[83.342,28.736],[83.347,28.735],[83.348,28.735],[83.351,28.734],[83.353,28.734],[83.356,28.733],[83.36,28.733],[83.363,28.733],[83.365,28.734],[83.367,28.735],[83.369,28.737],[83.372,28.741],[83.374,28.744],[83.377,28.748],[83.379,28.751],[83.382,28.755],[83.384,28.757],[83.388,28.759],[83.391,28.761],[83.394,28.762],[83.399,28.762],[83.402,28.761],[83.404,28.761],[83.406,28.761],[83.41,28.762],[83.414,28.763],[83.418,28.765],[83.422,28.766],[83.426,28.767],[83.433,28.769],[83.436,28.769],[83.44,28.77],[83.444,28.77],[83.447,28.771],[83.451,28.771],[83.455,28.773],[83.458,28.774],[83.461,28.777],[83.464,28.78],[83.467,28.782],[83.47,28.782],[83.473,28.784],[83.475,28.784],[83.478,28.785],[83.482,28.785],[83.488,28.787],[83.49,28.79],[83.491,28.793],[83.491,28.794],[83.491,28.796],[83.491,28.799],[83.491,28.802],[83.49,28.804],[83.489,28.806],[83.489,28.809],[83.486,28.813],[83.485,28.815],[83.485,28.818],[83.484,28.821],[83.485,28.825],[83.485,28.827],[83.486,28.83],[83.486,28.833],[83.486,28.836],[83.486,28.839],[83.486,28.843],[83.487,28.845],[83.49,28.846],[83.492,28.846],[83.495,28.845],[83.498,28.844],[83.501,28.844],[83.504,28.848],[83.505,28.852],[83.506,28.855],[83.507,28.858],[83.507,28.861],[83.506,28.864],[83.505,28.867],[83.504,28.869],[83.503,28.872],[83.503,28.874],[83.504,28.878],[83.505,28.88],[83.507,28.883],[83.509,28.885],[83.513,28.888],[83.516,28.89],[83.518,28.893],[83.521,28.895],[83.523,28.897],[83.526,28.901],[83.528,28.902],[83.529,28.905],[83.532,28.907],[83.534,28.909],[83.535,28.91],[83.537,28.912],[83.539,28.914],[83.541,28.916],[83.543,28.918],[83.545,28.92],[83.547,28.922],[83.548,28.924],[83.551,28.926],[83.553,28.928],[83.555,28.93],[83.557,28.933],[83.558,28.935],[83.559,28.937],[83.56,28.939],[83.561,28.942],[83.562,28.943],[83.563,28.945],[83.565,28.946],[83.567,28.947],[83.569,28.948],[83.572,28.95],[83.574,28.951],[83.579,28.955],[83.58,28.956],[83.582,28.959],[83.584,28.962],[83.585,28.963],[83.587,28.966],[83.588,28.967],[83.589,28.971],[83.591,28.974],[83.592,28.977],[83.593,28.979],[83.595,28.981],[83.597,28.984],[83.6,28.985],[83.602,28.985],[83.604,28.985],[83.606,28.983],[83.608,28.981],[83.612,28.981],[83.615,28.983],[83.616,28.985],[83.617,28.987],[83.617,28.989],[83.618,28.993],[83.619,28.997],[83.619,28.999],[83.619,29.003],[83.619,29.005],[83.62,29.007],[83.621,29.01],[83.62,29.012],[83.619,29.014],[83.618,29.015],[83.618,29.017],[83.62,29.02],[83.621,29.022],[83.62,29.024],[83.619,29.025],[83.617,29.026],[83.617,29.028],[83.618,29.03],[83.618,29.033],[83.618,29.035],[83.617,29.037],[83.618,29.039],[83.62,29.041],[83.62,29.042],[83.622,29.044],[83.623,29.047],[83.623,29.05],[83.623,29.054],[83.623,29.056],[83.624,29.058],[83.625,29.06],[83.627,29.062],[83.629,29.063],[83.632,29.064],[83.633,29.065],[83.635,29.067],[83.635,29.069],[83.635,29.071],[83.634,29.073],[83.633,29.076],[83.632,29.078],[83.632,29.08],[83.631,29.082],[83.631,29.085],[83.63,29.087],[83.628,29.09],[83.627,29.091],[83.625,29.092],[83.623,29.093],[83.622,29.094],[83.621,29.096],[83.621,29.099],[83.622,29.1],[83.624,29.101],[83.626,29.102],[83.628,29.103],[83.63,29.104],[83.633,29.104],[83.635,29.105],[83.638,29.106],[83.64,29.108],[83.641,29.109],[83.642,29.112],[83.643,29.114],[83.645,29.114],[83.646,29.112],[83.647,29.11],[83.648,29.108],[83.65,29.107],[83.652,29.107],[83.654,29.109],[83.655,29.111],[83.656,29.113],[83.656,29.115],[83.656,29.117],[83.656,29.12],[83.657,29.122],[83.659,29.123],[83.662,29.123],[83.665,29.123],[83.668,29.124],[83.669,29.124],[83.673,29.122],[83.675,29.122],[83.678,29.122],[83.68,29.124],[83.682,29.125],[83.682,29.127],[83.683,29.128],[83.683,29.13],[83.682,29.133],[83.681,29.135],[83.68,29.138],[83.68,29.141],[83.68,29.144],[83.68,29.145],[83.68,29.149],[83.679,29.152],[83.678,29.153],[83.676,29.154],[83.675,29.155],[83.673,29.156],[83.671,29.156],[83.668,29.158],[83.667,29.158],[83.666,29.161],[83.666,29.162],[83.666,29.164],[83.667,29.168],[83.667,29.17],[83.667,29.172],[83.667,29.174],[83.666,29.175],[83.664,29.176],[83.661,29.178],[83.658,29.175],[83.657,29.173],[83.656,29.172],[83.654,29.169],[83.651,29.167],[83.65,29.165],[83.648,29.163],[83.644,29.161],[83.64,29.159],[83.637,29.158],[83.632,29.158],[83.629,29.16],[83.627,29.162],[83.623,29.165],[83.621,29.168],[83.618,29.171],[83.615,29.174],[83.612,29.178],[83.609,29.18],[83.606,29.179],[83.603,29.177],[83.6,29.176],[83.595,29.174],[83.592,29.173],[83.588,29.174],[83.585,29.176],[83.582,29.177],[83.581,29.178],[83.579,29.18],[83.578,29.183],[83.578,29.187],[83.576,29.189],[83.572,29.191],[83.57,29.192],[83.57,29.194],[83.57,29.196],[83.571,29.2],[83.568,29.203],[83.564,29.204],[83.561,29.205],[83.556,29.203],[83.554,29.201],[83.551,29.202],[83.548,29.203],[83.544,29.204],[83.541,29.204],[83.537,29.205],[83.535,29.205],[83.533,29.206],[83.532,29.208],[83.531,29.209],[83.531,29.211],[83.529,29.212],[83.524,29.215],[83.522,29.216],[83.519,29.218],[83.518,29.22],[83.517,29.223],[83.517,29.228],[83.516,29.229],[83.518,29.232],[83.52,29.233],[83.522,29.235],[83.522,29.238],[83.519,29.239],[83.517,29.24],[83.518,29.243],[83.518,29.246],[83.517,29.248],[83.515,29.249],[83.514,29.252],[83.514,29.256],[83.512,29.256],[83.509,29.255],[83.507,29.256],[83.505,29.257],[83.503,29.26],[83.5,29.262],[83.497,29.263],[83.494,29.264],[83.492,29.265],[83.491,29.267],[83.491,29.269],[83.492,29.273],[83.489,29.275],[83.488,29.277],[83.486,29.28],[83.485,29.28],[83.482,29.28],[83.48,29.28],[83.478,29.279],[83.476,29.278],[83.474,29.276],[83.472,29.274],[83.468,29.274],[83.466,29.274],[83.465,29.276],[83.464,29.279],[83.464,29.282],[83.462,29.283],[83.459,29.285],[83.457,29.286],[83.456,29.288],[83.456,29.292],[83.454,29.292],[83.452,29.294],[83.452,29.298],[83.45,29.299],[83.448,29.299],[83.445,29.3],[83.445,29.303],[83.446,29.306],[83.446,29.306],[83.444,29.307],[83.443,29.307],[83.441,29.307],[83.441,29.308],[83.44,29.311],[83.44,29.314],[83.44,29.317],[83.442,29.318],[83.444,29.319],[83.444,29.323],[83.445,29.326],[83.446,29.328],[83.446,29.331],[83.444,29.335],[83.444,29.338],[83.445,29.34],[83.444,29.343],[83.443,29.344],[83.442,29.345],[83.441,29.347],[83.438,29.349],[83.435,29.349],[83.433,29.35],[83.43,29.35],[83.429,29.351],[83.427,29.352],[83.425,29.356],[83.422,29.356],[83.42,29.356],[83.418,29.357],[83.417,29.359],[83.417,29.363],[83.416,29.365],[83.416,29.368],[83.416,29.371],[83.415,29.374],[83.414,29.377],[83.412,29.378],[83.413,29.381],[83.419,29.383],[83.422,29.385],[83.422,29.387],[83.422,29.39],[83.421,29.395],[83.422,29.398],[83.424,29.4],[83.426,29.402],[83.424,29.404],[83.421,29.405],[83.419,29.406],[83.418,29.409],[83.417,29.412],[83.416,29.415],[83.415,29.417],[83.414,29.422],[83.412,29.422],[83.41,29.422],[83.408,29.422],[83.403,29.421],[83.4,29.421],[83.396,29.422],[83.394,29.422],[83.39,29.423],[83.387,29.423],[83.385,29.423],[83.382,29.423],[83.38,29.425],[83.379,29.426],[83.376,29.427],[83.373,29.427],[83.37,29.429],[83.37,29.431],[83.369,29.433],[83.368,29.436],[83.367,29.437],[83.366,29.44],[83.365,29.443],[83.365,29.444],[83.366,29.446],[83.366,29.449],[83.363,29.45],[83.36,29.45],[83.356,29.451],[83.355,29.452],[83.353,29.456],[83.351,29.459],[83.349,29.46],[83.347,29.463],[83.345,29.465],[83.344,29.467],[83.345,29.471],[83.345,29.474],[83.347,29.477],[83.348,29.48],[83.348,29.482],[83.347,29.487],[83.347,29.49],[83.347,29.493],[83.342,29.495],[83.339,29.497],[83.334,29.499],[83.332,29.501],[83.329,29.503],[83.327,29.504],[83.324,29.504],[83.321,29.506],[83.318,29.507],[83.316,29.506],[83.313,29.504],[83.31,29.502],[83.307,29.502],[83.304,29.501],[83.3,29.5],[83.298,29.5],[83.295,29.502],[83.29,29.501],[83.288,29.5],[83.285,29.499],[83.281,29.499],[83.279,29.5],[83.277,29.502],[83.275,29.504],[83.273,29.505],[83.269,29.507],[83.267,29.51],[83.267,29.514],[83.268,29.517],[83.268,29.522],[83.266,29.525],[83.265,29.527],[83.263,29.53],[83.263,29.532],[83.261,29.534],[83.257,29.538],[83.256,29.539],[83.254,29.542],[83.255,29.545],[83.256,29.548],[83.257,29.551],[83.256,29.553],[83.257,29.556],[83.26,29.557],[83.262,29.557],[83.267,29.555],[83.27,29.555],[83.274,29.555],[83.277,29.556],[83.279,29.556],[83.281,29.558],[83.281,29.561],[83.28,29.565],[83.278,29.567],[83.276,29.568],[83.272,29.567],[83.269,29.567],[83.266,29.569],[83.265,29.57],[83.263,29.572],[83.261,29.573],[83.259,29.575],[83.255,29.576],[83.252,29.576],[83.246,29.576],[83.242,29.576],[83.238,29.576],[83.23,29.58],[83.228,29.581],[83.226,29.582],[83.225,29.583],[83.222,29.584],[83.22,29.586],[83.217,29.588],[83.216,29.591],[83.216,29.593],[83.217,29.596],[83.218,29.6],[83.219,29.604],[83.218,29.605],[83.214,29.605],[83.209,29.606],[83.205,29.606],[83.199,29.607],[83.197,29.609],[83.196,29.609],[83.195,29.608],[83.192,29.607],[83.19,29.607],[83.187,29.606],[83.186,29.604],[83.186,29.601],[83.187,29.598],[83.186,29.597],[83.185,29.594],[83.182,29.593],[83.175,29.591],[83.172,29.592],[83.17,29.594],[83.167,29.594],[83.163,29.594],[83.16,29.595],[83.158,29.597],[83.159,29.6],[83.159,29.602],[83.161,29.604],[83.162,29.608],[83.163,29.611],[83.163,29.614],[83.161,29.617],[83.159,29.618],[83.157,29.619],[83.155,29.621],[83.152,29.621],[83.148,29.621],[83.145,29.621],[83.141,29.623],[83.138,29.622],[83.136,29.62],[83.134,29.619],[83.131,29.619],[83.128,29.621],[83.124,29.624],[83.121,29.626],[83.118,29.626],[83.118,29.623],[83.118,29.62],[83.117,29.618],[83.115,29.616],[83.113,29.615],[83.109,29.616],[83.106,29.616],[83.103,29.614],[83.101,29.612],[83.099,29.61],[83.095,29.61],[83.092,29.611],[83.09,29.611],[83.091,29.608],[83.091,29.605],[83.091,29.604],[83.089,29.603],[83.086,29.602],[83.083,29.602],[83.08,29.603],[83.076,29.606],[83.072,29.608],[83.069,29.612],[83.068,29.614],[83.067,29.617],[83.066,29.619],[83.066,29.621],[83.065,29.624],[83.063,29.625],[83.06,29.625],[83.056,29.625],[83.053,29.627],[83.051,29.628],[83.048,29.629],[83.044,29.63],[83.043,29.631],[83.041,29.633],[83.041,29.635],[83.04,29.639],[83.039,29.643],[83.038,29.647],[83.036,29.65],[83.033,29.651],[83.029,29.651],[83.026,29.649],[83.023,29.648],[83.021,29.648],[83.02,29.65],[83.019,29.653],[83.019,29.656],[83.017,29.658],[83.015,29.659],[83.012,29.662],[83.011,29.665],[83.009,29.668],[83.007,29.668],[83.004,29.666],[83.0,29.664],[82.997,29.662],[82.994,29.661],[82.99,29.661],[82.988,29.664],[82.986,29.667],[82.982,29.667],[82.978,29.667],[82.975,29.667],[82.972,29.664],[82.968,29.662],[82.964,29.66],[82.961,29.66],[82.956,29.661],[82.954,29.662],[82.951,29.665],[82.947,29.668],[82.946,29.669],[82.945,29.671],[82.943,29.672],[82.941,29.673],[82.942,29.676],[82.944,29.678],[82.944,29.68],[82.943,29.684],[82.945,29.686],[82.946,29.689],[82.946,29.691],[82.943,29.692],[82.94,29.694],[82.938,29.697],[82.936,29.7],[82.935,29.704],[82.932,29.701],[82.93,29.699],[82.926,29.698],[82.923,29.7],[82.92,29.703],[82.916,29.704],[82.913,29.702],[82.912,29.7],[82.908,29.699],[82.901,29.7],[82.899,29.7],[82.894,29.701],[82.891,29.699],[82.89,29.696],[82.89,29.693],[82.888,29.692],[82.885,29.691],[82.882,29.691],[82.877,29.691],[82.873,29.689],[82.869,29.686],[82.865,29.684],[82.862,29.684],[82.858,29.684],[82.856,29.685],[82.851,29.687],[82.848,29.689],[82.845,29.69],[82.835,29.69],[82.828,29.688],[82.827,29.688],[82.826,29.688],[82.825,29.689],[82.823,29.691],[82.821,29.693],[82.819,29.695],[82.817,29.698],[82.815,29.701],[82.815,29.705],[82.817,29.708],[82.819,29.711],[82.821,29.714],[82.82,29.718],[82.817,29.72],[82.812,29.72],[82.809,29.72],[82.805,29.719],[82.801,29.719],[82.798,29.719],[82.791,29.719],[82.79,29.719],[82.788,29.719],[82.786,29.72],[82.784,29.723],[82.782,29.723],[82.778,29.724],[82.776,29.724],[82.773,29.726],[82.771,29.728],[82.768,29.729],[82.765,29.729],[82.763,29.73],[82.763,29.732],[82.765,29.735],[82.766,29.738],[82.765,29.741],[82.763,29.744],[82.762,29.747],[82.761,29.75],[82.76,29.752],[82.759,29.754],[82.758,29.759],[82.758,29.76],[82.757,29.761],[82.756,29.763],[82.754,29.765],[82.751,29.766],[82.749,29.766],[82.747,29.766],[82.745,29.767],[82.742,29.769],[82.739,29.769],[82.735,29.769],[82.731,29.769],[82.728,29.77],[82.725,29.77],[82.721,29.77],[82.72,29.767],[82.718,29.766],[82.715,29.765],[82.712,29.768],[82.708,29.766],[82.706,29.764],[82.704,29.762],[82.701,29.762],[82.698,29.761],[82.696,29.761],[82.693,29.761],[82.692,29.762],[82.691,29.762],[82.689,29.763],[82.688,29.765],[82.689,29.767],[82.689,29.77],[82.689,29.771],[82.689,29.775],[82.69,29.777],[82.692,29.778],[82.695,29.78],[82.697,29.783],[82.697,29.785],[82.697,29.788],[82.697,29.791],[82.699,29.793],[82.702,29.793],[82.705,29.793],[82.708,29.793],[82.711,29.793],[82.714,29.795],[82.717,29.797],[82.72,29.799],[82.722,29.8],[82.725,29.801],[82.728,29.803],[82.731,29.805],[82.732,29.809],[82.733,29.811],[82.734,29.813],[82.735,29.815],[82.733,29.817],[82.732,29.819],[82.731,29.821],[82.73,29.823],[82.729,29.825],[82.728,29.827],[82.727,29.83],[82.726,29.832],[82.726,29.836],[82.725,29.837],[82.722,29.838],[82.719,29.838],[82.715,29.837],[82.712,29.838],[82.71,29.839],[82.709,29.84],[82.707,29.843],[82.705,29.845],[82.702,29.849],[82.7,29.851],[82.696,29.854],[82.695,29.854],[82.692,29.853],[82.691,29.853],[82.688,29.851],[82.686,29.85],[82.685,29.848],[82.683,29.847],[82.681,29.845],[82.679,29.843],[82.676,29.843],[82.673,29.843],[82.67,29.843],[82.668,29.843],[82.666,29.842],[82.663,29.841],[82.66,29.841],[82.658,29.84],[82.655,29.839],[82.652,29.838],[82.65,29.837],[82.648,29.837],[82.646,29.837],[82.644,29.836],[82.642,29.835],[82.64,29.834],[82.638,29.834],[82.634,29.834],[82.632,29.834],[82.629,29.835],[82.624,29.837],[82.622,29.838],[82.621,29.84],[82.621,29.843],[82.622,29.845],[82.623,29.847],[82.625,29.848],[82.629,29.851],[82.63,29.851],[82.632,29.853],[82.632,29.854],[82.633,29.857],[82.634,29.858],[82.636,29.86],[82.638,29.862],[82.639,29.862],[82.642,29.864],[82.643,29.866],[82.644,29.869],[82.643,29.871],[82.641,29.873],[82.639,29.874],[82.637,29.875],[82.634,29.876],[82.63,29.877],[82.626,29.878],[82.622,29.879],[82.618,29.88],[82.616,29.881],[82.613,29.883],[82.61,29.885],[82.608,29.887],[82.606,29.888],[82.605,29.889],[82.602,29.891],[82.601,29.893],[82.6,29.895],[82.598,29.898],[82.598,29.9],[82.596,29.903],[82.595,29.906],[82.593,29.907],[82.591,29.908],[82.59,29.91],[82.59,29.913],[82.59,29.915],[82.59,29.917],[82.589,29.919],[82.587,29.92],[82.583,29.921],[82.582,29.921],[82.58,29.922],[82.577,29.923],[82.573,29.927],[82.572,29.928],[82.571,29.931],[82.57,29.932],[82.568,29.934],[82.567,29.936],[82.566,29.939],[82.565,29.942],[82.565,29.945],[82.564,29.947],[82.564,29.953],[82.563,29.954],[82.562,29.955],[82.56,29.956],[82.558,29.957],[82.555,29.958],[82.553,29.959],[82.55,29.96],[82.549,29.962],[82.547,29.963],[82.545,29.965],[82.542,29.966],[82.54,29.967],[82.539,29.967],[82.536,29.969],[82.533,29.969],[82.531,29.97],[82.53,29.969],[82.529,29.969],[82.528,29.967],[82.527,29.966],[82.526,29.963],[82.525,29.961],[82.523,29.958],[82.521,29.956],[82.52,29.955],[82.517,29.953],[82.515,29.952],[82.514,29.951],[82.511,29.949],[82.51,29.949],[82.509,29.948],[82.507,29.948],[82.505,29.949],[82.503,29.948],[82.501,29.951],[82.499,29.951],[82.498,29.952],[82.495,29.953],[82.493,29.954],[82.49,29.955],[82.488,29.956],[82.487,29.959],[82.486,29.96],[82.483,29.961],[82.48,29.962],[82.478,29.964],[82.477,29.967],[82.477,29.97],[82.476,29.973],[82.474,29.975],[82.472,29.977],[82.47,29.979],[82.467,29.981],[82.464,29.983],[82.461,29.981],[82.459,29.979],[82.456,29.98],[82.453,29.981],[82.45,29.983],[82.446,29.985],[82.443,29.986],[82.44,29.987],[82.437,29.989],[82.434,29.99],[82.431,29.992],[82.429,29.994],[82.427,29.996],[82.423,30.0],[82.421,30.003],[82.418,30.006],[82.415,30.008],[82.412,30.01],[82.409,30.012],[82.406,30.014],[82.404,30.017],[82.401,30.02],[82.398,30.023],[82.396,30.025],[82.393,30.025],[82.391,30.024],[82.387,30.023],[82.384,30.026],[82.383,30.028],[82.382,30.028],[82.38,30.027],[82.379,30.024],[82.378,30.022],[82.378,30.019],[82.379,30.017],[82.379,30.015],[82.379,30.014],[82.375,30.014],[82.374,30.014],[82.368,30.013],[82.367,30.013],[82.365,30.012],[82.363,30.013],[82.363,30.015],[82.362,30.019],[82.36,30.022],[82.357,30.026],[82.354,30.027],[82.35,30.029],[82.346,30.031],[82.346,30.034],[82.343,30.037],[82.339,30.041],[82.337,30.044],[82.334,30.047],[82.33,30.048],[82.326,30.049],[82.324,30.049],[82.321,30.048],[82.314,30.04],[82.31,30.039],[82.305,30.038],[82.301,30.039],[82.298,30.04],[82.294,30.043],[82.291,30.046],[82.288,30.048],[82.287,30.052],[82.286,30.056],[82.286,30.058],[82.285,30.06],[82.283,30.062],[82.281,30.064],[82.279,30.064],[82.273,30.064],[82.268,30.063],[82.265,30.064],[82.261,30.065],[82.259,30.068],[82.256,30.071],[82.253,30.074],[82.25,30.076],[82.248,30.076],[82.245,30.075],[82.242,30.073],[82.239,30.071],[82.237,30.069],[82.234,30.068],[82.231,30.067],[82.23,30.067],[82.224,30.068],[82.22,30.068],[82.217,30.068],[82.214,30.066],[82.21,30.066],[82.206,30.067],[82.203,30.067],[82.197,30.069],[82.194,30.07],[82.189,30.069],[82.185,30.067],[82.181,30.066],[82.179,30.066],[82.176,30.065],[82.173,30.068],[82.171,30.071],[82.169,30.075],[82.168,30.079],[82.167,30.082],[82.169,30.085],[82.172,30.088],[82.176,30.088],[82.179,30.089],[82.182,30.093],[82.182,30.095],[82.181,30.099],[82.18,30.101],[82.18,30.105],[82.182,30.108],[82.185,30.11],[82.187,30.112],[82.186,30.114],[82.184,30.116],[82.18,30.119],[82.178,30.119],[82.175,30.119],[82.171,30.12],[82.17,30.122],[82.172,30.125],[82.175,30.125],[82.179,30.128],[82.183,30.131],[82.187,30.133],[82.191,30.135],[82.195,30.137],[82.198,30.139],[82.199,30.143],[82.202,30.146],[82.205,30.151],[82.206,30.153],[82.204,30.156],[82.2,30.158],[82.196,30.159],[82.192,30.161],[82.186,30.162],[82.184,30.163],[82.183,30.166],[82.185,30.17],[82.188,30.174],[82.187,30.178],[82.187,30.182],[82.186,30.186],[82.187,30.189],[82.184,30.192],[82.179,30.192],[82.173,30.191],[82.167,30.19],[82.163,30.189],[82.158,30.19],[82.154,30.192],[82.151,30.195],[82.148,30.196],[82.143,30.2],[82.14,30.202],[82.137,30.204],[82.135,30.207],[82.133,30.211],[82.132,30.215],[82.133,30.219],[82.132,30.222],[82.13,30.226],[82.127,30.227],[82.121,30.226],[82.116,30.225],[82.112,30.226],[82.109,30.228],[82.107,30.231],[82.104,30.234],[82.102,30.236],[82.101,30.239],[82.103,30.241],[82.106,30.244],[82.105,30.248],[82.106,30.252],[82.108,30.254],[82.112,30.256],[82.116,30.258],[82.119,30.261],[82.119,30.264],[82.118,30.267],[82.118,30.269],[82.116,30.274],[82.112,30.277],[82.111,30.278],[82.113,30.282],[82.115,30.285],[82.117,30.287],[82.118,30.289],[82.118,30.291],[82.119,30.293],[82.124,30.3],[82.127,30.303],[82.127,30.306],[82.124,30.311],[82.121,30.314],[82.119,30.317],[82.12,30.32],[82.122,30.322],[82.12,30.325],[82.117,30.327],[82.114,30.331],[82.112,30.334],[82.111,30.339],[82.111,30.342],[82.109,30.345],[82.104,30.348],[82.099,30.348],[82.096,30.349],[82.092,30.35],[82.09,30.353],[82.088,30.356],[82.086,30.359],[82.082,30.359],[82.08,30.359],[82.075,30.357],[82.071,30.355],[82.068,30.354],[82.067,30.352],[82.068,30.349],[82.065,30.347],[82.061,30.344],[82.06,30.342],[82.059,30.34],[82.058,30.337],[82.057,30.335],[82.056,30.334],[82.052,30.336],[82.048,30.338],[82.044,30.339],[82.04,30.34],[82.036,30.339],[82.031,30.338],[82.029,30.339],[82.025,30.343],[82.021,30.344],[82.017,30.344],[82.014,30.342],[82.01,30.339],[82.007,30.334],[82.006,30.331],[82.005,30.328],[82.004,30.325],[82.001,30.323],[81.998,30.321],[81.994,30.32],[81.99,30.321],[81.987,30.324],[81.984,30.328],[81.981,30.331],[81.977,30.334],[81.973,30.337],[81.968,30.339],[81.964,30.34],[81.961,30.34],[81.958,30.343],[81.959,30.346],[81.961,30.35],[81.959,30.352],[81.956,30.353],[81.953,30.356],[81.95,30.358],[81.947,30.358],[81.944,30.352],[81.941,30.349],[81.939,30.348],[81.937,30.347],[81.926,30.348],[81.92,30.349],[81.917,30.35],[81.911,30.351],[81.906,30.352],[81.901,30.354],[81.895,30.356],[81.889,30.359],[81.885,30.362],[81.881,30.365],[81.879,30.368],[81.875,30.372],[81.872,30.375],[81.866,30.378],[81.861,30.38],[81.856,30.38],[81.853,30.378],[81.85,30.376],[81.843,30.375],[81.837,30.375],[81.83,30.375],[81.825,30.376],[81.821,30.377],[81.818,30.38],[81.813,30.384],[81.809,30.386],[81.803,30.386],[81.797,30.386],[81.791,30.386],[81.788,30.386],[81.784,30.385],[81.779,30.385],[81.775,30.384],[81.772,30.384],[81.767,30.385],[81.762,30.386],[81.754,30.388],[81.751,30.388],[81.749,30.39],[81.746,30.392],[81.742,30.393],[81.74,30.394],[81.737,30.395],[81.734,30.397],[81.733,30.4],[81.732,30.403],[81.731,30.406],[81.73,30.408],[81.727,30.41],[81.723,30.41],[81.718,30.411],[81.714,30.413],[81.71,30.415],[81.706,30.418],[81.702,30.419],[81.696,30.422],[81.691,30.424],[81.687,30.425],[81.682,30.426],[81.678,30.427],[81.673,30.428],[81.669,30.429],[81.664,30.431],[81.66,30.433],[81.656,30.435],[81.652,30.437],[81.649,30.438],[81.645,30.439],[81.641,30.44],[81.637,30.442],[81.633,30.444],[81.629,30.445],[81.624,30.446],[81.621,30.446],[81.619,30.443],[81.619,30.44],[81.62,30.437],[81.622,30.432],[81.623,30.429],[81.623,30.427],[81.621,30.424],[81.618,30.422],[81.617,30.421],[81.615,30.417],[81.613,30.416],[81.611,30.415],[81.607,30.414],[81.603,30.413],[81.599,30.414],[81.596,30.415],[81.591,30.417],[81.588,30.42],[81.584,30.422],[81.582,30.423],[81.577,30.425],[81.575,30.426],[81.571,30.427],[81.568,30.428],[81.565,30.428],[81.562,30.426],[81.56,30.422],[81.561,30.419],[81.562,30.412],[81.562,30.41],[81.56,30.408],[81.557,30.407],[81.554,30.405],[81.553,30.402],[81.553,30.399],[81.552,30.397],[81.552,30.39],[81.551,30.387],[81.551,30.384],[81.554,30.379],[81.557,30.376],[81.558,30.374],[81.554,30.371],[81.549,30.371],[81.544,30.371],[81.541,30.371],[81.536,30.371],[81.531,30.372],[81.527,30.374],[81.523,30.377],[81.516,30.38],[81.511,30.381],[81.505,30.381],[81.502,30.381],[81.498,30.381],[81.494,30.38],[81.49,30.38],[81.485,30.382],[81.481,30.385],[81.478,30.388],[81.476,30.391],[81.474,30.394],[81.471,30.399],[81.468,30.401],[81.463,30.403],[81.458,30.406],[81.454,30.408],[81.452,30.411],[81.449,30.413],[81.446,30.415],[81.443,30.416],[81.438,30.415],[81.436,30.412],[81.434,30.411],[81.433,30.413],[81.432,30.416],[81.43,30.418],[81.427,30.419],[81.421,30.419],[81.415,30.419],[81.411,30.419],[81.41,30.418],[81.408,30.415],[81.407,30.411],[81.406,30.409],[81.406,30.405],[81.404,30.401],[81.402,30.399],[81.401,30.395],[81.404,30.394],[81.409,30.393],[81.412,30.391],[81.416,30.39],[81.419,30.387],[81.422,30.385],[81.425,30.383],[81.428,30.383],[81.429,30.382],[81.427,30.379],[81.425,30.378],[81.425,30.377],[81.425,30.374],[81.424,30.372],[81.421,30.37],[81.417,30.369],[81.413,30.369],[81.41,30.369],[81.406,30.369],[81.401,30.369],[81.398,30.369],[81.396,30.367],[81.398,30.364],[81.4,30.363],[81.401,30.361],[81.402,30.359],[81.404,30.347],[81.406,30.34],[81.406,30.336],[81.404,30.332],[81.401,30.329],[81.398,30.326],[81.397,30.324],[81.399,30.32],[81.402,30.318],[81.407,30.316],[81.413,30.315],[81.418,30.313],[81.421,30.311],[81.422,30.308],[81.422,30.304],[81.418,30.3],[81.415,30.299],[81.41,30.296],[81.408,30.295],[81.405,30.295],[81.402,30.293],[81.403,30.289],[81.404,30.286],[81.402,30.283],[81.402,30.281],[81.405,30.28],[81.409,30.282],[81.412,30.283],[81.416,30.282],[81.416,30.278],[81.416,30.275],[81.415,30.274],[81.414,30.271],[81.412,30.267],[81.41,30.263],[81.408,30.261],[81.404,30.258],[81.4,30.256],[81.396,30.254],[81.394,30.252],[81.394,30.249],[81.396,30.246],[81.397,30.242],[81.395,30.239],[81.393,30.238],[81.392,30.237],[81.391,30.233],[81.39,30.23],[81.392,30.227],[81.395,30.224],[81.397,30.22],[81.398,30.217],[81.398,30.213],[81.397,30.209],[81.395,30.206],[81.391,30.204],[81.388,30.202],[81.384,30.201],[81.381,30.199],[81.378,30.196],[81.376,30.193],[81.374,30.19],[81.373,30.188],[81.37,30.186],[81.368,30.185],[81.363,30.183],[81.358,30.181],[81.353,30.178],[81.349,30.174],[81.346,30.171],[81.344,30.168],[81.34,30.164],[81.337,30.162],[81.335,30.16],[81.335,30.156],[81.335,30.155],[81.335,30.154],[81.333,30.152],[81.331,30.152],[81.33,30.151],[81.328,30.151],[81.325,30.151],[81.323,30.151],[81.321,30.151],[81.319,30.151],[81.316,30.151],[81.315,30.153],[81.313,30.155],[81.313,30.157],[81.312,30.159],[81.312,30.161],[81.311,30.163],[81.309,30.165],[81.307,30.165],[81.306,30.165],[81.305,30.162],[81.305,30.161],[81.304,30.161],[81.304,30.159],[81.303,30.158],[81.302,30.158],[81.302,30.158],[81.299,30.157],[81.297,30.157],[81.294,30.156],[81.291,30.155],[81.288,30.155],[81.283,30.154],[81.28,30.154],[81.276,30.154],[81.27,30.153],[81.266,30.153],[81.262,30.152],[81.259,30.15],[81.257,30.148],[81.258,30.145],[81.261,30.141],[81.265,30.138],[81.269,30.135],[81.272,30.132],[81.275,30.128],[81.278,30.126],[81.28,30.125],[81.282,30.121],[81.285,30.117],[81.287,30.115],[81.29,30.113],[81.291,30.109],[81.29,30.107],[81.29,30.1],[81.291,30.094],[81.291,30.089],[81.291,30.087],[81.29,30.083],[81.289,30.079],[81.289,30.075],[81.289,30.072],[81.288,30.069],[81.286,30.067],[81.282,30.065],[81.279,30.062],[81.278,30.06],[81.277,30.057],[81.275,30.053],[81.274,30.052],[81.274,30.05],[81.273,30.047],[81.274,30.046],[81.274,30.045],[81.276,30.045],[81.278,30.044],[81.28,30.044],[81.281,30.043],[81.282,30.042],[81.283,30.041],[81.283,30.04],[81.285,30.04],[81.286,30.04],[81.288,30.039],[81.29,30.039],[81.291,30.038],[81.292,30.038],[81.293,30.037],[81.294,30.037],[81.297,30.035],[81.297,30.034],[81.298,30.034],[81.298,30.034],[81.301,30.033],[81.302,30.032],[81.304,30.032],[81.304,30.031],[81.305,30.031],[81.306,30.031],[81.307,30.031],[81.308,30.031],[81.308,30.031],[81.309,30.032],[81.31,30.032],[81.311,30.032],[81.312,30.032],[81.312,30.032],[81.313,30.032],[81.313,30.032],[81.314,30.032],[81.315,30.032],[81.316,30.032],[81.317,30.032],[81.318,30.031],[81.318,30.031],[81.319,30.029],[81.319,30.029],[81.32,30.027],[81.322,30.027],[81.324,30.026],[81.325,30.027],[81.328,30.027],[81.329,30.027],[81.331,30.027],[81.332,30.027],[81.333,30.026],[81.335,30.025],[81.337,30.025],[81.339,30.024],[81.34,30.023],[81.342,30.022],[81.343,30.021],[81.344,30.021],[81.346,30.02],[81.349,30.02],[81.35,30.019],[81.352,30.018],[81.353,30.017],[81.354,30.015],[81.355,30.013],[81.356,30.012],[81.357,30.011],[81.358,30.01],[81.359,30.009],[81.362,30.009],[81.363,30.009],[81.364,30.01],[81.366,30.01],[81.368,30.011],[81.37,30.011],[81.372,30.011],[81.373,30.011],[81.375,30.01],[81.376,30.01],[81.377,30.009],[81.378,30.009],[81.379,30.008],[81.38,30.008],[81.382,30.009],[81.384,30.009],[81.386,30.01],[81.387,30.011],[81.388,30.012],[81.388,30.013],[81.39,30.015],[81.391,30.016],[81.392,30.017],[81.395,30.018],[81.397,30.019],[81.399,30.02],[81.4,30.021],[81.401,30.022],[81.403,30.022],[81.405,30.022],[81.407,30.022],[81.41,30.022],[81.413,30.02],[81.415,30.019],[81.418,30.018],[81.42,30.017],[81.422,30.016],[81.424,30.014],[81.427,30.014],[81.43,30.012],[81.432,30.01],[81.435,30.01],[81.436,30.01],[81.438,30.01],[81.44,30.01],[81.441,30.01],[81.444,30.01],[81.446,30.009],[81.446,30.008],[81.448,30.007],[81.449,30.006],[81.451,30.005],[81.453,30.004],[81.454,30.004],[81.456,30.004],[81.458,30.003],[81.459,30.003],[81.461,30.002],[81.462,30.001],[81.463,29.999],[81.465,29.998],[81.466,29.996],[81.466,29.995],[81.466,29.993],[81.466,29.991],[81.465,29.988],[81.466,29.986],[81.468,29.983],[81.469,29.981],[81.47,29.98],[81.472,29.978],[81.473,29.977],[81.473,29.975],[81.474,29.973],[81.473,29.971],[81.472,29.968],[81.471,29.966],[81.471,29.964],[81.47,29.961],[81.469,29.958],[81.466,29.956],[81.462,29.955],[81.46,29.954],[81.458,29.954],[81.456,29.953],[81.456,29.952],[81.456,29.951],[81.456,29.947],[81.458,29.946],[81.459,29.944],[81.46,29.943],[81.46,29.941],[81.46,29.94],[81.46,29.938],[81.459,29.936],[81.459,29.934],[81.46,29.933],[81.46,29.933],[81.461,29.932],[81.461,29.931],[81.462,29.93],[81.462,29.929],[81.463,29.928],[81.463,29.926],[81.464,29.926],[81.464,29.925],[81.464,29.924],[81.465,29.923],[81.465,29.922],[81.465,29.921],[81.465,29.92],[81.464,29.918],[81.463,29.918],[81.463,29.917],[81.462,29.913],[81.462,29.912],[81.462,29.911],[81.462,29.911],[81.462,29.909],[81.462,29.908],[81.461,29.907],[81.46,29.906],[81.46,29.905],[81.459,29.904],[81.458,29.903],[81.458,29.902],[81.457,29.902],[81.456,29.901],[81.456,29.9],[81.456,29.9],[81.457,29.9],[81.457,29.9],[81.457,29.9],[81.458,29.899],[81.458,29.899],[81.459,29.898],[81.46,29.898],[81.462,29.896],[81.463,29.895],[81.463,29.894],[81.464,29.894],[81.465,29.893],[81.466,29.892],[81.467,29.891],[81.468,29.891],[81.469,29.891],[81.469,29.891],[81.47,29.891],[81.471,29.891],[81.472,29.891],[81.475,29.89],[81.476,29.89],[81.478,29.89],[81.479,29.89],[81.479,29.89],[81.48,29.89],[81.481,29.89],[81.483,29.89],[81.484,29.89],[81.485,29.89],[81.486,29.89],[81.488,29.889],[81.491,29.889],[81.493,29.889],[81.495,29.889],[81.498,29.889],[81.5,29.89],[81.502,29.891],[81.504,29.893],[81.509,29.896],[81.512,29.898],[81.514,29.899],[81.515,29.9],[81.516,29.901],[81.518,29.902],[81.518,29.903],[81.518,29.904],[81.518,29.905],[81.518,29.906],[81.517,29.907],[81.517,29.907],[81.516,29.909],[81.515,29.91],[81.515,29.912],[81.514,29.913],[81.514,29.915],[81.514,29.916],[81.515,29.917],[81.515,29.918],[81.516,29.919],[81.516,29.919],[81.516,29.92],[81.517,29.922],[81.519,29.924],[81.521,29.924],[81.525,29.925],[81.528,29.925],[81.529,29.925],[81.533,29.926],[81.534,29.926],[81.535,29.926],[81.536,29.926],[81.541,29.926],[81.541,29.926],[81.543,29.927],[81.545,29.926],[81.547,29.926],[81.548,29.925],[81.549,29.925],[81.551,29.925],[81.554,29.925],[81.555,29.925],[81.556,29.926],[81.559,29.926],[81.56,29.927],[81.561,29.927],[81.562,29.928],[81.562,29.928],[81.565,29.93],[81.567,29.931],[81.57,29.933],[81.572,29.934],[81.573,29.935],[81.577,29.936],[81.58,29.937],[81.582,29.937],[81.583,29.938],[81.584,29.938],[81.585,29.939],[81.587,29.939],[81.588,29.938],[81.589,29.936],[81.59,29.935],[81.591,29.934],[81.592,29.933],[81.594,29.932],[81.598,29.932],[81.602,29.933],[81.604,29.934],[81.605,29.935],[81.605,29.935],[81.606,29.936],[81.607,29.937],[81.608,29.937],[81.61,29.939],[81.611,29.94],[81.612,29.941],[81.614,29.941],[81.616,29.942],[81.616,29.942],[81.618,29.941],[81.619,29.941],[81.619,29.941],[81.621,29.94],[81.624,29.94],[81.627,29.94],[81.629,29.94],[81.63,29.94],[81.632,29.94],[81.633,29.941],[81.634,29.941],[81.635,29.942],[81.636,29.942],[81.638,29.943],[81.639,29.944],[81.64,29.945],[81.641,29.945],[81.642,29.946],[81.642,29.946],[81.643,29.947],[81.644,29.947],[81.644,29.948],[81.645,29.948],[81.645,29.948],[81.647,29.948],[81.647,29.948],[81.648,29.947],[81.649,29.947],[81.649,29.947],[81.651,29.945],[81.651,29.945],[81.652,29.945],[81.654,29.944],[81.655,29.944],[81.656,29.944],[81.658,29.943],[81.659,29.943],[81.66,29.943],[81.663,29.943],[81.665,29.942],[81.666,29.942],[81.67,29.941],[81.672,29.941],[81.674,29.941],[81.676,29.942],[81.677,29.943],[81.68,29.945],[81.682,29.946],[81.684,29.947],[81.687,29.949],[81.688,29.95],[81.691,29.949],[81.694,29.948],[81.696,29.946],[81.697,29.945],[81.698,29.943],[81.699,29.941],[81.699,29.939],[81.699,29.938],[81.699,29.935],[81.701,29.933],[81.704,29.931],[81.707,29.929],[81.708,29.928],[81.711,29.927],[81.712,29.925],[81.713,29.921],[81.714,29.919],[81.716,29.915],[81.717,29.914],[81.718,29.913],[81.719,29.913],[81.721,29.912],[81.722,29.912],[81.724,29.913],[81.725,29.913],[81.727,29.913],[81.73,29.913],[81.732,29.913],[81.735,29.912],[81.737,29.911],[81.739,29.911],[81.741,29.91],[81.742,29.91],[81.743,29.91],[81.743,29.909],[81.745,29.909],[81.746,29.909],[81.747,29.909],[81.748,29.909],[81.751,29.909],[81.752,29.908],[81.753,29.907],[81.755,29.907],[81.756,29.908],[81.758,29.908],[81.759,29.909],[81.761,29.91],[81.762,29.91],[81.764,29.911],[81.768,29.911],[81.771,29.911],[81.774,29.911],[81.779,29.912],[81.783,29.912],[81.784,29.912],[81.786,29.912],[81.788,29.911],[81.791,29.91],[81.793,29.91],[81.795,29.909],[81.796,29.908],[81.797,29.907],[81.799,29.906],[81.8,29.904],[81.8,29.903],[81.8,29.9],[81.798,29.898],[81.797,29.898],[81.797,29.896],[81.797,29.894],[81.798,29.891],[81.799,29.887],[81.799,29.885],[81.8,29.882],[81.8,29.879],[81.799,29.876],[81.798,29.871],[81.798,29.867],[81.796,29.863],[81.795,29.859],[81.795,29.856],[81.795,29.854],[81.795,29.853],[81.795,29.851],[81.795,29.849],[81.793,29.846],[81.791,29.844],[81.786,29.842],[81.785,29.841],[81.783,29.841],[81.781,29.84],[81.778,29.84],[81.776,29.839],[81.774,29.839],[81.772,29.839],[81.771,29.84],[81.769,29.84],[81.767,29.841],[81.766,29.841],[81.765,29.842],[81.764,29.843],[81.763,29.844],[81.761,29.844],[81.76,29.845],[81.758,29.845],[81.756,29.844],[81.755,29.844],[81.754,29.843],[81.755,29.841],[81.756,29.839],[81.756,29.837],[81.756,29.836],[81.756,29.835],[81.756,29.834],[81.756,29.834],[81.756,29.832],[81.757,29.83],[81.757,29.829],[81.757,29.827],[81.757,29.825],[81.757,29.824],[81.756,29.822],[81.755,29.82],[81.754,29.819],[81.752,29.817],[81.751,29.817],[81.75,29.817],[81.749,29.816],[81.748,29.815],[81.747,29.815],[81.746,29.813],[81.745,29.811],[81.744,29.809],[81.743,29.806],[81.742,29.805],[81.74,29.802],[81.739,29.799],[81.74,29.797],[81.741,29.796],[81.742,29.793],[81.743,29.788],[81.743,29.786],[81.742,29.783],[81.739,29.777],[81.736,29.774],[81.733,29.771],[81.733,29.771],[81.733,29.769],[81.733,29.767],[81.733,29.764],[81.733,29.762],[81.733,29.76],[81.732,29.758],[81.732,29.756],[81.731,29.754],[81.731,29.753],[81.731,29.75],[81.731,29.75],[81.731,29.75],[81.73,29.747],[81.73,29.744],[81.73,29.741],[81.731,29.736],[81.731,29.731],[81.729,29.73],[81.725,29.727],[81.72,29.724],[81.718,29.722],[81.716,29.719],[81.715,29.715],[81.714,29.711],[81.713,29.707],[81.712,29.704],[81.711,29.696],[81.709,29.694],[81.708,29.69],[81.705,29.686],[81.703,29.682],[81.702,29.676],[81.702,29.671],[81.702,29.67],[81.703,29.665],[81.704,29.657],[81.705,29.653],[81.705,29.648],[81.705,29.646],[81.705,29.645],[81.705,29.645],[81.706,29.643],[81.706,29.642],[81.707,29.641],[81.707,29.64],[81.708,29.639],[81.709,29.638],[81.71,29.637],[81.711,29.636],[81.711,29.635],[81.713,29.632],[81.714,29.631],[81.714,29.63],[81.715,29.629],[81.715,29.628],[81.716,29.627],[81.717,29.626],[81.719,29.625],[81.721,29.623],[81.723,29.621],[81.724,29.619],[81.725,29.619],[81.726,29.618],[81.727,29.617],[81.729,29.617],[81.73,29.617],[81.732,29.615],[81.735,29.613],[81.737,29.611],[81.738,29.61],[81.739,29.609],[81.741,29.607],[81.743,29.606],[81.744,29.606],[81.745,29.606],[81.746,29.606],[81.747,29.606],[81.749,29.606],[81.75,29.605],[81.751,29.605],[81.753,29.605],[81.755,29.605],[81.758,29.605],[81.759,29.605],[81.761,29.605],[81.763,29.605],[81.766,29.605],[81.769,29.605],[81.77,29.605],[81.772,29.605],[81.774,29.605],[81.775,29.604],[81.776,29.604],[81.777,29.603],[81.778,29.603],[81.779,29.602],[81.779,29.602],[81.779,29.602],[81.779,29.599],[81.784,29.597],[81.789,29.595],[81.791,29.594],[81.795,29.588],[81.797,29.582],[81.8,29.576],[81.8,29.567],[81.8,29.554],[81.798,29.55],[81.794,29.539],[81.793,29.536],[81.793,29.532],[81.792,29.529],[81.791,29.526],[81.788,29.524],[81.785,29.522],[81.785,29.521],[81.784,29.518],[81.783,29.514],[81.782,29.508],[81.782,29.507],[81.783,29.507],[81.784,29.506],[81.786,29.503],[81.788,29.499],[81.79,29.497],[81.791,29.495],[81.795,29.49],[81.797,29.486],[81.8,29.479],[81.802,29.476],[81.805,29.471],[81.806,29.467],[81.807,29.462],[81.807,29.46],[81.807,29.457],[81.808,29.455],[81.808,29.452],[81.808,29.45],[81.807,29.448],[81.808,29.444],[81.808,29.44],[81.809,29.436],[81.808,29.433],[81.807,29.429],[81.806,29.426],[81.805,29.424],[81.803,29.422],[81.8,29.418],[81.799,29.414],[81.797,29.41],[81.795,29.407],[81.794,29.405],[81.791,29.402],[81.789,29.4],[81.787,29.395],[81.784,29.392],[81.782,29.39],[81.78,29.389],[81.779,29.387],[81.776,29.383],[81.775,29.381],[81.775,29.38],[81.775,29.379],[81.775,29.378],[81.774,29.376],[81.773,29.375],[81.771,29.373],[81.769,29.371],[81.768,29.37],[81.766,29.368],[81.765,29.366],[81.763,29.364],[81.761,29.362],[81.76,29.36],[81.759,29.358],[81.758,29.357],[81.757,29.355],[81.756,29.353],[81.755,29.351],[81.753,29.35],[81.75,29.348],[81.747,29.346],[81.745,29.342],[81.746,29.34],[81.746,29.339],[81.748,29.338],[81.748,29.335],[81.745,29.332],[81.738,29.332],[81.736,29.332],[81.732,29.332],[81.728,29.332],[81.723,29.332],[81.719,29.331],[81.715,29.329],[81.711,29.329],[81.707,29.329],[81.703,29.328],[81.698,29.327],[81.694,29.325],[81.692,29.322],[81.688,29.32],[81.686,29.319],[81.685,29.319],[81.683,29.32],[81.664,29.318],[81.661,29.318],[81.659,29.318],[81.655,29.32],[81.652,29.323],[81.65,29.325],[81.646,29.328],[81.644,29.332],[81.644,29.336],[81.645,29.34],[81.645,29.345],[81.646,29.349],[81.645,29.354],[81.644,29.357],[81.641,29.36],[81.637,29.363],[81.633,29.366],[81.629,29.369],[81.626,29.369],[81.62,29.369],[81.616,29.369],[81.611,29.368],[81.607,29.367],[81.603,29.366],[81.598,29.364],[81.596,29.364],[81.591,29.364],[81.587,29.364],[81.584,29.363],[81.581,29.362],[81.577,29.359],[81.574,29.356],[81.572,29.351],[81.57,29.349],[81.568,29.347],[81.563,29.351],[81.561,29.354],[81.558,29.355],[81.555,29.353],[81.553,29.351],[81.551,29.345],[81.549,29.341],[81.547,29.337],[81.546,29.334],[81.543,29.332],[81.541,29.331],[81.538,29.329],[81.533,29.326],[81.53,29.322],[81.527,29.319],[81.525,29.316],[81.522,29.314],[81.517,29.313],[81.512,29.311],[81.509,29.31],[81.507,29.306],[81.506,29.302],[81.504,29.297],[81.502,29.294],[81.5,29.292],[81.497,29.289],[81.494,29.286],[81.492,29.284],[81.489,29.281],[81.486,29.279],[81.485,29.278],[81.482,29.277],[81.479,29.275],[81.475,29.272],[81.472,29.27],[81.471,29.27],[81.47,29.269],[81.47,29.267],[81.473,29.265],[81.477,29.264],[81.482,29.263],[81.487,29.263],[81.488,29.263],[81.492,29.263],[81.494,29.261],[81.495,29.258],[81.495,29.255],[81.494,29.252],[81.495,29.247],[81.497,29.244],[81.499,29.241],[81.499,29.236],[81.498,29.233],[81.495,29.23],[81.492,29.228],[81.489,29.224],[81.487,29.22],[81.487,29.218],[81.487,29.214],[81.486,29.209],[81.485,29.206],[81.484,29.203],[81.483,29.199],[81.484,29.195],[81.486,29.192],[81.489,29.189],[81.491,29.184],[81.491,29.18],[81.49,29.178],[81.489,29.174],[81.489,29.172],[81.49,29.17],[81.495,29.167],[81.497,29.164],[81.497,29.161],[81.498,29.157],[81.499,29.153],[81.502,29.151],[81.506,29.15],[81.509,29.15],[81.516,29.151],[81.52,29.152],[81.522,29.152],[81.526,29.152],[81.529,29.15],[81.532,29.148],[81.533,29.145],[81.534,29.143],[81.536,29.139],[81.537,29.136],[81.539,29.134],[81.542,29.132],[81.545,29.131],[81.549,29.13],[81.552,29.128],[81.555,29.128],[81.559,29.127],[81.561,29.126],[81.563,29.127],[81.565,29.127],[81.566,29.127],[81.568,29.126],[81.564,29.123],[81.561,29.122],[81.559,29.121],[81.557,29.121],[81.555,29.12],[81.554,29.119],[81.552,29.118],[81.549,29.116],[81.548,29.114],[81.545,29.112],[81.543,29.109],[81.541,29.107],[81.539,29.106],[81.535,29.104],[81.532,29.103],[81.53,29.102],[81.528,29.102],[81.527,29.101],[81.523,29.1],[81.522,29.099],[81.521,29.098],[81.519,29.096],[81.517,29.094],[81.516,29.093],[81.515,29.092],[81.514,29.091],[81.512,29.09],[81.511,29.09],[81.509,29.089],[81.508,29.089],[81.505,29.088],[81.503,29.089],[81.502,29.088],[81.5,29.088],[81.499,29.088],[81.498,29.088],[81.496,29.087],[81.495,29.086],[81.494,29.085],[81.492,29.084],[81.491,29.084],[81.489,29.083],[81.487,29.082],[81.485,29.081],[81.484,29.081],[81.482,29.08],[81.481,29.08],[81.479,29.08],[81.478,29.079],[81.476,29.078],[81.475,29.078],[81.474,29.077],[81.473,29.076],[81.471,29.075],[81.47,29.074],[81.469,29.072],[81.469,29.07],[81.469,29.069],[81.468,29.067],[81.467,29.066],[81.465,29.065],[81.464,29.064],[81.463,29.063],[81.461,29.062],[81.46,29.062],[81.459,29.061],[81.457,29.06],[81.456,29.059],[81.454,29.058],[81.453,29.057],[81.452,29.057],[81.449,29.053],[81.448,29.052],[81.447,29.051],[81.446,29.049],[81.445,29.048],[81.444,29.046],[81.442,29.045],[81.442,29.044],[81.441,29.043],[81.439,29.041],[81.438,29.039],[81.438,29.038],[81.436,29.035],[81.435,29.034],[81.433,29.031],[81.433,29.03],[81.431,29.028],[81.43,29.026],[81.429,29.025],[81.427,29.023],[81.426,29.023],[81.423,29.021],[81.421,29.02],[81.419,29.019],[81.418,29.018],[81.417,29.017],[81.416,29.016],[81.416,29.014],[81.416,29.011],[81.416,29.01],[81.417,29.009],[81.417,29.008],[81.417,29.006],[81.418,29.005],[81.418,29.004],[81.418,29.003],[81.418,29.002],[81.418,29.0],[81.417,28.999],[81.416,28.998],[81.416,28.997],[81.414,28.996],[81.414,28.996],[81.414,28.994],[81.416,28.991],[81.418,28.99],[81.419,28.988],[81.42,28.987],[81.421,28.986],[81.422,28.985],[81.423,28.984],[81.424,28.982],[81.425,28.98],[81.425,28.979],[81.425,28.977],[81.425,28.975],[81.425,28.973],[81.425,28.971],[81.424,28.97],[81.425,28.968],[81.425,28.966],[81.426,28.965],[81.427,28.964],[81.428,28.962],[81.43,28.961],[81.432,28.959],[81.433,28.957],[81.435,28.956],[81.436,28.956],[81.438,28.955],[81.44,28.956],[81.44,28.956],[81.442,28.956],[81.443,28.956],[81.444,28.955],[81.445,28.953],[81.445,28.952],[81.445,28.95],[81.445,28.948],[81.445,28.946],[81.446,28.945],[81.446,28.943],[81.447,28.941],[81.447,28.94],[81.448,28.938],[81.45,28.938],[81.451,28.937],[81.452,28.936],[81.455,28.933],[81.456,28.933],[81.457,28.931],[81.458,28.93],[81.459,28.929],[81.461,28.929],[81.463,28.928],[81.464,28.927],[81.465,28.926],[81.467,28.925],[81.468,28.925],[81.469,28.923],[81.47,28.922],[81.471,28.921],[81.472,28.92],[81.472,28.919],[81.473,28.917],[81.475,28.915],[81.476,28.914],[81.477,28.912],[81.478,28.912],[81.479,28.91],[81.48,28.908],[81.481,28.906],[81.481,28.905],[81.482,28.902],[81.484,28.9],[81.485,28.898],[81.486,28.897],[81.487,28.896],[81.489,28.894],[81.49,28.893],[81.492,28.891],[81.494,28.89],[81.498,28.889],[81.501,28.888],[81.503,28.887],[81.505,28.887],[81.507,28.887],[81.509,28.886],[81.51,28.885],[81.511,28.883],[81.512,28.882],[81.513,28.879],[81.514,28.878],[81.516,28.876],[81.516,28.875],[81.518,28.872],[81.52,28.871],[81.521,28.87],[81.523,28.868],[81.523,28.867],[81.525,28.865],[81.527,28.864],[81.527,28.863],[81.532,28.857],[81.533,28.855],[81.534,28.853],[81.536,28.851],[81.536,28.85],[81.538,28.847],[81.538,28.845],[81.538,28.842],[81.539,28.839],[81.54,28.837],[81.54,28.835],[81.542,28.833],[81.543,28.831],[81.544,28.829],[81.545,28.828],[81.546,28.826],[81.55,28.819],[81.551,28.817],[81.552,28.815],[81.553,28.813],[81.554,28.81],[81.554,28.808],[81.555,28.807],[81.556,28.804],[81.557,28.802],[81.557,28.799],[81.558,28.798],[81.559,28.796],[81.56,28.795],[81.564,28.791],[81.566,28.79],[81.567,28.789],[81.569,28.788],[81.571,28.786],[81.573,28.785],[81.575,28.783],[81.577,28.782],[81.579,28.78],[81.58,28.779],[81.581,28.777],[81.582,28.775],[81.583,28.774],[81.584,28.772],[81.584,28.769],[81.584,28.766],[81.584,28.763],[81.584,28.761],[81.583,28.759],[81.582,28.757],[81.581,28.755],[81.58,28.754],[81.578,28.754],[81.576,28.753],[81.574,28.753],[81.573,28.753],[81.571,28.753],[81.569,28.753],[81.567,28.753],[81.565,28.752],[81.562,28.751],[81.56,28.75],[81.558,28.75],[81.555,28.749],[81.554,28.749],[81.551,28.748],[81.548,28.748],[81.545,28.746],[81.542,28.746],[81.539,28.746],[81.536,28.745],[81.533,28.745],[81.53,28.746],[81.527,28.746],[81.524,28.746],[81.523,28.748],[81.522,28.748],[81.523,28.75],[81.524,28.751],[81.526,28.752],[81.529,28.753],[81.53,28.754],[81.531,28.755],[81.534,28.756],[81.534,28.758],[81.534,28.76],[81.534,28.762],[81.533,28.764],[81.532,28.767],[81.531,28.769],[81.529,28.771],[81.528,28.773],[81.525,28.774],[81.523,28.775],[81.52,28.776],[81.519,28.777],[81.517,28.779],[81.517,28.781],[81.517,28.783],[81.517,28.784],[81.518,28.79],[81.519,28.792],[81.52,28.794],[81.521,28.796],[81.522,28.798],[81.523,28.799],[81.523,28.801],[81.523,28.803],[81.52,28.805],[81.517,28.806],[81.514,28.807],[81.512,28.808],[81.51,28.809],[81.506,28.813],[81.505,28.815],[81.503,28.817],[81.501,28.819],[81.5,28.822],[81.498,28.824],[81.497,28.826],[81.496,28.827],[81.495,28.829],[81.494,28.833],[81.492,28.836],[81.491,28.838],[81.489,28.84],[81.487,28.841],[81.484,28.842],[81.482,28.842],[81.481,28.843],[81.478,28.844],[81.476,28.845],[81.474,28.846],[81.472,28.848],[81.469,28.848],[81.467,28.85],[81.466,28.851],[81.464,28.852],[81.464,28.854],[81.465,28.856],[81.466,28.857],[81.467,28.859],[81.467,28.86],[81.468,28.861],[81.466,28.865],[81.465,28.867],[81.464,28.869],[81.463,28.871],[81.463,28.873],[81.463,28.876],[81.463,28.878],[81.464,28.88],[81.465,28.882],[81.466,28.884],[81.467,28.887],[81.467,28.888],[81.466,28.89],[81.464,28.892],[81.462,28.893],[81.461,28.893],[81.457,28.894],[81.454,28.894],[81.452,28.895],[81.45,28.896],[81.446,28.896],[81.444,28.897],[81.441,28.899],[81.438,28.901],[81.436,28.903],[81.435,28.905],[81.433,28.907],[81.432,28.907],[81.43,28.907],[81.427,28.908],[81.425,28.908],[81.422,28.909],[81.42,28.91],[81.417,28.911],[81.416,28.911],[81.414,28.911],[81.411,28.91],[81.409,28.909],[81.408,28.909],[81.402,28.907],[81.399,28.907],[81.397,28.906],[81.395,28.905],[81.393,28.904],[81.392,28.903],[81.39,28.902],[81.389,28.901],[81.387,28.899],[81.385,28.897],[81.383,28.896],[81.381,28.895],[81.378,28.893],[81.376,28.892],[81.373,28.891],[81.37,28.889],[81.367,28.889],[81.363,28.889],[81.358,28.888],[81.354,28.889],[81.35,28.889],[81.347,28.89],[81.343,28.891],[81.342,28.892],[81.34,28.895],[81.338,28.898],[81.337,28.901],[81.336,28.903],[81.335,28.904],[81.334,28.906],[81.331,28.906],[81.328,28.906],[81.327,28.906],[81.325,28.907],[81.324,28.909],[81.322,28.912],[81.321,28.915],[81.32,28.916],[81.319,28.918],[81.316,28.918],[81.314,28.919],[81.312,28.92],[81.31,28.921],[81.308,28.922],[81.307,28.923],[81.305,28.923],[81.303,28.924],[81.3,28.923],[81.297,28.923],[81.295,28.923],[81.292,28.922],[81.289,28.921],[81.287,28.921],[81.284,28.92],[81.283,28.918],[81.281,28.917],[81.279,28.915],[81.278,28.914],[81.276,28.913],[81.274,28.911],[81.273,28.909],[81.272,28.907],[81.271,28.905],[81.269,28.903],[81.267,28.902],[81.264,28.902],[81.262,28.902],[81.259,28.904],[81.257,28.906],[81.255,28.908],[81.253,28.91],[81.252,28.911],[81.25,28.912],[81.248,28.912],[81.246,28.911],[81.244,28.909],[81.243,28.907],[81.24,28.905],[81.238,28.904],[81.236,28.904],[81.233,28.904],[81.23,28.904],[81.226,28.904],[81.222,28.904],[81.217,28.904],[81.213,28.904],[81.211,28.904],[81.208,28.905],[81.206,28.907],[81.205,28.907],[81.203,28.908],[81.201,28.909],[81.199,28.911],[81.198,28.911],[81.196,28.912],[81.193,28.913],[81.192,28.913],[81.184,28.914],[81.178,28.916],[81.176,28.917],[81.174,28.917],[81.171,28.919],[81.169,28.92],[81.166,28.922],[81.164,28.923],[81.162,28.925],[81.161,28.927],[81.159,28.928],[81.157,28.93],[81.154,28.932],[81.153,28.933],[81.151,28.935],[81.149,28.935],[81.148,28.937],[81.147,28.939],[81.146,28.941],[81.145,28.942],[81.144,28.943],[81.142,28.944],[81.139,28.946],[81.138,28.946],[81.136,28.948],[81.133,28.95],[81.131,28.952],[81.13,28.953],[81.128,28.956],[81.126,28.957],[81.124,28.959],[81.122,28.96],[81.121,28.961],[81.118,28.962],[81.115,28.963],[81.112,28.964],[81.11,28.963],[81.106,28.963],[81.105,28.963],[81.103,28.963],[81.1,28.962],[81.097,28.962],[81.094,28.962],[81.091,28.964],[81.089,28.964],[81.087,28.964],[81.081,28.965],[81.076,28.965],[81.072,28.966],[81.07,28.966],[81.067,28.968],[81.065,28.968],[81.062,28.969],[81.058,28.971],[81.056,28.972],[81.054,28.973],[81.052,28.974],[81.05,28.974],[81.049,28.974],[81.046,28.972],[81.045,28.97],[81.044,28.969],[81.041,28.967],[81.038,28.965],[81.036,28.964],[81.035,28.963],[81.033,28.962],[81.031,28.961],[81.029,28.959],[81.028,28.957],[81.027,28.955],[81.026,28.955],[81.023,28.952],[81.022,28.952],[81.019,28.952],[81.017,28.953],[81.013,28.953],[81.011,28.954],[81.009,28.955],[81.007,28.955],[81.004,28.954],[81.002,28.953],[81.0,28.952],[80.998,28.951],[80.996,28.949],[80.994,28.948],[80.991,28.946],[80.989,28.944],[80.987,28.943],[80.986,28.941],[80.984,28.94]]]}},{"type":"Feature","properties":{"id":7,"name":"Sudurpashchim","name_ne":"सुदूरपश्चिम","level":"province","capital":"Godawari"},"geometry":{"type":"Polygon","coordinates":[[[80.051,28.886],[80.051,28.884],[80.052,28.882],[80.054,28.88],[80.055,28.88],[80.056,28.881],[80.057,28.881],[80.058,28.881],[80.06,28.882],[80.063,28.883],[80.065,28.883],[80.067,28.882],[80.068,28.881],[80.069,28.879],[80.071,28.875],[80.072,28.872],[80.072,28.871],[80.072,28.868],[80.071,28.865],[80.071,28.864],[80.07,28.863],[80.069,28.862],[80.069,28.861],[80.068,28.86],[80.066,28.859],[80.065,28.858],[80.064,28.858],[80.061,28.857],[80.061,28.855],[80.06,28.853],[80.06,28.851],[80.061,28.848],[80.061,28.845],[80.063,28.843],[80.064,28.842],[80.065,28.841],[80.067,28.839],[80.068,28.837],[80.069,28.836],[80.07,28.834],[80.071,28.831],[80.073,28.829],[80.074,28.828],[80.075,28.827],[80.075,28.826],[80.077,28.826],[80.079,28.826],[80.082,28.826],[80.084,28.826],[80.088,28.827],[80.089,28.827],[80.091,28.827],[80.092,28.827],[80.093,28.828],[80.095,28.828],[80.096,28.828],[80.098,28.829],[80.1,28.829],[80.102,28.829],[80.103,28.829],[80.105,28.83],[80.108,28.83],[80.109,28.831],[80.111,28.831],[80.114,28.831],[80.117,28.83],[80.119,28.829],[80.12,28.828],[80.124,28.826],[80.126,28.825],[80.128,28.823],[80.131,28.821],[80.133,28.819],[80.136,28.818],[80.138,28.816],[80.14,28.813],[80.143,28.81],[80.145,28.808],[80.147,28.806],[80.148,28.804],[80.151,28.802],[80.152,28.801],[80.154,28.799],[80.156,28.797],[80.159,28.795],[80.161,28.793],[80.162,28.792],[80.164,28.791],[80.166,28.789],[80.169,28.786],[80.172,28.784],[80.173,28.783],[80.174,28.782],[80.175,28.781],[80.176,28.78],[80.178,28.779],[80.18,28.778],[80.182,28.776],[80.187,28.773],[80.189,28.772],[80.191,28.771],[80.192,28.771],[80.193,28.77],[80.195,28.768],[80.197,28.767],[80.199,28.766],[80.202,28.765],[80.204,28.763],[80.206,28.762],[80.208,28.761],[80.21,28.759],[80.211,28.758],[80.214,28.757],[80.216,28.757],[80.218,28.756],[80.221,28.756],[80.223,28.756],[80.225,28.757],[80.226,28.757],[80.228,28.758],[80.23,28.758],[80.231,28.759],[80.233,28.759],[80.235,28.759],[80.237,28.758],[80.239,28.757],[80.241,28.757],[80.242,28.756],[80.243,28.757],[80.245,28.757],[80.247,28.757],[80.249,28.757],[80.252,28.756],[80.254,28.756],[80.255,28.754],[80.257,28.753],[80.259,28.75],[80.26,28.749],[80.261,28.746],[80.262,28.744],[80.263,28.742],[80.264,28.74],[80.264,28.736],[80.263,28.735],[80.263,28.734],[80.262,28.733],[80.26,28.732],[80.26,28.731],[80.259,28.73],[80.258,28.729],[80.258,28.728],[80.26,28.725],[80.261,28.723],[80.263,28.722],[80.265,28.72],[80.269,28.716],[80.27,28.715],[80.271,28.714],[80.273,28.712],[80.274,28.711],[80.276,28.711],[80.278,28.71],[80.28,28.71],[80.281,28.71],[80.283,28.71],[80.286,28.71],[80.29,28.71],[80.293,28.708],[80.296,28.708],[80.298,28.706],[80.301,28.704],[80.302,28.703],[80.304,28.702],[80.306,28.701],[80.308,28.701],[80.31,28.7],[80.312,28.7],[80.314,28.699],[80.315,28.698],[80.316,28.697],[80.316,28.696],[80.318,28.695],[80.319,28.693],[80.32,28.69],[80.32,28.689],[80.32,28.684],[80.32,28.682],[80.32,28.68],[80.32,28.677],[80.321,28.675],[80.321,28.674],[80.321,28.673],[80.321,28.67],[80.322,28.668],[80.323,28.666],[80.324,28.665],[80.326,28.664],[80.329,28.662],[80.331,28.661],[80.334,28.66],[80.337,28.659],[80.34,28.657],[80.343,28.656],[80.345,28.655],[80.347,28.653],[80.349,28.651],[80.35,28.65],[80.352,28.649],[80.354,28.647],[80.356,28.645],[80.357,28.643],[80.357,28.64],[80.357,28.639],[80.358,28.637],[80.358,28.636],[80.358,28.636],[80.36,28.634],[80.361,28.633],[80.363,28.631],[80.365,28.63],[80.367,28.629],[80.368,28.628],[80.37,28.628],[80.371,28.627],[80.373,28.627],[80.375,28.628],[80.376,28.628],[80.378,28.628],[80.381,28.628],[80.385,28.629],[80.388,28.629],[80.391,28.63],[80.393,28.631],[80.395,28.632],[80.399,28.632],[80.401,28.633],[80.403,28.633],[80.404,28.634],[80.407,28.634],[80.409,28.634],[80.412,28.634],[80.414,28.634],[80.416,28.634],[80.417,28.635],[80.419,28.635],[80.421,28.636],[80.422,28.636],[80.424,28.637],[80.425,28.637],[80.427,28.637],[80.429,28.636],[80.432,28.636],[80.435,28.635],[80.438,28.634],[80.442,28.632],[80.444,28.631],[80.446,28.63],[80.449,28.629],[80.451,28.628],[80.452,28.626],[80.454,28.625],[80.455,28.624],[80.458,28.622],[80.459,28.621],[80.459,28.62],[80.461,28.618],[80.462,28.616],[80.463,28.612],[80.464,28.609],[80.465,28.605],[80.466,28.603],[80.467,28.601],[80.468,28.599],[80.469,28.598],[80.47,28.597],[80.471,28.597],[80.472,28.596],[80.473,28.595],[80.474,28.594],[80.475,28.593],[80.476,28.591],[80.475,28.59],[80.475,28.589],[80.474,28.587],[80.474,28.585],[80.475,28.584],[80.477,28.584],[80.479,28.585],[80.481,28.585],[80.484,28.585],[80.486,28.584],[80.487,28.583],[80.488,28.582],[80.489,28.582],[80.491,28.581],[80.495,28.58],[80.497,28.579],[80.498,28.577],[80.499,28.575],[80.499,28.574],[80.499,28.572],[80.499,28.571],[80.5,28.57],[80.502,28.57],[80.503,28.569],[80.505,28.569],[80.506,28.568],[80.508,28.567],[80.51,28.565],[80.511,28.564],[80.512,28.561],[80.512,28.56],[80.513,28.556],[80.514,28.554],[80.515,28.553],[80.516,28.553],[80.517,28.553],[80.518,28.553],[80.519,28.553],[80.521,28.554],[80.522,28.554],[80.524,28.555],[80.525,28.556],[80.525,28.557],[80.527,28.558],[80.528,28.562],[80.529,28.564],[80.53,28.565],[80.531,28.568],[80.531,28.57],[80.53,28.572],[80.529,28.573],[80.527,28.575],[80.526,28.576],[80.525,28.576],[80.524,28.577],[80.522,28.578],[80.52,28.581],[80.519,28.582],[80.518,28.585],[80.518,28.587],[80.519,28.588],[80.518,28.589],[80.518,28.591],[80.517,28.595],[80.517,28.598],[80.517,28.6],[80.517,28.602],[80.516,28.603],[80.516,28.604],[80.515,28.605],[80.515,28.607],[80.515,28.608],[80.515,28.608],[80.514,28.611],[80.514,28.612],[80.514,28.614],[80.514,28.616],[80.512,28.62],[80.511,28.622],[80.511,28.624],[80.511,28.627],[80.51,28.629],[80.509,28.631],[80.509,28.634],[80.509,28.634],[80.509,28.636],[80.508,28.637],[80.508,28.64],[80.508,28.642],[80.507,28.644],[80.507,28.646],[80.507,28.647],[80.506,28.648],[80.506,28.651],[80.505,28.653],[80.504,28.655],[80.503,28.657],[80.503,28.659],[80.503,28.66],[80.503,28.661],[80.503,28.662],[80.503,28.664],[80.504,28.665],[80.505,28.666],[80.506,28.668],[80.508,28.67],[80.509,28.671],[80.511,28.672],[80.513,28.674],[80.514,28.675],[80.517,28.676],[80.519,28.678],[80.521,28.678],[80.523,28.679],[80.524,28.681],[80.526,28.682],[80.528,28.683],[80.529,28.684],[80.531,28.684],[80.532,28.685],[80.533,28.686],[80.535,28.687],[80.537,28.688],[80.539,28.689],[80.54,28.689],[80.542,28.69],[80.544,28.69],[80.545,28.69],[80.546,28.69],[80.547,28.691],[80.548,28.691],[80.55,28.691],[80.55,28.692],[80.554,28.693],[80.56,28.691],[80.567,28.69],[80.585,28.684],[80.589,28.682],[80.586,28.673],[80.583,28.667],[80.584,28.663],[80.588,28.66],[80.594,28.66],[80.598,28.658],[80.595,28.653],[80.595,28.65],[80.599,28.651],[80.606,28.655],[80.611,28.648],[80.616,28.643],[80.621,28.64],[80.628,28.639],[80.635,28.641],[80.641,28.645],[80.644,28.643],[80.651,28.638],[80.656,28.638],[80.662,28.642],[80.667,28.645],[80.667,28.645],[80.669,28.639],[80.67,28.633],[80.67,28.632],[80.672,28.629],[80.676,28.624],[80.677,28.62],[80.678,28.613],[80.678,28.607],[80.683,28.605],[80.69,28.605],[80.695,28.603],[80.695,28.597],[80.693,28.592],[80.692,28.589],[80.696,28.585],[80.702,28.581],[80.708,28.576],[80.713,28.573],[80.718,28.574],[80.724,28.576],[80.729,28.575],[80.733,28.572],[80.736,28.57],[80.739,28.571],[80.739,28.571],[80.739,28.574],[80.74,28.575],[80.742,28.576],[80.747,28.574],[80.747,28.574],[80.753,28.572],[80.758,28.57],[80.762,28.568],[80.765,28.564],[80.767,28.557],[80.769,28.553],[80.773,28.551],[80.779,28.55],[80.783,28.547],[80.785,28.542],[80.785,28.535],[80.786,28.53],[80.789,28.527],[80.793,28.525],[80.799,28.524],[80.808,28.524],[80.811,28.524],[80.819,28.519],[80.824,28.516],[80.83,28.512],[80.84,28.505],[80.842,28.5],[80.842,28.496],[80.845,28.494],[80.849,28.494],[80.855,28.493],[80.86,28.492],[80.865,28.49],[80.866,28.49],[80.864,28.495],[80.862,28.501],[80.861,28.504],[80.861,28.506],[80.862,28.508],[80.864,28.51],[80.867,28.511],[80.872,28.512],[80.879,28.512],[80.884,28.512],[80.889,28.511],[80.895,28.509],[80.899,28.503],[80.902,28.5],[80.906,28.497],[80.907,28.492],[80.904,28.487],[80.902,28.483],[80.903,28.478],[80.905,28.472],[80.909,28.465],[80.912,28.46],[80.915,28.461],[80.918,28.463],[80.92,28.461],[80.922,28.459],[80.929,28.459],[80.932,28.462],[80.936,28.465],[80.939,28.468],[80.944,28.469],[80.945,28.467],[80.944,28.466],[80.941,28.464],[80.938,28.463],[80.935,28.459],[80.935,28.457],[80.938,28.456],[80.944,28.456],[80.949,28.455],[80.952,28.45],[80.955,28.446],[80.959,28.446],[80.964,28.449],[80.968,28.453],[80.971,28.455],[80.975,28.456],[80.98,28.455],[80.978,28.453],[80.975,28.45],[80.971,28.447],[80.969,28.444],[80.967,28.439],[80.966,28.436],[80.971,28.436],[80.977,28.435],[80.98,28.437],[80.981,28.439],[80.983,28.44],[80.986,28.44],[80.99,28.441],[80.994,28.443],[80.997,28.446],[81.0,28.449],[81.003,28.451],[81.008,28.451],[81.012,28.451],[81.017,28.451],[81.018,28.449],[81.018,28.446],[81.016,28.441],[81.015,28.437],[81.016,28.433],[81.018,28.431],[81.02,28.431],[81.031,28.437],[81.037,28.427],[81.018,28.417],[81.021,28.414],[81.023,28.411],[81.026,28.408],[81.03,28.403],[81.034,28.399],[81.037,28.397],[81.037,28.398],[81.037,28.4],[81.037,28.406],[81.037,28.409],[81.038,28.412],[81.038,28.412],[81.04,28.412],[81.042,28.412],[81.045,28.411],[81.048,28.409],[81.051,28.408],[81.061,28.397],[81.064,28.407],[81.065,28.409],[81.068,28.414],[81.071,28.417],[81.073,28.421],[81.075,28.425],[81.076,28.428],[81.077,28.431],[81.079,28.435],[81.081,28.439],[81.081,28.442],[81.082,28.445],[81.083,28.448],[81.086,28.452],[81.088,28.453],[81.09,28.454],[81.094,28.455],[81.097,28.457],[81.1,28.461],[81.103,28.463],[81.105,28.465],[81.111,28.468],[81.114,28.47],[81.118,28.473],[81.121,28.476],[81.124,28.478],[81.126,28.48],[81.13,28.482],[81.132,28.485],[81.137,28.488],[81.14,28.491],[81.142,28.494],[81.144,28.498],[81.147,28.503],[81.148,28.506],[81.15,28.508],[81.153,28.51],[81.156,28.513],[81.159,28.514],[81.161,28.516],[81.164,28.518],[81.166,28.52],[81.168,28.521],[81.169,28.523],[81.171,28.526],[81.174,28.53],[81.176,28.533],[81.178,28.536],[81.179,28.539],[81.181,28.542],[81.183,28.544],[81.186,28.546],[81.188,28.55],[81.19,28.552],[81.192,28.554],[81.195,28.556],[81.197,28.558],[81.199,28.559],[81.201,28.561],[81.203,28.564],[81.208,28.571],[81.209,28.573],[81.211,28.576],[81.213,28.58],[81.214,28.583],[81.215,28.585],[81.216,28.587],[81.217,28.59],[81.218,28.592],[81.22,28.595],[81.221,28.597],[81.223,28.601],[81.225,28.603],[81.227,28.605],[81.229,28.607],[81.231,28.608],[81.235,28.61],[81.238,28.611],[81.242,28.612],[81.244,28.612],[81.247,28.614],[81.25,28.616],[81.252,28.618],[81.253,28.62],[81.255,28.622],[81.256,28.623],[81.258,28.625],[81.261,28.626],[81.263,28.627],[81.266,28.628],[81.268,28.629],[81.269,28.629],[81.272,28.63],[81.274,28.631],[81.276,28.633],[81.277,28.636],[81.279,28.638],[81.28,28.639],[81.282,28.64],[81.283,28.641],[81.285,28.642],[81.287,28.644],[81.288,28.646],[81.29,28.648],[81.29,28.649],[81.291,28.65],[81.291,28.652],[81.291,28.654],[81.291,28.657],[81.291,28.659],[81.291,28.662],[81.29,28.665],[81.29,28.667],[81.289,28.669],[81.289,28.67],[81.289,28.671],[81.286,28.677],[81.286,28.678],[81.285,28.68],[81.284,28.683],[81.283,28.686],[81.282,28.688],[81.281,28.691],[81.28,28.694],[81.279,28.695],[81.277,28.697],[81.274,28.699],[81.272,28.7],[81.271,28.701],[81.269,28.704],[81.268,28.705],[81.268,28.707],[81.268,28.709],[81.269,28.71],[81.271,28.712],[81.271,28.713],[81.272,28.716],[81.272,28.718],[81.272,28.721],[81.271,28.724],[81.269,28.725],[81.267,28.727],[81.26,28.729],[81.258,28.73],[81.257,28.732],[81.257,28.734],[81.258,28.735],[81.26,28.738],[81.261,28.74],[81.261,28.742],[81.26,28.745],[81.26,28.747],[81.258,28.75],[81.256,28.752],[81.255,28.753],[81.253,28.755],[81.252,28.758],[81.251,28.762],[81.251,28.764],[81.25,28.767],[81.25,28.77],[81.249,28.772],[81.249,28.776],[81.248,28.778],[81.245,28.782],[81.243,28.784],[81.241,28.785],[81.238,28.785],[81.235,28.787],[81.233,28.789],[81.232,28.792],[81.232,28.795],[81.234,28.798],[81.235,28.799],[81.238,28.801],[81.24,28.801],[81.241,28.803],[81.243,28.804],[81.243,28.806],[81.242,28.809],[81.241,28.81],[81.239,28.812],[81.236,28.814],[81.234,28.815],[81.234,28.818],[81.233,28.826],[81.233,28.828],[81.232,28.83],[81.231,28.831],[81.229,28.834],[81.228,28.835],[81.225,28.837],[81.223,28.838],[81.221,28.839],[81.218,28.841],[81.215,28.842],[81.213,28.843],[81.211,28.845],[81.21,28.848],[81.209,28.851],[81.209,28.854],[81.209,28.857],[81.208,28.859],[81.206,28.859],[81.204,28.86],[81.203,28.86],[81.202,28.858],[81.201,28.856],[81.2,28.853],[81.2,28.851],[81.2,28.848],[81.199,28.846],[81.199,28.843],[81.198,28.841],[81.198,28.837],[81.198,28.835],[81.199,28.831],[81.2,28.829],[81.202,28.828],[81.205,28.826],[81.206,28.824],[81.208,28.822],[81.209,28.82],[81.208,28.818],[81.206,28.817],[81.204,28.816],[81.202,28.817],[81.2,28.818],[81.199,28.819],[81.196,28.82],[81.193,28.821],[81.192,28.822],[81.189,28.823],[81.188,28.823],[81.185,28.824],[81.183,28.824],[81.181,28.826],[81.18,28.827],[81.177,28.831],[81.176,28.833],[81.175,28.834],[81.173,28.834],[81.17,28.834],[81.167,28.832],[81.165,28.83],[81.162,28.829],[81.158,28.828],[81.156,28.83],[81.156,28.832],[81.156,28.835],[81.157,28.838],[81.157,28.841],[81.156,28.843],[81.156,28.845],[81.154,28.847],[81.153,28.85],[81.151,28.852],[81.15,28.855],[81.149,28.857],[81.147,28.862],[81.147,28.863],[81.146,28.865],[81.145,28.869],[81.143,28.87],[81.142,28.87],[81.14,28.87],[81.138,28.869],[81.136,28.867],[81.133,28.865],[81.132,28.863],[81.13,28.861],[81.129,28.859],[81.128,28.856],[81.128,28.853],[81.128,28.851],[81.126,28.85],[81.125,28.849],[81.123,28.848],[81.12,28.848],[81.118,28.847],[81.115,28.847],[81.112,28.846],[81.109,28.845],[81.106,28.845],[81.104,28.845],[81.102,28.846],[81.1,28.847],[81.099,28.849],[81.096,28.853],[81.095,28.854],[81.093,28.855],[81.091,28.857],[81.088,28.859],[81.086,28.86],[81.084,28.86],[81.081,28.861],[81.079,28.862],[81.076,28.864],[81.075,28.866],[81.075,28.869],[81.074,28.871],[81.074,28.873],[81.072,28.874],[81.067,28.873],[81.066,28.873],[81.064,28.873],[81.062,28.873],[81.059,28.873],[81.056,28.873],[81.054,28.874],[81.053,28.875],[81.05,28.879],[81.049,28.881],[81.047,28.882],[81.046,28.884],[81.043,28.886],[81.042,28.888],[81.04,28.89],[81.039,28.892],[81.038,28.894],[81.034,28.9],[81.033,28.901],[81.032,28.903],[81.031,28.905],[81.03,28.906],[81.029,28.908],[81.027,28.91],[81.025,28.912],[81.024,28.914],[81.023,28.916],[81.021,28.918],[81.019,28.92],[81.016,28.921],[81.014,28.922],[81.012,28.923],[81.01,28.924],[81.007,28.925],[81.005,28.926],[81.002,28.928],[80.999,28.929],[80.997,28.929],[80.995,28.93],[80.992,28.931],[80.989,28.932],[80.987,28.934],[80.984,28.937],[80.984,28.938],[80.984,28.94],[80.986,28.941],[80.987,28.943],[80.989,28.944],[80.991,28.946],[80.994,28.948],[80.996,28.949],[80.998,28.951],[81.0,28.952],[81.002,28.953],[81.004,28.954],[81.007,28.955],[81.009,28.955],[81.011,28.954],[81.013,28.953],[81.017,28.953],[81.019,28.952],[81.022,28.952],[81.023,28.952],[81.026,28.955],[81.027,28.955],[81.028,28.957],[81.029,28.959],[81.031,28.961],[81.033,28.962],[81.035,28.963],[81.036,28.964],[81.038,28.965],[81.041,28.967],[81.044,28.969],[81.045,28.97],[81.046,28.972],[81.049,28.974],[81.05,28.974],[81.052,28.974],[81.054,28.973],[81.056,28.972],[81.058,28.971],[81.062,28.969],[81.065,28.968],[81.067,28.968],[81.07,28.966],[81.072,28.966],[81.076,28.965],[81.081,28.965],[81.087,28.964],[81.089,28.964],[81.091,28.964],[81.094,28.962],[81.097,28.962],[81.1,28.962],[81.103,28.963],[81.105,28.963],[81.106,28.963],[81.11,28.963],[81.112,28.964],[81.115,28.963],[81.118,28.962],[81.121,28.961],[81.122,28.96],[81.124,28.959],[81.126,28.957],[81.128,28.956],[81.13,28.953],[81.131,28.952],[81.133,28.95],[81.136,28.948],[81.138,28.946],[81.139,28.946],[81.142,28.944],[81.144,28.943],[81.145,28.942],[81.146,28.941],[81.147,28.939],[81.148,28.937],[81.149,28.935],[81.151,28.935],[81.153,28.933],[81.154,28.932],[81.157,28.93],[81.159,28.928],[81.161,28.927],[81.162,28.925],[81.164,28.923],[81.166,28.922],[81.169,28.92],[81.171,28.919],[81.174,28.917],[81.176,28.917],[81.178,28.916],[81.184,28.914],[81.192,28.913],[81.193,28.913],[81.196,28.912],[81.198,28.911],[81.199,28.911],[81.201,28.909],[81.203,28.908],[81.205,28.907],[81.206,28.907],[81.208,28.905],[81.211,28.904],[81.213,28.904],[81.217,28.904],[81.222,28.904],[81.226,28.904],[81.23,28.904],[81.233,28.904],[81.236,28.904],[81.238,28.904],[81.24,28.905],[81.243,28.907],[81.244,28.909],[81.246,28.911],[81.248,28.912],[81.25,28.912],[81.252,28.911],[81.253,28.91],[81.255,28.908],[81.257,28.906],[81.259,28.904],[81.262,28.902],[81.264,28.902],[81.267,28.902],[81.269,28.903],[81.271,28.905],[81.272,28.907],[81.273,28.909],[81.274,28.911],[81.276,28.913],[81.278,28.914],[81.279,28.915],[81.281,28.917],[81.283,28.918],[81.284,28.92],[81.287,28.921],[81.289,28.921],[81.292,28.922],[81.295,28.923],[81.297,28.923],[81.3,28.923],[81.303,28.924],[81.305,28.923],[81.307,28.923],[81.308,28.922],[81.31,28.921],[81.312,28.92],[81.314,28.919],[81.316,28.918],[81.319,28.918],[81.32,28.916],[81.321,28.915],[81.322,28.912],[81.324,28.909],[81.325,28.907],[81.327,28.906],[81.328,28.906],[81.331,28.906],[81.334,28.906],[81.335,28.904],[81.336,28.903],[81.337,28.901],[81.338,28.898],[81.34,28.895],[81.342,28.892],[81.343,28.891],[81.347,28.89],[81.35,28.889],[81.354,28.889],[81.358,28.888],[81.363,28.889],[81.367,28.889],[81.37,28.889],[81.373,28.891],[81.376,28.892],[81.378,28.893],[81.381,28.895],[81.383,28.896],[81.385,28.897],[81.387,28.899],[81.389,28.901],[81.39,28.902],[81.392,28.903],[81.393,28.904],[81.395,28.905],[81.397,28.906],[81.399,28.907],[81.402,28.907],[81.408,28.909],[81.409,28.909],[81.411,28.91],[81.414,28.911],[81.416,28.911],[81.417,28.911],[81.42,28.91],[81.422,28.909],[81.425,28.908],[81.427,28.908],[81.43,28.907],[81.432,28.907],[81.433,28.907],[81.435,28.905],[81.436,28.903],[81.438,28.901],[81.441,28.899],[81.444,28.897],[81.446,28.896],[81.45,28.896],[81.452,28.895],[81.454,28.894],[81.457,28.894],[81.461,28.893],[81.462,28.893],[81.464,28.892],[81.466,28.89],[81.467,28.888],[81.467,28.887],[81.466,28.884],[81.465,28.882],[81.464,28.88],[81.463,28.878],[81.463,28.876],[81.463,28.873],[81.463,28.871],[81.464,28.869],[81.465,28.867],[81.466,28.865],[81.468,28.861],[81.467,28.86],[81.467,28.859],[81.466,28.857],[81.465,28.856],[81.464,28.854],[81.464,28.852],[81.466,28.851],[81.467,28.85],[81.469,28.848],[81.472,28.848],[81.474,28.846],[81.476,28.845],[81.478,28.844],[81.481,28.843],[81.482,28.842],[81.484,28.842],[81.487,28.841],[81.489,28.84],[81.491,28.838],[81.492,28.836],[81.494,28.833],[81.495,28.829],[81.496,28.827],[81.497,28.826],[81.498,28.824],[81.5,28.822],[81.501,28.819],[81.503,28.817],[81.505,28.815],[81.506,28.813],[81.51,28.809],[81.512,28.808],[81.514,28.807],[81.517,28.806],[81.52,28.805],[81.523,28.803],[81.523,28.801],[81.523,28.799],[81.522,28.798],[81.521,28.796],[81.52,28.794],[81.519,28.792],[81.518,28.79],[81.517,28.784],[81.517,28.783],[81.517,28.781],[81.517,28.779],[81.519,28.777],[81.52,28.776],[81.523,28.775],[81.525,28.774],[81.528,28.773],[81.529,28.771],[81.531,28.769],[81.532,28.767],[81.533,28.764],[81.534,28.762],[81.534,28.76],[81.534,28.758],[81.534,28.756],[81.531,28.755],[81.53,28.754],[81.529,28.753],[81.526,28.752],[81.524,28.751],[81.523,28.75],[81.522,28.748],[81.523,28.748],[81.524,28.746],[81.527,28.746],[81.53,28.746],[81.533,28.745],[81.536,28.745],[81.539,28.746],[81.542,28.746],[81.545,28.746],[81.548,28.748],[81.551,28.748],[81.554,28.749],[81.555,28.749],[81.558,28.75],[81.56,28.75],[81.562,28.751],[81.565,28.752],[81.567,28.753],[81.569,28.753],[81.571,28.753],[81.573,28.753],[81.574,28.753],[81.576,28.753],[81.578,28.754],[81.58,28.754],[81.581,28.755],[81.582,28.757],[81.583,28.759],[81.584,28.761],[81.584,28.763],[81.584,28.766],[81.584,28.769],[81.584,28.772],[81.583,28.774],[81.582,28.775],[81.581,28.777],[81.58,28.779],[81.579,28.78],[81.577,28.782],[81.575,28.783],[81.573,28.785],[81.571,28.786],[81.569,28.788],[81.567,28.789],[81.566,28.79],[81.564,28.791],[81.56,28.795],[81.559,28.796],[81.558,28.798],[81.557,28.799],[81.557,28.802],[81.556,28.804],[81.555,28.807],[81.554,28.808],[81.554,28.81],[81.553,28.813],[81.552,28.815],[81.551,28.817],[81.55,28.819],[81.546,28.826],[81.545,28.828],[81.544,28.829],[81.543,28.831],[81.542,28.833],[81.54,28.835],[81.54,28.837],[81.539,28.839],[81.538,28.842],[81.538,28.845],[81.538,28.847],[81.536,28.85],[81.536,28.851],[81.534,28.853],[81.533,28.855],[81.532,28.857],[81.527,28.863],[81.527,28.864],[81.525,28.865],[81.523,28.867],[81.523,28.868],[81.521,28.87],[81.52,28.871],[81.518,28.872],[81.516,28.875],[81.516,28.876],[81.514,28.878],[81.513,28.879],[81.512,28.882],[81.511,28.883],[81.51,28.885],[81.509,28.886],[81.507,28.887],[81.505,28.887],[81.503,28.887],[81.501,28.888],[81.498,28.889],[81.494,28.89],[81.492,28.891],[81.49,28.893],[81.489,28.894],[81.487,28.896],[81.486,28.897],[81.485,28.898],[81.484,28.9],[81.482,28.902],[81.481,28.905],[81.481,28.906],[81.48,28.908],[81.479,28.91],[81.478,28.912],[81.477,28.912],[81.476,28.914],[81.475,28.915],[81.473,28.917],[81.472,28.919],[81.472,28.92],[81.471,28.921],[81.47,28.922],[81.469,28.923],[81.468,28.925],[81.467,28.925],[81.465,28.926],[81.464,28.927],[81.463,28.928],[81.461,28.929],[81.459,28.929],[81.458,28.93],[81.457,28.931],[81.456,28.933],[81.455,28.933],[81.452,28.936],[81.451,28.937],[81.45,28.938],[81.448,28.938],[81.447,28.94],[81.447,28.941],[81.446,28.943],[81.446,28.945],[81.445,28.946],[81.445,28.948],[81.445,28.95],[81.445,28.952],[81.445,28.953],[81.444,28.955],[81.443,28.956],[81.442,28.956],[81.44,28.956],[81.44,28.956],[81.438,28.955],[81.436,28.956],[81.435,28.956],[81.433,28.957],[81.432,28.959],[81.43,28.961],[81.428,28.962],[81.427,28.964],[81.426,28.965],[81.425,28.966],[81.425,28.968],[81.424,28.97],[81.425,28.971],[81.425,28.973],[81.425,28.975],[81.425,28.977],[81.425,28.979],[81.425,28.98],[81.424,28.982],[81.423,28.984],[81.422,28.985],[81.421,28.986],[81.42,28.987],[81.419,28.988],[81.418,28.99],[81.416,28.991],[81.414,28.994],[81.414,28.996],[81.414,28.996],[81.416,28.997],[81.416,28.998],[81.417,28.999],[81.418,29.0],[81.418,29.002],[81.418,29.003],[81.418,29.004],[81.418,29.005],[81.417,29.006],[81.417,29.008],[81.417,29.009],[81.416,29.01],[81.416,29.011],[81.416,29.014],[81.416,29.016],[81.417,29.017],[81.418,29.018],[81.419,29.019],[81.421,29.02],[81.423,29.021],[81.426,29.023],[81.427,29.023],[81.429,29.025],[81.43,29.026],[81.431,29.028],[81.433,29.03],[81.433,29.031],[81.435,29.034],[81.436,29.035],[81.438,29.038],[81.438,29.039],[81.439,29.041],[81.441,29.043],[81.442,29.044],[81.442,29.045],[81.444,29.046],[81.445,29.048],[81.446,29.049],[81.447,29.051],[81.448,29.052],[81.449,29.053],[81.452,29.057],[81.453,29.057],[81.454,29.058],[81.456,29.059],[81.457,29.06],[81.459,29.061],[81.46,29.062],[81.461,29.062],[81.463,29.063],[81.464,29.064],[81.465,29.065],[81.467,29.066],[81.468,29.067],[81.469,29.069],[81.469,29.07],[81.469,29.072],[81.47,29.074],[81.471,29.075],[81.473,29.076],[81.474,29.077],[81.475,29.078],[81.476,29.078],[81.478,29.079],[81.479,29.08],[81.481,29.08],[81.482,29.08],[81.484,29.081],[81.485,29.081],[81.487,29.082],[81.489,29.083],[81.491,29.084],[81.492,29.084],[81.494,29.085],[81.495,29.086],[81.496,29.087],[81.498,29.088],[81.499,29.088],[81.5,29.088],[81.502,29.088],[81.503,29.089],[81.505,29.088],[81.508,29.089],[81.509,29.089],[81.511,29.09],[81.512,29.09],[81.514,29.091],[81.515,29.092],[81.516,29.093],[81.517,29.094],[81.519,29.096],[81.521,29.098],[81.522,29.099],[81.523,29.1],[81.527,29.101],[81.528,29.102],[81.53,29.102],[81.532,29.103],[81.535,29.104],[81.539,29.106],[81.541,29.107],[81.543,29.109],[81.545,29.112],[81.548,29.114],[81.549,29.116],[81.552,29.118],[81.554,29.119],[81.555,29.12],[81.557,29.121],[81.559,29.121],[81.561,29.122],[81.564,29.123],[81.568,29.126],[81.566,29.127],[81.565,29.127],[81.563,29.127],[81.561,29.126],[81.559,29.127],[81.555,29.128],[81.552,29.128],[81.549,29.13],[81.545,29.131],[81.542,29.132],[81.539,29.134],[81.537,29.136],[81.536,29.139],[81.534,29.143],[81.533,29.145],[81.532,29.148],[81.529,29.15],[81.526,29.152],[81.522,29.152],[81.52,29.152],[81.516,29.151],[81.509,29.15],[81.506,29.15],[81.502,29.151],[81.499,29.153],[81.498,29.157],[81.497,29.161],[81.497,29.164],[81.495,29.167],[81.49,29.17],[81.489,29.172],[81.489,29.174],[81.49,29.178],[81.491,29.18],[81.491,29.184],[81.489,29.189],[81.486,29.192],[81.484,29.195],[81.483,29.199],[81.484,29.203],[81.485,29.206],[81.486,29.209],[81.487,29.214],[81.487,29.218],[81.487,29.22],[81.489,29.224],[81.492,29.228],[81.495,29.23],[81.498,29.233],[81.499,29.236],[81.499,29.241],[81.497,29.244],[81.495,29.247],[81.494,29.252],[81.495,29.255],[81.495,29.258],[81.494,29.261],[81.492,29.263],[81.488,29.263],[81.487,29.263],[81.482,29.263],[81.477,29.264],[81.473,29.265],[81.47,29.267],[81.47,29.269],[81.471,29.27],[81.472,29.27],[81.475,29.272],[81.479,29.275],[81.482,29.277],[81.485,29.278],[81.486,29.279],[81.489,29.281],[81.492,29.284],[81.494,29.286],[81.497,29.289],[81.5,29.292],[81.502,29.294],[81.504,29.297],[81.506,29.302],[81.507,29.306],[81.509,29.31],[81.512,29.311],[81.517,29.313],[81.522,29.314],[81.525,29.316],[81.527,29.319],[81.53,29.322],[81.533,29.326],[81.538,29.329],[81.541,29.331],[81.543,29.332],[81.546,29.334],[81.547,29.337],[81.549,29.341],[81.551,29.345],[81.553,29.351],[81.555,29.353],[81.558,29.355],[81.561,29.354],[81.563,29.351],[81.568,29.347],[81.57,29.349],[81.572,29.351],[81.574,29.356],[81.577,29.359],[81.581,29.362],[81.584,29.363],[81.587,29.364],[81.591,29.364],[81.596,29.364],[81.598,29.364],[81.603,29.366],[81.607,29.367],[81.611,29.368],[81.616,29.369],[81.62,29.369],[81.626,29.369],[81.629,29.369],[81.633,29.366],[81.637,29.363],[81.641,29.36],[81.644,29.357],[81.645,29.354],[81.646,29.349],[81.645,29.345],[81.645,29.34],[81.644,29.336],[81.644,29.332],[81.646,29.328],[81.65,29.325],[81.652,29.323],[81.655,29.32],[81.659,29.318],[81.661,29.318],[81.664,29.318],[81.683,29.32],[81.685,29.319],[81.686,29.319],[81.688,29.32],[81.692,29.322],[81.694,29.325],[81.698,29.327],[81.703,29.328],[81.707,29.329],[81.711,29.329],[81.715,29.329],[81.719,29.331],[81.723,29.332],[81.728,29.332],[81.732,29.332],[81.736,29.332],[81.738,29.332],[81.745,29.332],[81.748,29.335],[81.748,29.338],[81.746,29.339],[81.746,29.34],[81.745,29.342],[81.747,29.346],[81.75,29.348],[81.753,29.35],[81.755,29.351],[81.756,29.353],[81.757,29.355],[81.758,29.357],[81.759,29.358],[81.76,29.36],[81.761,29.362],[81.763,29.364],[81.765,29.366],[81.766,29.368],[81.768,29.37],[81.769,29.371],[81.771,29.373],[81.773,29.375],[81.774,29.376],[81.775,29.378],[81.775,29.379],[81.775,29.38],[81.775,29.381],[81.776,29.383],[81.779,29.387],[81.78,29.389],[81.782,29.39],[81.784,29.392],[81.787,29.395],[81.789,29.4],[81.791,29.402],[81.794,29.405],[81.795,29.407],[81.797,29.41],[81.799,29.414],[81.8,29.418],[81.803,29.422],[81.805,29.424],[81.806,29.426],[81.807,29.429],[81.808,29.433],[81.809,29.436],[81.808,29.44],[81.808,29.444],[81.807,29.448],[81.808,29.45],[81.808,29.452],[81.808,29.455],[81.807,29.457],[81.807,29.46],[81.807,29.462],[81.806,29.467],[81.805,29.471],[81.802,29.476],[81.8,29.479],[81.797,29.486],[81.795,29.49],[81.791,29.495],[81.79,29.497],[81.788,29.499],[81.786,29.503],[81.784,29.506],[81.783,29.507],[81.782,29.507],[81.782,29.508],[81.783,29.514],[81.784,29.518],[81.785,29.521],[81.785,29.522],[81.788,29.524],[81.791,29.526],[81.792,29.529],[81.793,29.532],[81.793,29.536],[81.794,29.539],[81.798,29.55],[81.8,29.554],[81.8,29.567],[81.8,29.576],[81.797,29.582],[81.795,29.588],[81.791,29.594],[81.789,29.595],[81.784,29.597],[81.779,29.599],[81.779,29.602],[81.779,29.602],[81.779,29.602],[81.778,29.603],[81.777,29.603],[81.776,29.604],[81.775,29.604],[81.774,29.605],[81.772,29.605],[81.77,29.605],[81.769,29.605],[81.766,29.605],[81.763,29.605],[81.761,29.605],[81.759,29.605],[81.758,29.605],[81.755,29.605],[81.753,29.605],[81.751,29.605],[81.75,29.605],[81.749,29.606],[81.747,29.606],[81.746,29.606],[81.745,29.606],[81.744,29.606],[81.743,29.606],[81.741,29.607],[81.739,29.609],[81.738,29.61],[81.737,29.611],[81.735,29.613],[81.732,29.615],[81.73,29.617],[81.729,29.617],[81.727,29.617],[81.726,29.618],[81.725,29.619],[81.724,29.619],[81.723,29.621],[81.721,29.623],[81.719,29.625],[81.717,29.626],[81.716,29.627],[81.715,29.628],[81.715,29.629],[81.714,29.63],[81.714,29.631],[81.713,29.632],[81.711,29.635],[81.711,29.636],[81.71,29.637],[81.709,29.638],[81.708,29.639],[81.707,29.64],[81.707,29.641],[81.706,29.642],[81.706,29.643],[81.705,29.645],[81.705,29.645],[81.705,29.646],[81.705,29.648],[81.705,29.653],[81.704,29.657],[81.703,29.665],[81.702,29.67],[81.702,29.671],[81.702,29.676],[81.703,29.682],[81.705,29.686],[81.708,29.69],[81.709,29.694],[81.711,29.696],[81.712,29.704],[81.713,29.707],[81.714,29.711],[81.715,29.715],[81.716,29.719],[81.718,29.722],[81.72,29.724],[81.725,29.727],[81.729,29.73],[81.731,29.731],[81.731,29.736],[81.73,29.741],[81.73,29.744],[81.73,29.747],[81.731,29.75],[81.731,29.75],[81.731,29.75],[81.731,29.753],[81.731,29.754],[81.732,29.756],[81.732,29.758],[81.733,29.76],[81.733,29.762],[81.733,29.764],[81.733,29.767],[81.733,29.769],[81.733,29.771],[81.733,29.771],[81.736,29.774],[81.739,29.777],[81.742,29.783],[81.743,29.786],[81.743,29.788],[81.742,29.793],[81.741,29.796],[81.74,29.797],[81.739,29.799],[81.74,29.802],[81.742,29.805],[81.743,29.806],[81.744,29.809],[81.745,29.811],[81.746,29.813],[81.747,29.815],[81.748,29.815],[81.749,29.816],[81.75,29.817],[81.751,29.817],[81.752,29.817],[81.754,29.819],[81.755,29.82],[81.756,29.822],[81.757,29.824],[81.757,29.825],[81.757,29.827],[81.757,29.829],[81.757,29.83],[81.756,29.832],[81.756,29.834],[81.756,29.834],[81.756,29.835],[81.756,29.836],[81.756,29.837],[81.756,29.839],[81.755,29.841],[81.754,29.843],[81.755,29.844],[81.756,29.844],[81.758,29.845],[81.76,29.845],[81.761,29.844],[81.763,29.844],[81.764,29.843],[81.765,29.842],[81.766,29.841],[81.767,29.841],[81.769,29.84],[81.771,29.84],[81.772,29.839],[81.774,29.839],[81.776,29.839],[81.778,29.84],[81.781,29.84],[81.783,29.841],[81.785,29.841],[81.786,29.842],[81.791,29.844],[81.793,29.846],[81.795,29.849],[81.795,29.851],[81.795,29.853],[81.795,29.854],[81.795,29.856],[81.795,29.859],[81.796,29.863],[81.798,29.867],[81.798,29.871],[81.799,29.876],[81.8,29.879],[81.8,29.882],[81.799,29.885],[81.799,29.887],[81.798,29.891],[81.797,29.894],[81.797,29.896],[81.797,29.898],[81.798,29.898],[81.8,29.9],[81.8,29.903],[81.8,29.904],[81.799,29.906],[81.797,29.907],[81.796,29.908],[81.795,29.909],[81.793,29.91],[81.791,29.91],[81.788,29.911],[81.786,29.912],[81.784,29.912],[81.783,29.912],[81.779,29.912],[81.774,29.911],[81.771,29.911],[81.768,29.911],[81.764,29.911],[81.762,29.91],[81.761,29.91],[81.759,29.909],[81.758,29.908],[81.756,29.908],[81.755,29.907],[81.753,29.907],[81.752,29.908],[81.751,29.909],[81.748,29.909],[81.747,29.909],[81.746,29.909],[81.745,29.909],[81.743,29.909],[81.743,29.91],[81.742,29.91],[81.741,29.91],[81.739,29.911],[81.737,29.911],[81.735,29.912],[81.732,29.913],[81.73,29.913],[81.727,29.913],[81.725,29.913],[81.724,29.913],[81.722,29.912],[81.721,29.912],[81.719,29.913],[81.718,29.913],[81.717,29.914],[81.716,29.915],[81.714,29.919],[81.713,29.921],[81.712,29.925],[81.711,29.927],[81.708,29.928],[81.707,29.929],[81.704,29.931],[81.701,29.933],[81.699,29.935],[81.699,29.938],[81.699,29.939],[81.699,29.941],[81.698,29.943],[81.697,29.945],[81.696,29.946],[81.694,29.948],[81.691,29.949],[81.688,29.95],[81.687,29.949],[81.684,29.947],[81.682,29.946],[81.68,29.945],[81.677,29.943],[81.676,29.942],[81.674,29.941],[81.672,29.941],[81.67,29.941],[81.666,29.942],[81.665,29.942],[81.663,29.943],[81.66,29.943],[81.659,29.943],[81.658,29.943],[81.656,29.944],[81.655,29.944],[81.654,29.944],[81.652,29.945],[81.651,29.945],[81.651,29.945],[81.649,29.947],[81.649,29.947],[81.648,29.947],[81.647,29.948],[81.647,29.948],[81.645,29.948],[81.645,29.948],[81.644,29.948],[81.644,29.947],[81.643,29.947],[81.642,29.946],[81.642,29.946],[81.641,29.945],[81.64,29.945],[81.639,29.944],[81.638,29.943],[81.636,29.942],[81.635,29.942],[81.634,29.941],[81.633,29.941],[81.632,29.94],[81.63,29.94],[81.629,29.94],[81.627,29.94],[81.624,29.94],[81.621,29.94],[81.619,29.941],[81.619,29.941],[81.618,29.941],[81.616,29.942],[81.616,29.942],[81.614,29.941],[81.612,29.941],[81.611,29.94],[81.61,29.939],[81.608,29.937],[81.607,29.937],[81.606,29.936],[81.605,29.935],[81.605,29.935],[81.604,29.934],[81.602,29.933],[81.598,29.932],[81.594,29.932],[81.592,29.933],[81.591,29.934],[81.59,29.935],[81.589,29.936],[81.588,29.938],[81.587,29.939],[81.585,29.939],[81.584,29.938],[81.583,29.938],[81.582,29.937],[81.58,29.937],[81.577,29.936],[81.573,29.935],[81.572,29.934],[81.57,29.933],[81.567,29.931],[81.565,29.93],[81.562,29.928],[81.562,29.928],[81.561,29.927],[81.56,29.927],[81.559,29.926],[81.556,29.926],[81.555,29.925],[81.554,29.925],[81.551,29.925],[81.549,29.925],[81.548,29.925],[81.547,29.926],[81.545,29.926],[81.543,29.927],[81.541,29.926],[81.541,29.926],[81.536,29.926],[81.535,29.926],[81.534,29.926],[81.533,29.926],[81.529,29.925],[81.528,29.925],[81.525,29.925],[81.521,29.924],[81.519,29.924],[81.517,29.922],[81.516,29.92],[81.516,29.919],[81.516,29.919],[81.515,29.918],[81.515,29.917],[81.514,29.916],[81.514,29.915],[81.514,29.913],[81.515,29.912],[81.515,29.91],[81.516,29.909],[81.517,29.907],[81.517,29.907],[81.518,29.906],[81.518,29.905],[81.518,29.904],[81.518,29.903],[81.518,29.902],[81.516,29.901],[81.515,29.9],[81.514,29.899],[81.512,29.898],[81.509,29.896],[81.504,29.893],[81.502,29.891],[81.5,29.89],[81.498,29.889],[81.495,29.889],[81.493,29.889],[81.491,29.889],[81.488,29.889],[81.486,29.89],[81.485,29.89],[81.484,29.89],[81.483,29.89],[81.481,29.89],[81.48,29.89],[81.479,29.89],[81.479,29.89],[81.478,29.89],[81.476,29.89],[81.475,29.89],[81.472,29.891],[81.471,29.891],[81.47,29.891],[81.469,29.891],[81.469,29.891],[81.468,29.891],[81.467,29.891],[81.466,29.892],[81.465,29.893],[81.464,29.894],[81.463,29.894],[81.463,29.895],[81.462,29.896],[81.46,29.898],[81.459,29.898],[81.458,29.899],[81.458,29.899],[81.457,29.9],[81.457,29.9],[81.457,29.9],[81.456,29.9],[81.456,29.9],[81.456,29.901],[81.457,29.902],[81.458,29.902],[81.458,29.903],[81.459,29.904],[81.46,29.905],[81.46,29.906],[81.461,29.907],[81.462,29.908],[81.462,29.909],[81.462,29.911],[81.462,29.911],[81.462,29.912],[81.462,29.913],[81.463,29.917],[81.463,29.918],[81.464,29.918],[81.465,29.92],[81.465,29.921],[81.465,29.922],[81.465,29.923],[81.464,29.924],[81.464,29.925],[81.464,29.926],[81.463,29.926],[81.463,29.928],[81.462,29.929],[81.462,29.93],[81.461,29.931],[81.461,29.932],[81.46,29.933],[81.46,29.933],[81.459,29.934],[81.459,29.936],[81.46,29.938],[81.46,29.94],[81.46,29.941],[81.46,29.943],[81.459,29.944],[81.458,29.946],[81.456,29.947],[81.456,29.951],[81.456,29.952],[81.456,29.953],[81.458,29.954],[81.46,29.954],[81.462,29.955],[81.466,29.956],[81.469,29.958],[81.47,29.961],[81.471,29.964],[81.471,29.966],[81.472,29.968],[81.473,29.971],[81.474,29.973],[81.473,29.975],[81.473,29.977],[81.472,29.978],[81.47,29.98],[81.469,29.981],[81.468,29.983],[81.466,29.986],[81.465,29.988],[81.466,29.991],[81.466,29.993],[81.466,29.995],[81.466,29.996],[81.465,29.998],[81.463,29.999],[81.462,30.001],[81.461,30.002],[81.459,30.003],[81.458,30.003],[81.456,30.004],[81.454,30.004],[81.453,30.004],[81.451,30.005],[81.449,30.006],[81.448,30.007],[81.446,30.008],[81.446,30.009],[81.444,30.01],[81.441,30.01],[81.44,30.01],[81.438,30.01],[81.436,30.01],[81.435,30.01],[81.432,30.01],[81.43,30.012],[81.427,30.014],[81.424,30.014],[81.422,30.016],[81.42,30.017],[81.418,30.018],[81.415,30.019],[81.413,30.02],[81.41,30.022],[81.407,30.022],[81.405,30.022],[81.403,30.022],[81.401,30.022],[81.4,30.021],[81.399,30.02],[81.397,30.019],[81.395,30.018],[81.392,30.017],[81.391,30.016],[81.39,30.015],[81.388,30.013],[81.388,30.012],[81.387,30.011],[81.386,30.01],[81.384,30.009],[81.382,30.009],[81.38,30.008],[81.379,30.008],[81.378,30.009],[81.377,30.009],[81.376,30.01],[81.375,30.01],[81.373,30.011],[81.372,30.011],[81.37,30.011],[81.368,30.011],[81.366,30.01],[81.364,30.01],[81.363,30.009],[81.362,30.009],[81.359,30.009],[81.358,30.01],[81.357,30.011],[81.356,30.012],[81.355,30.013],[81.354,30.015],[81.353,30.017],[81.352,30.018],[81.35,30.019],[81.349,30.02],[81.346,30.02],[81.344,30.021],[81.343,30.021],[81.342,30.022],[81.34,30.023],[81.339,30.024],[81.337,30.025],[81.335,30.025],[81.333,30.026],[81.332,30.027],[81.331,30.027],[81.329,30.027],[81.328,30.027],[81.325,30.027],[81.324,30.026],[81.322,30.027],[81.32,30.027],[81.319,30.029],[81.319,30.029],[81.318,30.031],[81.318,30.031],[81.317,30.032],[81.316,30.032],[81.315,30.032],[81.314,30.032],[81.313,30.032],[81.313,30.032],[81.312,30.032],[81.312,30.032],[81.311,30.032],[81.31,30.032],[81.309,30.032],[81.308,30.031],[81.308,30.031],[81.307,30.031],[81.306,30.031],[81.305,30.031],[81.304,30.031],[81.304,30.032],[81.302,30.032],[81.301,30.033],[81.298,30.034],[81.298,30.034],[81.297,30.034],[81.297,30.035],[81.294,30.037],[81.293,30.037],[81.292,30.038],[81.291,30.038],[81.29,30.039],[81.288,30.039],[81.286,30.04],[81.285,30.04],[81.283,30.04],[81.283,30.041],[81.282,30.042],[81.281,30.043],[81.28,30.044],[81.278,30.044],[81.276,30.045],[81.274,30.045],[81.274,30.046],[81.273,30.047],[81.271,30.045],[81.27,30.045],[81.269,30.044],[81.266,30.042],[81.263,30.041],[81.26,30.04],[81.257,30.039],[81.254,30.038],[81.251,30.038],[81.247,30.036],[81.244,30.034],[81.242,30.034],[81.24,30.031],[81.241,30.03],[81.243,30.029],[81.244,30.029],[81.245,30.029],[81.247,30.028],[81.248,30.028],[81.249,30.027],[81.25,30.026],[81.252,30.025],[81.253,30.023],[81.254,30.022],[81.253,30.02],[81.253,30.019],[81.251,30.017],[81.249,30.016],[81.248,30.015],[81.247,30.014],[81.245,30.013],[81.243,30.012],[81.239,30.011],[81.237,30.011],[81.234,30.01],[81.23,30.009],[81.226,30.008],[81.224,30.007],[81.222,30.007],[81.22,30.007],[81.217,30.008],[81.216,30.009],[81.215,30.01],[81.214,30.011],[81.213,30.011],[81.212,30.014],[81.211,30.016],[81.21,30.017],[81.208,30.019],[81.207,30.02],[81.204,30.021],[81.202,30.021],[81.2,30.021],[81.197,30.021],[81.195,30.02],[81.194,30.02],[81.193,30.019],[81.191,30.018],[81.189,30.015],[81.188,30.013],[81.186,30.012],[81.184,30.013],[81.183,30.014],[81.18,30.014],[81.178,30.015],[81.176,30.014],[81.175,30.014],[81.174,30.014],[81.173,30.013],[81.171,30.013],[81.17,30.013],[81.166,30.013],[81.163,30.013],[81.161,30.013],[81.159,30.013],[81.156,30.013],[81.152,30.013],[81.15,30.014],[81.148,30.014],[81.146,30.015],[81.145,30.016],[81.143,30.016],[81.141,30.017],[81.139,30.017],[81.137,30.017],[81.135,30.017],[81.134,30.018],[81.132,30.018],[81.131,30.018],[81.129,30.019],[81.127,30.021],[81.126,30.022],[81.125,30.024],[81.125,30.025],[81.124,30.027],[81.123,30.029],[81.123,30.03],[81.122,30.031],[81.121,30.033],[81.12,30.034],[81.118,30.035],[81.116,30.035],[81.115,30.036],[81.113,30.036],[81.112,30.037],[81.11,30.037],[81.109,30.038],[81.108,30.04],[81.107,30.041],[81.106,30.042],[81.106,30.043],[81.105,30.044],[81.104,30.045],[81.104,30.046],[81.103,30.047],[81.101,30.048],[81.099,30.049],[81.096,30.051],[81.095,30.052],[81.094,30.053],[81.093,30.054],[81.093,30.055],[81.094,30.054],[81.095,30.055],[81.095,30.057],[81.095,30.057],[81.096,30.059],[81.096,30.059],[81.097,30.061],[81.097,30.062],[81.098,30.063],[81.099,30.064],[81.1,30.065],[81.101,30.067],[81.101,30.067],[81.102,30.069],[81.103,30.071],[81.104,30.072],[81.104,30.073],[81.105,30.074],[81.105,30.075],[81.106,30.076],[81.107,30.077],[81.108,30.08],[81.109,30.081],[81.11,30.082],[81.111,30.085],[81.111,30.088],[81.111,30.09],[81.111,30.09],[81.109,30.094],[81.107,30.097],[81.106,30.098],[81.106,30.099],[81.105,30.099],[81.104,30.1],[81.103,30.101],[81.101,30.101],[81.099,30.102],[81.096,30.102],[81.095,30.101],[81.093,30.101],[81.091,30.101],[81.089,30.101],[81.088,30.101],[81.087,30.102],[81.086,30.103],[81.086,30.105],[81.086,30.107],[81.087,30.108],[81.087,30.109],[81.088,30.11],[81.088,30.113],[81.088,30.114],[81.087,30.115],[81.087,30.116],[81.086,30.117],[81.085,30.119],[81.084,30.121],[81.083,30.122],[81.082,30.124],[81.08,30.126],[81.08,30.127],[81.08,30.129],[81.08,30.131],[81.081,30.132],[81.082,30.132],[81.082,30.134],[81.083,30.134],[81.083,30.136],[81.083,30.137],[81.084,30.138],[81.084,30.139],[81.084,30.141],[81.085,30.142],[81.085,30.144],[81.085,30.146],[81.085,30.147],[81.084,30.149],[81.083,30.151],[81.082,30.153],[81.08,30.155],[81.078,30.156],[81.076,30.156],[81.073,30.157],[81.071,30.157],[81.069,30.157],[81.067,30.158],[81.066,30.159],[81.065,30.161],[81.064,30.163],[81.063,30.168],[81.062,30.169],[81.06,30.171],[81.059,30.173],[81.057,30.174],[81.056,30.175],[81.055,30.176],[81.054,30.177],[81.053,30.178],[81.052,30.179],[81.051,30.179],[81.049,30.18],[81.047,30.18],[81.046,30.18],[81.045,30.182],[81.044,30.206],[81.045,30.207],[81.045,30.211],[81.043,30.212],[81.042,30.213],[81.04,30.215],[81.039,30.215],[81.036,30.217],[81.036,30.218],[81.033,30.219],[81.03,30.22],[81.03,30.22],[81.03,30.223],[81.03,30.226],[81.027,30.226],[81.026,30.228],[81.027,30.23],[81.028,30.233],[81.029,30.233],[81.029,30.235],[81.03,30.236],[81.03,30.237],[81.028,30.239],[81.028,30.24],[81.028,30.24],[81.028,30.241],[81.028,30.241],[81.028,30.241],[81.029,30.242],[81.029,30.242],[81.03,30.245],[81.031,30.247],[81.03,30.248],[81.028,30.248],[81.022,30.249],[81.022,30.25],[81.02,30.251],[81.019,30.252],[81.011,30.254],[81.01,30.256],[81.009,30.257],[81.009,30.258],[81.009,30.26],[81.008,30.261],[81.005,30.263],[81.002,30.265],[80.996,30.266],[80.993,30.267],[80.99,30.268],[80.987,30.268],[80.985,30.269],[80.982,30.27],[80.981,30.271],[80.978,30.27],[80.975,30.27],[80.97,30.27],[80.964,30.27],[80.956,30.27],[80.951,30.27],[80.95,30.27],[80.949,30.269],[80.946,30.269],[80.945,30.268],[80.943,30.268],[80.941,30.267],[80.94,30.266],[80.939,30.266],[80.938,30.265],[80.937,30.264],[80.936,30.263],[80.935,30.264],[80.932,30.265],[80.93,30.266],[80.927,30.267],[80.926,30.269],[80.926,30.271],[80.926,30.271],[80.926,30.272],[80.926,30.273],[80.927,30.274],[80.927,30.274],[80.928,30.275],[80.93,30.276],[80.931,30.276],[80.931,30.277],[80.93,30.278],[80.929,30.28],[80.928,30.281],[80.927,30.282],[80.927,30.283],[80.927,30.283],[80.924,30.284],[80.922,30.285],[80.921,30.285],[80.92,30.285],[80.918,30.286],[80.918,30.286],[80.916,30.287],[80.915,30.287],[80.914,30.288],[80.913,30.289],[80.912,30.29],[80.912,30.292],[80.911,30.292],[80.909,30.293],[80.909,30.294],[80.907,30.298],[80.909,30.302],[80.907,30.304],[80.904,30.303],[80.89,30.302],[80.888,30.301],[80.885,30.3],[80.88,30.301],[80.874,30.301],[80.873,30.305],[80.87,30.308],[80.86,30.314],[80.857,30.315],[80.851,30.316],[80.843,30.317],[80.833,30.313],[80.829,30.315],[80.827,30.315],[80.824,30.317],[80.82,30.322],[80.814,30.324],[80.802,30.323],[80.801,30.325],[80.802,30.333],[80.788,30.34],[80.785,30.348],[80.785,30.354],[80.78,30.355],[80.778,30.355],[80.777,30.357],[80.777,30.359],[80.776,30.36],[80.775,30.362],[80.771,30.366],[80.77,30.367],[80.768,30.367],[80.767,30.369],[80.767,30.37],[80.766,30.371],[80.765,30.372],[80.765,30.373],[80.764,30.373],[80.763,30.373],[80.762,30.373],[80.762,30.372],[80.761,30.373],[80.76,30.375],[80.759,30.376],[80.753,30.379],[80.75,30.38],[80.751,30.381],[80.751,30.382],[80.751,30.384],[80.75,30.385],[80.749,30.387],[80.747,30.388],[80.746,30.388],[80.745,30.389],[80.744,30.389],[80.743,30.39],[80.741,30.391],[80.741,30.392],[80.74,30.394],[80.738,30.396],[80.735,30.398],[80.734,30.401],[80.732,30.4],[80.73,30.401],[80.723,30.406],[80.721,30.409],[80.719,30.409],[80.717,30.411],[80.716,30.413],[80.713,30.415],[80.71,30.415],[80.708,30.417],[80.707,30.418],[80.704,30.417],[80.703,30.416],[80.701,30.415],[80.7,30.414],[80.697,30.413],[80.693,30.413],[80.692,30.414],[80.69,30.415],[80.689,30.415],[80.688,30.416],[80.688,30.417],[80.687,30.419],[80.687,30.42],[80.686,30.42],[80.685,30.421],[80.684,30.422],[80.681,30.422],[80.68,30.422],[80.679,30.422],[80.678,30.423],[80.677,30.424],[80.678,30.425],[80.678,30.427],[80.679,30.428],[80.678,30.429],[80.677,30.43],[80.675,30.43],[80.67,30.433],[80.668,30.434],[80.668,30.435],[80.668,30.435],[80.667,30.436],[80.666,30.437],[80.664,30.438],[80.663,30.439],[80.661,30.439],[80.66,30.441],[80.659,30.442],[80.655,30.443],[80.654,30.444],[80.653,30.445],[80.651,30.445],[80.65,30.446],[80.648,30.446],[80.648,30.446],[80.647,30.447],[80.647,30.447],[80.646,30.448],[80.645,30.449],[80.643,30.45],[80.641,30.451],[80.639,30.451],[80.637,30.45],[80.636,30.452],[80.634,30.453],[80.632,30.455],[80.631,30.456],[80.629,30.456],[80.629,30.457],[80.627,30.457],[80.626,30.459],[80.625,30.461],[80.624,30.463],[80.622,30.462],[80.62,30.461],[80.618,30.46],[80.615,30.459],[80.613,30.459],[80.612,30.46],[80.611,30.462],[80.61,30.463],[80.609,30.465],[80.608,30.466],[80.607,30.47],[80.607,30.471],[80.604,30.471],[80.601,30.471],[80.599,30.471],[80.598,30.47],[80.596,30.468],[80.594,30.469],[80.59,30.468],[80.585,30.469],[80.582,30.468],[80.576,30.464],[80.575,30.465],[80.574,30.465],[80.572,30.464],[80.565,30.464],[80.565,30.462],[80.566,30.46],[80.565,30.459],[80.559,30.456],[80.559,30.454],[80.556,30.452],[80.553,30.453],[80.553,30.451],[80.55,30.45],[80.548,30.449],[80.541,30.449],[80.54,30.448],[80.539,30.445],[80.536,30.441],[80.53,30.438],[80.53,30.433],[80.528,30.431],[80.527,30.428],[80.525,30.425],[80.526,30.425],[80.53,30.423],[80.533,30.42],[80.535,30.417],[80.537,30.417],[80.539,30.418],[80.542,30.42],[80.544,30.421],[80.548,30.423],[80.555,30.426],[80.562,30.43],[80.567,30.436],[80.572,30.441],[80.578,30.446],[80.579,30.446],[80.581,30.445],[80.584,30.446],[80.59,30.446],[80.593,30.447],[80.597,30.448],[80.601,30.447],[80.605,30.445],[80.609,30.446],[80.613,30.444],[80.617,30.438],[80.62,30.435],[80.623,30.431],[80.623,30.427],[80.624,30.422],[80.626,30.419],[80.629,30.417],[80.628,30.415],[80.627,30.414],[80.627,30.41],[80.631,30.406],[80.634,30.402],[80.634,30.398],[80.636,30.397],[80.636,30.396],[80.637,30.393],[80.638,30.392],[80.638,30.39],[80.639,30.388],[80.645,30.386],[80.648,30.384],[80.65,30.382],[80.654,30.38],[80.655,30.376],[80.656,30.373],[80.661,30.355],[80.659,30.354],[80.663,30.351],[80.663,30.349],[80.665,30.347],[80.666,30.343],[80.672,30.34],[80.674,30.339],[80.678,30.338],[80.68,30.337],[80.684,30.333],[80.687,30.333],[80.689,30.333],[80.69,30.332],[80.693,30.333],[80.695,30.333],[80.697,30.335],[80.699,30.334],[80.705,30.333],[80.706,30.331],[80.708,30.331],[80.71,30.331],[80.716,30.328],[80.717,30.326],[80.721,30.324],[80.729,30.32],[80.734,30.316],[80.734,30.311],[80.736,30.309],[80.743,30.307],[80.75,30.308],[80.753,30.308],[80.755,30.307],[80.758,30.304],[80.759,30.3],[80.759,30.297],[80.761,30.294],[80.76,30.289],[80.76,30.286],[80.761,30.283],[80.762,30.28],[80.762,30.279],[80.767,30.278],[80.777,30.267],[80.777,30.265],[80.781,30.262],[80.784,30.258],[80.785,30.255],[80.787,30.25],[80.793,30.242],[80.797,30.238],[80.804,30.233],[80.809,30.23],[80.811,30.228],[80.813,30.225],[80.816,30.225],[80.819,30.224],[80.821,30.221],[80.822,30.217],[80.825,30.214],[80.827,30.209],[80.83,30.207],[80.833,30.205],[80.833,30.203],[80.836,30.201],[80.838,30.197],[80.843,30.191],[80.848,30.187],[80.854,30.182],[80.854,30.179],[80.855,30.177],[80.862,30.169],[80.864,30.167],[80.866,30.166],[80.867,30.164],[80.869,30.163],[80.871,30.162],[80.872,30.16],[80.872,30.159],[80.872,30.157],[80.872,30.156],[80.872,30.154],[80.871,30.153],[80.872,30.151],[80.872,30.15],[80.873,30.148],[80.874,30.144],[80.876,30.142],[80.877,30.141],[80.876,30.139],[80.876,30.137],[80.877,30.136],[80.878,30.135],[80.878,30.134],[80.879,30.132],[80.878,30.131],[80.878,30.13],[80.877,30.128],[80.876,30.127],[80.874,30.126],[80.873,30.126],[80.869,30.125],[80.867,30.125],[80.865,30.123],[80.863,30.121],[80.86,30.122],[80.855,30.121],[80.854,30.119],[80.853,30.119],[80.851,30.118],[80.847,30.118],[80.846,30.117],[80.845,30.116],[80.841,30.112],[80.845,30.11],[80.846,30.109],[80.846,30.108],[80.846,30.107],[80.846,30.106],[80.846,30.105],[80.845,30.103],[80.845,30.102],[80.843,30.101],[80.842,30.1],[80.84,30.1],[80.839,30.099],[80.838,30.098],[80.836,30.097],[80.833,30.098],[80.831,30.097],[80.829,30.097],[80.828,30.098],[80.826,30.1],[80.824,30.1],[80.822,30.1],[80.821,30.099],[80.819,30.097],[80.817,30.097],[80.814,30.095],[80.814,30.093],[80.813,30.093],[80.811,30.092],[80.809,30.091],[80.805,30.09],[80.801,30.085],[80.801,30.084],[80.8,30.081],[80.797,30.08],[80.794,30.078],[80.792,30.075],[80.791,30.073],[80.79,30.073],[80.789,30.072],[80.789,30.07],[80.787,30.068],[80.786,30.067],[80.783,30.063],[80.783,30.061],[80.781,30.059],[80.78,30.057],[80.776,30.055],[80.775,30.054],[80.773,30.054],[80.763,30.051],[80.761,30.049],[80.76,30.047],[80.758,30.045],[80.758,30.044],[80.759,30.044],[80.758,30.041],[80.756,30.04],[80.756,30.037],[80.756,30.035],[80.755,30.032],[80.755,30.031],[80.758,30.028],[80.757,30.024],[80.754,30.02],[80.753,30.017],[80.75,30.012],[80.749,30.009],[80.747,30.007],[80.744,30.004],[80.741,30.002],[80.738,29.999],[80.732,30.0],[80.729,30.0],[80.724,30.0],[80.72,30.001],[80.718,29.997],[80.716,29.996],[80.716,29.994],[80.714,29.992],[80.713,29.99],[80.71,29.988],[80.707,29.986],[80.704,29.984],[80.702,29.982],[80.7,29.98],[80.699,29.979],[80.697,29.98],[80.696,29.978],[80.694,29.977],[80.692,29.975],[80.691,29.975],[80.69,29.973],[80.688,29.972],[80.687,29.97],[80.685,29.968],[80.684,29.967],[80.683,29.965],[80.682,29.962],[80.68,29.962],[80.678,29.959],[80.677,29.959],[80.676,29.959],[80.675,29.957],[80.674,29.957],[80.672,29.957],[80.67,29.957],[80.668,29.957],[80.667,29.957],[80.665,29.957],[80.662,29.956],[80.659,29.956],[80.656,29.955],[80.654,29.956],[80.652,29.956],[80.649,29.956],[80.646,29.957],[80.642,29.959],[80.641,29.96],[80.64,29.96],[80.639,29.962],[80.638,29.963],[80.633,29.965],[80.632,29.965],[80.628,29.965],[80.624,29.964],[80.623,29.964],[80.619,29.964],[80.616,29.961],[80.613,29.961],[80.61,29.959],[80.607,29.959],[80.605,29.959],[80.601,29.958],[80.597,29.955],[80.594,29.952],[80.591,29.949],[80.59,29.947],[80.588,29.945],[80.587,29.943],[80.585,29.94],[80.583,29.939],[80.581,29.937],[80.581,29.935],[80.579,29.932],[80.578,29.929],[80.578,29.927],[80.575,29.925],[80.574,29.923],[80.573,29.921],[80.571,29.915],[80.57,29.912],[80.569,29.909],[80.569,29.908],[80.57,29.905],[80.571,29.903],[80.57,29.901],[80.571,29.899],[80.571,29.898],[80.572,29.896],[80.572,29.895],[80.572,29.894],[80.571,29.892],[80.57,29.89],[80.569,29.888],[80.568,29.886],[80.567,29.883],[80.566,29.881],[80.566,29.879],[80.565,29.878],[80.564,29.877],[80.562,29.876],[80.56,29.875],[80.557,29.87],[80.558,29.868],[80.559,29.868],[80.561,29.867],[80.561,29.866],[80.56,29.865],[80.554,29.862],[80.554,29.859],[80.552,29.857],[80.551,29.856],[80.552,29.854],[80.553,29.853],[80.553,29.851],[80.552,29.85],[80.549,29.85],[80.547,29.849],[80.546,29.848],[80.543,29.846],[80.541,29.847],[80.539,29.847],[80.537,29.842],[80.536,29.841],[80.536,29.839],[80.532,29.839],[80.53,29.836],[80.528,29.833],[80.524,29.832],[80.523,29.832],[80.524,29.829],[80.52,29.826],[80.517,29.825],[80.514,29.825],[80.51,29.824],[80.507,29.823],[80.506,29.821],[80.505,29.819],[80.502,29.818],[80.5,29.815],[80.498,29.812],[80.498,29.81],[80.5,29.809],[80.5,29.808],[80.499,29.807],[80.495,29.805],[80.495,29.803],[80.495,29.802],[80.492,29.802],[80.492,29.801],[80.494,29.799],[80.494,29.798],[80.495,29.797],[80.494,29.796],[80.493,29.795],[80.488,29.796],[80.484,29.796],[80.483,29.796],[80.48,29.795],[80.479,29.796],[80.478,29.797],[80.476,29.798],[80.471,29.799],[80.468,29.801],[80.465,29.802],[80.461,29.802],[80.457,29.803],[80.455,29.803],[80.452,29.801],[80.449,29.799],[80.446,29.799],[80.443,29.799],[80.442,29.8],[80.44,29.802],[80.438,29.805],[80.437,29.806],[80.435,29.806],[80.434,29.805],[80.433,29.803],[80.431,29.801],[80.43,29.799],[80.428,29.798],[80.424,29.797],[80.421,29.796],[80.417,29.796],[80.415,29.795],[80.414,29.792],[80.414,29.792],[80.412,29.792],[80.41,29.793],[80.409,29.794],[80.407,29.795],[80.407,29.795],[80.407,29.794],[80.408,29.793],[80.408,29.791],[80.406,29.79],[80.406,29.788],[80.407,29.784],[80.406,29.783],[80.405,29.783],[80.403,29.782],[80.405,29.78],[80.404,29.777],[80.404,29.777],[80.403,29.777],[80.4,29.774],[80.399,29.773],[80.399,29.771],[80.399,29.769],[80.399,29.767],[80.396,29.765],[80.396,29.763],[80.397,29.761],[80.398,29.76],[80.396,29.758],[80.395,29.758],[80.393,29.758],[80.392,29.759],[80.391,29.761],[80.389,29.76],[80.387,29.76],[80.385,29.758],[80.385,29.756],[80.385,29.754],[80.386,29.752],[80.386,29.751],[80.385,29.75],[80.383,29.75],[80.381,29.751],[80.378,29.75],[80.376,29.75],[80.372,29.749],[80.371,29.749],[80.37,29.75],[80.369,29.751],[80.368,29.751],[80.367,29.749],[80.365,29.747],[80.365,29.744],[80.365,29.742],[80.364,29.74],[80.366,29.738],[80.368,29.736],[80.369,29.735],[80.37,29.735],[80.37,29.733],[80.367,29.731],[80.366,29.728],[80.366,29.726],[80.367,29.723],[80.368,29.722],[80.371,29.721],[80.373,29.721],[80.375,29.721],[80.376,29.719],[80.376,29.718],[80.373,29.717],[80.372,29.716],[80.373,29.715],[80.375,29.712],[80.374,29.71],[80.376,29.706],[80.376,29.704],[80.377,29.703],[80.378,29.702],[80.379,29.701],[80.38,29.698],[80.38,29.696],[80.38,29.693],[80.38,29.691],[80.381,29.688],[80.384,29.686],[80.385,29.685],[80.385,29.683],[80.384,29.68],[80.384,29.678],[80.385,29.674],[80.387,29.673],[80.389,29.672],[80.39,29.671],[80.39,29.669],[80.39,29.666],[80.39,29.664],[80.395,29.663],[80.396,29.663],[80.397,29.663],[80.398,29.661],[80.399,29.659],[80.4,29.659],[80.401,29.659],[80.402,29.659],[80.404,29.659],[80.405,29.659],[80.407,29.659],[80.408,29.658],[80.409,29.657],[80.409,29.656],[80.409,29.655],[80.41,29.654],[80.411,29.654],[80.413,29.654],[80.415,29.654],[80.416,29.652],[80.416,29.651],[80.415,29.649],[80.415,29.646],[80.414,29.644],[80.416,29.642],[80.418,29.64],[80.419,29.64],[80.42,29.639],[80.42,29.638],[80.42,29.637],[80.42,29.634],[80.42,29.633],[80.421,29.631],[80.421,29.629],[80.419,29.628],[80.417,29.626],[80.414,29.626],[80.412,29.626],[80.41,29.624],[80.409,29.623],[80.408,29.621],[80.408,29.62],[80.408,29.618],[80.408,29.615],[80.407,29.614],[80.406,29.614],[80.406,29.612],[80.407,29.61],[80.408,29.607],[80.408,29.606],[80.409,29.603],[80.412,29.604],[80.411,29.603],[80.411,29.601],[80.411,29.601],[80.412,29.6],[80.412,29.599],[80.411,29.597],[80.411,29.596],[80.41,29.595],[80.41,29.594],[80.41,29.593],[80.409,29.592],[80.408,29.591],[80.408,29.59],[80.407,29.589],[80.406,29.588],[80.404,29.588],[80.403,29.587],[80.402,29.586],[80.401,29.585],[80.4,29.584],[80.399,29.583],[80.397,29.582],[80.396,29.581],[80.396,29.581],[80.395,29.58],[80.394,29.579],[80.394,29.578],[80.394,29.576],[80.394,29.574],[80.391,29.572],[80.39,29.571],[80.389,29.571],[80.386,29.57],[80.384,29.569],[80.383,29.568],[80.383,29.566],[80.383,29.564],[80.382,29.563],[80.381,29.561],[80.38,29.561],[80.379,29.56],[80.377,29.56],[80.376,29.561],[80.374,29.561],[80.372,29.562],[80.369,29.562],[80.368,29.562],[80.367,29.563],[80.365,29.561],[80.364,29.559],[80.364,29.557],[80.363,29.556],[80.362,29.555],[80.36,29.555],[80.359,29.554],[80.358,29.554],[80.356,29.554],[80.354,29.553],[80.351,29.553],[80.348,29.553],[80.346,29.552],[80.345,29.55],[80.345,29.549],[80.345,29.548],[80.345,29.547],[80.345,29.545],[80.345,29.543],[80.344,29.542],[80.344,29.54],[80.345,29.539],[80.346,29.538],[80.347,29.538],[80.349,29.537],[80.351,29.537],[80.352,29.536],[80.353,29.535],[80.354,29.535],[80.355,29.534],[80.355,29.534],[80.356,29.533],[80.357,29.532],[80.358,29.531],[80.358,29.529],[80.357,29.528],[80.356,29.527],[80.355,29.526],[80.354,29.525],[80.353,29.525],[80.351,29.524],[80.35,29.523],[80.35,29.522],[80.349,29.521],[80.349,29.519],[80.349,29.518],[80.348,29.517],[80.348,29.515],[80.346,29.514],[80.345,29.513],[80.344,29.512],[80.343,29.511],[80.341,29.511],[80.34,29.511],[80.338,29.511],[80.337,29.511],[80.336,29.511],[80.333,29.51],[80.333,29.509],[80.332,29.508],[80.331,29.507],[80.33,29.506],[80.329,29.505],[80.328,29.504],[80.326,29.504],[80.325,29.503],[80.324,29.502],[80.322,29.502],[80.321,29.501],[80.32,29.501],[80.318,29.5],[80.316,29.498],[80.315,29.496],[80.315,29.494],[80.315,29.492],[80.316,29.489],[80.316,29.486],[80.315,29.484],[80.313,29.482],[80.31,29.482],[80.309,29.483],[80.308,29.483],[80.306,29.484],[80.305,29.486],[80.302,29.488],[80.301,29.488],[80.3,29.488],[80.298,29.487],[80.298,29.486],[80.297,29.485],[80.297,29.484],[80.296,29.483],[80.295,29.481],[80.294,29.481],[80.293,29.479],[80.292,29.479],[80.291,29.477],[80.29,29.476],[80.29,29.475],[80.289,29.474],[80.289,29.473],[80.289,29.47],[80.29,29.467],[80.292,29.465],[80.293,29.464],[80.294,29.463],[80.296,29.461],[80.297,29.459],[80.298,29.458],[80.3,29.457],[80.302,29.455],[80.303,29.453],[80.303,29.451],[80.302,29.45],[80.301,29.45],[80.299,29.45],[80.298,29.45],[80.296,29.451],[80.295,29.451],[80.294,29.451],[80.293,29.451],[80.291,29.45],[80.289,29.45],[80.287,29.45],[80.284,29.45],[80.281,29.452],[80.279,29.452],[80.279,29.453],[80.279,29.455],[80.279,29.456],[80.278,29.457],[80.277,29.457],[80.276,29.456],[80.274,29.456],[80.273,29.456],[80.271,29.455],[80.271,29.454],[80.271,29.453],[80.272,29.452],[80.273,29.451],[80.273,29.45],[80.272,29.449],[80.271,29.449],[80.27,29.449],[80.268,29.449],[80.266,29.449],[80.264,29.449],[80.261,29.449],[80.259,29.45],[80.255,29.448],[80.253,29.447],[80.252,29.447],[80.25,29.447],[80.249,29.447],[80.247,29.447],[80.246,29.446],[80.245,29.446],[80.244,29.445],[80.244,29.444],[80.243,29.443],[80.243,29.441],[80.244,29.44],[80.245,29.439],[80.247,29.437],[80.248,29.435],[80.248,29.434],[80.248,29.432],[80.247,29.43],[80.247,29.429],[80.247,29.427],[80.246,29.426],[80.246,29.425],[80.245,29.424],[80.244,29.422],[80.244,29.421],[80.244,29.419],[80.244,29.418],[80.244,29.416],[80.244,29.415],[80.244,29.414],[80.243,29.413],[80.243,29.412],[80.243,29.411],[80.244,29.41],[80.245,29.408],[80.247,29.407],[80.249,29.406],[80.251,29.405],[80.253,29.403],[80.256,29.402],[80.262,29.4],[80.265,29.398],[80.268,29.396],[80.272,29.394],[80.272,29.393],[80.274,29.392],[80.275,29.391],[80.275,29.388],[80.275,29.386],[80.276,29.384],[80.277,29.382],[80.277,29.381],[80.277,29.38],[80.277,29.378],[80.276,29.377],[80.276,29.377],[80.275,29.376],[80.274,29.375],[80.273,29.374],[80.272,29.371],[80.271,29.371],[80.271,29.37],[80.27,29.369],[80.27,29.368],[80.271,29.366],[80.273,29.364],[80.274,29.361],[80.276,29.359],[80.278,29.355],[80.279,29.353],[80.279,29.35],[80.279,29.349],[80.279,29.348],[80.279,29.346],[80.28,29.345],[80.281,29.345],[80.283,29.343],[80.284,29.342],[80.285,29.341],[80.287,29.338],[80.289,29.336],[80.291,29.333],[80.292,29.33],[80.292,29.329],[80.293,29.327],[80.295,29.325],[80.297,29.325],[80.299,29.324],[80.302,29.323],[80.304,29.322],[80.307,29.321],[80.31,29.32],[80.312,29.318],[80.314,29.317],[80.315,29.315],[80.317,29.313],[80.317,29.313],[80.317,29.312],[80.317,29.311],[80.317,29.31],[80.317,29.308],[80.317,29.307],[80.317,29.306],[80.318,29.305],[80.318,29.304],[80.318,29.302],[80.317,29.3],[80.316,29.299],[80.316,29.298],[80.315,29.296],[80.314,29.295],[80.313,29.294],[80.313,29.293],[80.311,29.292],[80.31,29.29],[80.308,29.29],[80.306,29.289],[80.305,29.288],[80.305,29.288],[80.304,29.287],[80.304,29.285],[80.304,29.283],[80.304,29.282],[80.304,29.28],[80.304,29.278],[80.304,29.276],[80.304,29.274],[80.303,29.272],[80.302,29.269],[80.302,29.268],[80.301,29.266],[80.3,29.265],[80.299,29.263],[80.299,29.262],[80.299,29.259],[80.299,29.258],[80.299,29.256],[80.299,29.254],[80.299,29.252],[80.3,29.249],[80.3,29.249],[80.3,29.247],[80.3,29.245],[80.301,29.243],[80.3,29.241],[80.3,29.239],[80.298,29.237],[80.296,29.235],[80.294,29.234],[80.293,29.233],[80.292,29.232],[80.291,29.23],[80.291,29.228],[80.292,29.226],[80.293,29.226],[80.294,29.224],[80.295,29.223],[80.295,29.221],[80.296,29.22],[80.296,29.218],[80.296,29.217],[80.296,29.216],[80.296,29.214],[80.297,29.214],[80.297,29.212],[80.298,29.211],[80.298,29.209],[80.297,29.207],[80.297,29.204],[80.297,29.201],[80.296,29.199],[80.296,29.198],[80.295,29.197],[80.293,29.196],[80.292,29.195],[80.29,29.195],[80.288,29.195],[80.286,29.196],[80.284,29.197],[80.282,29.199],[80.281,29.2],[80.28,29.201],[80.279,29.203],[80.277,29.204],[80.276,29.205],[80.274,29.206],[80.271,29.206],[80.266,29.206],[80.265,29.206],[80.263,29.206],[80.262,29.207],[80.261,29.207],[80.26,29.209],[80.259,29.211],[80.258,29.213],[80.257,29.215],[80.257,29.215],[80.256,29.217],[80.255,29.218],[80.254,29.219],[80.253,29.219],[80.252,29.22],[80.251,29.219],[80.25,29.219],[80.249,29.218],[80.249,29.217],[80.248,29.215],[80.247,29.214],[80.247,29.212],[80.246,29.21],[80.246,29.209],[80.246,29.208],[80.246,29.207],[80.246,29.206],[80.246,29.205],[80.246,29.203],[80.246,29.202],[80.246,29.202],[80.247,29.2],[80.248,29.199],[80.249,29.197],[80.25,29.196],[80.25,29.196],[80.252,29.194],[80.253,29.193],[80.254,29.192],[80.255,29.191],[80.256,29.191],[80.256,29.19],[80.257,29.189],[80.258,29.187],[80.259,29.185],[80.259,29.183],[80.26,29.181],[80.26,29.179],[80.261,29.178],[80.261,29.176],[80.261,29.175],[80.261,29.173],[80.26,29.172],[80.26,29.17],[80.26,29.169],[80.26,29.168],[80.26,29.166],[80.26,29.165],[80.261,29.164],[80.261,29.163],[80.262,29.161],[80.262,29.16],[80.263,29.159],[80.264,29.158],[80.264,29.157],[80.265,29.155],[80.266,29.155],[80.267,29.153],[80.268,29.152],[80.269,29.151],[80.27,29.15],[80.271,29.148],[80.272,29.148],[80.273,29.147],[80.273,29.146],[80.273,29.145],[80.273,29.143],[80.273,29.142],[80.272,29.142],[80.271,29.141],[80.269,29.14],[80.268,29.139],[80.266,29.139],[80.265,29.139],[80.263,29.138],[80.262,29.138],[80.261,29.138],[80.26,29.137],[80.259,29.137],[80.258,29.137],[80.256,29.136],[80.255,29.135],[80.254,29.135],[80.253,29.134],[80.253,29.133],[80.252,29.132],[80.251,29.132],[80.25,29.131],[80.25,29.13],[80.249,29.129],[80.248,29.129],[80.248,29.128],[80.247,29.126],[80.247,29.125],[80.247,29.125],[80.246,29.123],[80.246,29.122],[80.245,29.121],[80.244,29.121],[80.243,29.119],[80.243,29.118],[80.241,29.119],[80.238,29.119],[80.237,29.119],[80.235,29.12],[80.234,29.12],[80.232,29.121],[80.231,29.121],[80.229,29.121],[80.228,29.122],[80.226,29.121],[80.225,29.121],[80.223,29.121],[80.221,29.121],[80.219,29.121],[80.217,29.122],[80.215,29.122],[80.214,29.123],[80.212,29.123],[80.21,29.125],[80.208,29.127],[80.206,29.129],[80.204,29.13],[80.202,29.131],[80.2,29.132],[80.198,29.133],[80.197,29.133],[80.196,29.134],[80.195,29.134],[80.193,29.135],[80.192,29.135],[80.191,29.135],[80.19,29.136],[80.189,29.136],[80.187,29.136],[80.186,29.135],[80.185,29.135],[80.183,29.133],[80.182,29.133],[80.182,29.132],[80.181,29.131],[80.18,29.13],[80.179,29.13],[80.178,29.129],[80.177,29.128],[80.176,29.128],[80.175,29.128],[80.174,29.127],[80.173,29.127],[80.171,29.126],[80.17,29.126],[80.17,29.125],[80.169,29.124],[80.168,29.123],[80.167,29.122],[80.166,29.121],[80.165,29.119],[80.164,29.118],[80.162,29.116],[80.161,29.115],[80.16,29.114],[80.158,29.112],[80.157,29.111],[80.156,29.111],[80.155,29.11],[80.155,29.109],[80.153,29.107],[80.15,29.105],[80.149,29.104],[80.148,29.103],[80.146,29.101],[80.145,29.099],[80.144,29.097],[80.143,29.095],[80.142,29.094],[80.141,29.092],[80.14,29.09],[80.14,29.089],[80.139,29.086],[80.137,29.084],[80.137,29.083],[80.136,29.082],[80.135,29.08],[80.135,29.078],[80.133,29.075],[80.132,29.073],[80.132,29.07],[80.131,29.067],[80.13,29.065],[80.129,29.062],[80.127,29.058],[80.126,29.054],[80.125,29.05],[80.123,29.045],[80.122,29.042],[80.122,29.038],[80.121,29.036],[80.121,29.032],[80.12,29.03],[80.119,29.027],[80.118,29.025],[80.117,29.022],[80.116,29.02],[80.116,29.018],[80.115,29.015],[80.114,29.011],[80.113,29.009],[80.112,29.004],[80.112,29.0],[80.111,28.998],[80.111,28.996],[80.11,28.995],[80.11,28.994],[80.109,28.993],[80.109,28.992],[80.109,28.991],[80.108,28.99],[80.108,28.988],[80.107,28.988],[80.106,28.986],[80.105,28.985],[80.103,28.984],[80.102,28.984],[80.101,28.983],[80.101,28.982],[80.099,28.978],[80.098,28.976],[80.097,28.975],[80.094,28.971],[80.092,28.968],[80.09,28.965],[80.087,28.961],[80.084,28.957],[80.082,28.954],[80.081,28.951],[80.079,28.949],[80.077,28.946],[80.076,28.944],[80.075,28.943],[80.074,28.942],[80.072,28.939],[80.071,28.937],[80.071,28.936],[80.071,28.935],[80.07,28.933],[80.07,28.932],[80.069,28.931],[80.069,28.93],[80.068,28.929],[80.068,28.928],[80.068,28.927],[80.067,28.926],[80.067,28.925],[80.067,28.924],[80.066,28.923],[80.065,28.922],[80.064,28.921],[80.063,28.92],[80.062,28.919],[80.061,28.917],[80.061,28.915],[80.061,28.913],[80.061,28.911],[80.061,28.909],[80.061,28.907],[80.061,28.905],[80.06,28.904],[80.059,28.903],[80.057,28.902],[80.055,28.901],[80.054,28.9],[80.053,28.899],[80.053,28.897],[80.054,28.894],[80.055,28.894],[80.055,28.892],[80.054,28.892],[80.054,28.891],[80.052,28.889],[80.051,28.888],[80.051,28.886]]]}}]}